keyword,category,period,ratio
나이아신아마이드,성분,2015-12-27,26.0
나이아신아마이드,성분,2016-01-03,28.0
나이아신아마이드,성분,2016-01-10,29.0
나이아신아마이드,성분,2016-01-17,29.0
나이아신아마이드,성분,2016-01-24,31.0
나이아신아마이드,성분,2016-01-31,29.0
나이아신아마이드,성분,2016-02-07,28.0
나이아신아마이드,성분,2016-02-14,26.0
나이아신아마이드,성분,2016-02-21,29.0
나이아신아마이드,성분,2016-02-28,28.0
나이아신아마이드,성분,2016-03-06,28.0
나이아신아마이드,성분,2016-03-13,29.0
나이아신아마이드,성분,2016-03-20,32.0
나이아신아마이드,성분,2016-03-27,31.0
나이아신아마이드,성분,2016-04-03,32.0
나이아신아마이드,성분,2016-04-10,34.0
나이아신아마이드,성분,2016-04-17,30.0
나이아신아마이드,성분,2016-04-24,36.0
나이아신아마이드,성분,2016-05-01,29.0
나이아신아마이드,성분,2016-05-08,36.0
나이아신아마이드,성분,2016-05-15,32.0
나이아신아마이드,성분,2016-05-22,31.0
나이아신아마이드,성분,2016-05-29,32.0
나이아신아마이드,성분,2016-06-05,40.0
나이아신아마이드,성분,2016-06-12,30.0
나이아신아마이드,성분,2016-06-19,34.0
나이아신아마이드,성분,2016-06-26,29.0
나이아신아마이드,성분,2016-07-03,30.0
나이아신아마이드,성분,2016-07-10,32.0
나이아신아마이드,성분,2016-07-17,31.0
나이아신아마이드,성분,2016-07-24,29.0
나이아신아마이드,성분,2016-07-31,28.0
나이아신아마이드,성분,2016-08-07,27.0
나이아신아마이드,성분,2016-08-14,27.0
나이아신아마이드,성분,2016-08-21,31.0
나이아신아마이드,성분,2016-08-28,31.0
나이아신아마이드,성분,2016-09-04,32.0
나이아신아마이드,성분,2016-09-11,34.0
나이아신아마이드,성분,2016-09-18,29.0
나이아신아마이드,성분,2016-09-25,31.0
나이아신아마이드,성분,2016-10-02,33.0
나이아신아마이드,성분,2016-10-09,29.0
나이아신아마이드,성분,2016-10-16,28.0
나이아신아마이드,성분,2016-10-23,32.0
나이아신아마이드,성분,2016-10-30,31.0
나이아신아마이드,성분,2016-11-06,27.0
나이아신아마이드,성분,2016-11-13,32.0
나이아신아마이드,성분,2016-11-20,27.0
나이아신아마이드,성분,2016-11-27,26.0
나이아신아마이드,성분,2016-12-04,24.0
나이아신아마이드,성분,2016-12-11,27.0
나이아신아마이드,성분,2016-12-18,26.0
나이아신아마이드,성분,2016-12-25,29.0
나이아신아마이드,성분,2017-01-01,34.0
나이아신아마이드,성분,2017-01-08,31.0
나이아신아마이드,성분,2017-01-15,36.0
나이아신아마이드,성분,2017-01-22,34.0
나이아신아마이드,성분,2017-01-29,38.0
나이아신아마이드,성분,2017-02-05,33.0
나이아신아마이드,성분,2017-02-12,34.0
나이아신아마이드,성분,2017-02-19,31.0
나이아신아마이드,성분,2017-02-26,28.0
나이아신아마이드,성분,2017-03-05,34.0
나이아신아마이드,성분,2017-03-12,38.0
나이아신아마이드,성분,2017-03-19,38.0
나이아신아마이드,성분,2017-03-26,37.0
나이아신아마이드,성분,2017-04-02,39.0
나이아신아마이드,성분,2017-04-09,36.0
나이아신아마이드,성분,2017-04-16,38.0
나이아신아마이드,성분,2017-04-23,38.0
나이아신아마이드,성분,2017-04-30,42.0
나이아신아마이드,성분,2017-05-07,39.0
나이아신아마이드,성분,2017-05-14,34.0
나이아신아마이드,성분,2017-05-21,38.0
나이아신아마이드,성분,2017-05-28,41.0
나이아신아마이드,성분,2017-06-04,38.0
나이아신아마이드,성분,2017-06-11,44.0
나이아신아마이드,성분,2017-06-18,43.0
나이아신아마이드,성분,2017-06-25,38.0
나이아신아마이드,성분,2017-07-02,45.0
나이아신아마이드,성분,2017-07-09,34.0
나이아신아마이드,성분,2017-07-16,41.0
나이아신아마이드,성분,2017-07-23,39.0
나이아신아마이드,성분,2017-07-30,43.0
나이아신아마이드,성분,2017-08-06,42.0
나이아신아마이드,성분,2017-08-13,46.0
나이아신아마이드,성분,2017-08-20,40.0
나이아신아마이드,성분,2017-08-27,38.0
나이아신아마이드,성분,2017-09-03,38.0
나이아신아마이드,성분,2017-09-10,36.0
나이아신아마이드,성분,2017-09-17,45.0
나이아신아마이드,성분,2017-09-24,45.0
나이아신아마이드,성분,2017-10-01,39.0
나이아신아마이드,성분,2017-10-08,44.0
나이아신아마이드,성분,2017-10-15,45.0
나이아신아마이드,성분,2017-10-22,44.0
나이아신아마이드,성분,2017-10-29,40.0
나이아신아마이드,성분,2017-11-05,40.0
나이아신아마이드,성분,2017-11-12,40.0
나이아신아마이드,성분,2017-11-19,38.0
나이아신아마이드,성분,2017-11-26,43.0
나이아신아마이드,성분,2017-12-03,43.0
나이아신아마이드,성분,2017-12-10,39.0
나이아신아마이드,성분,2017-12-17,43.0
나이아신아마이드,성분,2017-12-24,60.0
나이아신아마이드,성분,2017-12-31,52.0
나이아신아마이드,성분,2018-01-07,48.0
나이아신아마이드,성분,2018-01-14,59.0
나이아신아마이드,성분,2018-01-21,63.0
나이아신아마이드,성분,2018-01-28,57.0
나이아신아마이드,성분,2018-02-04,56.0
나이아신아마이드,성분,2018-02-11,53.0
나이아신아마이드,성분,2018-02-18,50.0
나이아신아마이드,성분,2018-02-25,57.0
나이아신아마이드,성분,2018-03-04,62.0
나이아신아마이드,성분,2018-03-11,57.0
나이아신아마이드,성분,2018-03-18,56.0
나이아신아마이드,성분,2018-03-25,61.0
나이아신아마이드,성분,2018-04-01,60.0
나이아신아마이드,성분,2018-04-08,56.0
나이아신아마이드,성분,2018-04-15,57.0
나이아신아마이드,성분,2018-04-22,62.0
나이아신아마이드,성분,2018-04-29,48.0
나이아신아마이드,성분,2018-05-06,56.0
나이아신아마이드,성분,2018-05-13,53.0
나이아신아마이드,성분,2018-05-20,52.0
나이아신아마이드,성분,2018-05-27,52.0
나이아신아마이드,성분,2018-06-03,51.0
나이아신아마이드,성분,2018-06-10,56.0
나이아신아마이드,성분,2018-06-17,54.0
나이아신아마이드,성분,2018-06-24,48.0
나이아신아마이드,성분,2018-07-01,48.0
나이아신아마이드,성분,2018-07-08,51.0
나이아신아마이드,성분,2018-07-15,54.0
나이아신아마이드,성분,2018-07-22,49.0
나이아신아마이드,성분,2018-07-29,51.0
나이아신아마이드,성분,2018-08-05,54.0
나이아신아마이드,성분,2018-08-12,56.0
나이아신아마이드,성분,2018-08-19,54.0
나이아신아마이드,성분,2018-08-26,49.0
나이아신아마이드,성분,2018-09-02,47.0
나이아신아마이드,성분,2018-09-09,45.0
나이아신아마이드,성분,2018-09-16,52.0
나이아신아마이드,성분,2018-09-23,43.0
나이아신아마이드,성분,2018-09-30,52.0
나이아신아마이드,성분,2018-10-07,57.0
나이아신아마이드,성분,2018-10-14,50.0
나이아신아마이드,성분,2018-10-21,48.0
나이아신아마이드,성분,2018-10-28,50.0
나이아신아마이드,성분,2018-11-04,50.0
나이아신아마이드,성분,2018-11-11,53.0
나이아신아마이드,성분,2018-11-18,45.0
나이아신아마이드,성분,2018-11-25,49.0
나이아신아마이드,성분,2018-12-02,48.0
나이아신아마이드,성분,2018-12-09,51.0
나이아신아마이드,성분,2018-12-16,51.0
나이아신아마이드,성분,2018-12-23,51.0
나이아신아마이드,성분,2018-12-30,52.0
나이아신아마이드,성분,2019-01-06,61.0
나이아신아마이드,성분,2019-01-13,63.0
나이아신아마이드,성분,2019-01-20,68.0
나이아신아마이드,성분,2019-01-27,67.0
나이아신아마이드,성분,2019-02-03,62.0
나이아신아마이드,성분,2019-02-10,66.0
나이아신아마이드,성분,2019-02-17,76.0
나이아신아마이드,성분,2019-02-24,59.0
나이아신아마이드,성분,2019-03-03,61.0
나이아신아마이드,성분,2019-03-10,61.0
나이아신아마이드,성분,2019-03-17,67.0
나이아신아마이드,성분,2019-03-24,71.0
나이아신아마이드,성분,2019-03-31,67.0
나이아신아마이드,성분,2019-04-07,61.0
나이아신아마이드,성분,2019-04-14,64.0
나이아신아마이드,성분,2019-04-21,75.0
나이아신아마이드,성분,2019-04-28,73.0
나이아신아마이드,성분,2019-05-05,69.0
나이아신아마이드,성분,2019-05-12,66.0
나이아신아마이드,성분,2019-05-19,68.0
나이아신아마이드,성분,2019-05-26,76.0
나이아신아마이드,성분,2019-06-02,70.0
나이아신아마이드,성분,2019-06-09,77.0
나이아신아마이드,성분,2019-06-16,78.0
나이아신아마이드,성분,2019-06-23,83.0
나이아신아마이드,성분,2019-06-30,79.3992467043
나이아신아마이드,성분,2019-07-07,79.3992467043
나이아신아마이드,성분,2019-07-14,79.3992467043
나이아신아마이드,성분,2019-07-21,79.3992467043
나이아신아마이드,성분,2019-07-28,83.5781544256
나이아신아마이드,성분,2019-08-04,87.7570621469
나이아신아마이드,성분,2019-08-11,83.5781544256
나이아신아마이드,성분,2019-08-18,83.5781544256
나이아신아마이드,성분,2019-08-25,75.2203389831
나이아신아마이드,성분,2019-09-01,91.9359698682
나이아신아마이드,성분,2019-09-08,79.3992467043
나이아신아마이드,성분,2019-09-15,79.3992467043
나이아신아마이드,성분,2019-09-22,83.5781544256
나이아신아마이드,성분,2019-09-29,79.3992467043
나이아신아마이드,성분,2019-10-06,75.2203389831
나이아신아마이드,성분,2019-10-13,75.2203389831
나이아신아마이드,성분,2019-10-20,83.5781544256
나이아신아마이드,성분,2019-10-27,79.3992467043
나이아신아마이드,성분,2019-11-03,87.7570621469
나이아신아마이드,성분,2019-11-10,79.3992467043
나이아신아마이드,성분,2019-11-17,83.5781544256
나이아신아마이드,성분,2019-11-24,79.3992467043
나이아신아마이드,성분,2019-12-01,83.5781544256
나이아신아마이드,성분,2019-12-08,79.3992467043
나이아신아마이드,성분,2019-12-15,79.3992467043
나이아신아마이드,성분,2019-12-22,87.7570621469
나이아신아마이드,성분,2019-12-29,100.2937853107
나이아신아마이드,성분,2020-01-05,112.8305084746
나이아신아마이드,성분,2020-01-12,108.6516007533
나이아신아마이드,성분,2020-01-19,125.3672316384
나이아신아마이드,성분,2020-01-26,117.0094161959
나이아신아마이드,성분,2020-02-02,112.8305084746
나이아신아마이드,성분,2020-02-09,117.0094161959
나이아신아마이드,성분,2020-02-16,133.725047081
나이아신아마이드,성분,2020-02-23,125.3672316384
나이아신아마이드,성분,2020-03-01,112.8305084746
나이아신아마이드,성분,2020-03-08,108.6516007533
나이아신아마이드,성분,2020-03-15,100.2937853107
나이아신아마이드,성분,2020-03-22,117.0094161959
나이아신아마이드,성분,2020-03-29,129.5461393597
나이아신아마이드,성분,2020-04-05,162.9774011299
나이아신아마이드,성분,2020-04-12,175.5141242938
나이아신아마이드,성분,2020-04-19,196.4086629002
나이아신아마이드,성분,2020-04-26,208.945386064
나이아신아마이드,성분,2020-05-03,217.3032015066
나이아신아마이드,성분,2020-05-10,225.6610169492
나이아신아마이드,성분,2020-05-17,279.9868173258
나이아신아마이드,성분,2020-05-24,279.9868173258
나이아신아마이드,성분,2020-05-31,263.2711864407
나이아신아마이드,성분,2020-06-07,254.9133709981
나이아신아마이드,성분,2020-06-14,305.0602636535
나이아신아마이드,성분,2020-06-21,338.4915254237
나이아신아마이드,성분,2020-06-28,300.8813559322
나이아신아마이드,성분,2020-07-05,305.0602636535
나이아신아마이드,성분,2020-07-12,321.7758945386
나이아신아마이드,성분,2020-07-19,288.3446327684
나이아신아마이드,성분,2020-07-26,330.1337099812
나이아신아마이드,성분,2020-08-02,334.3126177024
나이아신아마이드,성분,2020-08-09,309.2391713748
나이아신아마이드,성분,2020-08-16,284.1657250471
나이아신아마이드,성분,2020-08-23,267.450094162
나이아신아마이드,성분,2020-08-30,259.0922787194
나이아신아마이드,성분,2020-09-06,263.2711864407
나이아신아마이드,성분,2020-09-13,242.3766478343
나이아신아마이드,성분,2020-09-20,229.8399246704
나이아신아마이드,성분,2020-09-27,225.6610169492
나이아신아마이드,성분,2020-10-04,221.4821092279
나이아신아마이드,성분,2020-10-11,238.197740113
나이아신아마이드,성분,2020-10-18,242.3766478343
나이아신아마이드,성분,2020-10-25,213.1242937853
나이아신아마이드,성분,2020-11-01,171.3352165725
나이아신아마이드,성분,2020-11-08,229.8399246704
나이아신아마이드,성분,2020-11-15,238.197740113
나이아신아마이드,성분,2020-11-22,242.3766478343
나이아신아마이드,성분,2020-11-29,234.0188323917
나이아신아마이드,성분,2020-12-06,238.197740113
나이아신아마이드,성분,2020-12-13,234.0188323917
나이아신아마이드,성분,2020-12-20,229.8399246704
나이아신아마이드,성분,2020-12-27,288.3446327684
나이아신아마이드,성분,2021-01-03,271.6290018832
나이아신아마이드,성분,2021-01-10,271.6290018832
나이아신아마이드,성분,2021-01-17,300.8813559322
나이아신아마이드,성분,2021-01-24,296.7024482109
나이아신아마이드,성분,2021-01-31,300.8813559322
나이아신아마이드,성분,2021-02-07,288.3446327684
나이아신아마이드,성분,2021-02-14,271.6290018832
나이아신아마이드,성분,2021-02-21,279.9868173258
나이아신아마이드,성분,2021-02-28,284.1657250471
나이아신아마이드,성분,2021-03-07,267.450094162
나이아신아마이드,성분,2021-03-14,267.450094162
나이아신아마이드,성분,2021-03-21,267.450094162
나이아신아마이드,성분,2021-03-28,275.8079096045
나이아신아마이드,성분,2021-04-04,259.0922787194
나이아신아마이드,성분,2021-04-11,284.1657250471
나이아신아마이드,성분,2021-04-18,271.6290018832
나이아신아마이드,성분,2021-04-25,238.197740113
나이아신아마이드,성분,2021-05-02,229.8399246704
나이아신아마이드,성분,2021-05-09,213.1242937853
나이아신아마이드,성분,2021-05-16,221.4821092279
나이아신아마이드,성분,2021-05-23,213.1242937853
나이아신아마이드,성분,2021-05-30,217.3032015066
나이아신아마이드,성분,2021-06-06,208.945386064
나이아신아마이드,성분,2021-06-13,217.3032015066
나이아신아마이드,성분,2021-06-20,221.4821092279
나이아신아마이드,성분,2021-06-27,217.3032015066
나이아신아마이드,성분,2021-07-04,213.1242937853
나이아신아마이드,성분,2021-07-11,225.6610169492
나이아신아마이드,성분,2021-07-18,204.7664783427
나이아신아마이드,성분,2021-07-25,208.945386064
나이아신아마이드,성분,2021-08-01,221.4821092279
나이아신아마이드,성분,2021-08-08,200.5875706215
나이아신아마이드,성분,2021-08-15,204.7664783427
나이아신아마이드,성분,2021-08-22,200.5875706215
나이아신아마이드,성분,2021-08-29,200.5875706215
나이아신아마이드,성분,2021-09-05,188.0508474576
나이아신아마이드,성분,2021-09-12,213.1242937853
나이아신아마이드,성분,2021-09-19,192.2297551789
나이아신아마이드,성분,2021-09-26,179.6930320151
나이아신아마이드,성분,2021-10-03,196.4086629002
나이아신아마이드,성분,2021-10-10,204.7664783427
나이아신아마이드,성분,2021-10-17,200.5875706215
나이아신아마이드,성분,2021-10-24,171.3352165725
나이아신아마이드,성분,2021-10-31,179.6930320151
나이아신아마이드,성분,2021-11-07,208.945386064
나이아신아마이드,성분,2021-11-14,200.5875706215
나이아신아마이드,성분,2021-11-21,196.4086629002
나이아신아마이드,성분,2021-11-28,204.7664783427
나이아신아마이드,성분,2021-12-05,171.3352165725
나이아신아마이드,성분,2021-12-12,171.3352165725
나이아신아마이드,성분,2021-12-19,179.6930320151
나이아신아마이드,성분,2021-12-26,225.6610169492
나이아신아마이드,성분,2022-01-02,263.2711864407
나이아신아마이드,성분,2022-01-09,246.5555555556
나이아신아마이드,성분,2022-01-16,229.8399246704
나이아신아마이드,성분,2022-01-23,254.9133709981
나이아신아마이드,성분,2022-01-30,234.0188323917
나이아신아마이드,성분,2022-02-06,234.0188323917
나이아신아마이드,성분,2022-02-13,234.0188323917
나이아신아마이드,성분,2022-02-20,267.450094162
나이아신아마이드,성분,2022-02-27,263.2711864407
나이아신아마이드,성분,2022-03-06,263.2711864407
나이아신아마이드,성분,2022-03-13,275.8079096045
나이아신아마이드,성분,2022-03-20,254.9133709981
나이아신아마이드,성분,2022-03-27,271.6290018832
나이아신아마이드,성분,2022-04-03,246.5555555556
나이아신아마이드,성분,2022-04-10,263.2711864407
나이아신아마이드,성분,2022-04-17,263.2711864407
나이아신아마이드,성분,2022-04-24,250.7344632768
나이아신아마이드,성분,2022-05-01,246.5555555556
나이아신아마이드,성분,2022-05-08,234.0188323917
나이아신아마이드,성분,2022-05-15,234.0188323917
나이아신아마이드,성분,2022-05-22,229.8399246704
나이아신아마이드,성분,2022-05-29,234.0188323917
나이아신아마이드,성분,2022-06-05,229.8399246704
나이아신아마이드,성분,2022-06-12,217.3032015066
나이아신아마이드,성분,2022-06-19,238.197740113
나이아신아마이드,성분,2022-06-26,229.8399246704
나이아신아마이드,성분,2022-07-03,259.0922787194
나이아신아마이드,성분,2022-07-10,263.2711864407
나이아신아마이드,성분,2022-07-17,263.2711864407
나이아신아마이드,성분,2022-07-24,267.450094162
나이아신아마이드,성분,2022-07-31,267.450094162
나이아신아마이드,성분,2022-08-07,246.5555555556
나이아신아마이드,성분,2022-08-14,259.0922787194
나이아신아마이드,성분,2022-08-21,254.9133709981
나이아신아마이드,성분,2022-08-28,242.3766478343
나이아신아마이드,성분,2022-09-04,254.9133709981
나이아신아마이드,성분,2022-09-11,246.5555555556
나이아신아마이드,성분,2022-09-18,267.450094162
나이아신아마이드,성분,2022-09-25,271.6290018832
나이아신아마이드,성분,2022-10-02,267.450094162
나이아신아마이드,성분,2022-10-09,254.9133709981
나이아신아마이드,성분,2022-10-16,246.5555555556
나이아신아마이드,성분,2022-10-23,229.8399246704
나이아신아마이드,성분,2022-10-30,221.4821092279
나이아신아마이드,성분,2022-11-06,234.0188323917
나이아신아마이드,성분,2022-11-13,254.9133709981
나이아신아마이드,성분,2022-11-20,259.0922787194
나이아신아마이드,성분,2022-11-27,250.7344632768
나이아신아마이드,성분,2022-12-04,263.2711864407
나이아신아마이드,성분,2022-12-11,246.5555555556
나이아신아마이드,성분,2022-12-18,279.9868173258
나이아신아마이드,성분,2022-12-25,342.670433145
나이아신아마이드,성분,2023-01-01,341.2348554337
나이아신아마이드,성분,2023-01-08,319.9076769691
나이아신아마이드,성분,2023-01-15,319.9076769691
나이아신아마이드,성분,2023-01-22,341.2348554337
나이아신아마이드,성분,2023-01-29,319.9076769691
나이아신아마이드,성분,2023-02-05,319.9076769691
나이아신아마이드,성분,2023-02-12,298.5804985045
나이아신아마이드,성분,2023-02-19,319.9076769691
나이아신아마이드,성분,2023-02-26,341.2348554337
나이아신아마이드,성분,2023-03-05,319.9076769691
나이아신아마이드,성분,2023-03-12,341.2348554337
나이아신아마이드,성분,2023-03-19,341.2348554337
나이아신아마이드,성분,2023-03-26,341.2348554337
나이아신아마이드,성분,2023-04-02,341.2348554337
나이아신아마이드,성분,2023-04-09,341.2348554337
나이아신아마이드,성분,2023-04-16,362.5620338983
나이아신아마이드,성분,2023-04-23,362.5620338983
나이아신아마이드,성분,2023-04-30,362.5620338983
나이아신아마이드,성분,2023-05-07,383.8892123629
나이아신아마이드,성분,2023-05-14,362.5620338983
나이아신아마이드,성분,2023-05-21,362.5620338983
나이아신아마이드,성분,2023-05-28,362.5620338983
나이아신아마이드,성분,2023-06-04,362.5620338983
나이아신아마이드,성분,2023-06-11,383.8892123629
나이아신아마이드,성분,2023-06-18,426.5435692921
나이아신아마이드,성분,2023-06-25,383.8892123629
나이아신아마이드,성분,2023-07-02,383.8892123629
나이아신아마이드,성분,2023-07-09,383.8892123629
나이아신아마이드,성분,2023-07-16,383.8892123629
나이아신아마이드,성분,2023-07-23,405.2163908275
나이아신아마이드,성분,2023-07-30,362.5620338983
나이아신아마이드,성분,2023-08-06,383.8892123629
나이아신아마이드,성분,2023-08-13,405.2163908275
나이아신아마이드,성분,2023-08-20,383.8892123629
나이아신아마이드,성분,2023-08-27,341.2348554337
나이아신아마이드,성분,2023-09-03,341.2348554337
나이아신아마이드,성분,2023-09-10,341.2348554337
나이아신아마이드,성분,2023-09-17,341.2348554337
나이아신아마이드,성분,2023-09-24,362.5620338983
나이아신아마이드,성분,2023-10-01,341.2348554337
나이아신아마이드,성분,2023-10-08,341.2348554337
나이아신아마이드,성분,2023-10-15,362.5620338983
나이아신아마이드,성분,2023-10-22,341.2348554337
나이아신아마이드,성분,2023-10-29,319.9076769691
나이아신아마이드,성분,2023-11-05,341.2348554337
나이아신아마이드,성분,2023-11-12,362.5620338983
나이아신아마이드,성분,2023-11-19,383.8892123629
나이아신아마이드,성분,2023-11-26,383.8892123629
나이아신아마이드,성분,2023-12-03,362.5620338983
나이아신아마이드,성분,2023-12-10,341.2348554337
나이아신아마이드,성분,2023-12-17,405.2163908275
나이아신아마이드,성분,2023-12-24,469.1979262213
나이아신아마이드,성분,2023-12-31,426.5435692921
나이아신아마이드,성분,2024-01-07,426.5435692921
나이아신아마이드,성분,2024-01-14,447.8707477567
나이아신아마이드,성분,2024-01-21,405.2163908275
나이아신아마이드,성분,2024-01-28,362.5620338983
나이아신아마이드,성분,2024-02-04,383.8892123629
나이아신아마이드,성분,2024-02-11,341.2348554337
나이아신아마이드,성분,2024-02-18,383.8892123629
나이아신아마이드,성분,2024-02-25,383.8892123629
나이아신아마이드,성분,2024-03-03,362.5620338983
나이아신아마이드,성분,2024-03-10,426.5435692921
나이아신아마이드,성분,2024-03-17,426.5435692921
나이아신아마이드,성분,2024-03-24,383.8892123629
나이아신아마이드,성분,2024-03-31,383.8892123629
나이아신아마이드,성분,2024-04-07,383.8892123629
나이아신아마이드,성분,2024-04-14,383.8892123629
나이아신아마이드,성분,2024-04-21,405.2163908275
나이아신아마이드,성분,2024-04-28,341.2348554337
나이아신아마이드,성분,2024-05-05,362.5620338983
나이아신아마이드,성분,2024-05-12,362.5620338983
나이아신아마이드,성분,2024-05-19,362.5620338983
나이아신아마이드,성분,2024-05-26,405.2163908275
나이아신아마이드,성분,2024-06-02,405.2163908275
나이아신아마이드,성분,2024-06-09,362.5620338983
나이아신아마이드,성분,2024-06-16,362.5620338983
나이아신아마이드,성분,2024-06-23,383.8892123629
나이아신아마이드,성분,2024-06-30,426.5435692921
나이아신아마이드,성분,2024-07-07,405.2163908275
나이아신아마이드,성분,2024-07-14,383.8892123629
나이아신아마이드,성분,2024-07-21,383.8892123629
나이아신아마이드,성분,2024-07-28,383.8892123629
나이아신아마이드,성분,2024-08-04,341.2348554337
나이아신아마이드,성분,2024-08-11,362.5620338983
나이아신아마이드,성분,2024-08-18,362.5620338983
나이아신아마이드,성분,2024-08-25,319.9076769691
나이아신아마이드,성분,2024-09-01,362.5620338983
나이아신아마이드,성분,2024-09-08,341.2348554337
나이아신아마이드,성분,2024-09-15,319.9076769691
나이아신아마이드,성분,2024-09-22,319.9076769691
나이아신아마이드,성분,2024-09-29,319.9076769691
나이아신아마이드,성분,2024-10-06,319.9076769691
나이아신아마이드,성분,2024-10-13,319.9076769691
나이아신아마이드,성분,2024-10-20,341.2348554337
나이아신아마이드,성분,2024-10-27,298.5804985045
나이아신아마이드,성분,2024-11-03,298.5804985045
나이아신아마이드,성분,2024-11-10,341.2348554337
나이아신아마이드,성분,2024-11-17,319.9076769691
나이아신아마이드,성분,2024-11-24,362.5620338983
나이아신아마이드,성분,2024-12-01,341.2348554337
나이아신아마이드,성분,2024-12-08,341.2348554337
나이아신아마이드,성분,2024-12-15,319.9076769691
나이아신아마이드,성분,2024-12-22,383.8892123629
나이아신아마이드,성분,2024-12-29,426.5435692921
나이아신아마이드,성분,2025-01-05,383.8892123629
나이아신아마이드,성분,2025-01-12,383.8892123629
나이아신아마이드,성분,2025-01-19,362.5620338983
나이아신아마이드,성분,2025-01-26,362.5620338983
나이아신아마이드,성분,2025-02-02,362.5620338983
나이아신아마이드,성분,2025-02-09,362.5620338983
나이아신아마이드,성분,2025-02-16,383.8892123629
나이아신아마이드,성분,2025-02-23,426.5435692921
나이아신아마이드,성분,2025-03-02,405.2163908275
나이아신아마이드,성분,2025-03-09,405.2163908275
나이아신아마이드,성분,2025-03-16,405.2163908275
나이아신아마이드,성분,2025-03-23,405.2163908275
나이아신아마이드,성분,2025-03-30,383.8892123629
나이아신아마이드,성분,2025-04-06,426.5435692921
나이아신아마이드,성분,2025-04-13,405.2163908275
나이아신아마이드,성분,2025-04-20,405.2163908275
나이아신아마이드,성분,2025-04-27,383.8892123629
나이아신아마이드,성분,2025-05-04,447.8707477567
나이아신아마이드,성분,2025-05-11,405.2163908275
나이아신아마이드,성분,2025-05-18,405.2163908275
나이아신아마이드,성분,2025-05-25,469.1979262213
나이아신아마이드,성분,2025-06-01,469.1979262213
나이아신아마이드,성분,2025-06-08,405.2163908275
나이아신아마이드,성분,2025-06-15,490.5251046859
나이아신아마이드,성분,2025-06-22,447.8707477567
나이아신아마이드,성분,2025-06-29,405.2163908275
나이아신아마이드,성분,2025-07-06,447.8707477567
나이아신아마이드,성분,2025-07-13,533.1794616152
나이아신아마이드,성분,2025-07-20,767.7784247258
나이아신아마이드,성분,2025-07-27,981.0502093719
나이아신아마이드,성분,2025-08-03,511.8522831505
나이아신아마이드,성분,2025-08-10,447.8707477567
나이아신아마이드,성분,2025-08-17,426.5435692921
나이아신아마이드,성분,2025-08-24,383.8892123629
나이아신아마이드,성분,2025-08-31,383.8892123629
나이아신아마이드,성분,2025-09-07,341.2348554337
나이아신아마이드,성분,2025-09-14,341.2348554337
나이아신아마이드,성분,2025-09-21,383.8892123629
나이아신아마이드,성분,2025-09-28,362.5620338983
나이아신아마이드,성분,2025-10-05,426.5435692921
나이아신아마이드,성분,2025-10-12,383.8892123629
나이아신아마이드,성분,2025-10-19,362.5620338983
나이아신아마이드,성분,2025-10-26,405.2163908275
나이아신아마이드,성분,2025-11-02,533.1794616152
나이아신아마이드,성분,2025-11-09,533.1794616152
나이아신아마이드,성분,2025-11-16,554.5066400798
나이아신아마이드,성분,2025-11-23,618.4881754736
나이아신아마이드,성분,2025-11-30,575.8338185444
나이아신아마이드,성분,2025-12-07,554.5066400798
나이아신아마이드,성분,2025-12-14,490.5251046859
나이아신아마이드,성분,2025-12-21,490.5251046859
나이아신아마이드,성분,2025-12-28,597.160997009
나이아신아마이드,성분,2026-01-04,533.1794616152
나이아신아마이드,성분,2026-01-11,490.5251046859
나이아신아마이드,성분,2026-01-18,597.160997009
나이아신아마이드,성분,2026-01-25,575.8338185444
나이아신아마이드,성분,2026-02-01,575.8338185444
나이아신아마이드,성분,2026-02-08,533.1794616152
나이아신아마이드,성분,2026-02-15,575.8338185444
나이아신아마이드,성분,2026-02-22,511.8522831505
나이아신아마이드,성분,2026-03-01,618.4881754736
나이아신아마이드,성분,2026-03-08,725.1240677966
나이아신아마이드,성분,2026-03-15,831.7599601196
나이아신아마이드,성분,2026-03-22,1023.7045663011
나이아신아마이드,성분,2026-03-29,1556.8840279163
나이아신아마이드,성분,2026-04-05,1855.4645264207
나이아신아마이드,성분,2026-04-12,2132.7178464606
나이아신아마이드,성분,2026-04-19,1620.8655633101
나이아신아마이드,성분,2026-04-26,1172.9948155533
나이아신아마이드,성분,2026-05-03,1023.7045663011
나이아신아마이드,성분,2026-05-10,1300.957886341
나이아신아마이드,성분,2026-05-17,1492.9024925224
나이아신아마이드,성분,2026-05-24,1066.3589232303
나이아신아마이드,성분,2026-05-31,1151.6676370887
나이아신아마이드,성분,2026-06-07,1300.957886341
나이아신아마이드,성분,2026-06-14,1130.3404586241
나이아신아마이드,성분,2026-06-21,1215.6491724826
나이아신아마이드,성분,2026-06-28,810.432781655
나이아신아마이드,성분,2026-07-05,661.1425324028
나이아신아마이드,성분,2026-07-12,469.1979262213
나이아신아마이드,성분,2026-07-19,490.5251046859
나이아신아마이드,성분,2026-07-26,426.5435692921
나이아신아마이드,성분,2026-08-02,447.8707477567
나이아신아마이드,성분,2026-08-09,405.2163908275
나이아신아마이드,성분,2026-08-16,383.8892123629
나이아신아마이드,성분,2026-08-23,405.2163908275
나이아신아마이드,성분,2026-08-30,383.8892123629
나이아신아마이드,성분,2026-09-06,383.8892123629
나이아신아마이드,성분,2026-09-13,383.8892123629
나이아신아마이드,성분,2026-09-20,362.5620338983
PDRN,성분,2015-12-27,0.0
PDRN,성분,2016-01-03,0.0
PDRN,성분,2016-01-10,0.0
PDRN,성분,2016-01-17,0.0
PDRN,성분,2016-01-24,0.0
PDRN,성분,2016-01-31,0.0
PDRN,성분,2016-02-07,0.0
PDRN,성분,2016-02-14,0.0
PDRN,성분,2016-02-21,0.0
PDRN,성분,2016-02-28,0.0
PDRN,성분,2016-03-06,0.0
PDRN,성분,2016-03-13,0.0
PDRN,성분,2016-03-20,0.0
PDRN,성분,2016-03-27,0.0
PDRN,성분,2016-04-03,0.0
PDRN,성분,2016-04-10,0.0
PDRN,성분,2016-04-17,0.0
PDRN,성분,2016-04-24,0.0
PDRN,성분,2016-05-01,0.0
PDRN,성분,2016-05-08,0.0
PDRN,성분,2016-05-15,0.0
PDRN,성분,2016-05-22,0.0
PDRN,성분,2016-05-29,0.0
PDRN,성분,2016-06-05,0.0
PDRN,성분,2016-06-12,0.0
PDRN,성분,2016-06-19,0.0
PDRN,성분,2016-06-26,0.0
PDRN,성분,2016-07-03,0.0
PDRN,성분,2016-07-10,0.0
PDRN,성분,2016-07-17,0.0
PDRN,성분,2016-07-24,0.0
PDRN,성분,2016-07-31,0.0
PDRN,성분,2016-08-07,0.0
PDRN,성분,2016-08-14,0.0
PDRN,성분,2016-08-21,0.0
PDRN,성분,2016-08-28,0.0
PDRN,성분,2016-09-04,0.0
PDRN,성분,2016-09-11,100.0
PDRN,성분,2016-09-18,0.0
PDRN,성분,2016-09-25,0.0
PDRN,성분,2016-10-02,0.0
PDRN,성분,2016-10-09,0.0
PDRN,성분,2016-10-16,0.0
PDRN,성분,2016-10-23,0.0
PDRN,성분,2016-10-30,0.0
PDRN,성분,2016-11-06,0.0
PDRN,성분,2016-11-13,0.0
PDRN,성분,2016-11-20,0.0
PDRN,성분,2016-11-27,0.0
PDRN,성분,2016-12-04,0.0
PDRN,성분,2016-12-11,0.0
PDRN,성분,2016-12-18,0.0
PDRN,성분,2016-12-25,0.0
PDRN,성분,2017-01-01,0.0
PDRN,성분,2017-01-08,0.0
PDRN,성분,2017-01-15,0.0
PDRN,성분,2017-01-22,0.0
PDRN,성분,2017-01-29,0.0
PDRN,성분,2017-02-05,0.0
PDRN,성분,2017-02-12,0.0
PDRN,성분,2017-02-19,0.0
PDRN,성분,2017-02-26,0.0
PDRN,성분,2017-03-05,0.0
PDRN,성분,2017-03-12,0.0
PDRN,성분,2017-03-19,0.0
PDRN,성분,2017-03-26,0.0
PDRN,성분,2017-04-02,0.0
PDRN,성분,2017-04-09,0.0
PDRN,성분,2017-04-16,0.0
PDRN,성분,2017-04-23,0.0
PDRN,성분,2017-04-30,0.0
PDRN,성분,2017-05-07,0.0
PDRN,성분,2017-05-14,0.0
PDRN,성분,2017-05-21,0.0
PDRN,성분,2017-05-28,0.0
PDRN,성분,2017-06-04,0.0
PDRN,성분,2017-06-11,0.0
PDRN,성분,2017-06-18,0.0
PDRN,성분,2017-06-25,0.0
PDRN,성분,2017-07-02,0.0
PDRN,성분,2017-07-09,0.0
PDRN,성분,2017-07-16,0.0
PDRN,성분,2017-07-23,0.0
PDRN,성분,2017-07-30,0.0
PDRN,성분,2017-08-06,0.0
PDRN,성분,2017-08-13,0.0
PDRN,성분,2017-08-20,0.0
PDRN,성분,2017-08-27,0.0
PDRN,성분,2017-09-03,0.0
PDRN,성분,2017-09-10,0.0
PDRN,성분,2017-09-17,0.0
PDRN,성분,2017-09-24,0.0
PDRN,성분,2017-10-01,0.0
PDRN,성분,2017-10-08,0.0
PDRN,성분,2017-10-15,0.0
PDRN,성분,2017-10-22,0.0
PDRN,성분,2017-10-29,0.0
PDRN,성분,2017-11-05,0.0
PDRN,성분,2017-11-12,0.0
PDRN,성분,2017-11-19,0.0
PDRN,성분,2017-11-26,0.0
PDRN,성분,2017-12-03,0.0
PDRN,성분,2017-12-10,0.0
PDRN,성분,2017-12-17,0.0
PDRN,성분,2017-12-24,0.0
PDRN,성분,2017-12-31,0.0
PDRN,성분,2018-01-07,0.0
PDRN,성분,2018-01-14,0.0
PDRN,성분,2018-01-21,0.0
PDRN,성분,2018-01-28,0.0
PDRN,성분,2018-02-04,0.0
PDRN,성분,2018-02-11,0.0
PDRN,성분,2018-02-18,0.0
PDRN,성분,2018-02-25,0.0
PDRN,성분,2018-03-04,0.0
PDRN,성분,2018-03-11,0.0
PDRN,성분,2018-03-18,0.0
PDRN,성분,2018-03-25,0.0
PDRN,성분,2018-04-01,0.0
PDRN,성분,2018-04-08,0.0
PDRN,성분,2018-04-15,0.0
PDRN,성분,2018-04-22,0.0
PDRN,성분,2018-04-29,0.0
PDRN,성분,2018-05-06,0.0
PDRN,성분,2018-05-13,0.0
PDRN,성분,2018-05-20,0.0
PDRN,성분,2018-05-27,0.0
PDRN,성분,2018-06-03,0.0
PDRN,성분,2018-06-10,0.0
PDRN,성분,2018-06-17,0.0
PDRN,성분,2018-06-24,0.0
PDRN,성분,2018-07-01,0.0
PDRN,성분,2018-07-08,0.0
PDRN,성분,2018-07-15,0.0
PDRN,성분,2018-07-22,0.0
PDRN,성분,2018-07-29,0.0
PDRN,성분,2018-08-05,0.0
PDRN,성분,2018-08-12,0.0
PDRN,성분,2018-08-19,0.0
PDRN,성분,2018-08-26,0.0
PDRN,성분,2018-09-02,0.0
PDRN,성분,2018-09-09,0.0
PDRN,성분,2018-09-16,0.0
PDRN,성분,2018-09-23,0.0
PDRN,성분,2018-09-30,0.0
PDRN,성분,2018-10-07,0.0
PDRN,성분,2018-10-14,0.0
PDRN,성분,2018-10-21,0.0
PDRN,성분,2018-10-28,0.0
PDRN,성분,2018-11-04,0.0
PDRN,성분,2018-11-11,0.0
PDRN,성분,2018-11-18,0.0
PDRN,성분,2018-11-25,0.0
PDRN,성분,2018-12-02,0.0
PDRN,성분,2018-12-09,0.0
PDRN,성분,2018-12-16,0.0
PDRN,성분,2018-12-23,0.0
PDRN,성분,2018-12-30,0.0
PDRN,성분,2019-01-06,0.0
PDRN,성분,2019-01-13,0.0
PDRN,성분,2019-01-20,0.0
PDRN,성분,2019-01-27,0.0
PDRN,성분,2019-02-03,0.0
PDRN,성분,2019-02-10,0.0
PDRN,성분,2019-02-17,0.0
PDRN,성분,2019-02-24,0.0
PDRN,성분,2019-03-03,0.0
PDRN,성분,2019-03-10,0.0
PDRN,성분,2019-03-17,0.0
PDRN,성분,2019-03-24,0.0
PDRN,성분,2019-03-31,0.0
PDRN,성분,2019-04-07,0.0
PDRN,성분,2019-04-14,0.0
PDRN,성분,2019-04-21,0.0
PDRN,성분,2019-04-28,0.0
PDRN,성분,2019-05-05,0.0
PDRN,성분,2019-05-12,0.0
PDRN,성분,2019-05-19,0.0
PDRN,성분,2019-05-26,0.0
PDRN,성분,2019-06-02,0.0
PDRN,성분,2019-06-09,0.0
PDRN,성분,2019-06-16,0.0
PDRN,성분,2019-06-23,0.0
PDRN,성분,2019-06-30,0.0
PDRN,성분,2019-07-07,0.0
PDRN,성분,2019-07-14,0.0
PDRN,성분,2019-07-21,0.0
PDRN,성분,2019-07-28,0.0
PDRN,성분,2019-08-04,0.0
PDRN,성분,2019-08-11,0.0
PDRN,성분,2019-08-18,0.0
PDRN,성분,2019-08-25,0.0
PDRN,성분,2019-09-01,0.0
PDRN,성분,2019-09-08,0.0
PDRN,성분,2019-09-15,0.0
PDRN,성분,2019-09-22,0.0
PDRN,성분,2019-09-29,0.0
PDRN,성분,2019-10-06,0.0
PDRN,성분,2019-10-13,0.0
PDRN,성분,2019-10-20,0.0
PDRN,성분,2019-10-27,0.0
PDRN,성분,2019-11-03,0.0
PDRN,성분,2019-11-10,0.0
PDRN,성분,2019-11-17,0.0
PDRN,성분,2019-11-24,0.0
PDRN,성분,2019-12-01,0.0
PDRN,성분,2019-12-08,0.0
PDRN,성분,2019-12-15,0.0
PDRN,성분,2019-12-22,0.0
PDRN,성분,2019-12-29,0.0
PDRN,성분,2020-01-05,0.0
PDRN,성분,2020-01-12,0.0
PDRN,성분,2020-01-19,0.0
PDRN,성분,2020-01-26,0.0
PDRN,성분,2020-02-02,0.0
PDRN,성분,2020-02-09,0.0
PDRN,성분,2020-02-16,0.0
PDRN,성분,2020-02-23,0.0
PDRN,성분,2020-03-01,0.0
PDRN,성분,2020-03-08,0.0
PDRN,성분,2020-03-15,0.0
PDRN,성분,2020-03-22,0.0
PDRN,성분,2020-03-29,0.0
PDRN,성분,2020-04-05,0.0
PDRN,성분,2020-04-12,0.0
PDRN,성분,2020-04-19,0.0
PDRN,성분,2020-04-26,0.0
PDRN,성분,2020-05-03,0.0
PDRN,성분,2020-05-10,0.0
PDRN,성분,2020-05-17,0.0
PDRN,성분,2020-05-24,0.0
PDRN,성분,2020-05-31,0.0
PDRN,성분,2020-06-07,0.0
PDRN,성분,2020-06-14,0.0
PDRN,성분,2020-06-21,0.0
PDRN,성분,2020-06-28,0.0
PDRN,성분,2020-07-05,0.0
PDRN,성분,2020-07-12,0.0
PDRN,성분,2020-07-19,0.0
PDRN,성분,2020-07-26,0.0
PDRN,성분,2020-08-02,0.0
PDRN,성분,2020-08-09,0.0
PDRN,성분,2020-08-16,0.0
PDRN,성분,2020-08-23,0.0
PDRN,성분,2020-08-30,0.0
PDRN,성분,2020-09-06,0.0
PDRN,성분,2020-09-13,0.0
PDRN,성분,2020-09-20,0.0
PDRN,성분,2020-09-27,0.0
PDRN,성분,2020-10-04,0.0
PDRN,성분,2020-10-11,0.0
PDRN,성분,2020-10-18,0.0
PDRN,성분,2020-10-25,0.0
PDRN,성분,2020-11-01,0.0
PDRN,성분,2020-11-08,0.0
PDRN,성분,2020-11-15,0.0
PDRN,성분,2020-11-22,0.0
PDRN,성분,2020-11-29,0.0
PDRN,성분,2020-12-06,0.0
PDRN,성분,2020-12-13,0.0
PDRN,성분,2020-12-20,0.0
PDRN,성분,2020-12-27,0.0
PDRN,성분,2021-01-03,0.0
PDRN,성분,2021-01-10,0.0
PDRN,성분,2021-01-17,0.0
PDRN,성분,2021-01-24,0.0
PDRN,성분,2021-01-31,0.0
PDRN,성분,2021-02-07,0.0
PDRN,성분,2021-02-14,0.0
PDRN,성분,2021-02-21,0.0
PDRN,성분,2021-02-28,0.0
PDRN,성분,2021-03-07,0.0
PDRN,성분,2021-03-14,0.0
PDRN,성분,2021-03-21,0.0
PDRN,성분,2021-03-28,0.0
PDRN,성분,2021-04-04,0.0
PDRN,성분,2021-04-11,0.0
PDRN,성분,2021-04-18,0.0
PDRN,성분,2021-04-25,0.0
PDRN,성분,2021-05-02,0.0
PDRN,성분,2021-05-09,0.0
PDRN,성분,2021-05-16,0.0
PDRN,성분,2021-05-23,0.0
PDRN,성분,2021-05-30,0.0
PDRN,성분,2021-06-06,0.0
PDRN,성분,2021-06-13,0.0
PDRN,성분,2021-06-20,0.0
PDRN,성분,2021-06-27,0.0
PDRN,성분,2021-07-04,0.0
PDRN,성분,2021-07-11,0.0
PDRN,성분,2021-07-18,0.0
PDRN,성분,2021-07-25,0.0
PDRN,성분,2021-08-01,0.0
PDRN,성분,2021-08-08,0.0
PDRN,성분,2021-08-15,0.0
PDRN,성분,2021-08-22,0.0
PDRN,성분,2021-08-29,0.0
PDRN,성분,2021-09-05,0.0
PDRN,성분,2021-09-12,0.0
PDRN,성분,2021-09-19,0.0
PDRN,성분,2021-09-26,0.0
PDRN,성분,2021-10-03,0.0
PDRN,성분,2021-10-10,0.0
PDRN,성분,2021-10-17,0.0
PDRN,성분,2021-10-24,0.0
PDRN,성분,2021-10-31,0.0
PDRN,성분,2021-11-07,0.0
PDRN,성분,2021-11-14,0.0
PDRN,성분,2021-11-21,0.0
PDRN,성분,2021-11-28,0.0
PDRN,성분,2021-12-05,0.0
PDRN,성분,2021-12-12,0.0
PDRN,성분,2021-12-19,0.0
PDRN,성분,2021-12-26,0.0
PDRN,성분,2022-01-02,0.0
PDRN,성분,2022-01-09,0.0
PDRN,성분,2022-01-16,0.0
PDRN,성분,2022-01-23,0.0
PDRN,성분,2022-01-30,0.0
PDRN,성분,2022-02-06,0.0
PDRN,성분,2022-02-13,0.0
PDRN,성분,2022-02-20,0.0
PDRN,성분,2022-02-27,0.0
PDRN,성분,2022-03-06,0.0
PDRN,성분,2022-03-13,0.0
PDRN,성분,2022-03-20,0.0
PDRN,성분,2022-03-27,0.0
PDRN,성분,2022-04-03,0.0
PDRN,성분,2022-04-10,0.0
PDRN,성분,2022-04-17,0.0
PDRN,성분,2022-04-24,0.0
PDRN,성분,2022-05-01,0.0
PDRN,성분,2022-05-08,0.0
PDRN,성분,2022-05-15,0.0
PDRN,성분,2022-05-22,0.0
PDRN,성분,2022-05-29,0.0
PDRN,성분,2022-06-05,0.0
PDRN,성분,2022-06-12,0.0
PDRN,성분,2022-06-19,0.0
PDRN,성분,2022-06-26,0.0
PDRN,성분,2022-07-03,0.0
PDRN,성분,2022-07-10,0.0
PDRN,성분,2022-07-17,0.0
PDRN,성분,2022-07-24,0.0
PDRN,성분,2022-07-31,0.0
PDRN,성분,2022-08-07,0.0
PDRN,성분,2022-08-14,0.0
PDRN,성분,2022-08-21,0.0
PDRN,성분,2022-08-28,0.0
PDRN,성분,2022-09-04,0.0
PDRN,성분,2022-09-11,0.0
PDRN,성분,2022-09-18,0.0
PDRN,성분,2022-09-25,0.0
PDRN,성분,2022-10-02,0.0
PDRN,성분,2022-10-09,0.0
PDRN,성분,2022-10-16,0.0
PDRN,성분,2022-10-23,0.0
PDRN,성분,2022-10-30,0.0
PDRN,성분,2022-11-06,0.0
PDRN,성분,2022-11-13,0.0
PDRN,성분,2022-11-20,0.0
PDRN,성분,2022-11-27,0.0
PDRN,성분,2022-12-04,0.0
PDRN,성분,2022-12-11,0.0
PDRN,성분,2022-12-18,0.0
PDRN,성분,2022-12-25,0.0
PDRN,성분,2023-01-01,0.0
PDRN,성분,2023-01-08,0.0
PDRN,성분,2023-01-15,0.0
PDRN,성분,2023-01-22,0.0
PDRN,성분,2023-01-29,0.0
PDRN,성분,2023-02-05,0.0
PDRN,성분,2023-02-12,0.0
PDRN,성분,2023-02-19,0.0
PDRN,성분,2023-02-26,0.0
PDRN,성분,2023-03-05,0.0
PDRN,성분,2023-03-12,0.0
PDRN,성분,2023-03-19,0.0
PDRN,성분,2023-03-26,0.0
PDRN,성분,2023-04-02,0.0
PDRN,성분,2023-04-09,0.0
PDRN,성분,2023-04-16,0.0
PDRN,성분,2023-04-23,0.0
PDRN,성분,2023-04-30,0.0
PDRN,성분,2023-05-07,0.0
PDRN,성분,2023-05-14,0.0
PDRN,성분,2023-05-21,0.0
PDRN,성분,2023-05-28,0.0
PDRN,성분,2023-06-04,0.0
PDRN,성분,2023-06-11,0.0
PDRN,성분,2023-06-18,0.0
PDRN,성분,2023-06-25,0.0
PDRN,성분,2023-07-02,0.0
PDRN,성분,2023-07-09,0.0
PDRN,성분,2023-07-16,0.0
PDRN,성분,2023-07-23,0.0
PDRN,성분,2023-07-30,0.0
PDRN,성분,2023-08-06,0.0
PDRN,성분,2023-08-13,0.0
PDRN,성분,2023-08-20,0.0
PDRN,성분,2023-08-27,0.0
PDRN,성분,2023-09-03,0.0
PDRN,성분,2023-09-10,0.0
PDRN,성분,2023-09-17,0.0
PDRN,성분,2023-09-24,0.0
PDRN,성분,2023-10-01,0.0
PDRN,성분,2023-10-08,0.0
PDRN,성분,2023-10-15,0.0
PDRN,성분,2023-10-22,0.0
PDRN,성분,2023-10-29,0.0
PDRN,성분,2023-11-05,0.0
PDRN,성분,2023-11-12,0.0
PDRN,성분,2023-11-19,0.0
PDRN,성분,2023-11-26,0.0
PDRN,성분,2023-12-03,0.0
PDRN,성분,2023-12-10,0.0
PDRN,성분,2023-12-17,0.0
PDRN,성분,2023-12-24,0.0
PDRN,성분,2023-12-31,0.0
PDRN,성분,2024-01-07,0.0
PDRN,성분,2024-01-14,0.0
PDRN,성분,2024-01-21,0.0
PDRN,성분,2024-01-28,0.0
PDRN,성분,2024-02-04,0.0
PDRN,성분,2024-02-11,0.0
PDRN,성분,2024-02-18,0.0
PDRN,성분,2024-02-25,0.0
PDRN,성분,2024-03-03,0.0
PDRN,성분,2024-03-10,0.0
PDRN,성분,2024-03-17,0.0
PDRN,성분,2024-03-24,0.0
PDRN,성분,2024-03-31,0.0
PDRN,성분,2024-04-07,0.0
PDRN,성분,2024-04-14,0.0
PDRN,성분,2024-04-21,0.0
PDRN,성분,2024-04-28,0.0
PDRN,성분,2024-05-05,0.0
PDRN,성분,2024-05-12,0.0
PDRN,성분,2024-05-19,0.0
PDRN,성분,2024-05-26,0.0
PDRN,성분,2024-06-02,0.0
PDRN,성분,2024-06-09,0.0
PDRN,성분,2024-06-16,0.0
PDRN,성분,2024-06-23,0.0
PDRN,성분,2024-06-30,0.0
PDRN,성분,2024-07-07,0.0
PDRN,성분,2024-07-14,0.0
PDRN,성분,2024-07-21,0.0
PDRN,성분,2024-07-28,0.0
PDRN,성분,2024-08-04,0.0
PDRN,성분,2024-08-11,0.0
PDRN,성분,2024-08-18,0.0
PDRN,성분,2024-08-25,0.0
PDRN,성분,2024-09-01,0.0
PDRN,성분,2024-09-08,0.0
PDRN,성분,2024-09-15,0.0
PDRN,성분,2024-09-22,0.0
PDRN,성분,2024-09-29,0.0
PDRN,성분,2024-10-06,0.0
PDRN,성분,2024-10-13,0.0
PDRN,성분,2024-10-20,0.0
PDRN,성분,2024-10-27,0.0
PDRN,성분,2024-11-03,0.0
PDRN,성분,2024-11-10,0.0
PDRN,성분,2024-11-17,0.0
PDRN,성분,2024-11-24,0.0
PDRN,성분,2024-12-01,0.0
PDRN,성분,2024-12-08,0.0
PDRN,성분,2024-12-15,0.0
PDRN,성분,2024-12-22,0.0
PDRN,성분,2024-12-29,0.0
PDRN,성분,2025-01-05,0.0
PDRN,성분,2025-01-12,0.0
PDRN,성분,2025-01-19,0.0
PDRN,성분,2025-01-26,0.0
PDRN,성분,2025-02-02,0.0
PDRN,성분,2025-02-09,0.0
PDRN,성분,2025-02-16,0.0
PDRN,성분,2025-02-23,0.0
PDRN,성분,2025-03-02,0.0
PDRN,성분,2025-03-09,0.0
PDRN,성분,2025-03-16,0.0
PDRN,성분,2025-03-23,0.0
PDRN,성분,2025-03-30,0.0
PDRN,성분,2025-04-06,0.0
PDRN,성분,2025-04-13,0.0
PDRN,성분,2025-04-20,0.0
PDRN,성분,2025-04-27,0.0
PDRN,성분,2025-05-04,0.0
PDRN,성분,2025-05-11,0.0
PDRN,성분,2025-05-18,0.0
PDRN,성분,2025-05-25,0.0
PDRN,성분,2025-06-01,0.0
PDRN,성분,2025-06-08,0.0
PDRN,성분,2025-06-15,0.0
PDRN,성분,2025-06-22,0.0
PDRN,성분,2025-06-29,0.0
PDRN,성분,2025-07-06,0.0
PDRN,성분,2025-07-13,0.0
PDRN,성분,2025-07-20,0.0
PDRN,성분,2025-07-27,0.0
PDRN,성분,2025-08-03,0.0
PDRN,성분,2025-08-10,0.0
PDRN,성분,2025-08-17,0.0
PDRN,성분,2025-08-24,0.0
PDRN,성분,2025-08-31,0.0
PDRN,성분,2025-09-07,0.0
PDRN,성분,2025-09-14,0.0
PDRN,성분,2025-09-21,0.0
PDRN,성분,2025-09-28,0.0
PDRN,성분,2025-10-05,0.0
PDRN,성분,2025-10-12,0.0
PDRN,성분,2025-10-19,0.0
PDRN,성분,2025-10-26,0.0
PDRN,성분,2025-11-02,0.0
PDRN,성분,2025-11-09,0.0
PDRN,성분,2025-11-16,0.0
PDRN,성분,2025-11-23,0.0
PDRN,성분,2025-11-30,0.0
PDRN,성분,2025-12-07,0.0
PDRN,성분,2025-12-14,0.0
PDRN,성분,2025-12-21,0.0
PDRN,성분,2025-12-28,0.0
PDRN,성분,2026-01-04,0.0
PDRN,성분,2026-01-11,0.0
PDRN,성분,2026-01-18,0.0
PDRN,성분,2026-01-25,0.0
PDRN,성분,2026-02-01,0.0
PDRN,성분,2026-02-08,0.0
PDRN,성분,2026-02-15,0.0
PDRN,성분,2026-02-22,0.0
PDRN,성분,2026-03-01,0.0
PDRN,성분,2026-03-08,0.0
PDRN,성분,2026-03-15,0.0
PDRN,성분,2026-03-22,0.0
PDRN,성분,2026-03-29,0.0
PDRN,성분,2026-04-05,0.0
PDRN,성분,2026-04-12,0.0
PDRN,성분,2026-04-19,0.0
PDRN,성분,2026-04-26,0.0
PDRN,성분,2026-05-03,0.0
PDRN,성분,2026-05-10,0.0
PDRN,성분,2026-05-17,0.0
PDRN,성분,2026-05-24,0.0
PDRN,성분,2026-05-31,0.0
PDRN,성분,2026-06-07,0.0
PDRN,성분,2026-06-14,0.0
PDRN,성분,2026-06-21,0.0
PDRN,성분,2026-06-28,0.0
PDRN,성분,2026-07-05,0.0
PDRN,성분,2026-07-12,0.0
PDRN,성분,2026-07-19,0.0
PDRN,성분,2026-07-26,0.0
PDRN,성분,2026-08-02,0.0
PDRN,성분,2026-08-09,0.0
PDRN,성분,2026-08-16,0.0
PDRN,성분,2026-08-23,0.0
PDRN,성분,2026-08-30,0.0
PDRN,성분,2026-09-06,0.0
PDRN,성분,2026-09-13,0.0
PDRN,성분,2026-09-20,0.0
판테놀,성분,2015-12-27,62.0
판테놀,성분,2016-01-03,72.0
판테놀,성분,2016-01-10,53.0
판테놀,성분,2016-01-17,60.0
판테놀,성분,2016-01-24,51.0
판테놀,성분,2016-01-31,48.0
판테놀,성분,2016-02-07,64.0
판테놀,성분,2016-02-14,98.0
판테놀,성분,2016-02-21,61.0
판테놀,성분,2016-02-28,63.0
판테놀,성분,2016-03-06,81.0
판테놀,성분,2016-03-13,45.0
판테놀,성분,2016-03-20,53.0
판테놀,성분,2016-03-27,80.0
판테놀,성분,2016-04-03,56.0
판테놀,성분,2016-04-10,87.0
판테놀,성분,2016-04-17,68.0
판테놀,성분,2016-04-24,45.0
판테놀,성분,2016-05-01,50.0
판테놀,성분,2016-05-08,66.0
판테놀,성분,2016-05-15,27.0
판테놀,성분,2016-05-22,76.0
판테놀,성분,2016-05-29,77.0
판테놀,성분,2016-06-05,58.0
판테놀,성분,2016-06-12,49.0
판테놀,성분,2016-06-19,45.0
판테놀,성분,2016-06-26,50.0
판테놀,성분,2016-07-03,69.0
판테놀,성분,2016-07-10,77.0
판테놀,성분,2016-07-17,60.0
판테놀,성분,2016-07-24,50.0
판테놀,성분,2016-07-31,66.0
판테놀,성분,2016-08-07,41.0
판테놀,성분,2016-08-14,60.0
판테놀,성분,2016-08-21,59.0
판테놀,성분,2016-08-28,66.0
판테놀,성분,2016-09-04,66.0
판테놀,성분,2016-09-11,57.0
판테놀,성분,2016-09-18,42.0
판테놀,성분,2016-09-25,74.0
판테놀,성분,2016-10-02,43.0
판테놀,성분,2016-10-09,71.0
판테놀,성분,2016-10-16,0.0
판테놀,성분,2016-10-23,52.0
판테놀,성분,2016-10-30,60.0
판테놀,성분,2016-11-06,64.0
판테놀,성분,2016-11-13,56.0
판테놀,성분,2016-11-20,57.0
판테놀,성분,2016-11-27,57.0
판테놀,성분,2016-12-04,55.0
판테놀,성분,2016-12-11,54.0
판테놀,성분,2016-12-18,44.0
판테놀,성분,2016-12-25,49.0
판테놀,성분,2017-01-01,86.0
판테놀,성분,2017-01-08,87.0
판테놀,성분,2017-01-15,56.0
판테놀,성분,2017-01-22,78.0
판테놀,성분,2017-01-29,100.0
판테놀,성분,2017-02-05,76.0
판테놀,성분,2017-02-12,63.0
판테놀,성분,2017-02-19,54.0
판테놀,성분,2017-02-26,63.0
판테놀,성분,2017-03-05,81.0
판테놀,성분,2017-03-12,76.0
판테놀,성분,2017-03-19,69.0
판테놀,성분,2017-03-26,78.0
판테놀,성분,2017-04-02,75.0
판테놀,성분,2017-04-09,53.0
판테놀,성분,2017-04-16,76.0
판테놀,성분,2017-04-23,77.0
판테놀,성분,2017-04-30,46.0
판테놀,성분,2017-05-07,71.0
판테놀,성분,2017-05-14,59.0
판테놀,성분,2017-05-21,50.0
판테놀,성분,2017-05-28,73.0
판테놀,성분,2017-06-04,45.0
판테놀,성분,2017-06-11,41.0
판테놀,성분,2017-06-18,68.0
판테놀,성분,2017-06-25,67.0
판테놀,성분,2017-07-02,75.0
판테놀,성분,2017-07-09,83.0
판테놀,성분,2017-07-16,79.0
판테놀,성분,2017-07-23,78.0
판테놀,성분,2017-07-30,76.0
판테놀,성분,2017-08-06,63.0
판테놀,성분,2017-08-13,65.0
판테놀,성분,2017-08-20,73.0
판테놀,성분,2017-08-27,75.0
판테놀,성분,2017-09-03,79.0
판테놀,성분,2017-09-10,75.0
판테놀,성분,2017-09-17,52.0
판테놀,성분,2017-09-24,56.0
판테놀,성분,2017-10-01,42.0
판테놀,성분,2017-10-08,88.0
판테놀,성분,2017-10-15,79.0
판테놀,성분,2017-10-22,75.0
판테놀,성분,2017-10-29,71.0
판테놀,성분,2017-11-05,65.0
판테놀,성분,2017-11-12,47.0
판테놀,성분,2017-11-19,69.0
판테놀,성분,2017-11-26,54.0
판테놀,성분,2017-12-03,50.0
판테놀,성분,2017-12-10,66.0
판테놀,성분,2017-12-17,54.0
판테놀,성분,2017-12-24,63.0
판테놀,성분,2017-12-31,57.0
판테놀,성분,2018-01-07,64.0
판테놀,성분,2018-01-14,62.0
판테놀,성분,2018-01-21,62.0
판테놀,성분,2018-01-28,62.0
판테놀,성분,2018-02-04,87.0
판테놀,성분,2018-02-11,62.0
판테놀,성분,2018-02-18,66.0
판테놀,성분,2018-02-25,48.0
판테놀,성분,2018-03-04,69.0
판테놀,성분,2018-03-11,61.0
판테놀,성분,2018-03-18,77.0
판테놀,성분,2018-03-25,79.0
판테놀,성분,2018-04-01,79.0
판테놀,성분,2018-04-08,59.0
판테놀,성분,2018-04-15,67.0
판테놀,성분,2018-04-22,81.0
판테놀,성분,2018-04-29,69.0
판테놀,성분,2018-05-06,89.0
판테놀,성분,2018-05-13,64.0
판테놀,성분,2018-05-20,74.0
판테놀,성분,2018-05-27,63.0
판테놀,성분,2018-06-03,72.0
판테놀,성분,2018-06-10,79.0
판테놀,성분,2018-06-17,75.0
판테놀,성분,2018-06-24,64.0
판테놀,성분,2018-07-01,87.0
판테놀,성분,2018-07-08,71.0
판테놀,성분,2018-07-15,64.0
판테놀,성분,2018-07-22,83.0
판테놀,성분,2018-07-29,76.0
판테놀,성분,2018-08-05,84.0
판테놀,성분,2018-08-12,83.0
판테놀,성분,2018-08-19,71.0
판테놀,성분,2018-08-26,53.0
판테놀,성분,2018-09-02,56.0
판테놀,성분,2018-09-09,67.0
판테놀,성분,2018-09-16,76.0
판테놀,성분,2018-09-23,72.0
판테놀,성분,2018-09-30,67.0
판테놀,성분,2018-10-07,70.0
판테놀,성분,2018-10-14,70.0
판테놀,성분,2018-10-21,78.0
판테놀,성분,2018-10-28,74.0
판테놀,성분,2018-11-04,51.0
판테놀,성분,2018-11-11,53.0
판테놀,성분,2018-11-18,69.0
판테놀,성분,2018-11-25,73.0
판테놀,성분,2018-12-02,61.0
판테놀,성분,2018-12-09,59.0
판테놀,성분,2018-12-16,81.0
판테놀,성분,2018-12-23,63.0
판테놀,성분,2018-12-30,56.0
판테놀,성분,2019-01-06,97.0
판테놀,성분,2019-01-13,81.0
판테놀,성분,2019-01-20,74.0
판테놀,성분,2019-01-27,77.0
판테놀,성분,2019-02-03,71.0
판테놀,성분,2019-02-10,72.0
판테놀,성분,2019-02-17,72.0
판테놀,성분,2019-02-24,69.0
판테놀,성분,2019-03-03,84.0
판테놀,성분,2019-03-10,78.0
판테놀,성분,2019-03-17,67.0
판테놀,성분,2019-03-24,88.0
판테놀,성분,2019-03-31,81.0
판테놀,성분,2019-04-07,52.0
판테놀,성분,2019-04-14,61.0
판테놀,성분,2019-04-21,77.0
판테놀,성분,2019-04-28,79.0
판테놀,성분,2019-05-05,67.0
판테놀,성분,2019-05-12,87.0
판테놀,성분,2019-05-19,68.0
판테놀,성분,2019-05-26,84.0
판테놀,성분,2019-06-02,75.0
판테놀,성분,2019-06-09,100.0
판테놀,성분,2019-06-16,73.0
판테놀,성분,2019-06-23,85.0
판테놀,성분,2019-06-30,76.0326693227
판테놀,성분,2019-07-07,68.5784860558
판테놀,성분,2019-07-14,62.6151394422
판테놀,성분,2019-07-21,71.5601593625
판테놀,성분,2019-07-28,93.9227091633
판테놀,성분,2019-08-04,71.5601593625
판테놀,성분,2019-08-11,68.5784860558
판테놀,성분,2019-08-18,76.0326693227
판테놀,성분,2019-08-25,59.6334661355
판테놀,성분,2019-09-01,70.0693227092
판테놀,성분,2019-09-08,74.5418326693
판테놀,성분,2019-09-15,65.596812749
판테놀,성분,2019-09-22,73.0509960159
판테놀,성분,2019-09-29,67.0876494024
판테놀,성분,2019-10-06,84.977689243
판테놀,성분,2019-10-13,71.5601593625
판테놀,성분,2019-10-20,70.0693227092
판테놀,성분,2019-10-27,68.5784860558
판테놀,성분,2019-11-03,65.596812749
판테놀,성분,2019-11-10,71.5601593625
판테놀,성분,2019-11-17,71.5601593625
판테놀,성분,2019-11-24,61.1243027888
판테놀,성분,2019-12-01,67.0876494024
판테놀,성분,2019-12-08,65.596812749
판테놀,성분,2019-12-15,70.0693227092
판테놀,성분,2019-12-22,47.7067729084
판테놀,성분,2019-12-29,56.6517928287
판테놀,성분,2020-01-05,81.9960159363
판테놀,성분,2020-01-12,86.4685258964
판테놀,성분,2020-01-19,86.4685258964
판테놀,성분,2020-01-26,71.5601593625
판테놀,성분,2020-02-02,80.5051792829
판테놀,성분,2020-02-09,70.0693227092
판테놀,성분,2020-02-16,86.4685258964
판테놀,성분,2020-02-23,96.9043824701
판테놀,성분,2020-03-01,84.977689243
판테놀,성분,2020-03-08,89.4501992032
판테놀,성분,2020-03-15,79.0143426295
판테놀,성분,2020-03-22,98.3952191235
판테놀,성분,2020-03-29,65.596812749
판테놀,성분,2020-04-05,77.5235059761
판테놀,성분,2020-04-12,83.4868525896
판테놀,성분,2020-04-19,80.5051792829
판테놀,성분,2020-04-26,90.9410358566
판테놀,성분,2020-05-03,83.4868525896
판테놀,성분,2020-05-10,90.9410358566
판테놀,성분,2020-05-17,116.2852589641
판테놀,성분,2020-05-24,92.43187251
판테놀,성분,2020-05-31,104.3585657371
판테놀,성분,2020-06-07,90.9410358566
판테놀,성분,2020-06-14,102.8677290837
판테놀,성분,2020-06-21,110.3219123506
판테놀,성분,2020-06-28,59.6334661355
판테놀,성분,2020-07-05,92.43187251
판테놀,성분,2020-07-12,81.9960159363
판테놀,성분,2020-07-19,119.2669322709
판테놀,성분,2020-07-26,93.9227091633
판테놀,성분,2020-08-02,110.3219123506
판테놀,성분,2020-08-09,71.5601593625
판테놀,성분,2020-08-16,92.43187251
판테놀,성분,2020-08-23,93.9227091633
판테놀,성분,2020-08-30,87.9593625498
판테놀,성분,2020-09-06,89.4501992032
판테놀,성분,2020-09-13,65.596812749
판테놀,성분,2020-09-20,77.5235059761
판테놀,성분,2020-09-27,93.9227091633
판테놀,성분,2020-10-04,90.9410358566
판테놀,성분,2020-10-11,67.0876494024
판테놀,성분,2020-10-18,70.0693227092
판테놀,성분,2020-10-25,81.9960159363
판테놀,성분,2020-11-01,67.0876494024
판테놀,성분,2020-11-08,90.9410358566
판테놀,성분,2020-11-15,89.4501992032
판테놀,성분,2020-11-22,71.5601593625
판테놀,성분,2020-11-29,76.0326693227
판테놀,성분,2020-12-06,84.977689243
판테놀,성분,2020-12-13,81.9960159363
판테놀,성분,2020-12-20,83.4868525896
판테놀,성분,2020-12-27,74.5418326693
판테놀,성분,2021-01-03,102.8677290837
판테놀,성분,2021-01-10,114.7944223108
판테놀,성분,2021-01-17,90.9410358566
판테놀,성분,2021-01-24,122.2486055777
판테놀,성분,2021-01-31,120.7577689243
판테놀,성분,2021-02-07,90.9410358566
판테놀,성분,2021-02-14,92.43187251
판테놀,성분,2021-02-21,99.8860557769
판테놀,성분,2021-02-28,101.3768924303
판테놀,성분,2021-03-07,98.3952191235
판테놀,성분,2021-03-14,101.3768924303
판테놀,성분,2021-03-21,92.43187251
판테놀,성분,2021-03-28,101.3768924303
판테놀,성분,2021-04-04,90.9410358566
판테놀,성분,2021-04-11,65.596812749
판테놀,성분,2021-04-18,93.9227091633
판테놀,성분,2021-04-25,89.4501992032
판테놀,성분,2021-05-02,104.3585657371
판테놀,성분,2021-05-09,84.977689243
판테놀,성분,2021-05-16,70.0693227092
판테놀,성분,2021-05-23,73.0509960159
판테놀,성분,2021-05-30,62.6151394422
판테놀,성분,2021-06-06,95.4135458167
판테놀,성분,2021-06-13,93.9227091633
판테놀,성분,2021-06-20,73.0509960159
판테놀,성분,2021-06-27,84.977689243
판테놀,성분,2021-07-04,81.9960159363
판테놀,성분,2021-07-11,84.977689243
판테놀,성분,2021-07-18,86.4685258964
판테놀,성분,2021-07-25,77.5235059761
판테놀,성분,2021-08-01,83.4868525896
판테놀,성분,2021-08-08,77.5235059761
판테놀,성분,2021-08-15,96.9043824701
판테놀,성분,2021-08-22,98.3952191235
판테놀,성분,2021-08-29,64.1059760956
판테놀,성분,2021-09-05,77.5235059761
판테놀,성분,2021-09-12,53.6701195219
판테놀,성분,2021-09-19,89.4501992032
판테놀,성분,2021-09-26,90.9410358566
판테놀,성분,2021-10-03,84.977689243
판테놀,성분,2021-10-10,79.0143426295
판테놀,성분,2021-10-17,89.4501992032
판테놀,성분,2021-10-24,125.2302788845
판테놀,성분,2021-10-31,62.6151394422
판테놀,성분,2021-11-07,73.0509960159
판테놀,성분,2021-11-14,68.5784860558
판테놀,성분,2021-11-21,90.9410358566
판테놀,성분,2021-11-28,80.5051792829
판테놀,성분,2021-12-05,74.5418326693
판테놀,성분,2021-12-12,50.6884462151
판테놀,성분,2021-12-19,73.0509960159
판테놀,성분,2021-12-26,79.0143426295
판테놀,성분,2022-01-02,83.4868525896
판테놀,성분,2022-01-09,83.4868525896
판테놀,성분,2022-01-16,149.0836653386
판테놀,성분,2022-01-23,96.9043824701
판테놀,성분,2022-01-30,108.8310756972
판테놀,성분,2022-02-06,96.9043824701
판테놀,성분,2022-02-13,119.2669322709
판테놀,성분,2022-02-20,122.2486055777
판테놀,성분,2022-02-27,114.7944223108
판테놀,성분,2022-03-06,113.3035856574
판테놀,성분,2022-03-13,107.3402390438
판테놀,성분,2022-03-20,98.3952191235
판테놀,성분,2022-03-27,98.3952191235
판테놀,성분,2022-04-03,117.7760956175
판테놀,성분,2022-04-10,87.9593625498
판테놀,성분,2022-04-17,123.7394422311
판테놀,성분,2022-04-24,99.8860557769
판테놀,성분,2022-05-01,102.8677290837
판테놀,성분,2022-05-08,98.3952191235
판테놀,성분,2022-05-15,92.43187251
판테놀,성분,2022-05-22,111.812749004
판테놀,성분,2022-05-29,131.193625498
판테놀,성분,2022-06-05,101.3768924303
판테놀,성분,2022-06-12,79.0143426295
판테놀,성분,2022-06-19,105.8494023904
판테놀,성분,2022-06-26,83.4868525896
판테놀,성분,2022-07-03,105.8494023904
판테놀,성분,2022-07-10,128.2119521912
판테놀,성분,2022-07-17,83.4868525896
판테놀,성분,2022-07-24,107.3402390438
판테놀,성분,2022-07-31,120.7577689243
판테놀,성분,2022-08-07,111.812749004
판테놀,성분,2022-08-14,90.9410358566
판테놀,성분,2022-08-21,119.2669322709
판테놀,성분,2022-08-28,96.9043824701
판테놀,성분,2022-09-04,96.9043824701
판테놀,성분,2022-09-11,86.4685258964
판테놀,성분,2022-09-18,90.9410358566
판테놀,성분,2022-09-25,95.4135458167
판테놀,성분,2022-10-02,95.4135458167
판테놀,성분,2022-10-09,105.8494023904
판테놀,성분,2022-10-16,90.9410358566
판테놀,성분,2022-10-23,111.812749004
판테놀,성분,2022-10-30,105.8494023904
판테놀,성분,2022-11-06,92.43187251
판테놀,성분,2022-11-13,104.3585657371
판테놀,성분,2022-11-20,84.977689243
판테놀,성분,2022-11-27,102.8677290837
판테놀,성분,2022-12-04,89.4501992032
판테놀,성분,2022-12-11,96.9043824701
판테놀,성분,2022-12-18,104.3585657371
판테놀,성분,2022-12-25,114.7944223108
판테놀,성분,2023-01-01,107.3509260449
판테놀,성분,2023-01-08,107.3509260449
판테놀,성분,2023-01-15,107.3509260449
판테놀,성분,2023-01-22,107.3509260449
판테놀,성분,2023-01-29,107.3509260449
판테놀,성분,2023-02-05,128.8211112539
판테놀,성분,2023-02-12,118.0860186494
판테놀,성분,2023-02-19,128.8211112539
판테놀,성분,2023-02-26,118.0860186494
판테놀,성분,2023-03-05,118.0860186494
판테놀,성분,2023-03-12,118.0860186494
판테놀,성분,2023-03-19,107.3509260449
판테놀,성분,2023-03-26,128.8211112539
판테놀,성분,2023-04-02,118.0860186494
판테놀,성분,2023-04-09,107.3509260449
판테놀,성분,2023-04-16,118.0860186494
판테놀,성분,2023-04-23,96.6158334404
판테놀,성분,2023-04-30,96.6158334404
판테놀,성분,2023-05-07,96.6158334404
판테놀,성분,2023-05-14,128.8211112539
판테놀,성분,2023-05-21,118.0860186494
판테놀,성분,2023-05-28,118.0860186494
판테놀,성분,2023-06-04,139.5562038584
판테놀,성분,2023-06-11,118.0860186494
판테놀,성분,2023-06-18,118.0860186494
판테놀,성분,2023-06-25,118.0860186494
판테놀,성분,2023-07-02,150.2912964629
판테놀,성분,2023-07-09,139.5562038584
판테놀,성분,2023-07-16,128.8211112539
판테놀,성분,2023-07-23,118.0860186494
판테놀,성분,2023-07-30,139.5562038584
판테놀,성분,2023-08-06,107.3509260449
판테놀,성분,2023-08-13,107.3509260449
판테놀,성분,2023-08-20,107.3509260449
판테놀,성분,2023-08-27,96.6158334404
판테놀,성분,2023-09-03,128.8211112539
판테놀,성분,2023-09-10,107.3509260449
판테놀,성분,2023-09-17,107.3509260449
판테놀,성분,2023-09-24,96.6158334404
판테놀,성분,2023-10-01,139.5562038584
판테놀,성분,2023-10-08,107.3509260449
판테놀,성분,2023-10-15,128.8211112539
판테놀,성분,2023-10-22,107.3509260449
판테놀,성분,2023-10-29,118.0860186494
판테놀,성분,2023-11-05,139.5562038584
판테놀,성분,2023-11-12,139.5562038584
판테놀,성분,2023-11-19,128.8211112539
판테놀,성분,2023-11-26,128.8211112539
판테놀,성분,2023-12-03,161.0263890674
판테놀,성분,2023-12-10,107.3509260449
판테놀,성분,2023-12-17,118.0860186494
판테놀,성분,2023-12-24,150.2912964629
판테놀,성분,2023-12-31,150.2912964629
판테놀,성분,2024-01-07,128.8211112539
판테놀,성분,2024-01-14,161.0263890674
판테놀,성분,2024-01-21,139.5562038584
판테놀,성분,2024-01-28,139.5562038584
판테놀,성분,2024-02-04,139.5562038584
판테놀,성분,2024-02-11,139.5562038584
판테놀,성분,2024-02-18,139.5562038584
판테놀,성분,2024-02-25,96.6158334404
판테놀,성분,2024-03-03,150.2912964629
판테놀,성분,2024-03-10,139.5562038584
판테놀,성분,2024-03-17,150.2912964629
판테놀,성분,2024-03-24,161.0263890674
판테놀,성분,2024-03-31,128.8211112539
판테놀,성분,2024-04-07,118.0860186494
판테놀,성분,2024-04-14,128.8211112539
판테놀,성분,2024-04-21,150.2912964629
판테놀,성분,2024-04-28,118.0860186494
판테놀,성분,2024-05-05,150.2912964629
판테놀,성분,2024-05-12,128.8211112539
판테놀,성분,2024-05-19,171.7614816719
판테놀,성분,2024-05-26,193.2316668809
판테놀,성분,2024-06-02,150.2912964629
판테놀,성분,2024-06-09,118.0860186494
판테놀,성분,2024-06-16,139.5562038584
판테놀,성분,2024-06-23,128.8211112539
판테놀,성분,2024-06-30,171.7614816719
판테놀,성분,2024-07-07,161.0263890674
판테놀,성분,2024-07-14,150.2912964629
판테놀,성분,2024-07-21,150.2912964629
판테놀,성분,2024-07-28,139.5562038584
판테놀,성분,2024-08-04,182.4965742764
판테놀,성분,2024-08-11,161.0263890674
판테놀,성분,2024-08-18,171.7614816719
판테놀,성분,2024-08-25,171.7614816719
판테놀,성분,2024-09-01,161.0263890674
판테놀,성분,2024-09-08,161.0263890674
판테놀,성분,2024-09-15,139.5562038584
판테놀,성분,2024-09-22,193.2316668809
판테놀,성분,2024-09-29,182.4965742764
판테놀,성분,2024-10-06,193.2316668809
판테놀,성분,2024-10-13,171.7614816719
판테놀,성분,2024-10-20,161.0263890674
판테놀,성분,2024-10-27,182.4965742764
판테놀,성분,2024-11-03,203.9667594854
판테놀,성분,2024-11-10,246.9071299033
판테놀,성분,2024-11-17,182.4965742764
판테놀,성분,2024-11-24,236.1720372988
판테놀,성분,2024-12-01,236.1720372988
판테놀,성분,2024-12-08,171.7614816719
판테놀,성분,2024-12-15,214.7018520898
판테놀,성분,2024-12-22,236.1720372988
판테놀,성분,2024-12-29,225.4369446943
판테놀,성분,2025-01-05,214.7018520898
판테놀,성분,2025-01-12,214.7018520898
판테놀,성분,2025-01-19,257.6422225078
판테놀,성분,2025-01-26,171.7614816719
판테놀,성분,2025-02-02,182.4965742764
판테놀,성분,2025-02-09,182.4965742764
판테놀,성분,2025-02-16,236.1720372988
판테놀,성분,2025-02-23,214.7018520898
판테놀,성분,2025-03-02,193.2316668809
판테놀,성분,2025-03-09,203.9667594854
판테놀,성분,2025-03-16,225.4369446943
판테놀,성분,2025-03-23,214.7018520898
판테놀,성분,2025-03-30,182.4965742764
판테놀,성분,2025-04-06,193.2316668809
판테놀,성분,2025-04-13,203.9667594854
판테놀,성분,2025-04-20,246.9071299033
판테놀,성분,2025-04-27,214.7018520898
판테놀,성분,2025-05-04,214.7018520898
판테놀,성분,2025-05-11,203.9667594854
판테놀,성분,2025-05-18,214.7018520898
판테놀,성분,2025-05-25,214.7018520898
판테놀,성분,2025-06-01,236.1720372988
판테놀,성분,2025-06-08,214.7018520898
판테놀,성분,2025-06-15,193.2316668809
판테놀,성분,2025-06-22,279.1124077168
판테놀,성분,2025-06-29,193.2316668809
판테놀,성분,2025-07-06,225.4369446943
판테놀,성분,2025-07-13,440.1387967842
판테놀,성분,2025-07-20,676.310834083
판테놀,성분,2025-07-27,923.2179639863
판테놀,성분,2025-08-03,418.6686115752
판테놀,성분,2025-08-10,279.1124077168
판테놀,성분,2025-08-17,225.4369446943
판테놀,성분,2025-08-24,203.9667594854
판테놀,성분,2025-08-31,182.4965742764
판테놀,성분,2025-09-07,193.2316668809
판테놀,성분,2025-09-14,171.7614816719
판테놀,성분,2025-09-21,236.1720372988
판테놀,성분,2025-09-28,225.4369446943
판테놀,성분,2025-10-05,225.4369446943
판테놀,성분,2025-10-12,214.7018520898
판테놀,성분,2025-10-19,225.4369446943
판테놀,성분,2025-10-26,289.8475003213
판테놀,성분,2025-11-02,397.1984263662
판테놀,성분,2025-11-09,450.8738893887
판테놀,성분,2025-11-16,397.1984263662
판테놀,성분,2025-11-23,515.2844450156
판테놀,성분,2025-11-30,418.6686115752
판테놀,성분,2025-12-07,407.9335189707
판테놀,성분,2025-12-14,440.1387967842
판테놀,성분,2025-12-21,418.6686115752
판테놀,성분,2025-12-28,440.1387967842
판테놀,성분,2026-01-04,407.9335189707
판테놀,성분,2026-01-11,418.6686115752
판테놀,성분,2026-01-18,450.8738893887
판테놀,성분,2026-01-25,526.0195376201
판테놀,성분,2026-02-01,515.2844450156
판테놀,성분,2026-02-08,472.3440745977
판테놀,성분,2026-02-15,418.6686115752
판테놀,성분,2026-02-22,504.5493524111
판테놀,성분,2026-03-01,568.9599080381
판테놀,성분,2026-03-08,633.3704636651
판테놀,성분,2026-03-15,644.1055562695
판테놀,성분,2026-03-22,676.310834083
판테놀,성분,2026-03-29,869.5425009639
판테놀,성분,2026-04-05,976.8934270088
판테놀,성분,2026-04-12,1073.5092604492
판테놀,성분,2026-04-19,933.9530565908
판테놀,성분,2026-04-26,708.5161118965
판테놀,성분,2026-05-03,622.6353710606
판테놀,성분,2026-05-10,783.6617601279
판테놀,성분,2026-05-17,815.8670379414
판테놀,성분,2026-05-24,719.251204501
판테놀,성분,2026-05-31,697.781019292
판테놀,성분,2026-06-07,848.0723157549
판테놀,성분,2026-06-14,815.8670379414
판테놀,성분,2026-06-21,826.6021305459
판테놀,성분,2026-06-28,622.6353710606
판테놀,성분,2026-07-05,568.9599080381
판테놀,성분,2026-07-12,364.9931485527
판테놀,성분,2026-07-19,364.9931485527
판테놀,성분,2026-07-26,289.8475003213
판테놀,성분,2026-08-02,289.8475003213
판테놀,성분,2026-08-09,332.7878707393
판테놀,성분,2026-08-16,289.8475003213
판테놀,성분,2026-08-23,257.6422225078
판테놀,성분,2026-08-30,268.3773151123
판테놀,성분,2026-09-06,257.6422225078
판테놀,성분,2026-09-13,279.1124077168
판테놀,성분,2026-09-20,225.4369446943
펩타이드,성분,2015-12-27,0.0
펩타이드,성분,2016-01-03,0.0
펩타이드,성분,2016-01-10,0.0
펩타이드,성분,2016-01-17,0.0
펩타이드,성분,2016-01-24,0.0
펩타이드,성분,2016-01-31,0.0
펩타이드,성분,2016-02-07,0.0
펩타이드,성분,2016-02-14,0.0
펩타이드,성분,2016-02-21,0.0
펩타이드,성분,2016-02-28,0.0
펩타이드,성분,2016-03-06,0.0
펩타이드,성분,2016-03-13,0.0
펩타이드,성분,2016-03-20,88.0
펩타이드,성분,2016-03-27,0.0
펩타이드,성분,2016-04-03,0.0
펩타이드,성분,2016-04-10,0.0
펩타이드,성분,2016-04-17,0.0
펩타이드,성분,2016-04-24,0.0
펩타이드,성분,2016-05-01,0.0
펩타이드,성분,2016-05-08,0.0
펩타이드,성분,2016-05-15,0.0
펩타이드,성분,2016-05-22,0.0
펩타이드,성분,2016-05-29,0.0
펩타이드,성분,2016-06-05,0.0
펩타이드,성분,2016-06-12,0.0
펩타이드,성분,2016-06-19,0.0
펩타이드,성분,2016-06-26,0.0
펩타이드,성분,2016-07-03,0.0
펩타이드,성분,2016-07-10,0.0
펩타이드,성분,2016-07-17,0.0
펩타이드,성분,2016-07-24,0.0
펩타이드,성분,2016-07-31,0.0
펩타이드,성분,2016-08-07,0.0
펩타이드,성분,2016-08-14,0.0
펩타이드,성분,2016-08-21,0.0
펩타이드,성분,2016-08-28,0.0
펩타이드,성분,2016-09-04,0.0
펩타이드,성분,2016-09-11,0.0
펩타이드,성분,2016-09-18,0.0
펩타이드,성분,2016-09-25,0.0
펩타이드,성분,2016-10-02,0.0
펩타이드,성분,2016-10-09,0.0
펩타이드,성분,2016-10-16,0.0
펩타이드,성분,2016-10-23,0.0
펩타이드,성분,2016-10-30,0.0
펩타이드,성분,2016-11-06,0.0
펩타이드,성분,2016-11-13,0.0
펩타이드,성분,2016-11-20,0.0
펩타이드,성분,2016-11-27,76.0
펩타이드,성분,2016-12-04,0.0
펩타이드,성분,2016-12-11,0.0
펩타이드,성분,2016-12-18,0.0
펩타이드,성분,2016-12-25,0.0
펩타이드,성분,2017-01-01,0.0
펩타이드,성분,2017-01-08,0.0
펩타이드,성분,2017-01-15,0.0
펩타이드,성분,2017-01-22,0.0
펩타이드,성분,2017-01-29,0.0
펩타이드,성분,2017-02-05,0.0
펩타이드,성분,2017-02-12,0.0
펩타이드,성분,2017-02-19,0.0
펩타이드,성분,2017-02-26,0.0
펩타이드,성분,2017-03-05,0.0
펩타이드,성분,2017-03-12,0.0
펩타이드,성분,2017-03-19,0.0
펩타이드,성분,2017-03-26,0.0
펩타이드,성분,2017-04-02,0.0
펩타이드,성분,2017-04-09,0.0
펩타이드,성분,2017-04-16,0.0
펩타이드,성분,2017-04-23,0.0
펩타이드,성분,2017-04-30,0.0
펩타이드,성분,2017-05-07,0.0
펩타이드,성분,2017-05-14,0.0
펩타이드,성분,2017-05-21,0.0
펩타이드,성분,2017-05-28,0.0
펩타이드,성분,2017-06-04,0.0
펩타이드,성분,2017-06-11,0.0
펩타이드,성분,2017-06-18,0.0
펩타이드,성분,2017-06-25,0.0
펩타이드,성분,2017-07-02,0.0
펩타이드,성분,2017-07-09,0.0
펩타이드,성분,2017-07-16,0.0
펩타이드,성분,2017-07-23,0.0
펩타이드,성분,2017-07-30,0.0
펩타이드,성분,2017-08-06,0.0
펩타이드,성분,2017-08-13,0.0
펩타이드,성분,2017-08-20,0.0
펩타이드,성분,2017-08-27,0.0
펩타이드,성분,2017-09-03,0.0
펩타이드,성분,2017-09-10,0.0
펩타이드,성분,2017-09-17,0.0
펩타이드,성분,2017-09-24,0.0
펩타이드,성분,2017-10-01,0.0
펩타이드,성분,2017-10-08,0.0
펩타이드,성분,2017-10-15,100.0
펩타이드,성분,2017-10-22,0.0
펩타이드,성분,2017-10-29,0.0
펩타이드,성분,2017-11-05,0.0
펩타이드,성분,2017-11-12,0.0
펩타이드,성분,2017-11-19,0.0
펩타이드,성분,2017-11-26,0.0
펩타이드,성분,2017-12-03,0.0
펩타이드,성분,2017-12-10,0.0
펩타이드,성분,2017-12-17,0.0
펩타이드,성분,2017-12-24,0.0
펩타이드,성분,2017-12-31,0.0
펩타이드,성분,2018-01-07,0.0
펩타이드,성분,2018-01-14,91.0
펩타이드,성분,2018-01-21,0.0
펩타이드,성분,2018-01-28,0.0
펩타이드,성분,2018-02-04,75.0
펩타이드,성분,2018-02-11,0.0
펩타이드,성분,2018-02-18,0.0
펩타이드,성분,2018-02-25,0.0
펩타이드,성분,2018-03-04,0.0
펩타이드,성분,2018-03-11,0.0
펩타이드,성분,2018-03-18,0.0
펩타이드,성분,2018-03-25,0.0
펩타이드,성분,2018-04-01,0.0
펩타이드,성분,2018-04-08,0.0
펩타이드,성분,2018-04-15,0.0
펩타이드,성분,2018-04-22,0.0
펩타이드,성분,2018-04-29,0.0
펩타이드,성분,2018-05-06,0.0
펩타이드,성분,2018-05-13,0.0
펩타이드,성분,2018-05-20,0.0
펩타이드,성분,2018-05-27,0.0
펩타이드,성분,2018-06-03,0.0
펩타이드,성분,2018-06-10,0.0
펩타이드,성분,2018-06-17,0.0
펩타이드,성분,2018-06-24,0.0
펩타이드,성분,2018-07-01,0.0
펩타이드,성분,2018-07-08,0.0
펩타이드,성분,2018-07-15,0.0
펩타이드,성분,2018-07-22,0.0
펩타이드,성분,2018-07-29,0.0
펩타이드,성분,2018-08-05,0.0
펩타이드,성분,2018-08-12,0.0
펩타이드,성분,2018-08-19,0.0
펩타이드,성분,2018-08-26,0.0
펩타이드,성분,2018-09-02,0.0
펩타이드,성분,2018-09-09,0.0
펩타이드,성분,2018-09-16,0.0
펩타이드,성분,2018-09-23,0.0
펩타이드,성분,2018-09-30,0.0
펩타이드,성분,2018-10-07,0.0
펩타이드,성분,2018-10-14,0.0
펩타이드,성분,2018-10-21,0.0
펩타이드,성분,2018-10-28,0.0
펩타이드,성분,2018-11-04,0.0
펩타이드,성분,2018-11-11,0.0
펩타이드,성분,2018-11-18,0.0
펩타이드,성분,2018-11-25,0.0
펩타이드,성분,2018-12-02,0.0
펩타이드,성분,2018-12-09,0.0
펩타이드,성분,2018-12-16,0.0
펩타이드,성분,2018-12-23,0.0
펩타이드,성분,2018-12-30,0.0
펩타이드,성분,2019-01-06,0.0
펩타이드,성분,2019-01-13,0.0
펩타이드,성분,2019-01-20,0.0
펩타이드,성분,2019-01-27,0.0
펩타이드,성분,2019-02-03,0.0
펩타이드,성분,2019-02-10,0.0
펩타이드,성분,2019-02-17,0.0
펩타이드,성분,2019-02-24,0.0
펩타이드,성분,2019-03-03,0.0
펩타이드,성분,2019-03-10,0.0
펩타이드,성분,2019-03-17,0.0
펩타이드,성분,2019-03-24,0.0
펩타이드,성분,2019-03-31,0.0
펩타이드,성분,2019-04-07,0.0
펩타이드,성분,2019-04-14,0.0
펩타이드,성분,2019-04-21,0.0
펩타이드,성분,2019-04-28,0.0
펩타이드,성분,2019-05-05,0.0
펩타이드,성분,2019-05-12,0.0
펩타이드,성분,2019-05-19,0.0
펩타이드,성분,2019-05-26,0.0
펩타이드,성분,2019-06-02,0.0
펩타이드,성분,2019-06-09,0.0
펩타이드,성분,2019-06-16,0.0
펩타이드,성분,2019-06-23,0.0
펩타이드,성분,2019-06-30,0.0
펩타이드,성분,2019-07-07,0.0
펩타이드,성분,2019-07-14,0.0
펩타이드,성분,2019-07-21,0.0
펩타이드,성분,2019-07-28,0.0
펩타이드,성분,2019-08-04,0.0
펩타이드,성분,2019-08-11,0.0
펩타이드,성분,2019-08-18,0.0
펩타이드,성분,2019-08-25,0.0
펩타이드,성분,2019-09-01,0.0
펩타이드,성분,2019-09-08,0.0
펩타이드,성분,2019-09-15,80.987654321
펩타이드,성분,2019-09-22,0.0
펩타이드,성분,2019-09-29,0.0
펩타이드,성분,2019-10-06,0.0
펩타이드,성분,2019-10-13,0.0
펩타이드,성분,2019-10-20,0.0
펩타이드,성분,2019-10-27,0.0
펩타이드,성분,2019-11-03,0.0
펩타이드,성분,2019-11-10,0.0
펩타이드,성분,2019-11-17,0.0
펩타이드,성분,2019-11-24,0.0
펩타이드,성분,2019-12-01,0.0
펩타이드,성분,2019-12-08,0.0
펩타이드,성분,2019-12-15,0.0
펩타이드,성분,2019-12-22,0.0
펩타이드,성분,2019-12-29,79.012345679
펩타이드,성분,2020-01-05,0.0
펩타이드,성분,2020-01-12,65.1851851852
펩타이드,성분,2020-01-19,80.987654321
펩타이드,성분,2020-01-26,0.0
펩타이드,성분,2020-02-02,0.0
펩타이드,성분,2020-02-09,0.0
펩타이드,성분,2020-02-16,0.0
펩타이드,성분,2020-02-23,0.0
펩타이드,성분,2020-03-01,0.0
펩타이드,성분,2020-03-08,0.0
펩타이드,성분,2020-03-15,0.0
펩타이드,성분,2020-03-22,0.0
펩타이드,성분,2020-03-29,0.0
펩타이드,성분,2020-04-05,0.0
펩타이드,성분,2020-04-12,0.0
펩타이드,성분,2020-04-19,0.0
펩타이드,성분,2020-04-26,146.1728395062
펩타이드,성분,2020-05-03,169.8765432099
펩타이드,성분,2020-05-10,165.9259259259
펩타이드,성분,2020-05-17,67.1604938272
펩타이드,성분,2020-05-24,0.0
펩타이드,성분,2020-05-31,0.0
펩타이드,성분,2020-06-07,0.0
펩타이드,성분,2020-06-14,0.0
펩타이드,성분,2020-06-21,0.0
펩타이드,성분,2020-06-28,0.0
펩타이드,성분,2020-07-05,0.0
펩타이드,성분,2020-07-12,0.0
펩타이드,성분,2020-07-19,0.0
펩타이드,성분,2020-07-26,0.0
펩타이드,성분,2020-08-02,0.0
펩타이드,성분,2020-08-09,0.0
펩타이드,성분,2020-08-16,73.0864197531
펩타이드,성분,2020-08-23,0.0
펩타이드,성분,2020-08-30,0.0
펩타이드,성분,2020-09-06,0.0
펩타이드,성분,2020-09-13,0.0
펩타이드,성분,2020-09-20,0.0
펩타이드,성분,2020-09-27,0.0
펩타이드,성분,2020-10-04,0.0
펩타이드,성분,2020-10-11,0.0
펩타이드,성분,2020-10-18,0.0
펩타이드,성분,2020-10-25,0.0
펩타이드,성분,2020-11-01,77.037037037
펩타이드,성분,2020-11-08,0.0
펩타이드,성분,2020-11-15,0.0
펩타이드,성분,2020-11-22,0.0
펩타이드,성분,2020-11-29,0.0
펩타이드,성분,2020-12-06,104.6913580247
펩타이드,성분,2020-12-13,80.987654321
펩타이드,성분,2020-12-20,0.0
펩타이드,성분,2020-12-27,0.0
펩타이드,성분,2021-01-03,0.0
펩타이드,성분,2021-01-10,0.0
펩타이드,성분,2021-01-17,0.0
펩타이드,성분,2021-01-24,0.0
펩타이드,성분,2021-01-31,0.0
펩타이드,성분,2021-02-07,0.0
펩타이드,성분,2021-02-14,0.0
펩타이드,성분,2021-02-21,0.0
펩타이드,성분,2021-02-28,0.0
펩타이드,성분,2021-03-07,0.0
펩타이드,성분,2021-03-14,0.0
펩타이드,성분,2021-03-21,0.0
펩타이드,성분,2021-03-28,0.0
펩타이드,성분,2021-04-04,0.0
펩타이드,성분,2021-04-11,0.0
펩타이드,성분,2021-04-18,80.987654321
펩타이드,성분,2021-04-25,0.0
펩타이드,성분,2021-05-02,0.0
펩타이드,성분,2021-05-09,77.037037037
펩타이드,성분,2021-05-16,0.0
펩타이드,성분,2021-05-23,0.0
펩타이드,성분,2021-05-30,0.0
펩타이드,성분,2021-06-06,0.0
펩타이드,성분,2021-06-13,0.0
펩타이드,성분,2021-06-20,0.0
펩타이드,성분,2021-06-27,0.0
펩타이드,성분,2021-07-04,0.0
펩타이드,성분,2021-07-11,0.0
펩타이드,성분,2021-07-18,0.0
펩타이드,성분,2021-07-25,92.8395061728
펩타이드,성분,2021-08-01,0.0
펩타이드,성분,2021-08-08,0.0
펩타이드,성분,2021-08-15,0.0
펩타이드,성분,2021-08-22,0.0
펩타이드,성분,2021-08-29,0.0
펩타이드,성분,2021-09-05,0.0
펩타이드,성분,2021-09-12,106.6666666667
펩타이드,성분,2021-09-19,0.0
펩타이드,성분,2021-09-26,0.0
펩타이드,성분,2021-10-03,0.0
펩타이드,성분,2021-10-10,0.0
펩타이드,성분,2021-10-17,0.0
펩타이드,성분,2021-10-24,0.0
펩타이드,성분,2021-10-31,0.0
펩타이드,성분,2021-11-07,130.3703703704
펩타이드,성분,2021-11-14,0.0
펩타이드,성분,2021-11-21,0.0
펩타이드,성분,2021-11-28,0.0
펩타이드,성분,2021-12-05,0.0
펩타이드,성분,2021-12-12,0.0
펩타이드,성분,2021-12-19,0.0
펩타이드,성분,2021-12-26,0.0
펩타이드,성분,2022-01-02,0.0
펩타이드,성분,2022-01-09,0.0
펩타이드,성분,2022-01-16,0.0
펩타이드,성분,2022-01-23,146.1728395062
펩타이드,성분,2022-01-30,84.9382716049
펩타이드,성분,2022-02-06,0.0
펩타이드,성분,2022-02-13,0.0
펩타이드,성분,2022-02-20,88.8888888889
펩타이드,성분,2022-02-27,0.0
펩타이드,성분,2022-03-06,82.962962963
펩타이드,성분,2022-03-13,0.0
펩타이드,성분,2022-03-20,0.0
펩타이드,성분,2022-03-27,94.8148148148
펩타이드,성분,2022-04-03,75.0617283951
펩타이드,성분,2022-04-10,61.2345679012
펩타이드,성분,2022-04-17,0.0
펩타이드,성분,2022-04-24,0.0
펩타이드,성분,2022-05-01,79.012345679
펩타이드,성분,2022-05-08,98.7654320988
펩타이드,성분,2022-05-15,0.0
펩타이드,성분,2022-05-22,0.0
펩타이드,성분,2022-05-29,0.0
펩타이드,성분,2022-06-05,0.0
펩타이드,성분,2022-06-12,124.4444444444
펩타이드,성분,2022-06-19,136.2962962963
펩타이드,성분,2022-06-26,142.2222222222
펩타이드,성분,2022-07-03,0.0
펩타이드,성분,2022-07-10,86.9135802469
펩타이드,성분,2022-07-17,80.987654321
펩타이드,성분,2022-07-24,80.987654321
펩타이드,성분,2022-07-31,140.2469135802
펩타이드,성분,2022-08-07,104.6913580247
펩타이드,성분,2022-08-14,0.0
펩타이드,성분,2022-08-21,126.4197530864
펩타이드,성분,2022-08-28,69.1358024691
펩타이드,성분,2022-09-04,69.1358024691
펩타이드,성분,2022-09-11,92.8395061728
펩타이드,성분,2022-09-18,112.5925925926
펩타이드,성분,2022-09-25,110.6172839506
펩타이드,성분,2022-10-02,0.0
펩타이드,성분,2022-10-09,67.1604938272
펩타이드,성분,2022-10-16,79.012345679
펩타이드,성분,2022-10-23,67.1604938272
펩타이드,성분,2022-10-30,112.5925925926
펩타이드,성분,2022-11-06,126.4197530864
펩타이드,성분,2022-11-13,88.8888888889
펩타이드,성분,2022-11-20,136.2962962963
펩타이드,성분,2022-11-27,114.5679012346
펩타이드,성분,2022-12-04,110.6172839506
펩타이드,성분,2022-12-11,0.0
펩타이드,성분,2022-12-18,0.0
펩타이드,성분,2022-12-25,150.1234567901
펩타이드,성분,2023-01-01,113.226182157
펩타이드,성분,2023-01-08,169.8392732355
펩타이드,성분,2023-01-15,169.8392732355
펩타이드,성분,2023-01-22,150.968242876
펩타이드,성분,2023-01-29,150.968242876
펩타이드,성분,2023-02-05,132.0972125165
펩타이드,성분,2023-02-12,132.0972125165
펩타이드,성분,2023-02-19,113.226182157
펩타이드,성분,2023-02-26,113.226182157
펩타이드,성분,2023-03-05,113.226182157
펩타이드,성분,2023-03-12,94.3551517975
펩타이드,성분,2023-03-19,94.3551517975
펩타이드,성분,2023-03-26,132.0972125165
펩타이드,성분,2023-04-02,113.226182157
펩타이드,성분,2023-04-09,188.710303595
펩타이드,성분,2023-04-16,94.3551517975
펩타이드,성분,2023-04-23,113.226182157
펩타이드,성분,2023-04-30,113.226182157
펩타이드,성분,2023-05-07,0.0
펩타이드,성분,2023-05-14,132.0972125165
펩타이드,성분,2023-05-21,75.484121438
펩타이드,성분,2023-05-28,75.484121438
펩타이드,성분,2023-06-04,132.0972125165
펩타이드,성분,2023-06-11,75.484121438
펩타이드,성분,2023-06-18,94.3551517975
펩타이드,성분,2023-06-25,113.226182157
펩타이드,성분,2023-07-02,94.3551517975
펩타이드,성분,2023-07-09,0.0
펩타이드,성분,2023-07-16,94.3551517975
펩타이드,성분,2023-07-23,0.0
펩타이드,성분,2023-07-30,113.226182157
펩타이드,성분,2023-08-06,188.710303595
펩타이드,성분,2023-08-13,75.484121438
펩타이드,성분,2023-08-20,0.0
펩타이드,성분,2023-08-27,113.226182157
펩타이드,성분,2023-09-03,150.968242876
펩타이드,성분,2023-09-10,169.8392732355
펩타이드,성분,2023-09-17,132.0972125165
펩타이드,성분,2023-09-24,113.226182157
펩타이드,성분,2023-10-01,150.968242876
펩타이드,성분,2023-10-08,113.226182157
펩타이드,성분,2023-10-15,113.226182157
펩타이드,성분,2023-10-22,113.226182157
펩타이드,성분,2023-10-29,94.3551517975
펩타이드,성분,2023-11-05,150.968242876
펩타이드,성분,2023-11-12,169.8392732355
펩타이드,성분,2023-11-19,150.968242876
펩타이드,성분,2023-11-26,113.226182157
펩타이드,성분,2023-12-03,169.8392732355
펩타이드,성분,2023-12-10,113.226182157
펩타이드,성분,2023-12-17,150.968242876
펩타이드,성분,2023-12-24,169.8392732355
펩타이드,성분,2023-12-31,264.194425033
펩타이드,성분,2024-01-07,207.5813339545
펩타이드,성분,2024-01-14,207.5813339545
펩타이드,성분,2024-01-21,150.968242876
펩타이드,성분,2024-01-28,113.226182157
펩타이드,성분,2024-02-04,0.0
펩타이드,성분,2024-02-11,207.5813339545
펩타이드,성분,2024-02-18,132.0972125165
펩타이드,성분,2024-02-25,188.710303595
펩타이드,성분,2024-03-03,150.968242876
펩타이드,성분,2024-03-10,188.710303595
펩타이드,성분,2024-03-17,150.968242876
펩타이드,성분,2024-03-24,207.5813339545
펩타이드,성분,2024-03-31,169.8392732355
펩타이드,성분,2024-04-07,94.3551517975
펩타이드,성분,2024-04-14,132.0972125165
펩타이드,성분,2024-04-21,75.484121438
펩타이드,성분,2024-04-28,150.968242876
펩타이드,성분,2024-05-05,113.226182157
펩타이드,성분,2024-05-12,113.226182157
펩타이드,성분,2024-05-19,113.226182157
펩타이드,성분,2024-05-26,113.226182157
펩타이드,성분,2024-06-02,132.0972125165
펩타이드,성분,2024-06-09,113.226182157
펩타이드,성분,2024-06-16,75.484121438
펩타이드,성분,2024-06-23,150.968242876
펩타이드,성분,2024-06-30,113.226182157
펩타이드,성분,2024-07-07,0.0
펩타이드,성분,2024-07-14,169.8392732355
펩타이드,성분,2024-07-21,0.0
펩타이드,성분,2024-07-28,150.968242876
펩타이드,성분,2024-08-04,169.8392732355
펩타이드,성분,2024-08-11,150.968242876
펩타이드,성분,2024-08-18,207.5813339545
펩타이드,성분,2024-08-25,132.0972125165
펩타이드,성분,2024-09-01,150.968242876
펩타이드,성분,2024-09-08,94.3551517975
펩타이드,성분,2024-09-15,75.484121438
펩타이드,성분,2024-09-22,132.0972125165
펩타이드,성분,2024-09-29,113.226182157
펩타이드,성분,2024-10-06,150.968242876
펩타이드,성분,2024-10-13,188.710303595
펩타이드,성분,2024-10-20,188.710303595
펩타이드,성분,2024-10-27,113.226182157
펩타이드,성분,2024-11-03,150.968242876
펩타이드,성분,2024-11-10,188.710303595
펩타이드,성분,2024-11-17,226.452364314
펩타이드,성분,2024-11-24,245.3233946735
펩타이드,성분,2024-12-01,132.0972125165
펩타이드,성분,2024-12-08,0.0
펩타이드,성분,2024-12-15,150.968242876
펩타이드,성분,2024-12-22,207.5813339545
펩타이드,성분,2024-12-29,169.8392732355
펩타이드,성분,2025-01-05,207.5813339545
펩타이드,성분,2025-01-12,188.710303595
펩타이드,성분,2025-01-19,188.710303595
펩타이드,성분,2025-01-26,150.968242876
펩타이드,성분,2025-02-02,188.710303595
펩타이드,성분,2025-02-09,150.968242876
펩타이드,성분,2025-02-16,150.968242876
펩타이드,성분,2025-02-23,150.968242876
펩타이드,성분,2025-03-02,169.8392732355
펩타이드,성분,2025-03-09,150.968242876
펩타이드,성분,2025-03-16,188.710303595
펩타이드,성분,2025-03-23,188.710303595
펩타이드,성분,2025-03-30,226.452364314
펩타이드,성분,2025-04-06,113.226182157
펩타이드,성분,2025-04-13,132.0972125165
펩타이드,성분,2025-04-20,169.8392732355
펩타이드,성분,2025-04-27,188.710303595
펩타이드,성분,2025-05-04,132.0972125165
펩타이드,성분,2025-05-11,132.0972125165
펩타이드,성분,2025-05-18,113.226182157
펩타이드,성분,2025-05-25,150.968242876
펩타이드,성분,2025-06-01,169.8392732355
펩타이드,성분,2025-06-08,169.8392732355
펩타이드,성분,2025-06-15,245.3233946735
펩타이드,성분,2025-06-22,150.968242876
펩타이드,성분,2025-06-29,301.936485752
펩타이드,성분,2025-07-06,226.452364314
펩타이드,성분,2025-07-13,320.8075161115
펩타이드,성분,2025-07-20,226.452364314
펩타이드,성분,2025-07-27,415.162667909
펩타이드,성분,2025-08-03,283.0654553925
펩타이드,성분,2025-08-10,301.936485752
펩타이드,성분,2025-08-17,226.452364314
펩타이드,성분,2025-08-24,226.452364314
펩타이드,성분,2025-08-31,245.3233946735
펩타이드,성분,2025-09-07,132.0972125165
펩타이드,성분,2025-09-14,264.194425033
펩타이드,성분,2025-09-21,226.452364314
펩타이드,성분,2025-09-28,207.5813339545
펩타이드,성분,2025-10-05,245.3233946735
펩타이드,성분,2025-10-12,264.194425033
펩타이드,성분,2025-10-19,264.194425033
펩타이드,성분,2025-10-26,396.2916375495
펩타이드,성분,2025-11-02,471.7757589875
펩타이드,성분,2025-11-09,358.5495768305
펩타이드,성분,2025-11-16,396.2916375495
펩타이드,성분,2025-11-23,698.2281233015
펩타이드,성분,2025-11-30,905.809457256
펩타이드,성분,2025-12-07,792.583275099
펩타이드,성분,2025-12-14,547.2598804255
펩타이드,성분,2025-12-21,698.2281233015
펩타이드,성분,2025-12-28,868.067396537
펩타이드,성분,2026-01-04,792.583275099
펩타이드,성분,2026-01-11,679.357092942
펩타이드,성분,2026-01-18,754.84121438
펩타이드,성분,2026-01-25,868.067396537
펩타이드,성분,2026-02-01,698.2281233015
펩타이드,성분,2026-02-08,735.9701840205
펩타이드,성분,2026-02-15,698.2281233015
펩타이드,성분,2026-02-22,660.4860625825
펩타이드,성분,2026-03-01,1019.035639413
펩타이드,성분,2026-03-08,1188.8749126485
펩타이드,성분,2026-03-15,1056.777700132
펩타이드,성분,2026-03-22,1037.9066697725
펩타이드,성분,2026-03-29,1320.972125165
펩타이드,성분,2026-04-05,1887.10303595
펩타이드,성분,2026-04-12,1830.4899448715
펩타이드,성분,2026-04-19,1547.424489479
펩타이드,성분,2026-04-26,1037.9066697725
펩타이드,성분,2026-05-03,792.583275099
펩타이드,성분,2026-05-10,1377.5852162435
펩타이드,성분,2026-05-17,1471.940368041
펩타이드,성분,2026-05-24,1170.003882289
펩타이드,성분,2026-05-31,962.4225483345
펩타이드,성분,2026-06-07,1056.777700132
펩타이드,성분,2026-06-14,1000.1646090535
펩타이드,성분,2026-06-21,981.293578694
펩타이드,성분,2026-06-28,641.615032223
펩타이드,성분,2026-07-05,698.2281233015
펩타이드,성분,2026-07-12,434.0336982685
펩타이드,성분,2026-07-19,471.7757589875
펩타이드,성분,2026-07-26,452.904728628
펩타이드,성분,2026-08-02,415.162667909
펩타이드,성분,2026-08-09,301.936485752
펩타이드,성분,2026-08-16,339.678546471
펩타이드,성분,2026-08-23,339.678546471
펩타이드,성분,2026-08-30,301.936485752
펩타이드,성분,2026-09-06,358.5495768305
펩타이드,성분,2026-09-13,339.678546471
펩타이드,성분,2026-09-20,226.452364314
히알루론산,성분,2015-12-27,36.0
히알루론산,성분,2016-01-03,37.0
히알루론산,성분,2016-01-10,36.0
히알루론산,성분,2016-01-17,42.0
히알루론산,성분,2016-01-24,38.0
히알루론산,성분,2016-01-31,41.0
히알루론산,성분,2016-02-07,35.0
히알루론산,성분,2016-02-14,40.0
히알루론산,성분,2016-02-21,48.0
히알루론산,성분,2016-02-28,40.0
히알루론산,성분,2016-03-06,38.0
히알루론산,성분,2016-03-13,34.0
히알루론산,성분,2016-03-20,35.0
히알루론산,성분,2016-03-27,35.0
히알루론산,성분,2016-04-03,34.0
히알루론산,성분,2016-04-10,36.0
히알루론산,성분,2016-04-17,31.0
히알루론산,성분,2016-04-24,33.0
히알루론산,성분,2016-05-01,31.0
히알루론산,성분,2016-05-08,35.0
히알루론산,성분,2016-05-15,33.0
히알루론산,성분,2016-05-22,36.0
히알루론산,성분,2016-05-29,30.0
히알루론산,성분,2016-06-05,30.0
히알루론산,성분,2016-06-12,30.0
히알루론산,성분,2016-06-19,31.0
히알루론산,성분,2016-06-26,32.0
히알루론산,성분,2016-07-03,30.0
히알루론산,성분,2016-07-10,32.0
히알루론산,성분,2016-07-17,31.0
히알루론산,성분,2016-07-24,32.0
히알루론산,성분,2016-07-31,31.0
히알루론산,성분,2016-08-07,31.0
히알루론산,성분,2016-08-14,30.0
히알루론산,성분,2016-08-21,30.0
히알루론산,성분,2016-08-28,29.0
히알루론산,성분,2016-09-04,30.0
히알루론산,성분,2016-09-11,31.0
히알루론산,성분,2016-09-18,31.0
히알루론산,성분,2016-09-25,30.0
히알루론산,성분,2016-10-02,27.0
히알루론산,성분,2016-10-09,28.0
히알루론산,성분,2016-10-16,29.0
히알루론산,성분,2016-10-23,29.0
히알루론산,성분,2016-10-30,28.0
히알루론산,성분,2016-11-06,27.0
히알루론산,성분,2016-11-13,35.0
히알루론산,성분,2016-11-20,30.0
히알루론산,성분,2016-11-27,29.0
히알루론산,성분,2016-12-04,30.0
히알루론산,성분,2016-12-11,29.0
히알루론산,성분,2016-12-18,27.0
히알루론산,성분,2016-12-25,30.0
히알루론산,성분,2017-01-01,31.0
히알루론산,성분,2017-01-08,37.0
히알루론산,성분,2017-01-15,39.0
히알루론산,성분,2017-01-22,38.0
히알루론산,성분,2017-01-29,39.0
히알루론산,성분,2017-02-05,38.0
히알루론산,성분,2017-02-12,38.0
히알루론산,성분,2017-02-19,39.0
히알루론산,성분,2017-02-26,38.0
히알루론산,성분,2017-03-05,41.0
히알루론산,성분,2017-03-12,40.0
히알루론산,성분,2017-03-19,39.0
히알루론산,성분,2017-03-26,40.0
히알루론산,성분,2017-04-02,39.0
히알루론산,성분,2017-04-09,39.0
히알루론산,성분,2017-04-16,38.0
히알루론산,성분,2017-04-23,39.0
히알루론산,성분,2017-04-30,38.0
히알루론산,성분,2017-05-07,37.0
히알루론산,성분,2017-05-14,36.0
히알루론산,성분,2017-05-21,32.0
히알루론산,성분,2017-05-28,37.0
히알루론산,성분,2017-06-04,36.0
히알루론산,성분,2017-06-11,36.0
히알루론산,성분,2017-06-18,34.0
히알루론산,성분,2017-06-25,37.0
히알루론산,성분,2017-07-02,37.0
히알루론산,성분,2017-07-09,41.0
히알루론산,성분,2017-07-16,39.0
히알루론산,성분,2017-07-23,35.0
히알루론산,성분,2017-07-30,43.0
히알루론산,성분,2017-08-06,41.0
히알루론산,성분,2017-08-13,40.0
히알루론산,성분,2017-08-20,37.0
히알루론산,성분,2017-08-27,40.0
히알루론산,성분,2017-09-03,38.0
히알루론산,성분,2017-09-10,37.0
히알루론산,성분,2017-09-17,42.0
히알루론산,성분,2017-09-24,39.0
히알루론산,성분,2017-10-01,38.0
히알루론산,성분,2017-10-08,38.0
히알루론산,성분,2017-10-15,43.0
히알루론산,성분,2017-10-22,42.0
히알루론산,성분,2017-10-29,41.0
히알루론산,성분,2017-11-05,43.0
히알루론산,성분,2017-11-12,39.0
히알루론산,성분,2017-11-19,40.0
히알루론산,성분,2017-11-26,44.0
히알루론산,성분,2017-12-03,42.0
히알루론산,성분,2017-12-10,41.0
히알루론산,성분,2017-12-17,41.0
히알루론산,성분,2017-12-24,45.0
히알루론산,성분,2017-12-31,50.0
히알루론산,성분,2018-01-07,48.0
히알루론산,성분,2018-01-14,52.0
히알루론산,성분,2018-01-21,57.0
히알루론산,성분,2018-01-28,51.0
히알루론산,성분,2018-02-04,53.0
히알루론산,성분,2018-02-11,46.0
히알루론산,성분,2018-02-18,52.0
히알루론산,성분,2018-02-25,52.0
히알루론산,성분,2018-03-04,52.0
히알루론산,성분,2018-03-11,53.0
히알루론산,성분,2018-03-18,52.0
히알루론산,성분,2018-03-25,51.0
히알루론산,성분,2018-04-01,52.0
히알루론산,성분,2018-04-08,50.0
히알루론산,성분,2018-04-15,46.0
히알루론산,성분,2018-04-22,49.0
히알루론산,성분,2018-04-29,49.0
히알루론산,성분,2018-05-06,54.0
히알루론산,성분,2018-05-13,49.0
히알루론산,성분,2018-05-20,46.0
히알루론산,성분,2018-05-27,49.0
히알루론산,성분,2018-06-03,48.0
히알루론산,성분,2018-06-10,49.0
히알루론산,성분,2018-06-17,45.0
히알루론산,성분,2018-06-24,47.0
히알루론산,성분,2018-07-01,47.0
히알루론산,성분,2018-07-08,47.0
히알루론산,성분,2018-07-15,48.0
히알루론산,성분,2018-07-22,52.0
히알루론산,성분,2018-07-29,49.0
히알루론산,성분,2018-08-05,50.0
히알루론산,성분,2018-08-12,50.0
히알루론산,성분,2018-08-19,47.0
히알루론산,성분,2018-08-26,47.0
히알루론산,성분,2018-09-02,43.0
히알루론산,성분,2018-09-09,44.0
히알루론산,성분,2018-09-16,48.0
히알루론산,성분,2018-09-23,47.0
히알루론산,성분,2018-09-30,46.0
히알루론산,성분,2018-10-07,46.0
히알루론산,성분,2018-10-14,48.0
히알루론산,성분,2018-10-21,48.0
히알루론산,성분,2018-10-28,44.0
히알루론산,성분,2018-11-04,53.0
히알루론산,성분,2018-11-11,62.0
히알루론산,성분,2018-11-18,62.0
히알루론산,성분,2018-11-25,70.0
히알루론산,성분,2018-12-02,62.0
히알루론산,성분,2018-12-09,60.0
히알루론산,성분,2018-12-16,55.0
히알루론산,성분,2018-12-23,65.0
히알루론산,성분,2018-12-30,84.0
히알루론산,성분,2019-01-06,86.0
히알루론산,성분,2019-01-13,75.0
히알루론산,성분,2019-01-20,73.0
히알루론산,성분,2019-01-27,73.0
히알루론산,성분,2019-02-03,69.0
히알루론산,성분,2019-02-10,73.0
히알루론산,성분,2019-02-17,77.0
히알루론산,성분,2019-02-24,71.0
히알루론산,성분,2019-03-03,75.0
히알루론산,성분,2019-03-10,76.0
히알루론산,성분,2019-03-17,78.0
히알루론산,성분,2019-03-24,75.0
히알루론산,성분,2019-03-31,77.0
히알루론산,성분,2019-04-07,77.0
히알루론산,성분,2019-04-14,69.0
히알루론산,성분,2019-04-21,70.0
히알루론산,성분,2019-04-28,72.0
히알루론산,성분,2019-05-05,68.0
히알루론산,성분,2019-05-12,64.0
히알루론산,성분,2019-05-19,69.0
히알루론산,성분,2019-05-26,70.0
히알루론산,성분,2019-06-02,65.0
히알루론산,성분,2019-06-09,69.0
히알루론산,성분,2019-06-16,71.0
히알루론산,성분,2019-06-23,67.0
히알루론산,성분,2019-06-30,60.1203252033
히알루론산,성분,2019-07-07,63.2845528455
히알루론산,성분,2019-07-14,71.1951219512
히알루론산,성분,2019-07-21,75.9414634146
히알루론산,성분,2019-07-28,75.9414634146
히알루론산,성분,2019-08-04,77.5235772358
히알루론산,성분,2019-08-11,72.7772357724
히알루론산,성분,2019-08-18,75.9414634146
히알루론산,성분,2019-08-25,68.0308943089
히알루론산,성분,2019-09-01,61.7024390244
히알루론산,성분,2019-09-08,64.8666666667
히알루론산,성분,2019-09-15,68.0308943089
히알루론산,성분,2019-09-22,69.6130081301
히알루론산,성분,2019-09-29,66.4487804878
히알루론산,성분,2019-10-06,71.1951219512
히알루론산,성분,2019-10-13,69.6130081301
히알루론산,성분,2019-10-20,71.1951219512
히알루론산,성분,2019-10-27,68.0308943089
히알루론산,성분,2019-11-03,79.1056910569
히알루론산,성분,2019-11-10,74.3593495935
히알루론산,성분,2019-11-17,71.1951219512
히알루론산,성분,2019-11-24,68.0308943089
히알루론산,성분,2019-12-01,74.3593495935
히알루론산,성분,2019-12-08,72.7772357724
히알루론산,성분,2019-12-15,75.9414634146
히알루론산,성분,2019-12-22,79.1056910569
히알루론산,성분,2019-12-29,99.6731707317
히알루론산,성분,2020-01-05,101.2552845528
히알루론산,성분,2020-01-12,96.5089430894
히알루론산,성분,2020-01-19,101.2552845528
히알루론산,성분,2020-01-26,94.9268292683
히알루론산,성분,2020-02-02,90.1804878049
히알루론산,성분,2020-02-09,98.0910569106
히알루론산,성분,2020-02-16,96.5089430894
히알루론산,성분,2020-02-23,88.5983739837
히알루론산,성분,2020-03-01,85.4341463415
히알루론산,성분,2020-03-08,75.9414634146
히알루론산,성분,2020-03-15,58.5382113821
히알루론산,성분,2020-03-22,66.4487804878
히알루론산,성분,2020-03-29,72.7772357724
히알루론산,성분,2020-04-05,75.9414634146
히알루론산,성분,2020-04-12,87.0162601626
히알루론산,성분,2020-04-19,85.4341463415
히알루론산,성분,2020-04-26,96.5089430894
히알루론산,성분,2020-05-03,101.2552845528
히알루론산,성분,2020-05-10,101.2552845528
히알루론산,성분,2020-05-17,104.4195121951
히알루론산,성분,2020-05-24,99.6731707317
히알루론산,성분,2020-05-31,83.8520325203
히알루론산,성분,2020-06-07,104.4195121951
히알루론산,성분,2020-06-14,107.5837398374
히알루론산,성분,2020-06-21,110.7479674797
히알루론산,성분,2020-06-28,106.0016260163
히알루론산,성분,2020-07-05,101.2552845528
히알루론산,성분,2020-07-12,98.0910569106
히알루론산,성분,2020-07-19,99.6731707317
히알루론산,성분,2020-07-26,99.6731707317
히알루론산,성분,2020-08-02,107.5837398374
히알루론산,성분,2020-08-09,109.1658536585
히알루론산,성분,2020-08-16,96.5089430894
히알루론산,성분,2020-08-23,101.2552845528
히알루론산,성분,2020-08-30,94.9268292683
히알루론산,성분,2020-09-06,91.762601626
히알루론산,성분,2020-09-13,96.5089430894
히알루론산,성분,2020-09-20,93.3447154472
히알루론산,성분,2020-09-27,94.9268292683
히알루론산,성분,2020-10-04,98.0910569106
히알루론산,성분,2020-10-11,99.6731707317
히알루론산,성분,2020-10-18,99.6731707317
히알루론산,성분,2020-10-25,90.1804878049
히알루론산,성분,2020-11-01,75.9414634146
히알루론산,성분,2020-11-08,91.762601626
히알루론산,성분,2020-11-15,98.0910569106
히알루론산,성분,2020-11-22,96.5089430894
히알루론산,성분,2020-11-29,99.6731707317
히알루론산,성분,2020-12-06,101.2552845528
히알루론산,성분,2020-12-13,101.2552845528
히알루론산,성분,2020-12-20,102.837398374
히알루론산,성분,2020-12-27,134.4796747967
히알루론산,성분,2021-01-03,126.5691056911
히알루론산,성분,2021-01-10,120.2406504065
히알루론산,성분,2021-01-17,115.4943089431
히알루론산,성분,2021-01-24,124.9869918699
히알루론산,성분,2021-01-31,118.6585365854
히알루론산,성분,2021-02-07,128.1512195122
히알루론산,성분,2021-02-14,110.7479674797
히알루론산,성분,2021-02-21,128.1512195122
히알루론산,성분,2021-02-28,124.9869918699
히알루론산,성분,2021-03-07,120.2406504065
히알루론산,성분,2021-03-14,117.0764227642
히알루론산,성분,2021-03-21,123.4048780488
히알루론산,성분,2021-03-28,121.8227642276
히알루론산,성분,2021-04-04,121.8227642276
히알루론산,성분,2021-04-11,118.6585365854
히알루론산,성분,2021-04-18,129.7333333333
히알루론산,성분,2021-04-25,110.7479674797
히알루론산,성분,2021-05-02,110.7479674797
히알루론산,성분,2021-05-09,109.1658536585
히알루론산,성분,2021-05-16,104.4195121951
히알루론산,성분,2021-05-23,102.837398374
히알루론산,성분,2021-05-30,107.5837398374
히알루론산,성분,2021-06-06,93.3447154472
히알루론산,성분,2021-06-13,99.6731707317
히알루론산,성분,2021-06-20,98.0910569106
히알루론산,성분,2021-06-27,96.5089430894
히알루론산,성분,2021-07-04,99.6731707317
히알루론산,성분,2021-07-11,106.0016260163
히알루론산,성분,2021-07-18,96.5089430894
히알루론산,성분,2021-07-25,98.0910569106
히알루론산,성분,2021-08-01,93.3447154472
히알루론산,성분,2021-08-08,94.9268292683
히알루론산,성분,2021-08-15,96.5089430894
히알루론산,성분,2021-08-22,93.3447154472
히알루론산,성분,2021-08-29,93.3447154472
히알루론산,성분,2021-09-05,112.3300813008
히알루론산,성분,2021-09-12,107.5837398374
히알루론산,성분,2021-09-19,104.4195121951
히알루론산,성분,2021-09-26,99.6731707317
히알루론산,성분,2021-10-03,99.6731707317
히알루론산,성분,2021-10-10,99.6731707317
히알루론산,성분,2021-10-17,98.0910569106
히알루론산,성분,2021-10-24,99.6731707317
히알루론산,성분,2021-10-31,93.3447154472
히알루론산,성분,2021-11-07,110.7479674797
히알루론산,성분,2021-11-14,99.6731707317
히알루론산,성분,2021-11-21,102.837398374
히알루론산,성분,2021-11-28,107.5837398374
히알루론산,성분,2021-12-05,98.0910569106
히알루론산,성분,2021-12-12,93.3447154472
히알루론산,성분,2021-12-19,96.5089430894
히알루론산,성분,2021-12-26,113.912195122
히알루론산,성분,2022-01-02,124.9869918699
히알루론산,성분,2022-01-09,129.7333333333
히알루론산,성분,2022-01-16,118.6585365854
히알루론산,성분,2022-01-23,124.9869918699
히알루론산,성분,2022-01-30,128.1512195122
히알루론산,성분,2022-02-06,136.0617886179
히알루론산,성분,2022-02-13,115.4943089431
히알루론산,성분,2022-02-20,131.3154471545
히알루론산,성분,2022-02-27,121.8227642276
히알루론산,성분,2022-03-06,123.4048780488
히알루론산,성분,2022-03-13,121.8227642276
히알루론산,성분,2022-03-20,118.6585365854
히알루론산,성분,2022-03-27,121.8227642276
히알루론산,성분,2022-04-03,113.912195122
히알루론산,성분,2022-04-10,117.0764227642
히알루론산,성분,2022-04-17,117.0764227642
히알루론산,성분,2022-04-24,112.3300813008
히알루론산,성분,2022-05-01,106.0016260163
히알루론산,성분,2022-05-08,104.4195121951
히알루론산,성분,2022-05-15,109.1658536585
히알루론산,성분,2022-05-22,101.2552845528
히알루론산,성분,2022-05-29,104.4195121951
히알루론산,성분,2022-06-05,104.4195121951
히알루론산,성분,2022-06-12,104.4195121951
히알루론산,성분,2022-06-19,117.0764227642
히알루론산,성분,2022-06-26,106.0016260163
히알루론산,성분,2022-07-03,101.2552845528
히알루론산,성분,2022-07-10,117.0764227642
히알루론산,성분,2022-07-17,107.5837398374
히알루론산,성분,2022-07-24,109.1658536585
히알루론산,성분,2022-07-31,117.0764227642
히알루론산,성분,2022-08-07,115.4943089431
히알루론산,성분,2022-08-14,128.1512195122
히알루론산,성분,2022-08-21,118.6585365854
히알루론산,성분,2022-08-28,107.5837398374
히알루론산,성분,2022-09-04,104.4195121951
히알루론산,성분,2022-09-11,115.4943089431
히알루론산,성분,2022-09-18,102.837398374
히알루론산,성분,2022-09-25,109.1658536585
히알루론산,성분,2022-10-02,117.0764227642
히알루론산,성분,2022-10-09,107.5837398374
히알루론산,성분,2022-10-16,107.5837398374
히알루론산,성분,2022-10-23,109.1658536585
히알루론산,성분,2022-10-30,110.7479674797
히알루론산,성분,2022-11-06,110.7479674797
히알루론산,성분,2022-11-13,117.0764227642
히알루론산,성분,2022-11-20,118.6585365854
히알루론산,성분,2022-11-27,118.6585365854
히알루론산,성분,2022-12-04,113.912195122
히알루론산,성분,2022-12-11,109.1658536585
히알루론산,성분,2022-12-18,126.5691056911
히알루론산,성분,2022-12-25,158.2113821138
히알루론산,성분,2023-01-01,138.7368602961
히알루론산,성분,2023-01-08,144.5175628085
히알루론산,성분,2023-01-15,138.7368602961
히알루론산,성분,2023-01-22,144.5175628085
히알루론산,성분,2023-01-29,144.5175628085
히알루론산,성분,2023-02-05,144.5175628085
히알루론산,성분,2023-02-12,138.7368602961
히알루론산,성분,2023-02-19,156.0789678332
히알루론산,성분,2023-02-26,138.7368602961
히알루론산,성분,2023-03-05,144.5175628085
히알루론산,성분,2023-03-12,138.7368602961
히알루론산,성분,2023-03-19,144.5175628085
히알루론산,성분,2023-03-26,132.9561577838
히알루론산,성분,2023-04-02,127.1754552715
히알루론산,성분,2023-04-09,144.5175628085
히알루론산,성분,2023-04-16,144.5175628085
히알루론산,성분,2023-04-23,138.7368602961
히알루론산,성분,2023-04-30,127.1754552715
히알루론산,성분,2023-05-07,132.9561577838
히알루론산,성분,2023-05-14,138.7368602961
히알루론산,성분,2023-05-21,127.1754552715
히알루론산,성분,2023-05-28,115.6140502468
히알루론산,성분,2023-06-04,132.9561577838
히알루론산,성분,2023-06-11,132.9561577838
히알루론산,성분,2023-06-18,138.7368602961
히알루론산,성분,2023-06-25,138.7368602961
히알루론산,성분,2023-07-02,144.5175628085
히알루론산,성분,2023-07-09,150.2982653208
히알루론산,성분,2023-07-16,144.5175628085
히알루론산,성분,2023-07-23,127.1754552715
히알루론산,성분,2023-07-30,138.7368602961
히알루론산,성분,2023-08-06,138.7368602961
히알루론산,성분,2023-08-13,132.9561577838
히알루론산,성분,2023-08-20,127.1754552715
히알루론산,성분,2023-08-27,121.3947527591
히알루론산,성분,2023-09-03,132.9561577838
히알루론산,성분,2023-09-10,138.7368602961
히알루론산,성분,2023-09-17,127.1754552715
히알루론산,성분,2023-09-24,127.1754552715
히알루론산,성분,2023-10-01,127.1754552715
히알루론산,성분,2023-10-08,127.1754552715
히알루론산,성분,2023-10-15,132.9561577838
히알루론산,성분,2023-10-22,121.3947527591
히알루론산,성분,2023-10-29,115.6140502468
히알루론산,성분,2023-11-05,127.1754552715
히알루론산,성분,2023-11-12,138.7368602961
히알루론산,성분,2023-11-19,144.5175628085
히알루론산,성분,2023-11-26,144.5175628085
히알루론산,성분,2023-12-03,132.9561577838
히알루론산,성분,2023-12-10,132.9561577838
히알루론산,성분,2023-12-17,138.7368602961
히알루론산,성분,2023-12-24,167.6403728578
히알루론산,성분,2023-12-31,173.4210753702
히알루론산,성분,2024-01-07,156.0789678332
히알루론산,성분,2024-01-14,156.0789678332
히알루론산,성분,2024-01-21,161.8596703455
히알루론산,성분,2024-01-28,144.5175628085
히알루론산,성분,2024-02-04,138.7368602961
히알루론산,성분,2024-02-11,132.9561577838
히알루론산,성분,2024-02-18,190.7631829072
히알루론산,성분,2024-02-25,156.0789678332
히알루론산,성분,2024-03-03,138.7368602961
히알루론산,성분,2024-03-10,144.5175628085
히알루론산,성분,2024-03-17,150.2982653208
히알루론산,성분,2024-03-24,150.2982653208
히알루론산,성분,2024-03-31,138.7368602961
히알루론산,성분,2024-04-07,138.7368602961
히알루론산,성분,2024-04-14,138.7368602961
히알루론산,성분,2024-04-21,138.7368602961
히알루론산,성분,2024-04-28,132.9561577838
히알루론산,성분,2024-05-05,127.1754552715
히알루론산,성분,2024-05-12,127.1754552715
히알루론산,성분,2024-05-19,127.1754552715
히알루론산,성분,2024-05-26,132.9561577838
히알루론산,성분,2024-06-02,121.3947527591
히알루론산,성분,2024-06-09,121.3947527591
히알루론산,성분,2024-06-16,121.3947527591
히알루론산,성분,2024-06-23,127.1754552715
히알루론산,성분,2024-06-30,132.9561577838
히알루론산,성분,2024-07-07,127.1754552715
히알루론산,성분,2024-07-14,127.1754552715
히알루론산,성분,2024-07-21,121.3947527591
히알루론산,성분,2024-07-28,127.1754552715
히알루론산,성분,2024-08-04,121.3947527591
히알루론산,성분,2024-08-11,121.3947527591
히알루론산,성분,2024-08-18,127.1754552715
히알루론산,성분,2024-08-25,109.8333477344
히알루론산,성분,2024-09-01,109.8333477344
히알루론산,성분,2024-09-08,104.0526452221
히알루론산,성분,2024-09-15,104.0526452221
히알루론산,성분,2024-09-22,109.8333477344
히알루론산,성분,2024-09-29,109.8333477344
히알루론산,성분,2024-10-06,104.0526452221
히알루론산,성분,2024-10-13,115.6140502468
히알루론산,성분,2024-10-20,109.8333477344
히알루론산,성분,2024-10-27,115.6140502468
히알루론산,성분,2024-11-03,109.8333477344
히알루론산,성분,2024-11-10,121.3947527591
히알루론산,성분,2024-11-17,121.3947527591
히알루론산,성분,2024-11-24,132.9561577838
히알루론산,성분,2024-12-01,132.9561577838
히알루론산,성분,2024-12-08,127.1754552715
히알루론산,성분,2024-12-15,132.9561577838
히알루론산,성분,2024-12-22,144.5175628085
히알루론산,성분,2024-12-29,173.4210753702
히알루론산,성분,2025-01-05,150.2982653208
히알루론산,성분,2025-01-12,138.7368602961
히알루론산,성분,2025-01-19,144.5175628085
히알루론산,성분,2025-01-26,132.9561577838
히알루론산,성분,2025-02-02,132.9561577838
히알루론산,성분,2025-02-09,132.9561577838
히알루론산,성분,2025-02-16,156.0789678332
히알루론산,성분,2025-02-23,144.5175628085
히알루론산,성분,2025-03-02,156.0789678332
히알루론산,성분,2025-03-09,138.7368602961
히알루론산,성분,2025-03-16,138.7368602961
히알루론산,성분,2025-03-23,144.5175628085
히알루론산,성분,2025-03-30,144.5175628085
히알루론산,성분,2025-04-06,144.5175628085
히알루론산,성분,2025-04-13,138.7368602961
히알루론산,성분,2025-04-20,138.7368602961
히알루론산,성분,2025-04-27,132.9561577838
히알루론산,성분,2025-05-04,132.9561577838
히알루론산,성분,2025-05-11,127.1754552715
히알루론산,성분,2025-05-18,127.1754552715
히알루론산,성분,2025-05-25,127.1754552715
히알루론산,성분,2025-06-01,127.1754552715
히알루론산,성분,2025-06-08,127.1754552715
히알루론산,성분,2025-06-15,127.1754552715
히알루론산,성분,2025-06-22,132.9561577838
히알루론산,성분,2025-06-29,127.1754552715
히알루론산,성분,2025-07-06,138.7368602961
히알루론산,성분,2025-07-13,138.7368602961
히알루론산,성분,2025-07-20,161.8596703455
히알루론산,성분,2025-07-27,196.5438854195
히알루론산,성분,2025-08-03,144.5175628085
히알루론산,성분,2025-08-10,132.9561577838
히알루론산,성분,2025-08-17,127.1754552715
히알루론산,성분,2025-08-24,115.6140502468
히알루론산,성분,2025-08-31,121.3947527591
히알루론산,성분,2025-09-07,104.0526452221
히알루론산,성분,2025-09-14,115.6140502468
히알루론산,성분,2025-09-21,109.8333477344
히알루론산,성분,2025-09-28,115.6140502468
히알루론산,성분,2025-10-05,121.3947527591
히알루론산,성분,2025-10-12,115.6140502468
히알루론산,성분,2025-10-19,115.6140502468
히알루론산,성분,2025-10-26,138.7368602961
히알루론산,성분,2025-11-02,156.0789678332
히알루론산,성분,2025-11-09,150.2982653208
히알루론산,성분,2025-11-16,161.8596703455
히알루론산,성분,2025-11-23,167.6403728578
히알루론산,성분,2025-11-30,167.6403728578
히알루론산,성분,2025-12-07,184.9824803949
히알루론산,성분,2025-12-14,150.2982653208
히알루론산,성분,2025-12-21,161.8596703455
히알루론산,성분,2025-12-28,190.7631829072
히알루론산,성분,2026-01-04,173.4210753702
히알루론산,성분,2026-01-11,167.6403728578
히알루론산,성분,2026-01-18,184.9824803949
히알루론산,성분,2026-01-25,202.3245879319
히알루론산,성분,2026-02-01,237.0088030059
히알루론산,성분,2026-02-08,202.3245879319
히알루론산,성분,2026-02-15,208.1052904442
히알루론산,성분,2026-02-22,196.5438854195
히알루론산,성분,2026-03-01,196.5438854195
히알루론산,성분,2026-03-08,225.4473979812
히알루론산,성분,2026-03-15,254.3509105429
히알루론산,성분,2026-03-22,300.5965306416
히알루론산,성분,2026-03-29,421.9912834008
히알루론산,성분,2026-04-05,537.6053336475
히알루론산,성분,2026-04-12,578.0702512339
히알루론산,성분,2026-04-19,445.1140934501
히알루론산,성분,2026-04-26,317.9386381787
히알루론산,성분,2026-05-03,294.8158281293
히알루론산,성분,2026-05-10,381.5263658144
히알루론산,성분,2026-05-17,387.3070683267
히알루론산,성분,2026-05-24,294.8158281293
히알루론산,성분,2026-05-31,300.5965306416
히알루론산,성분,2026-06-07,346.8421507403
히알루론산,성분,2026-06-14,317.9386381787
히알루론산,성분,2026-06-21,341.061448228
히알루론산,성분,2026-06-28,231.2281004936
히알루론산,성분,2026-07-05,208.1052904442
히알루론산,성분,2026-07-12,173.4210753702
히알루론산,성분,2026-07-19,167.6403728578
히알루론산,성분,2026-07-26,138.7368602961
히알루론산,성분,2026-08-02,138.7368602961
히알루론산,성분,2026-08-09,138.7368602961
히알루론산,성분,2026-08-16,127.1754552715
히알루론산,성분,2026-08-23,127.1754552715
히알루론산,성분,2026-08-30,132.9561577838
히알루론산,성분,2026-09-06,127.1754552715
히알루론산,성분,2026-09-13,121.3947527591
히알루론산,성분,2026-09-20,115.6140502468
세라마이드,성분,2015-12-27,46.0
세라마이드,성분,2016-01-03,47.0
세라마이드,성분,2016-01-10,44.0
세라마이드,성분,2016-01-17,43.0
세라마이드,성분,2016-01-24,48.0
세라마이드,성분,2016-01-31,44.0
세라마이드,성분,2016-02-07,39.0
세라마이드,성분,2016-02-14,40.0
세라마이드,성분,2016-02-21,43.0
세라마이드,성분,2016-02-28,41.0
세라마이드,성분,2016-03-06,50.0
세라마이드,성분,2016-03-13,33.0
세라마이드,성분,2016-03-20,46.0
세라마이드,성분,2016-03-27,43.0
세라마이드,성분,2016-04-03,39.0
세라마이드,성분,2016-04-10,45.0
세라마이드,성분,2016-04-17,36.0
세라마이드,성분,2016-04-24,41.0
세라마이드,성분,2016-05-01,45.0
세라마이드,성분,2016-05-08,40.0
세라마이드,성분,2016-05-15,38.0
세라마이드,성분,2016-05-22,43.0
세라마이드,성분,2016-05-29,29.0
세라마이드,성분,2016-06-05,36.0
세라마이드,성분,2016-06-12,47.0
세라마이드,성분,2016-06-19,38.0
세라마이드,성분,2016-06-26,31.0
세라마이드,성분,2016-07-03,30.0
세라마이드,성분,2016-07-10,34.0
세라마이드,성분,2016-07-17,40.0
세라마이드,성분,2016-07-24,33.0
세라마이드,성분,2016-07-31,35.0
세라마이드,성분,2016-08-07,23.0
세라마이드,성분,2016-08-14,28.0
세라마이드,성분,2016-08-21,35.0
세라마이드,성분,2016-08-28,29.0
세라마이드,성분,2016-09-04,38.0
세라마이드,성분,2016-09-11,32.0
세라마이드,성분,2016-09-18,45.0
세라마이드,성분,2016-09-25,41.0
세라마이드,성분,2016-10-02,42.0
세라마이드,성분,2016-10-09,43.0
세라마이드,성분,2016-10-16,47.0
세라마이드,성분,2016-10-23,45.0
세라마이드,성분,2016-10-30,48.0
세라마이드,성분,2016-11-06,41.0
세라마이드,성분,2016-11-13,47.0
세라마이드,성분,2016-11-20,45.0
세라마이드,성분,2016-11-27,49.0
세라마이드,성분,2016-12-04,47.0
세라마이드,성분,2016-12-11,49.0
세라마이드,성분,2016-12-18,42.0
세라마이드,성분,2016-12-25,54.0
세라마이드,성분,2017-01-01,38.0
세라마이드,성분,2017-01-08,53.0
세라마이드,성분,2017-01-15,49.0
세라마이드,성분,2017-01-22,52.0
세라마이드,성분,2017-01-29,50.0
세라마이드,성분,2017-02-05,46.0
세라마이드,성분,2017-02-12,47.0
세라마이드,성분,2017-02-19,55.0
세라마이드,성분,2017-02-26,50.0
세라마이드,성분,2017-03-05,48.0
세라마이드,성분,2017-03-12,60.0
세라마이드,성분,2017-03-19,51.0
세라마이드,성분,2017-03-26,55.0
세라마이드,성분,2017-04-02,58.0
세라마이드,성분,2017-04-09,55.0
세라마이드,성분,2017-04-16,49.0
세라마이드,성분,2017-04-23,54.0
세라마이드,성분,2017-04-30,45.0
세라마이드,성분,2017-05-07,50.0
세라마이드,성분,2017-05-14,34.0
세라마이드,성분,2017-05-21,44.0
세라마이드,성분,2017-05-28,41.0
세라마이드,성분,2017-06-04,37.0
세라마이드,성분,2017-06-11,42.0
세라마이드,성분,2017-06-18,43.0
세라마이드,성분,2017-06-25,46.0
세라마이드,성분,2017-07-02,42.0
세라마이드,성분,2017-07-09,51.0
세라마이드,성분,2017-07-16,44.0
세라마이드,성분,2017-07-23,41.0
세라마이드,성분,2017-07-30,47.0
세라마이드,성분,2017-08-06,41.0
세라마이드,성분,2017-08-13,39.0
세라마이드,성분,2017-08-20,37.0
세라마이드,성분,2017-08-27,35.0
세라마이드,성분,2017-09-03,49.0
세라마이드,성분,2017-09-10,48.0
세라마이드,성분,2017-09-17,45.0
세라마이드,성분,2017-09-24,49.0
세라마이드,성분,2017-10-01,48.0
세라마이드,성분,2017-10-08,48.0
세라마이드,성분,2017-10-15,61.0
세라마이드,성분,2017-10-22,61.0
세라마이드,성분,2017-10-29,43.0
세라마이드,성분,2017-11-05,53.0
세라마이드,성분,2017-11-12,58.0
세라마이드,성분,2017-11-19,60.0
세라마이드,성분,2017-11-26,59.0
세라마이드,성분,2017-12-03,54.0
세라마이드,성분,2017-12-10,58.0
세라마이드,성분,2017-12-17,51.0
세라마이드,성분,2017-12-24,61.0
세라마이드,성분,2017-12-31,60.0
세라마이드,성분,2018-01-07,57.0
세라마이드,성분,2018-01-14,57.0
세라마이드,성분,2018-01-21,50.0
세라마이드,성분,2018-01-28,57.0
세라마이드,성분,2018-02-04,56.0
세라마이드,성분,2018-02-11,56.0
세라마이드,성분,2018-02-18,58.0
세라마이드,성분,2018-02-25,92.0
세라마이드,성분,2018-03-04,100.0
세라마이드,성분,2018-03-11,64.0
세라마이드,성분,2018-03-18,68.0
세라마이드,성분,2018-03-25,54.0
세라마이드,성분,2018-04-01,53.0
세라마이드,성분,2018-04-08,50.0
세라마이드,성분,2018-04-15,49.0
세라마이드,성분,2018-04-22,48.0
세라마이드,성분,2018-04-29,54.0
세라마이드,성분,2018-05-06,50.0
세라마이드,성분,2018-05-13,48.0
세라마이드,성분,2018-05-20,43.0
세라마이드,성분,2018-05-27,52.0
세라마이드,성분,2018-06-03,42.0
세라마이드,성분,2018-06-10,45.0
세라마이드,성분,2018-06-17,45.0
세라마이드,성분,2018-06-24,47.0
세라마이드,성분,2018-07-01,46.0
세라마이드,성분,2018-07-08,53.0
세라마이드,성분,2018-07-15,51.0
세라마이드,성분,2018-07-22,51.0
세라마이드,성분,2018-07-29,45.0
세라마이드,성분,2018-08-05,59.0
세라마이드,성분,2018-08-12,50.0
세라마이드,성분,2018-08-19,54.0
세라마이드,성분,2018-08-26,50.0
세라마이드,성분,2018-09-02,46.0
세라마이드,성분,2018-09-09,33.0
세라마이드,성분,2018-09-16,49.0
세라마이드,성분,2018-09-23,53.0
세라마이드,성분,2018-09-30,51.0
세라마이드,성분,2018-10-07,48.0
세라마이드,성분,2018-10-14,56.0
세라마이드,성분,2018-10-21,51.0
세라마이드,성분,2018-10-28,57.0
세라마이드,성분,2018-11-04,71.0
세라마이드,성분,2018-11-11,69.0
세라마이드,성분,2018-11-18,52.0
세라마이드,성분,2018-11-25,66.0
세라마이드,성분,2018-12-02,69.0
세라마이드,성분,2018-12-09,51.0
세라마이드,성분,2018-12-16,59.0
세라마이드,성분,2018-12-23,59.0
세라마이드,성분,2018-12-30,66.0
세라마이드,성분,2019-01-06,68.0
세라마이드,성분,2019-01-13,64.0
세라마이드,성분,2019-01-20,61.0
세라마이드,성분,2019-01-27,67.0
세라마이드,성분,2019-02-03,58.0
세라마이드,성분,2019-02-10,57.0
세라마이드,성분,2019-02-17,62.0
세라마이드,성분,2019-02-24,68.0
세라마이드,성분,2019-03-03,60.0
세라마이드,성분,2019-03-10,76.0
세라마이드,성분,2019-03-17,66.0
세라마이드,성분,2019-03-24,65.0
세라마이드,성분,2019-03-31,60.0
세라마이드,성분,2019-04-07,56.0
세라마이드,성분,2019-04-14,54.0
세라마이드,성분,2019-04-21,54.0
세라마이드,성분,2019-04-28,50.0
세라마이드,성분,2019-05-05,48.0
세라마이드,성분,2019-05-12,60.0
세라마이드,성분,2019-05-19,59.0
세라마이드,성분,2019-05-26,52.0
세라마이드,성분,2019-06-02,54.0
세라마이드,성분,2019-06-09,57.0
세라마이드,성분,2019-06-16,52.0
세라마이드,성분,2019-06-23,59.0
세라마이드,성분,2019-06-30,51.5594149909
세라마이드,성분,2019-07-07,54.592321755
세라마이드,성분,2019-07-14,59.1416819013
세라마이드,성분,2019-07-21,45.4936014625
세라마이드,성분,2019-07-28,71.273308958
세라마이드,성분,2019-08-04,51.5594149909
세라마이드,성분,2019-08-11,54.592321755
세라마이드,성분,2019-08-18,51.5594149909
세라마이드,성분,2019-08-25,56.1087751371
세라마이드,성분,2019-09-01,42.4606946984
세라마이드,성분,2019-09-08,53.0758683729
세라마이드,성분,2019-09-15,80.3720292505
세라마이드,성분,2019-09-22,65.2074954296
세라마이드,성분,2019-09-29,68.2404021938
세라마이드,성분,2019-10-06,63.6910420475
세라마이드,성분,2019-10-13,72.78976234
세라마이드,성분,2019-10-20,72.78976234
세라마이드,성분,2019-10-27,56.1087751371
세라마이드,성분,2019-11-03,66.7239488117
세라마이드,성분,2019-11-10,69.7568555759
세라마이드,성분,2019-11-17,60.6581352834
세라마이드,성분,2019-11-24,69.7568555759
세라마이드,성분,2019-12-01,71.273308958
세라마이드,성분,2019-12-08,59.1416819013
세라마이드,성분,2019-12-15,54.592321755
세라마이드,성분,2019-12-22,68.2404021938
세라마이드,성분,2019-12-29,68.2404021938
세라마이드,성분,2020-01-05,68.2404021938
세라마이드,성분,2020-01-12,69.7568555759
세라마이드,성분,2020-01-19,65.2074954296
세라마이드,성분,2020-01-26,62.1745886654
세라마이드,성분,2020-02-02,72.78976234
세라마이드,성분,2020-02-09,63.6910420475
세라마이드,성분,2020-02-16,66.7239488117
세라마이드,성분,2020-02-23,66.7239488117
세라마이드,성분,2020-03-01,65.2074954296
세라마이드,성분,2020-03-08,48.5265082267
세라마이드,성분,2020-03-15,36.39488117
세라마이드,성분,2020-03-22,48.5265082267
세라마이드,성분,2020-03-29,56.1087751371
세라마이드,성분,2020-04-05,54.592321755
세라마이드,성분,2020-04-12,65.2074954296
세라마이드,성분,2020-04-19,68.2404021938
세라마이드,성분,2020-04-26,75.8226691042
세라마이드,성분,2020-05-03,83.4049360146
세라마이드,성분,2020-05-10,68.2404021938
세라마이드,성분,2020-05-17,71.273308958
세라마이드,성분,2020-05-24,63.6910420475
세라마이드,성분,2020-05-31,51.5594149909
세라마이드,성분,2020-06-07,60.6581352834
세라마이드,성분,2020-06-14,69.7568555759
세라마이드,성분,2020-06-21,65.2074954296
세라마이드,성분,2020-06-28,68.2404021938
세라마이드,성분,2020-07-05,78.8555758684
세라마이드,성분,2020-07-12,77.3391224863
세라마이드,성분,2020-07-19,100.0859232176
세라마이드,성분,2020-07-26,71.273308958
세라마이드,성분,2020-08-02,81.8884826325
세라마이드,성분,2020-08-09,66.7239488117
세라마이드,성분,2020-08-16,74.3062157221
세라마이드,성분,2020-08-23,72.78976234
세라마이드,성분,2020-08-30,69.7568555759
세라마이드,성분,2020-09-06,59.1416819013
세라마이드,성분,2020-09-13,69.7568555759
세라마이드,성분,2020-09-20,69.7568555759
세라마이드,성분,2020-09-27,57.6252285192
세라마이드,성분,2020-10-04,71.273308958
세라마이드,성분,2020-10-11,65.2074954296
세라마이드,성분,2020-10-18,74.3062157221
세라마이드,성분,2020-10-25,69.7568555759
세라마이드,성분,2020-11-01,62.1745886654
세라마이드,성분,2020-11-08,71.273308958
세라마이드,성분,2020-11-15,60.6581352834
세라마이드,성분,2020-11-22,77.3391224863
세라마이드,성분,2020-11-29,72.78976234
세라마이드,성분,2020-12-06,65.2074954296
세라마이드,성분,2020-12-13,71.273308958
세라마이드,성분,2020-12-20,68.2404021938
세라마이드,성분,2020-12-27,63.6910420475
세라마이드,성분,2021-01-03,71.273308958
세라마이드,성분,2021-01-10,83.4049360146
세라마이드,성분,2021-01-17,74.3062157221
세라마이드,성분,2021-01-24,77.3391224863
세라마이드,성분,2021-01-31,81.8884826325
세라마이드,성분,2021-02-07,80.3720292505
세라마이드,성분,2021-02-14,68.2404021938
세라마이드,성분,2021-02-21,78.8555758684
세라마이드,성분,2021-02-28,71.273308958
세라마이드,성분,2021-03-07,68.2404021938
세라마이드,성분,2021-03-14,66.7239488117
세라마이드,성분,2021-03-21,65.2074954296
세라마이드,성분,2021-03-28,83.4049360146
세라마이드,성분,2021-04-04,63.6910420475
세라마이드,성분,2021-04-11,66.7239488117
세라마이드,성분,2021-04-18,83.4049360146
세라마이드,성분,2021-04-25,69.7568555759
세라마이드,성분,2021-05-02,60.6581352834
세라마이드,성분,2021-05-09,62.1745886654
세라마이드,성분,2021-05-16,71.273308958
세라마이드,성분,2021-05-23,60.6581352834
세라마이드,성분,2021-05-30,56.1087751371
세라마이드,성분,2021-06-06,54.592321755
세라마이드,성분,2021-06-13,75.8226691042
세라마이드,성분,2021-06-20,60.6581352834
세라마이드,성분,2021-06-27,69.7568555759
세라마이드,성분,2021-07-04,68.2404021938
세라마이드,성분,2021-07-11,75.8226691042
세라마이드,성분,2021-07-18,72.78976234
세라마이드,성분,2021-07-25,77.3391224863
세라마이드,성분,2021-08-01,71.273308958
세라마이드,성분,2021-08-08,68.2404021938
세라마이드,성분,2021-08-15,78.8555758684
세라마이드,성분,2021-08-22,62.1745886654
세라마이드,성분,2021-08-29,77.3391224863
세라마이드,성분,2021-09-05,74.3062157221
세라마이드,성분,2021-09-12,83.4049360146
세라마이드,성분,2021-09-19,80.3720292505
세라마이드,성분,2021-09-26,77.3391224863
세라마이드,성분,2021-10-03,69.7568555759
세라마이드,성분,2021-10-10,86.4378427788
세라마이드,성분,2021-10-17,87.9542961609
세라마이드,성분,2021-10-24,63.6910420475
세라마이드,성분,2021-10-31,75.8226691042
세라마이드,성분,2021-11-07,101.6023765996
세라마이드,성분,2021-11-14,87.9542961609
세라마이드,성분,2021-11-21,77.3391224863
세라마이드,성분,2021-11-28,87.9542961609
세라마이드,성분,2021-12-05,78.8555758684
세라마이드,성분,2021-12-12,63.6910420475
세라마이드,성분,2021-12-19,68.2404021938
세라마이드,성분,2021-12-26,75.8226691042
세라마이드,성분,2022-01-02,92.5036563071
세라마이드,성분,2022-01-09,87.9542961609
세라마이드,성분,2022-01-16,92.5036563071
세라마이드,성분,2022-01-23,104.6352833638
세라마이드,성분,2022-01-30,87.9542961609
세라마이드,성분,2022-02-06,97.0530164534
세라마이드,성분,2022-02-13,106.1517367459
세라마이드,성분,2022-02-20,122.8327239488
세라마이드,성분,2022-02-27,116.7669104205
세라마이드,성분,2022-03-06,110.7010968921
세라마이드,성분,2022-03-13,106.1517367459
세라마이드,성분,2022-03-20,94.0201096892
세라마이드,성분,2022-03-27,94.0201096892
세라마이드,성분,2022-04-03,103.1188299817
세라마이드,성분,2022-04-10,90.987202925
세라마이드,성분,2022-04-17,100.0859232176
세라마이드,성분,2022-04-24,104.6352833638
세라마이드,성분,2022-05-01,94.0201096892
세라마이드,성분,2022-05-08,95.5365630713
세라마이드,성분,2022-05-15,89.470749543
세라마이드,성분,2022-05-22,86.4378427788
세라마이드,성분,2022-05-29,83.4049360146
세라마이드,성분,2022-06-05,86.4378427788
세라마이드,성분,2022-06-12,80.3720292505
세라마이드,성분,2022-06-19,110.7010968921
세라마이드,성분,2022-06-26,84.9213893967
세라마이드,성분,2022-07-03,87.9542961609
세라마이드,성분,2022-07-10,95.5365630713
세라마이드,성분,2022-07-17,100.0859232176
세라마이드,성분,2022-07-24,84.9213893967
세라마이드,성분,2022-07-31,87.9542961609
세라마이드,성분,2022-08-07,100.0859232176
세라마이드,성분,2022-08-14,95.5365630713
세라마이드,성분,2022-08-21,90.987202925
세라마이드,성분,2022-08-28,83.4049360146
세라마이드,성분,2022-09-04,103.1188299817
세라마이드,성분,2022-09-11,94.0201096892
세라마이드,성분,2022-09-18,83.4049360146
세라마이드,성분,2022-09-25,95.5365630713
세라마이드,성분,2022-10-02,104.6352833638
세라마이드,성분,2022-10-09,90.987202925
세라마이드,성분,2022-10-16,100.0859232176
세라마이드,성분,2022-10-23,95.5365630713
세라마이드,성분,2022-10-30,95.5365630713
세라마이드,성분,2022-11-06,98.5694698355
세라마이드,성분,2022-11-13,100.0859232176
세라마이드,성분,2022-11-20,121.3162705667
세라마이드,성분,2022-11-27,100.0859232176
세라마이드,성분,2022-12-04,97.0530164534
세라마이드,성분,2022-12-11,109.1846435101
세라마이드,성분,2022-12-18,119.7998171846
세라마이드,성분,2022-12-25,127.3820840951
세라마이드,성분,2023-01-01,120.6746941358
세라마이드,성분,2023-01-08,120.6746941358
세라마이드,성분,2023-01-15,120.6746941358
세라마이드,성분,2023-01-22,120.6746941358
세라마이드,성분,2023-01-29,144.809632963
세라마이드,성분,2023-02-05,120.6746941358
세라마이드,성분,2023-02-12,120.6746941358
세라마이드,성분,2023-02-19,144.809632963
세라마이드,성분,2023-02-26,120.6746941358
세라마이드,성분,2023-03-05,120.6746941358
세라마이드,성분,2023-03-12,144.809632963
세라마이드,성분,2023-03-19,120.6746941358
세라마이드,성분,2023-03-26,120.6746941358
세라마이드,성분,2023-04-02,120.6746941358
세라마이드,성분,2023-04-09,120.6746941358
세라마이드,성분,2023-04-16,120.6746941358
세라마이드,성분,2023-04-23,120.6746941358
세라마이드,성분,2023-04-30,96.5397553087
세라마이드,성분,2023-05-07,120.6746941358
세라마이드,성분,2023-05-14,120.6746941358
세라마이드,성분,2023-05-21,120.6746941358
세라마이드,성분,2023-05-28,120.6746941358
세라마이드,성분,2023-06-04,96.5397553087
세라마이드,성분,2023-06-11,120.6746941358
세라마이드,성분,2023-06-18,120.6746941358
세라마이드,성분,2023-06-25,96.5397553087
세라마이드,성분,2023-07-02,96.5397553087
세라마이드,성분,2023-07-09,120.6746941358
세라마이드,성분,2023-07-16,120.6746941358
세라마이드,성분,2023-07-23,120.6746941358
세라마이드,성분,2023-07-30,96.5397553087
세라마이드,성분,2023-08-06,120.6746941358
세라마이드,성분,2023-08-13,120.6746941358
세라마이드,성분,2023-08-20,120.6746941358
세라마이드,성분,2023-08-27,96.5397553087
세라마이드,성분,2023-09-03,120.6746941358
세라마이드,성분,2023-09-10,120.6746941358
세라마이드,성분,2023-09-17,120.6746941358
세라마이드,성분,2023-09-24,120.6746941358
세라마이드,성분,2023-10-01,96.5397553087
세라마이드,성분,2023-10-08,120.6746941358
세라마이드,성분,2023-10-15,120.6746941358
세라마이드,성분,2023-10-22,144.809632963
세라마이드,성분,2023-10-29,120.6746941358
세라마이드,성분,2023-11-05,120.6746941358
세라마이드,성분,2023-11-12,144.809632963
세라마이드,성분,2023-11-19,144.809632963
세라마이드,성분,2023-11-26,144.809632963
세라마이드,성분,2023-12-03,120.6746941358
세라마이드,성분,2023-12-10,120.6746941358
세라마이드,성분,2023-12-17,144.809632963
세라마이드,성분,2023-12-24,144.809632963
세라마이드,성분,2023-12-31,144.809632963
세라마이드,성분,2024-01-07,217.2144494445
세라마이드,성분,2024-01-14,168.9445717902
세라마이드,성분,2024-01-21,168.9445717902
세라마이드,성분,2024-01-28,144.809632963
세라마이드,성분,2024-02-04,144.809632963
세라마이드,성분,2024-02-11,144.809632963
세라마이드,성분,2024-02-18,144.809632963
세라마이드,성분,2024-02-25,144.809632963
세라마이드,성분,2024-03-03,144.809632963
세라마이드,성분,2024-03-10,144.809632963
세라마이드,성분,2024-03-17,144.809632963
세라마이드,성분,2024-03-24,168.9445717902
세라마이드,성분,2024-03-31,120.6746941358
세라마이드,성분,2024-04-07,120.6746941358
세라마이드,성분,2024-04-14,144.809632963
세라마이드,성분,2024-04-21,120.6746941358
세라마이드,성분,2024-04-28,144.809632963
세라마이드,성분,2024-05-05,120.6746941358
세라마이드,성분,2024-05-12,120.6746941358
세라마이드,성분,2024-05-19,120.6746941358
세라마이드,성분,2024-05-26,120.6746941358
세라마이드,성분,2024-06-02,120.6746941358
세라마이드,성분,2024-06-09,120.6746941358
세라마이드,성분,2024-06-16,144.809632963
세라마이드,성분,2024-06-23,120.6746941358
세라마이드,성분,2024-06-30,120.6746941358
세라마이드,성분,2024-07-07,120.6746941358
세라마이드,성분,2024-07-14,120.6746941358
세라마이드,성분,2024-07-21,120.6746941358
세라마이드,성분,2024-07-28,144.809632963
세라마이드,성분,2024-08-04,120.6746941358
세라마이드,성분,2024-08-11,120.6746941358
세라마이드,성분,2024-08-18,120.6746941358
세라마이드,성분,2024-08-25,120.6746941358
세라마이드,성분,2024-09-01,144.809632963
세라마이드,성분,2024-09-08,120.6746941358
세라마이드,성분,2024-09-15,120.6746941358
세라마이드,성분,2024-09-22,120.6746941358
세라마이드,성분,2024-09-29,144.809632963
세라마이드,성분,2024-10-06,144.809632963
세라마이드,성분,2024-10-13,144.809632963
세라마이드,성분,2024-10-20,120.6746941358
세라마이드,성분,2024-10-27,120.6746941358
세라마이드,성분,2024-11-03,144.809632963
세라마이드,성분,2024-11-10,144.809632963
세라마이드,성분,2024-11-17,144.809632963
세라마이드,성분,2024-11-24,168.9445717902
세라마이드,성분,2024-12-01,168.9445717902
세라마이드,성분,2024-12-08,144.809632963
세라마이드,성분,2024-12-15,144.809632963
세라마이드,성분,2024-12-22,144.809632963
세라마이드,성분,2024-12-29,168.9445717902
세라마이드,성분,2025-01-05,168.9445717902
세라마이드,성분,2025-01-12,168.9445717902
세라마이드,성분,2025-01-19,168.9445717902
세라마이드,성분,2025-01-26,144.809632963
세라마이드,성분,2025-02-02,144.809632963
세라마이드,성분,2025-02-09,144.809632963
세라마이드,성분,2025-02-16,168.9445717902
세라마이드,성분,2025-02-23,168.9445717902
세라마이드,성분,2025-03-02,168.9445717902
세라마이드,성분,2025-03-09,168.9445717902
세라마이드,성분,2025-03-16,144.809632963
세라마이드,성분,2025-03-23,168.9445717902
세라마이드,성분,2025-03-30,168.9445717902
세라마이드,성분,2025-04-06,168.9445717902
세라마이드,성분,2025-04-13,144.809632963
세라마이드,성분,2025-04-20,144.809632963
세라마이드,성분,2025-04-27,144.809632963
세라마이드,성분,2025-05-04,144.809632963
세라마이드,성분,2025-05-11,120.6746941358
세라마이드,성분,2025-05-18,168.9445717902
세라마이드,성분,2025-05-25,144.809632963
세라마이드,성분,2025-06-01,144.809632963
세라마이드,성분,2025-06-08,144.809632963
세라마이드,성분,2025-06-15,144.809632963
세라마이드,성분,2025-06-22,144.809632963
세라마이드,성분,2025-06-29,144.809632963
세라마이드,성분,2025-07-06,193.0795106174
세라마이드,성분,2025-07-13,217.2144494445
세라마이드,성분,2025-07-20,362.0240824075
세라마이드,성분,2025-07-27,482.6987765434
세라마이드,성분,2025-08-03,241.3493882717
세라마이드,성분,2025-08-10,217.2144494445
세라마이드,성분,2025-08-17,168.9445717902
세라마이드,성분,2025-08-24,144.809632963
세라마이드,성분,2025-08-31,168.9445717902
세라마이드,성분,2025-09-07,144.809632963
세라마이드,성분,2025-09-14,144.809632963
세라마이드,성분,2025-09-21,144.809632963
세라마이드,성분,2025-09-28,144.809632963
세라마이드,성분,2025-10-05,168.9445717902
세라마이드,성분,2025-10-12,144.809632963
세라마이드,성분,2025-10-19,168.9445717902
세라마이드,성분,2025-10-26,217.2144494445
세라마이드,성분,2025-11-02,337.8891435804
세라마이드,성분,2025-11-09,337.8891435804
세라마이드,성분,2025-11-16,337.8891435804
세라마이드,성분,2025-11-23,362.0240824075
세라마이드,성분,2025-11-30,362.0240824075
세라마이드,성분,2025-12-07,289.619265926
세라마이드,성분,2025-12-14,313.7542047532
세라마이드,성분,2025-12-21,313.7542047532
세라마이드,성분,2025-12-28,337.8891435804
세라마이드,성분,2026-01-04,337.8891435804
세라마이드,성분,2026-01-11,313.7542047532
세라마이드,성분,2026-01-18,362.0240824075
세라마이드,성분,2026-01-25,386.1590212347
세라마이드,성분,2026-02-01,386.1590212347
세라마이드,성분,2026-02-08,362.0240824075
세라마이드,성분,2026-02-15,337.8891435804
세라마이드,성분,2026-02-22,362.0240824075
세라마이드,성분,2026-03-01,362.0240824075
세라마이드,성분,2026-03-08,434.428898889
세라마이드,성분,2026-03-15,579.2385318521
세라마이드,성분,2026-03-22,892.9927366053
세라마이드,성분,2026-03-29,1592.9059625932
세라마이드,성분,2026-04-05,2075.6047391365
세라마이드,성분,2026-04-12,2413.4938827169
세라마이드,성분,2026-04-19,1472.2312684573
세라마이드,성분,2026-04-26,965.3975530868
세라마이드,성분,2026-05-03,917.1276754324
세라마이드,성분,2026-05-10,1423.961390803
세라마이드,성분,2026-05-17,1351.5565743215
세라마이드,성분,2026-05-24,965.3975530868
세라마이드,성분,2026-05-31,820.5879201238
세라마이드,성분,2026-06-07,989.5324919139
세라마이드,성분,2026-06-14,892.9927366053
세라마이드,성분,2026-06-21,941.2626142596
세라마이드,성분,2026-06-28,530.9686541977
세라마이드,성분,2026-07-05,482.6987765434
세라마이드,성분,2026-07-12,289.619265926
세라마이드,성분,2026-07-19,265.4843270989
세라마이드,성분,2026-07-26,217.2144494445
세라마이드,성분,2026-08-02,217.2144494445
세라마이드,성분,2026-08-09,241.3493882717
세라마이드,성분,2026-08-16,217.2144494445
세라마이드,성분,2026-08-23,217.2144494445
세라마이드,성분,2026-08-30,241.3493882717
세라마이드,성분,2026-09-06,217.2144494445
세라마이드,성분,2026-09-13,217.2144494445
세라마이드,성분,2026-09-20,217.2144494445
레티놀,성분,2015-12-27,35.0
레티놀,성분,2016-01-03,40.0
레티놀,성분,2016-01-10,40.0
레티놀,성분,2016-01-17,42.0
레티놀,성분,2016-01-24,40.0
레티놀,성분,2016-01-31,39.0
레티놀,성분,2016-02-07,37.0
레티놀,성분,2016-02-14,40.0
레티놀,성분,2016-02-21,42.0
레티놀,성분,2016-02-28,42.0
레티놀,성분,2016-03-06,41.0
레티놀,성분,2016-03-13,39.0
레티놀,성분,2016-03-20,38.0
레티놀,성분,2016-03-27,39.0
레티놀,성분,2016-04-03,42.0
레티놀,성분,2016-04-10,42.0
레티놀,성분,2016-04-17,42.0
레티놀,성분,2016-04-24,40.0
레티놀,성분,2016-05-01,40.0
레티놀,성분,2016-05-08,41.0
레티놀,성분,2016-05-15,42.0
레티놀,성분,2016-05-22,41.0
레티놀,성분,2016-05-29,38.0
레티놀,성분,2016-06-05,36.0
레티놀,성분,2016-06-12,36.0
레티놀,성분,2016-06-19,33.0
레티놀,성분,2016-06-26,35.0
레티놀,성분,2016-07-03,35.0
레티놀,성분,2016-07-10,40.0
레티놀,성분,2016-07-17,38.0
레티놀,성분,2016-07-24,34.0
레티놀,성분,2016-07-31,35.0
레티놀,성분,2016-08-07,35.0
레티놀,성분,2016-08-14,34.0
레티놀,성분,2016-08-21,34.0
레티놀,성분,2016-08-28,33.0
레티놀,성분,2016-09-04,36.0
레티놀,성분,2016-09-11,33.0
레티놀,성분,2016-09-18,36.0
레티놀,성분,2016-09-25,34.0
레티놀,성분,2016-10-02,38.0
레티놀,성분,2016-10-09,32.0
레티놀,성분,2016-10-16,36.0
레티놀,성분,2016-10-23,38.0
레티놀,성분,2016-10-30,34.0
레티놀,성분,2016-11-06,35.0
레티놀,성분,2016-11-13,37.0
레티놀,성분,2016-11-20,33.0
레티놀,성분,2016-11-27,35.0
레티놀,성분,2016-12-04,36.0
레티놀,성분,2016-12-11,31.0
레티놀,성분,2016-12-18,32.0
레티놀,성분,2016-12-25,38.0
레티놀,성분,2017-01-01,41.0
레티놀,성분,2017-01-08,45.0
레티놀,성분,2017-01-15,47.0
레티놀,성분,2017-01-22,46.0
레티놀,성분,2017-01-29,43.0
레티놀,성분,2017-02-05,45.0
레티놀,성분,2017-02-12,47.0
레티놀,성분,2017-02-19,47.0
레티놀,성분,2017-02-26,47.0
레티놀,성분,2017-03-05,47.0
레티놀,성분,2017-03-12,47.0
레티놀,성분,2017-03-19,44.0
레티놀,성분,2017-03-26,48.0
레티놀,성분,2017-04-02,45.0
레티놀,성분,2017-04-09,42.0
레티놀,성분,2017-04-16,43.0
레티놀,성분,2017-04-23,45.0
레티놀,성분,2017-04-30,45.0
레티놀,성분,2017-05-07,45.0
레티놀,성분,2017-05-14,43.0
레티놀,성분,2017-05-21,45.0
레티놀,성분,2017-05-28,43.0
레티놀,성분,2017-06-04,41.0
레티놀,성분,2017-06-11,41.0
레티놀,성분,2017-06-18,41.0
레티놀,성분,2017-06-25,40.0
레티놀,성분,2017-07-02,41.0
레티놀,성분,2017-07-09,47.0
레티놀,성분,2017-07-16,44.0
레티놀,성분,2017-07-23,43.0
레티놀,성분,2017-07-30,42.0
레티놀,성분,2017-08-06,42.0
레티놀,성분,2017-08-13,41.0
레티놀,성분,2017-08-20,42.0
레티놀,성분,2017-08-27,37.0
레티놀,성분,2017-09-03,39.0
레티놀,성분,2017-09-10,40.0
레티놀,성분,2017-09-17,45.0
레티놀,성분,2017-09-24,45.0
레티놀,성분,2017-10-01,44.0
레티놀,성분,2017-10-08,45.0
레티놀,성분,2017-10-15,53.0
레티놀,성분,2017-10-22,48.0
레티놀,성분,2017-10-29,45.0
레티놀,성분,2017-11-05,51.0
레티놀,성분,2017-11-12,51.0
레티놀,성분,2017-11-19,43.0
레티놀,성분,2017-11-26,48.0
레티놀,성분,2017-12-03,44.0
레티놀,성분,2017-12-10,45.0
레티놀,성분,2017-12-17,45.0
레티놀,성분,2017-12-24,51.0
레티놀,성분,2017-12-31,56.0
레티놀,성분,2018-01-07,56.0
레티놀,성분,2018-01-14,58.0
레티놀,성분,2018-01-21,59.0
레티놀,성분,2018-01-28,58.0
레티놀,성분,2018-02-04,58.0
레티놀,성분,2018-02-11,55.0
레티놀,성분,2018-02-18,57.0
레티놀,성분,2018-02-25,59.0
레티놀,성분,2018-03-04,60.0
레티놀,성분,2018-03-11,71.0
레티놀,성분,2018-03-18,61.0
레티놀,성분,2018-03-25,59.0
레티놀,성분,2018-04-01,57.0
레티놀,성분,2018-04-08,56.0
레티놀,성분,2018-04-15,59.0
레티놀,성분,2018-04-22,57.0
레티놀,성분,2018-04-29,55.0
레티놀,성분,2018-05-06,55.0
레티놀,성분,2018-05-13,53.0
레티놀,성분,2018-05-20,52.0
레티놀,성분,2018-05-27,48.0
레티놀,성분,2018-06-03,51.0
레티놀,성분,2018-06-10,51.0
레티놀,성분,2018-06-17,51.0
레티놀,성분,2018-06-24,49.0
레티놀,성분,2018-07-01,50.0
레티놀,성분,2018-07-08,51.0
레티놀,성분,2018-07-15,60.0
레티놀,성분,2018-07-22,56.0
레티놀,성분,2018-07-29,53.0
레티놀,성분,2018-08-05,64.0
레티놀,성분,2018-08-12,54.0
레티놀,성분,2018-08-19,52.0
레티놀,성분,2018-08-26,51.0
레티놀,성분,2018-09-02,52.0
레티놀,성분,2018-09-09,48.0
레티놀,성분,2018-09-16,51.0
레티놀,성분,2018-09-23,52.0
레티놀,성분,2018-09-30,52.0
레티놀,성분,2018-10-07,53.0
레티놀,성분,2018-10-14,57.0
레티놀,성분,2018-10-21,55.0
레티놀,성분,2018-10-28,54.0
레티놀,성분,2018-11-04,57.0
레티놀,성분,2018-11-11,58.0
레티놀,성분,2018-11-18,55.0
레티놀,성분,2018-11-25,58.0
레티놀,성분,2018-12-02,52.0
레티놀,성분,2018-12-09,59.0
레티놀,성분,2018-12-16,57.0
레티놀,성분,2018-12-23,64.0
레티놀,성분,2018-12-30,72.0
레티놀,성분,2019-01-06,72.0
레티놀,성분,2019-01-13,77.0
레티놀,성분,2019-01-20,81.0
레티놀,성분,2019-01-27,79.0
레티놀,성분,2019-02-03,73.0
레티놀,성분,2019-02-10,69.0
레티놀,성분,2019-02-17,73.0
레티놀,성분,2019-02-24,73.0
레티놀,성분,2019-03-03,75.0
레티놀,성분,2019-03-10,79.0
레티놀,성분,2019-03-17,75.0
레티놀,성분,2019-03-24,71.0
레티놀,성분,2019-03-31,69.0
레티놀,성분,2019-04-07,71.0
레티놀,성분,2019-04-14,67.0
레티놀,성분,2019-04-21,69.0
레티놀,성분,2019-04-28,69.0
레티놀,성분,2019-05-05,71.0
레티놀,성분,2019-05-12,70.0
레티놀,성분,2019-05-19,64.0
레티놀,성분,2019-05-26,67.0
레티놀,성분,2019-06-02,66.0
레티놀,성분,2019-06-09,63.0
레티놀,성분,2019-06-16,69.0
레티놀,성분,2019-06-23,69.0
레티놀,성분,2019-06-30,63.0009756098
레티놀,성분,2019-07-07,64.9697560976
레티놀,성분,2019-07-14,70.876097561
레티놀,성분,2019-07-21,66.9385365854
레티놀,성분,2019-07-28,66.9385365854
레티놀,성분,2019-08-04,68.9073170732
레티놀,성분,2019-08-11,64.9697560976
레티놀,성분,2019-08-18,74.8136585366
레티놀,성분,2019-08-25,66.9385365854
레티놀,성분,2019-09-01,63.0009756098
레티놀,성분,2019-09-08,68.9073170732
레티놀,성분,2019-09-15,66.9385365854
레티놀,성분,2019-09-22,70.876097561
레티놀,성분,2019-09-29,68.9073170732
레티놀,성분,2019-10-06,70.876097561
레티놀,성분,2019-10-13,82.6887804878
레티놀,성분,2019-10-20,86.6263414634
레티놀,성분,2019-10-27,84.6575609756
레티놀,성분,2019-11-03,86.6263414634
레티놀,성분,2019-11-10,76.7824390244
레티놀,성분,2019-11-17,80.72
레티놀,성분,2019-11-24,74.8136585366
레티놀,성분,2019-12-01,86.6263414634
레티놀,성분,2019-12-08,88.5951219512
레티놀,성분,2019-12-15,72.8448780488
레티놀,성분,2019-12-22,78.7512195122
레티놀,성분,2019-12-29,100.407804878
레티놀,성분,2020-01-05,92.5326829268
레티놀,성분,2020-01-12,96.4702439024
레티놀,성분,2020-01-19,90.563902439
레티놀,성분,2020-01-26,92.5326829268
레티놀,성분,2020-02-02,84.6575609756
레티놀,성분,2020-02-09,90.563902439
레티놀,성분,2020-02-16,92.5326829268
레티놀,성분,2020-02-23,96.4702439024
레티놀,성분,2020-03-01,86.6263414634
레티놀,성분,2020-03-08,70.876097561
레티놀,성분,2020-03-15,59.0634146341
레티놀,성분,2020-03-22,70.876097561
레티놀,성분,2020-03-29,68.9073170732
레티놀,성분,2020-04-05,84.6575609756
레티놀,성분,2020-04-12,102.3765853659
레티놀,성분,2020-04-19,120.0956097561
레티놀,성분,2020-04-26,118.1268292683
레티놀,성분,2020-05-03,116.1580487805
레티놀,성분,2020-05-10,126.0019512195
레티놀,성분,2020-05-17,114.1892682927
레티놀,성분,2020-05-24,116.1580487805
레티놀,성분,2020-05-31,90.563902439
레티놀,성분,2020-06-07,104.3453658537
레티놀,성분,2020-06-14,110.2517073171
레티놀,성분,2020-06-21,104.3453658537
레티놀,성분,2020-06-28,100.407804878
레티놀,성분,2020-07-05,102.3765853659
레티놀,성분,2020-07-12,104.3453658537
레티놀,성분,2020-07-19,102.3765853659
레티놀,성분,2020-07-26,120.0956097561
레티놀,성분,2020-08-02,106.3141463415
레티놀,성분,2020-08-09,102.3765853659
레티놀,성분,2020-08-16,92.5326829268
레티놀,성분,2020-08-23,98.4390243902
레티놀,성분,2020-08-30,104.3453658537
레티놀,성분,2020-09-06,100.407804878
레티놀,성분,2020-09-13,96.4702439024
레티놀,성분,2020-09-20,98.4390243902
레티놀,성분,2020-09-27,102.3765853659
레티놀,성분,2020-10-04,102.3765853659
레티놀,성분,2020-10-11,106.3141463415
레티놀,성분,2020-10-18,120.0956097561
레티놀,성분,2020-10-25,120.0956097561
레티놀,성분,2020-11-01,94.5014634146
레티놀,성분,2020-11-08,127.9707317073
레티놀,성분,2020-11-15,133.8770731707
레티놀,성분,2020-11-22,127.9707317073
레티놀,성분,2020-11-29,127.9707317073
레티놀,성분,2020-12-06,129.9395121951
레티놀,성분,2020-12-13,129.9395121951
레티놀,성분,2020-12-20,122.0643902439
레티놀,성분,2020-12-27,169.3151219512
레티놀,성분,2021-01-03,165.3775609756
레티놀,성분,2021-01-10,155.5336585366
레티놀,성분,2021-01-17,183.0965853659
레티놀,성분,2021-01-24,169.3151219512
레티놀,성분,2021-01-31,183.0965853659
레티놀,성분,2021-02-07,190.9717073171
레티놀,성분,2021-02-14,183.0965853659
레티놀,성분,2021-02-21,194.9092682927
레티놀,성분,2021-02-28,175.2214634146
레티놀,성분,2021-03-07,163.4087804878
레티놀,성분,2021-03-14,167.3463414634
레티놀,성분,2021-03-21,163.4087804878
레티놀,성분,2021-03-28,159.4712195122
레티놀,성분,2021-04-04,153.5648780488
레티놀,성분,2021-04-11,161.44
레티놀,성분,2021-04-18,169.3151219512
레티놀,성분,2021-04-25,143.7209756098
레티놀,성분,2021-05-02,139.7834146341
레티놀,성분,2021-05-09,126.0019512195
레티놀,성분,2021-05-16,122.0643902439
레티놀,성분,2021-05-23,118.1268292683
레티놀,성분,2021-05-30,114.1892682927
레티놀,성분,2021-06-06,112.2204878049
레티놀,성분,2021-06-13,110.2517073171
레티놀,성분,2021-06-20,106.3141463415
레티놀,성분,2021-06-27,108.2829268293
레티놀,성분,2021-07-04,112.2204878049
레티놀,성분,2021-07-11,118.1268292683
레티놀,성분,2021-07-18,118.1268292683
레티놀,성분,2021-07-25,112.2204878049
레티놀,성분,2021-08-01,100.407804878
레티놀,성분,2021-08-08,118.1268292683
레티놀,성분,2021-08-15,112.2204878049
레티놀,성분,2021-08-22,112.2204878049
레티놀,성분,2021-08-29,114.1892682927
레티놀,성분,2021-09-05,120.0956097561
레티놀,성분,2021-09-12,106.3141463415
레티놀,성분,2021-09-19,110.2517073171
레티놀,성분,2021-09-26,116.1580487805
레티놀,성분,2021-10-03,108.2829268293
레티놀,성분,2021-10-10,114.1892682927
레티놀,성분,2021-10-17,118.1268292683
레티놀,성분,2021-10-24,110.2517073171
레티놀,성분,2021-10-31,118.1268292683
레티놀,성분,2021-11-07,127.9707317073
레티놀,성분,2021-11-14,118.1268292683
레티놀,성분,2021-11-21,122.0643902439
레티놀,성분,2021-11-28,133.8770731707
레티놀,성분,2021-12-05,116.1580487805
레티놀,성분,2021-12-12,108.2829268293
레티놀,성분,2021-12-19,106.3141463415
레티놀,성분,2021-12-26,124.0331707317
레티놀,성분,2022-01-02,149.6273170732
레티놀,성분,2022-01-09,157.5024390244
레티놀,성분,2022-01-16,145.6897560976
레티놀,성분,2022-01-23,155.5336585366
레티놀,성분,2022-01-30,163.4087804878
레티놀,성분,2022-02-06,157.5024390244
레티놀,성분,2022-02-13,159.4712195122
레티놀,성분,2022-02-20,159.4712195122
레티놀,성분,2022-02-27,155.5336585366
레티놀,성분,2022-03-06,157.5024390244
레티놀,성분,2022-03-13,165.3775609756
레티놀,성분,2022-03-20,157.5024390244
레티놀,성분,2022-03-27,149.6273170732
레티놀,성분,2022-04-03,163.4087804878
레티놀,성분,2022-04-10,139.7834146341
레티놀,성분,2022-04-17,141.752195122
레티놀,성분,2022-04-24,143.7209756098
레티놀,성분,2022-05-01,135.8458536585
레티놀,성분,2022-05-08,135.8458536585
레티놀,성분,2022-05-15,145.6897560976
레티놀,성분,2022-05-22,135.8458536585
레티놀,성분,2022-05-29,127.9707317073
레티놀,성분,2022-06-05,126.0019512195
레티놀,성분,2022-06-12,120.0956097561
레티놀,성분,2022-06-19,126.0019512195
레티놀,성분,2022-06-26,122.0643902439
레티놀,성분,2022-07-03,122.0643902439
레티놀,성분,2022-07-10,143.7209756098
레티놀,성분,2022-07-17,141.752195122
레티놀,성분,2022-07-24,135.8458536585
레티놀,성분,2022-07-31,143.7209756098
레티놀,성분,2022-08-07,153.5648780488
레티놀,성분,2022-08-14,133.8770731707
레티놀,성분,2022-08-21,177.1902439024
레티놀,성분,2022-08-28,151.596097561
레티놀,성분,2022-09-04,145.6897560976
레티놀,성분,2022-09-11,147.6585365854
레티놀,성분,2022-09-18,137.8146341463
레티놀,성분,2022-09-25,137.8146341463
레티놀,성분,2022-10-02,147.6585365854
레티놀,성분,2022-10-09,151.596097561
레티놀,성분,2022-10-16,139.7834146341
레티놀,성분,2022-10-23,141.752195122
레티놀,성분,2022-10-30,143.7209756098
레티놀,성분,2022-11-06,145.6897560976
레티놀,성분,2022-11-13,143.7209756098
레티놀,성분,2022-11-20,155.5336585366
레티놀,성분,2022-11-27,151.596097561
레티놀,성분,2022-12-04,141.752195122
레티놀,성분,2022-12-11,149.6273170732
레티놀,성분,2022-12-18,151.596097561
레티놀,성분,2022-12-25,175.2214634146
레티놀,성분,2023-01-01,184.0684283413
레티놀,성분,2023-01-08,189.6462595032
레티놀,성분,2023-01-15,195.224090665
레티놀,성분,2023-01-22,195.224090665
레티놀,성분,2023-01-29,184.0684283413
레티놀,성분,2023-02-05,184.0684283413
레티놀,성분,2023-02-12,178.4905971794
레티놀,성분,2023-02-19,195.224090665
레티놀,성분,2023-02-26,195.224090665
레티놀,성분,2023-03-05,189.6462595032
레티놀,성분,2023-03-12,189.6462595032
레티놀,성분,2023-03-19,195.224090665
레티놀,성분,2023-03-26,184.0684283413
레티놀,성분,2023-04-02,189.6462595032
레티놀,성분,2023-04-09,195.224090665
레티놀,성분,2023-04-16,189.6462595032
레티놀,성분,2023-04-23,189.6462595032
레티놀,성분,2023-04-30,178.4905971794
레티놀,성분,2023-05-07,167.3349348557
레티놀,성분,2023-05-14,178.4905971794
레티놀,성분,2023-05-21,184.0684283413
레티놀,성분,2023-05-28,184.0684283413
레티놀,성분,2023-06-04,178.4905971794
레티놀,성분,2023-06-11,178.4905971794
레티놀,성분,2023-06-18,167.3349348557
레티놀,성분,2023-06-25,172.9127660176
레티놀,성분,2023-07-02,172.9127660176
레티놀,성분,2023-07-09,189.6462595032
레티놀,성분,2023-07-16,178.4905971794
레티놀,성분,2023-07-23,184.0684283413
레티놀,성분,2023-07-30,184.0684283413
레티놀,성분,2023-08-06,167.3349348557
레티놀,성분,2023-08-13,161.7571036939
레티놀,성분,2023-08-20,161.7571036939
레티놀,성분,2023-08-27,161.7571036939
레티놀,성분,2023-09-03,161.7571036939
레티놀,성분,2023-09-10,145.0236102083
레티놀,성분,2023-09-17,156.179272532
레티놀,성분,2023-09-24,156.179272532
레티놀,성분,2023-10-01,156.179272532
레티놀,성분,2023-10-08,156.179272532
레티놀,성분,2023-10-15,161.7571036939
레티놀,성분,2023-10-22,150.6014413701
레티놀,성분,2023-10-29,145.0236102083
레티놀,성분,2023-11-05,167.3349348557
레티놀,성분,2023-11-12,167.3349348557
레티놀,성분,2023-11-19,178.4905971794
레티놀,성분,2023-11-26,178.4905971794
레티놀,성분,2023-12-03,161.7571036939
레티놀,성분,2023-12-10,161.7571036939
레티놀,성분,2023-12-17,167.3349348557
레티놀,성분,2023-12-24,211.9575841506
레티놀,성분,2023-12-31,228.6910776362
레티놀,성분,2024-01-07,217.5354153124
레티놀,성분,2024-01-14,211.9575841506
레티놀,성분,2024-01-21,223.1132464743
레티놀,성분,2024-01-28,211.9575841506
레티놀,성분,2024-02-04,195.224090665
레티놀,성분,2024-02-11,200.8019218269
레티놀,성분,2024-02-18,217.5354153124
레티놀,성분,2024-02-25,211.9575841506
레티놀,성분,2024-03-03,200.8019218269
레티놀,성분,2024-03-10,200.8019218269
레티놀,성분,2024-03-17,195.224090665
레티놀,성분,2024-03-24,200.8019218269
레티놀,성분,2024-03-31,184.0684283413
레티놀,성분,2024-04-07,184.0684283413
레티놀,성분,2024-04-14,178.4905971794
레티놀,성분,2024-04-21,167.3349348557
레티놀,성분,2024-04-28,161.7571036939
레티놀,성분,2024-05-05,156.179272532
레티놀,성분,2024-05-12,156.179272532
레티놀,성분,2024-05-19,156.179272532
레티놀,성분,2024-05-26,150.6014413701
레티놀,성분,2024-06-02,161.7571036939
레티놀,성분,2024-06-09,145.0236102083
레티놀,성분,2024-06-16,156.179272532
레티놀,성분,2024-06-23,150.6014413701
레티놀,성분,2024-06-30,139.4457790464
레티놀,성분,2024-07-07,150.6014413701
레티놀,성분,2024-07-14,167.3349348557
레티놀,성분,2024-07-21,172.9127660176
레티놀,성분,2024-07-28,156.179272532
레티놀,성분,2024-08-04,156.179272532
레티놀,성분,2024-08-11,156.179272532
레티놀,성분,2024-08-18,150.6014413701
레티놀,성분,2024-08-25,133.8679478846
레티놀,성분,2024-09-01,150.6014413701
레티놀,성분,2024-09-08,139.4457790464
레티놀,성분,2024-09-15,133.8679478846
레티놀,성분,2024-09-22,145.0236102083
레티놀,성분,2024-09-29,150.6014413701
레티놀,성분,2024-10-06,139.4457790464
레티놀,성분,2024-10-13,145.0236102083
레티놀,성분,2024-10-20,150.6014413701
레티놀,성분,2024-10-27,156.179272532
레티놀,성분,2024-11-03,139.4457790464
레티놀,성분,2024-11-10,145.0236102083
레티놀,성분,2024-11-17,156.179272532
레티놀,성분,2024-11-24,161.7571036939
레티놀,성분,2024-12-01,161.7571036939
레티놀,성분,2024-12-08,156.179272532
레티놀,성분,2024-12-15,145.0236102083
레티놀,성분,2024-12-22,167.3349348557
레티놀,성분,2024-12-29,195.224090665
레티놀,성분,2025-01-05,184.0684283413
레티놀,성분,2025-01-12,184.0684283413
레티놀,성분,2025-01-19,184.0684283413
레티놀,성분,2025-01-26,178.4905971794
레티놀,성분,2025-02-02,161.7571036939
레티놀,성분,2025-02-09,161.7571036939
레티놀,성분,2025-02-16,172.9127660176
레티놀,성분,2025-02-23,172.9127660176
레티놀,성분,2025-03-02,167.3349348557
레티놀,성분,2025-03-09,172.9127660176
레티놀,성분,2025-03-16,167.3349348557
레티놀,성분,2025-03-23,172.9127660176
레티놀,성분,2025-03-30,172.9127660176
레티놀,성분,2025-04-06,161.7571036939
레티놀,성분,2025-04-13,156.179272532
레티놀,성분,2025-04-20,161.7571036939
레티놀,성분,2025-04-27,156.179272532
레티놀,성분,2025-05-04,156.179272532
레티놀,성분,2025-05-11,156.179272532
레티놀,성분,2025-05-18,150.6014413701
레티놀,성분,2025-05-25,156.179272532
레티놀,성분,2025-06-01,167.3349348557
레티놀,성분,2025-06-08,156.179272532
레티놀,성분,2025-06-15,150.6014413701
레티놀,성분,2025-06-22,150.6014413701
레티놀,성분,2025-06-29,128.2901167227
레티놀,성분,2025-07-06,172.9127660176
레티놀,성분,2025-07-13,172.9127660176
레티놀,성분,2025-07-20,195.224090665
레티놀,성분,2025-07-27,206.3797529887
레티놀,성분,2025-08-03,172.9127660176
레티놀,성분,2025-08-10,139.4457790464
레티놀,성분,2025-08-17,150.6014413701
레티놀,성분,2025-08-24,139.4457790464
레티놀,성분,2025-08-31,150.6014413701
레티놀,성분,2025-09-07,133.8679478846
레티놀,성분,2025-09-14,139.4457790464
레티놀,성분,2025-09-21,161.7571036939
레티놀,성분,2025-09-28,150.6014413701
레티놀,성분,2025-10-05,156.179272532
레티놀,성분,2025-10-12,156.179272532
레티놀,성분,2025-10-19,161.7571036939
레티놀,성분,2025-10-26,161.7571036939
레티놀,성분,2025-11-02,189.6462595032
레티놀,성분,2025-11-09,195.224090665
레티놀,성분,2025-11-16,195.224090665
레티놀,성분,2025-11-23,206.3797529887
레티놀,성분,2025-11-30,217.5354153124
레티놀,성분,2025-12-07,172.9127660176
레티놀,성분,2025-12-14,172.9127660176
레티놀,성분,2025-12-21,184.0684283413
레티놀,성분,2025-12-28,217.5354153124
레티놀,성분,2026-01-04,211.9575841506
레티놀,성분,2026-01-11,211.9575841506
레티놀,성분,2026-01-18,211.9575841506
레티놀,성분,2026-01-25,217.5354153124
레티놀,성분,2026-02-01,217.5354153124
레티놀,성분,2026-02-08,206.3797529887
레티놀,성분,2026-02-15,223.1132464743
레티놀,성분,2026-02-22,211.9575841506
레티놀,성분,2026-03-01,228.6910776362
레티놀,성분,2026-03-08,267.7358957692
레티놀,성분,2026-03-15,267.7358957692
레티놀,성분,2026-03-22,312.358545064
레티놀,성분,2026-03-29,446.2264929486
레티놀,성분,2026-04-05,524.3161292146
레티놀,성분,2026-04-12,557.7831161857
레티놀,성분,2026-04-19,418.3373371393
레티놀,성분,2026-04-26,340.2477008733
레티놀,성분,2026-05-03,317.9363762259
레티놀,성분,2026-05-10,384.8703501682
레티놀,성분,2026-05-17,407.1816748156
레티놀,성분,2026-05-24,334.6698697114
레티놀,성분,2026-05-31,334.6698697114
레티놀,성분,2026-06-07,384.8703501682
레티놀,성분,2026-06-14,340.2477008733
레티놀,성분,2026-06-21,356.9811943589
레티놀,성분,2026-06-28,251.0024022836
레티놀,성분,2026-07-05,245.4245711217
레티놀,성분,2026-07-12,200.8019218269
레티놀,성분,2026-07-19,195.224090665
레티놀,성분,2026-07-26,172.9127660176
레티놀,성분,2026-08-02,172.9127660176
레티놀,성분,2026-08-09,178.4905971794
레티놀,성분,2026-08-16,172.9127660176
레티놀,성분,2026-08-23,161.7571036939
레티놀,성분,2026-08-30,161.7571036939
레티놀,성분,2026-09-06,161.7571036939
레티놀,성분,2026-09-13,156.179272532
레티놀,성분,2026-09-20,150.6014413701
아하 성분,성분,2015-12-27,0.0
아하 성분,성분,2016-01-03,0.0
아하 성분,성분,2016-01-10,0.0
아하 성분,성분,2016-01-17,0.0
아하 성분,성분,2016-01-24,0.0
아하 성분,성분,2016-01-31,0.0
아하 성분,성분,2016-02-07,0.0
아하 성분,성분,2016-02-14,0.0
아하 성분,성분,2016-02-21,0.0
아하 성분,성분,2016-02-28,0.0
아하 성분,성분,2016-03-06,0.0
아하 성분,성분,2016-03-13,0.0
아하 성분,성분,2016-03-20,0.0
아하 성분,성분,2016-03-27,0.0
아하 성분,성분,2016-04-03,0.0
아하 성분,성분,2016-04-10,0.0
아하 성분,성분,2016-04-17,0.0
아하 성분,성분,2016-04-24,0.0
아하 성분,성분,2016-05-01,0.0
아하 성분,성분,2016-05-08,0.0
아하 성분,성분,2016-05-15,0.0
아하 성분,성분,2016-05-22,0.0
아하 성분,성분,2016-05-29,0.0
아하 성분,성분,2016-06-05,0.0
아하 성분,성분,2016-06-12,0.0
아하 성분,성분,2016-06-19,0.0
아하 성분,성분,2016-06-26,0.0
아하 성분,성분,2016-07-03,0.0
아하 성분,성분,2016-07-10,0.0
아하 성분,성분,2016-07-17,0.0
아하 성분,성분,2016-07-24,0.0
아하 성분,성분,2016-07-31,0.0
아하 성분,성분,2016-08-07,0.0
아하 성분,성분,2016-08-14,0.0
아하 성분,성분,2016-08-21,0.0
아하 성분,성분,2016-08-28,0.0
아하 성분,성분,2016-09-04,0.0
아하 성분,성분,2016-09-11,0.0
아하 성분,성분,2016-09-18,0.0
아하 성분,성분,2016-09-25,0.0
아하 성분,성분,2016-10-02,0.0
아하 성분,성분,2016-10-09,0.0
아하 성분,성분,2016-10-16,0.0
아하 성분,성분,2016-10-23,0.0
아하 성분,성분,2016-10-30,0.0
아하 성분,성분,2016-11-06,66.0
아하 성분,성분,2016-11-13,0.0
아하 성분,성분,2016-11-20,0.0
아하 성분,성분,2016-11-27,0.0
아하 성분,성분,2016-12-04,0.0
아하 성분,성분,2016-12-11,0.0
아하 성분,성분,2016-12-18,0.0
아하 성분,성분,2016-12-25,0.0
아하 성분,성분,2017-01-01,59.0
아하 성분,성분,2017-01-08,0.0
아하 성분,성분,2017-01-15,0.0
아하 성분,성분,2017-01-22,0.0
아하 성분,성분,2017-01-29,0.0
아하 성분,성분,2017-02-05,0.0
아하 성분,성분,2017-02-12,0.0
아하 성분,성분,2017-02-19,0.0
아하 성분,성분,2017-02-26,0.0
아하 성분,성분,2017-03-05,0.0
아하 성분,성분,2017-03-12,0.0
아하 성분,성분,2017-03-19,0.0
아하 성분,성분,2017-03-26,0.0
아하 성분,성분,2017-04-02,0.0
아하 성분,성분,2017-04-09,0.0
아하 성분,성분,2017-04-16,0.0
아하 성분,성분,2017-04-23,0.0
아하 성분,성분,2017-04-30,0.0
아하 성분,성분,2017-05-07,0.0
아하 성분,성분,2017-05-14,0.0
아하 성분,성분,2017-05-21,0.0
아하 성분,성분,2017-05-28,0.0
아하 성분,성분,2017-06-04,0.0
아하 성분,성분,2017-06-11,0.0
아하 성분,성분,2017-06-18,0.0
아하 성분,성분,2017-06-25,0.0
아하 성분,성분,2017-07-02,0.0
아하 성분,성분,2017-07-09,0.0
아하 성분,성분,2017-07-16,0.0
아하 성분,성분,2017-07-23,0.0
아하 성분,성분,2017-07-30,0.0
아하 성분,성분,2017-08-06,46.0
아하 성분,성분,2017-08-13,0.0
아하 성분,성분,2017-08-20,0.0
아하 성분,성분,2017-08-27,0.0
아하 성분,성분,2017-09-03,0.0
아하 성분,성분,2017-09-10,0.0
아하 성분,성분,2017-09-17,0.0
아하 성분,성분,2017-09-24,0.0
아하 성분,성분,2017-10-01,0.0
아하 성분,성분,2017-10-08,0.0
아하 성분,성분,2017-10-15,0.0
아하 성분,성분,2017-10-22,0.0
아하 성분,성분,2017-10-29,0.0
아하 성분,성분,2017-11-05,0.0
아하 성분,성분,2017-11-12,0.0
아하 성분,성분,2017-11-19,0.0
아하 성분,성분,2017-11-26,0.0
아하 성분,성분,2017-12-03,0.0
아하 성분,성분,2017-12-10,0.0
아하 성분,성분,2017-12-17,0.0
아하 성분,성분,2017-12-24,0.0
아하 성분,성분,2017-12-31,0.0
아하 성분,성분,2018-01-07,39.0
아하 성분,성분,2018-01-14,0.0
아하 성분,성분,2018-01-21,42.0
아하 성분,성분,2018-01-28,0.0
아하 성분,성분,2018-02-04,0.0
아하 성분,성분,2018-02-11,0.0
아하 성분,성분,2018-02-18,0.0
아하 성분,성분,2018-02-25,45.0
아하 성분,성분,2018-03-04,0.0
아하 성분,성분,2018-03-11,0.0
아하 성분,성분,2018-03-18,49.0
아하 성분,성분,2018-03-25,0.0
아하 성분,성분,2018-04-01,0.0
아하 성분,성분,2018-04-08,67.0
아하 성분,성분,2018-04-15,45.0
아하 성분,성분,2018-04-22,0.0
아하 성분,성분,2018-04-29,0.0
아하 성분,성분,2018-05-06,0.0
아하 성분,성분,2018-05-13,0.0
아하 성분,성분,2018-05-20,0.0
아하 성분,성분,2018-05-27,0.0
아하 성분,성분,2018-06-03,0.0
아하 성분,성분,2018-06-10,0.0
아하 성분,성분,2018-06-17,0.0
아하 성분,성분,2018-06-24,43.0
아하 성분,성분,2018-07-01,0.0
아하 성분,성분,2018-07-08,0.0
아하 성분,성분,2018-07-15,0.0
아하 성분,성분,2018-07-22,51.0
아하 성분,성분,2018-07-29,0.0
아하 성분,성분,2018-08-05,0.0
아하 성분,성분,2018-08-12,0.0
아하 성분,성분,2018-08-19,0.0
아하 성분,성분,2018-08-26,0.0
아하 성분,성분,2018-09-02,0.0
아하 성분,성분,2018-09-09,41.0
아하 성분,성분,2018-09-16,0.0
아하 성분,성분,2018-09-23,0.0
아하 성분,성분,2018-09-30,0.0
아하 성분,성분,2018-10-07,0.0
아하 성분,성분,2018-10-14,0.0
아하 성분,성분,2018-10-21,0.0
아하 성분,성분,2018-10-28,39.0
아하 성분,성분,2018-11-04,0.0
아하 성분,성분,2018-11-11,46.0
아하 성분,성분,2018-11-18,0.0
아하 성분,성분,2018-11-25,0.0
아하 성분,성분,2018-12-02,44.0
아하 성분,성분,2018-12-09,0.0
아하 성분,성분,2018-12-16,0.0
아하 성분,성분,2018-12-23,0.0
아하 성분,성분,2018-12-30,0.0
아하 성분,성분,2019-01-06,0.0
아하 성분,성분,2019-01-13,61.0
아하 성분,성분,2019-01-20,40.0
아하 성분,성분,2019-01-27,40.0
아하 성분,성분,2019-02-03,0.0
아하 성분,성분,2019-02-10,42.0
아하 성분,성분,2019-02-17,80.0
아하 성분,성분,2019-02-24,37.0
아하 성분,성분,2019-03-03,51.0
아하 성분,성분,2019-03-10,49.0
아하 성분,성분,2019-03-17,0.0
아하 성분,성분,2019-03-24,46.0
아하 성분,성분,2019-03-31,0.0
아하 성분,성분,2019-04-07,41.0
아하 성분,성분,2019-04-14,58.0
아하 성분,성분,2019-04-21,54.0
아하 성분,성분,2019-04-28,71.0
아하 성분,성분,2019-05-05,84.0
아하 성분,성분,2019-05-12,83.0
아하 성분,성분,2019-05-19,48.0
아하 성분,성분,2019-05-26,62.0
아하 성분,성분,2019-06-02,100.0
아하 성분,성분,2019-06-09,50.0
아하 성분,성분,2019-06-16,43.0
아하 성분,성분,2019-06-23,65.0
아하 성분,성분,2019-06-30,53.2082111437
아하 성분,성분,2019-07-07,0.0
아하 성분,성분,2019-07-14,0.0
아하 성분,성분,2019-07-21,58.1964809384
아하 성분,성분,2019-07-28,76.4868035191
아하 성분,성분,2019-08-04,63.1847507331
아하 성분,성분,2019-08-11,64.8475073314
아하 성분,성분,2019-08-18,0.0
아하 성분,성분,2019-08-25,49.8826979472
아하 성분,성분,2019-09-01,39.9061583578
아하 성분,성분,2019-09-08,53.2082111437
아하 성분,성분,2019-09-15,0.0
아하 성분,성분,2019-09-22,51.5454545455
아하 성분,성분,2019-09-29,0.0
아하 성분,성분,2019-10-06,51.5454545455
아하 성분,성분,2019-10-13,43.2316715543
아하 성분,성분,2019-10-20,48.219941349
아하 성분,성분,2019-10-27,0.0
아하 성분,성분,2019-11-03,66.5102639296
아하 성분,성분,2019-11-10,0.0
아하 성분,성분,2019-11-17,46.5571847507
아하 성분,성분,2019-11-24,63.1847507331
아하 성분,성분,2019-12-01,53.2082111437
아하 성분,성분,2019-12-08,38.2434017595
아하 성분,성분,2019-12-15,69.8357771261
아하 성분,성분,2019-12-22,71.4985337243
아하 성분,성분,2019-12-29,71.4985337243
아하 성분,성분,2020-01-05,88.1260997067
아하 성분,성분,2020-01-12,49.8826979472
아하 성분,성분,2020-01-19,71.4985337243
아하 성분,성분,2020-01-26,58.1964809384
아하 성분,성분,2020-02-02,59.8592375367
아하 성분,성분,2020-02-09,63.1847507331
아하 성분,성분,2020-02-16,51.5454545455
아하 성분,성분,2020-02-23,64.8475073314
아하 성분,성분,2020-03-01,41.568914956
아하 성분,성분,2020-03-08,54.8709677419
아하 성분,성분,2020-03-15,68.1730205279
아하 성분,성분,2020-03-22,78.1495601173
아하 성분,성분,2020-03-29,94.7771260997
아하 성분,성분,2020-04-05,83.137829912
아하 성분,성분,2020-04-12,94.7771260997
아하 성분,성분,2020-04-19,128.0322580645
아하 성분,성분,2020-04-26,103.0909090909
아하 성분,성분,2020-05-03,118.0557184751
아하 성분,성분,2020-05-10,98.1026392962
아하 성분,성분,2020-05-17,138.008797654
아하 성분,성분,2020-05-24,133.0205278592
아하 성분,성분,2020-05-31,91.4516129032
아하 성분,성분,2020-06-07,96.4398826979
아하 성분,성분,2020-06-14,106.4164222874
아하 성분,성분,2020-06-21,106.4164222874
아하 성분,성분,2020-06-28,113.0674486804
아하 성분,성분,2020-07-05,103.0909090909
아하 성분,성분,2020-07-12,131.357771261
아하 성분,성분,2020-07-19,86.4633431085
아하 성분,성분,2020-07-26,133.0205278592
아하 성분,성분,2020-08-02,86.4633431085
아하 성분,성분,2020-08-09,106.4164222874
아하 성분,성분,2020-08-16,94.7771260997
아하 성분,성분,2020-08-23,101.4281524927
아하 성분,성분,2020-08-30,91.4516129032
아하 성분,성분,2020-09-06,106.4164222874
아하 성분,성분,2020-09-13,119.7184750733
아하 성분,성분,2020-09-20,104.7536656891
아하 성분,성분,2020-09-27,93.1143695015
아하 성분,성분,2020-10-04,83.137829912
아하 성분,성분,2020-10-11,81.4750733138
아하 성분,성분,2020-10-18,58.1964809384
아하 성분,성분,2020-10-25,64.8475073314
아하 성분,성분,2020-11-01,74.8240469208
아하 성분,성분,2020-11-08,74.8240469208
아하 성분,성분,2020-11-15,69.8357771261
아하 성분,성분,2020-11-22,118.0557184751
아하 성분,성분,2020-11-29,113.0674486804
아하 성분,성분,2020-12-06,91.4516129032
아하 성분,성분,2020-12-13,109.7419354839
아하 성분,성분,2020-12-20,131.357771261
아하 성분,성분,2020-12-27,139.6715542522
아하 성분,성분,2021-01-03,128.0322580645
아하 성분,성분,2021-01-10,78.1495601173
아하 성분,성분,2021-01-17,124.706744868
아하 성분,성분,2021-01-24,96.4398826979
아하 성분,성분,2021-01-31,103.0909090909
아하 성분,성분,2021-02-07,106.4164222874
아하 성분,성분,2021-02-14,89.788856305
아하 성분,성분,2021-02-21,109.7419354839
아하 성분,성분,2021-02-28,113.0674486804
아하 성분,성분,2021-03-07,99.7653958944
아하 성분,성분,2021-03-14,84.8005865103
아하 성분,성분,2021-03-21,71.4985337243
아하 성분,성분,2021-03-28,119.7184750733
아하 성분,성분,2021-04-04,123.0439882698
아하 성분,성분,2021-04-11,78.1495601173
아하 성분,성분,2021-04-18,124.706744868
아하 성분,성분,2021-04-25,88.1260997067
아하 성분,성분,2021-05-02,113.0674486804
아하 성분,성분,2021-05-09,109.7419354839
아하 성분,성분,2021-05-16,139.6715542522
아하 성분,성분,2021-05-23,81.4750733138
아하 성분,성분,2021-05-30,63.1847507331
아하 성분,성분,2021-06-06,73.1612903226
아하 성분,성분,2021-06-13,79.8123167155
아하 성분,성분,2021-06-20,68.1730205279
아하 성분,성분,2021-06-27,71.4985337243
아하 성분,성분,2021-07-04,103.0909090909
아하 성분,성분,2021-07-11,83.137829912
아하 성분,성분,2021-07-18,71.4985337243
아하 성분,성분,2021-07-25,54.8709677419
아하 성분,성분,2021-08-01,56.5337243402
아하 성분,성분,2021-08-08,106.4164222874
아하 성분,성분,2021-08-15,43.2316715543
아하 성분,성분,2021-08-22,71.4985337243
아하 성분,성분,2021-08-29,93.1143695015
아하 성분,성분,2021-09-05,66.5102639296
아하 성분,성분,2021-09-12,69.8357771261
아하 성분,성분,2021-09-19,76.4868035191
아하 성분,성분,2021-09-26,53.2082111437
아하 성분,성분,2021-10-03,48.219941349
아하 성분,성분,2021-10-10,64.8475073314
아하 성분,성분,2021-10-17,61.5219941349
아하 성분,성분,2021-10-24,43.2316715543
아하 성분,성분,2021-10-31,59.8592375367
아하 성분,성분,2021-11-07,68.1730205279
아하 성분,성분,2021-11-14,56.5337243402
아하 성분,성분,2021-11-21,71.4985337243
아하 성분,성분,2021-11-28,91.4516129032
아하 성분,성분,2021-12-05,66.5102639296
아하 성분,성분,2021-12-12,56.5337243402
아하 성분,성분,2021-12-19,76.4868035191
아하 성분,성분,2021-12-26,81.4750733138
아하 성분,성분,2022-01-02,96.4398826979
아하 성분,성분,2022-01-09,98.1026392962
아하 성분,성분,2022-01-16,41.568914956
아하 성분,성분,2022-01-23,111.4046920821
아하 성분,성분,2022-01-30,86.4633431085
아하 성분,성분,2022-02-06,89.788856305
아하 성분,성분,2022-02-13,56.5337243402
아하 성분,성분,2022-02-20,69.8357771261
아하 성분,성분,2022-02-27,81.4750733138
아하 성분,성분,2022-03-06,119.7184750733
아하 성분,성분,2022-03-13,98.1026392962
아하 성분,성분,2022-03-20,91.4516129032
아하 성분,성분,2022-03-27,64.8475073314
아하 성분,성분,2022-04-03,76.4868035191
아하 성분,성분,2022-04-10,99.7653958944
아하 성분,성분,2022-04-17,96.4398826979
아하 성분,성분,2022-04-24,101.4281524927
아하 성분,성분,2022-05-01,103.0909090909
아하 성분,성분,2022-05-08,84.8005865103
아하 성분,성분,2022-05-15,74.8240469208
아하 성분,성분,2022-05-22,64.8475073314
아하 성분,성분,2022-05-29,69.8357771261
아하 성분,성분,2022-06-05,96.4398826979
아하 성분,성분,2022-06-12,69.8357771261
아하 성분,성분,2022-06-19,91.4516129032
아하 성분,성분,2022-06-26,106.4164222874
아하 성분,성분,2022-07-03,83.137829912
아하 성분,성분,2022-07-10,73.1612903226
아하 성분,성분,2022-07-17,69.8357771261
아하 성분,성분,2022-07-24,54.8709677419
아하 성분,성분,2022-07-31,166.275659824
아하 성분,성분,2022-08-07,108.0791788856
아하 성분,성분,2022-08-14,106.4164222874
아하 성분,성분,2022-08-21,114.7302052786
아하 성분,성분,2022-08-28,58.1964809384
아하 성분,성분,2022-09-04,98.1026392962
아하 성분,성분,2022-09-11,104.7536656891
아하 성분,성분,2022-09-18,66.5102639296
아하 성분,성분,2022-09-25,48.219941349
아하 성분,성분,2022-10-02,93.1143695015
아하 성분,성분,2022-10-09,96.4398826979
아하 성분,성분,2022-10-16,68.1730205279
아하 성분,성분,2022-10-23,94.7771260997
아하 성분,성분,2022-10-30,63.1847507331
아하 성분,성분,2022-11-06,88.1260997067
아하 성분,성분,2022-11-13,61.5219941349
아하 성분,성분,2022-11-20,86.4633431085
아하 성분,성분,2022-11-27,73.1612903226
아하 성분,성분,2022-12-04,56.5337243402
아하 성분,성분,2022-12-11,98.1026392962
아하 성분,성분,2022-12-18,61.5219941349
아하 성분,성분,2022-12-25,111.4046920821
아하 성분,성분,2023-01-01,116.9190059175
아하 성분,성분,2023-01-08,94.1847547669
아하 성분,성분,2023-01-15,90.9370046025
아하 성분,성분,2023-01-22,113.6712557532
아하 성분,성분,2023-01-29,71.4505036163
아하 성분,성분,2023-02-05,97.4325049313
아하 성분,성분,2023-02-12,103.92800526
아하 성분,성분,2023-02-19,81.1937541094
아하 성분,성분,2023-02-26,107.1757554244
아하 성분,성분,2023-03-05,71.4505036163
아하 성분,성분,2023-03-12,94.1847547669
아하 성분,성분,2023-03-19,103.92800526
아하 성분,성분,2023-03-26,58.4595029588
아하 성분,성분,2023-04-02,94.1847547669
아하 성분,성분,2023-04-09,81.1937541094
아하 성분,성분,2023-04-16,84.4415042738
아하 성분,성분,2023-04-23,81.1937541094
아하 성분,성분,2023-04-30,103.92800526
아하 성분,성분,2023-05-07,81.1937541094
아하 성분,성분,2023-05-14,84.4415042738
아하 성분,성분,2023-05-21,81.1937541094
아하 성분,성분,2023-05-28,84.4415042738
아하 성분,성분,2023-06-04,87.6892544382
아하 성분,성분,2023-06-11,77.946003945
아하 성분,성분,2023-06-18,110.4235055888
아하 성분,성분,2023-06-25,103.92800526
아하 성분,성분,2023-07-02,94.1847547669
아하 성분,성분,2023-07-09,84.4415042738
아하 성분,성분,2023-07-16,87.6892544382
아하 성분,성분,2023-07-23,87.6892544382
아하 성분,성분,2023-07-30,113.6712557532
아하 성분,성분,2023-08-06,107.1757554244
아하 성분,성분,2023-08-13,110.4235055888
아하 성분,성분,2023-08-20,129.910006575
아하 성분,성분,2023-08-27,120.1667560819
아하 성분,성분,2023-09-03,103.92800526
아하 성분,성분,2023-09-10,61.7072531231
아하 성분,성분,2023-09-17,107.1757554244
아하 성분,성분,2023-09-24,81.1937541094
아하 성분,성분,2023-10-01,126.6622564107
아하 성분,성분,2023-10-08,123.4145062463
아하 성분,성분,2023-10-15,64.9550032875
아하 성분,성분,2023-10-22,97.4325049313
아하 성분,성분,2023-10-29,107.1757554244
아하 성분,성분,2023-11-05,97.4325049313
아하 성분,성분,2023-11-12,139.6532570682
아하 성분,성분,2023-11-19,81.1937541094
아하 성분,성분,2023-11-26,116.9190059175
아하 성분,성분,2023-12-03,116.9190059175
아하 성분,성분,2023-12-10,129.910006575
아하 성분,성분,2023-12-17,81.1937541094
아하 성분,성분,2023-12-24,149.3965075613
아하 성분,성분,2023-12-31,133.1577567394
아하 성분,성분,2024-01-07,126.6622564107
아하 성분,성분,2024-01-14,94.1847547669
아하 성분,성분,2024-01-21,136.4055069038
아하 성분,성분,2024-01-28,146.1487573969
아하 성분,성분,2024-02-04,90.9370046025
아하 성분,성분,2024-02-11,94.1847547669
아하 성분,성분,2024-02-18,103.92800526
아하 성분,성분,2024-02-25,113.6712557532
아하 성분,성분,2024-03-03,94.1847547669
아하 성분,성분,2024-03-10,120.1667560819
아하 성분,성분,2024-03-17,103.92800526
아하 성분,성분,2024-03-24,107.1757554244
아하 성분,성분,2024-03-31,126.6622564107
아하 성분,성분,2024-04-07,94.1847547669
아하 성분,성분,2024-04-14,77.946003945
아하 성분,성분,2024-04-21,100.6802550957
아하 성분,성분,2024-04-28,77.946003945
아하 성분,성분,2024-05-05,74.6982537807
아하 성분,성분,2024-05-12,110.4235055888
아하 성분,성분,2024-05-19,129.910006575
아하 성분,성분,2024-05-26,87.6892544382
아하 성분,성분,2024-06-02,90.9370046025
아하 성분,성분,2024-06-09,116.9190059175
아하 성분,성분,2024-06-16,116.9190059175
아하 성분,성분,2024-06-23,77.946003945
아하 성분,성분,2024-06-30,97.4325049313
아하 성분,성분,2024-07-07,77.946003945
아하 성분,성분,2024-07-14,113.6712557532
아하 성분,성분,2024-07-21,71.4505036163
아하 성분,성분,2024-07-28,94.1847547669
아하 성분,성분,2024-08-04,113.6712557532
아하 성분,성분,2024-08-11,84.4415042738
아하 성분,성분,2024-08-18,81.1937541094
아하 성분,성분,2024-08-25,126.6622564107
아하 성분,성분,2024-09-01,120.1667560819
아하 성분,성분,2024-09-08,68.2027534519
아하 성분,성분,2024-09-15,48.7162524656
아하 성분,성분,2024-09-22,84.4415042738
아하 성분,성분,2024-09-29,116.9190059175
아하 성분,성분,2024-10-06,81.1937541094
아하 성분,성분,2024-10-13,71.4505036163
아하 성분,성분,2024-10-20,77.946003945
아하 성분,성분,2024-10-27,100.6802550957
아하 성분,성분,2024-11-03,87.6892544382
아하 성분,성분,2024-11-10,87.6892544382
아하 성분,성분,2024-11-17,133.1577567394
아하 성분,성분,2024-11-24,90.9370046025
아하 성분,성분,2024-12-01,87.6892544382
아하 성분,성분,2024-12-08,87.6892544382
아하 성분,성분,2024-12-15,71.4505036163
아하 성분,성분,2024-12-22,136.4055069038
아하 성분,성분,2024-12-29,120.1667560819
아하 성분,성분,2025-01-05,110.4235055888
아하 성분,성분,2025-01-12,100.6802550957
아하 성분,성분,2025-01-19,94.1847547669
아하 성분,성분,2025-01-26,107.1757554244
아하 성분,성분,2025-02-02,120.1667560819
아하 성분,성분,2025-02-09,120.1667560819
아하 성분,성분,2025-02-16,123.4145062463
아하 성분,성분,2025-02-23,120.1667560819
아하 성분,성분,2025-03-02,107.1757554244
아하 성분,성분,2025-03-09,81.1937541094
아하 성분,성분,2025-03-16,103.92800526
아하 성분,성분,2025-03-23,100.6802550957
아하 성분,성분,2025-03-30,113.6712557532
아하 성분,성분,2025-04-06,81.1937541094
아하 성분,성분,2025-04-13,136.4055069038
아하 성분,성분,2025-04-20,126.6622564107
아하 성분,성분,2025-04-27,133.1577567394
아하 성분,성분,2025-05-04,90.9370046025
아하 성분,성분,2025-05-11,126.6622564107
아하 성분,성분,2025-05-18,90.9370046025
아하 성분,성분,2025-05-25,74.6982537807
아하 성분,성분,2025-06-01,90.9370046025
아하 성분,성분,2025-06-08,84.4415042738
아하 성분,성분,2025-06-15,81.1937541094
아하 성분,성분,2025-06-22,129.910006575
아하 성분,성분,2025-06-29,64.9550032875
아하 성분,성분,2025-07-06,87.6892544382
아하 성분,성분,2025-07-13,90.9370046025
아하 성분,성분,2025-07-20,149.3965075613
아하 성분,성분,2025-07-27,172.1307587119
아하 성분,성분,2025-08-03,126.6622564107
아하 성분,성분,2025-08-10,81.1937541094
아하 성분,성분,2025-08-17,116.9190059175
아하 성분,성분,2025-08-24,103.92800526
아하 성분,성분,2025-08-31,120.1667560819
아하 성분,성분,2025-09-07,113.6712557532
아하 성분,성분,2025-09-14,74.6982537807
아하 성분,성분,2025-09-21,74.6982537807
아하 성분,성분,2025-09-28,100.6802550957
아하 성분,성분,2025-10-05,64.9550032875
아하 성분,성분,2025-10-12,113.6712557532
아하 성분,성분,2025-10-19,84.4415042738
아하 성분,성분,2025-10-26,90.9370046025
아하 성분,성분,2025-11-02,90.9370046025
아하 성분,성분,2025-11-09,146.1487573969
아하 성분,성분,2025-11-16,139.6532570682
아하 성분,성분,2025-11-23,149.3965075613
아하 성분,성분,2025-11-30,230.5902616707
아하 성분,성분,2025-12-07,139.6532570682
아하 성분,성분,2025-12-14,181.8740092051
아하 성분,성분,2025-12-21,181.8740092051
아하 성분,성분,2025-12-28,146.1487573969
아하 성분,성분,2026-01-04,198.1127600269
아하 성분,성분,2026-01-11,142.9010072326
아하 성분,성분,2026-01-18,188.3695095338
아하 성분,성분,2026-01-25,204.6082603557
아하 성분,성분,2026-02-01,149.3965075613
아하 성분,성분,2026-02-08,136.4055069038
아하 성분,성분,2026-02-15,152.6442577257
아하 성분,성분,2026-02-22,155.8920078901
아하 성분,성분,2026-03-01,201.3605101913
아하 성분,성분,2026-03-08,250.076762657
아하 성분,성분,2026-03-15,217.5992610132
아하 성분,성분,2026-03-22,256.5722629857
아하 성분,성분,2026-03-29,246.8290124926
아하 성분,성분,2026-04-05,256.5722629857
아하 성분,성분,2026-04-12,324.7750164376
아하 성분,성분,2026-04-19,191.6172596982
아하 성분,성분,2026-04-26,217.5992610132
아하 성분,성분,2026-05-03,139.6532570682
아하 성분,성분,2026-05-10,201.3605101913
아하 성분,성분,2026-05-17,185.1217593694
아하 성분,성분,2026-05-24,207.8560105201
아하 성분,성분,2026-05-31,201.3605101913
아하 성분,성분,2026-06-07,175.3785088763
아하 성분,성분,2026-06-14,172.1307587119
아하 성분,성분,2026-06-21,204.6082603557
아하 성분,성분,2026-06-28,217.5992610132
아하 성분,성분,2026-07-05,142.9010072326
아하 성분,성분,2026-07-12,87.6892544382
아하 성분,성분,2026-07-19,126.6622564107
아하 성분,성분,2026-07-26,77.946003945
아하 성분,성분,2026-08-02,90.9370046025
아하 성분,성분,2026-08-09,68.2027534519
아하 성분,성분,2026-08-16,74.6982537807
아하 성분,성분,2026-08-23,107.1757554244
아하 성분,성분,2026-08-30,58.4595029588
아하 성분,성분,2026-09-06,90.9370046025
아하 성분,성분,2026-09-13,84.4415042738
아하 성분,성분,2026-09-20,74.6982537807
살리실산,성분,2015-12-27,55.0
살리실산,성분,2016-01-03,57.0
살리실산,성분,2016-01-10,50.0
살리실산,성분,2016-01-17,53.0
살리실산,성분,2016-01-24,61.0
살리실산,성분,2016-01-31,63.0
살리실산,성분,2016-02-07,63.0
살리실산,성분,2016-02-14,62.0
살리실산,성분,2016-02-21,71.0
살리실산,성분,2016-02-28,69.0
살리실산,성분,2016-03-06,68.0
살리실산,성분,2016-03-13,63.0
살리실산,성분,2016-03-20,72.0
살리실산,성분,2016-03-27,64.0
살리실산,성분,2016-04-03,69.0
살리실산,성분,2016-04-10,73.0
살리실산,성분,2016-04-17,66.0
살리실산,성분,2016-04-24,61.0
살리실산,성분,2016-05-01,62.0
살리실산,성분,2016-05-08,65.0
살리실산,성분,2016-05-15,59.0
살리실산,성분,2016-05-22,57.0
살리실산,성분,2016-05-29,56.0
살리실산,성분,2016-06-05,55.0
살리실산,성분,2016-06-12,54.0
살리실산,성분,2016-06-19,54.0
살리실산,성분,2016-06-26,57.0
살리실산,성분,2016-07-03,55.0
살리실산,성분,2016-07-10,53.0
살리실산,성분,2016-07-17,58.0
살리실산,성분,2016-07-24,55.0
살리실산,성분,2016-07-31,60.0
살리실산,성분,2016-08-07,56.0
살리실산,성분,2016-08-14,51.0
살리실산,성분,2016-08-21,56.0
살리실산,성분,2016-08-28,58.0
살리실산,성분,2016-09-04,58.0
살리실산,성분,2016-09-11,61.0
살리실산,성분,2016-09-18,69.0
살리실산,성분,2016-09-25,60.0
살리실산,성분,2016-10-02,68.0
살리실산,성분,2016-10-09,61.0
살리실산,성분,2016-10-16,68.0
살리실산,성분,2016-10-23,58.0
살리실산,성분,2016-10-30,68.0
살리실산,성분,2016-11-06,59.0
살리실산,성분,2016-11-13,59.0
살리실산,성분,2016-11-20,49.0
살리실산,성분,2016-11-27,62.0
살리실산,성분,2016-12-04,56.0
살리실산,성분,2016-12-11,48.0
살리실산,성분,2016-12-18,45.0
살리실산,성분,2016-12-25,52.0
살리실산,성분,2017-01-01,54.0
살리실산,성분,2017-01-08,55.0
살리실산,성분,2017-01-15,55.0
살리실산,성분,2017-01-22,66.0
살리실산,성분,2017-01-29,71.0
살리실산,성분,2017-02-05,69.0
살리실산,성분,2017-02-12,68.0
살리실산,성분,2017-02-19,72.0
살리실산,성분,2017-02-26,70.0
살리실산,성분,2017-03-05,70.0
살리실산,성분,2017-03-12,68.0
살리실산,성분,2017-03-19,73.0
살리실산,성분,2017-03-26,73.0
살리실산,성분,2017-04-02,72.0
살리실산,성분,2017-04-09,76.0
살리실산,성분,2017-04-16,70.0
살리실산,성분,2017-04-23,69.0
살리실산,성분,2017-04-30,70.0
살리실산,성분,2017-05-07,64.0
살리실산,성분,2017-05-14,69.0
살리실산,성분,2017-05-21,62.0
살리실산,성분,2017-05-28,63.0
살리실산,성분,2017-06-04,70.0
살리실산,성분,2017-06-11,71.0
살리실산,성분,2017-06-18,68.0
살리실산,성분,2017-06-25,62.0
살리실산,성분,2017-07-02,63.0
살리실산,성분,2017-07-09,69.0
살리실산,성분,2017-07-16,68.0
살리실산,성분,2017-07-23,71.0
살리실산,성분,2017-07-30,73.0
살리실산,성분,2017-08-06,71.0
살리실산,성분,2017-08-13,60.0
살리실산,성분,2017-08-20,67.0
살리실산,성분,2017-08-27,65.0
살리실산,성분,2017-09-03,66.0
살리실산,성분,2017-09-10,70.0
살리실산,성분,2017-09-17,76.0
살리실산,성분,2017-09-24,75.0
살리실산,성분,2017-10-01,71.0
살리실산,성분,2017-10-08,77.0
살리실산,성분,2017-10-15,77.0
살리실산,성분,2017-10-22,78.0
살리실산,성분,2017-10-29,74.0
살리실산,성분,2017-11-05,85.0
살리실산,성분,2017-11-12,84.0
살리실산,성분,2017-11-19,59.0
살리실산,성분,2017-11-26,74.0
살리실산,성분,2017-12-03,67.0
살리실산,성분,2017-12-10,63.0
살리실산,성분,2017-12-17,59.0
살리실산,성분,2017-12-24,61.0
살리실산,성분,2017-12-31,65.0
살리실산,성분,2018-01-07,69.0
살리실산,성분,2018-01-14,73.0
살리실산,성분,2018-01-21,75.0
살리실산,성분,2018-01-28,80.0
살리실산,성분,2018-02-04,83.0
살리실산,성분,2018-02-11,89.0
살리실산,성분,2018-02-18,83.0
살리실산,성분,2018-02-25,77.0
살리실산,성분,2018-03-04,80.0
살리실산,성분,2018-03-11,81.0
살리실산,성분,2018-03-18,78.0
살리실산,성분,2018-03-25,81.0
살리실산,성분,2018-04-01,85.0
살리실산,성분,2018-04-08,83.0
살리실산,성분,2018-04-15,85.0
살리실산,성분,2018-04-22,84.0
살리실산,성분,2018-04-29,78.0
살리실산,성분,2018-05-06,80.0
살리실산,성분,2018-05-13,81.0
살리실산,성분,2018-05-20,77.0
살리실산,성분,2018-05-27,82.0
살리실산,성분,2018-06-03,79.0
살리실산,성분,2018-06-10,79.0
살리실산,성분,2018-06-17,75.0
살리실산,성분,2018-06-24,80.0
살리실산,성분,2018-07-01,75.0
살리실산,성분,2018-07-08,72.0
살리실산,성분,2018-07-15,84.0
살리실산,성분,2018-07-22,82.0
살리실산,성분,2018-07-29,82.0
살리실산,성분,2018-08-05,88.0
살리실산,성분,2018-08-12,82.0
살리실산,성분,2018-08-19,71.0
살리실산,성분,2018-08-26,76.0
살리실산,성분,2018-09-02,75.0
살리실산,성분,2018-09-09,88.0
살리실산,성분,2018-09-16,91.0
살리실산,성분,2018-09-23,87.0
살리실산,성분,2018-09-30,75.0
살리실산,성분,2018-10-07,81.0
살리실산,성분,2018-10-14,82.0
살리실산,성분,2018-10-21,80.0
살리실산,성분,2018-10-28,82.0
살리실산,성분,2018-11-04,85.0
살리실산,성분,2018-11-11,79.0
살리실산,성분,2018-11-18,68.0
살리실산,성분,2018-11-25,78.0
살리실산,성분,2018-12-02,76.0
살리실산,성분,2018-12-09,70.0
살리실산,성분,2018-12-16,71.0
살리실산,성분,2018-12-23,71.0
살리실산,성분,2018-12-30,85.0
살리실산,성분,2019-01-06,78.0
살리실산,성분,2019-01-13,77.0
살리실산,성분,2019-01-20,92.0
살리실산,성분,2019-01-27,85.0
살리실산,성분,2019-02-03,84.0
살리실산,성분,2019-02-10,84.0
살리실산,성분,2019-02-17,90.0
살리실산,성분,2019-02-24,85.0
살리실산,성분,2019-03-03,89.0
살리실산,성분,2019-03-10,80.0
살리실산,성분,2019-03-17,82.0
살리실산,성분,2019-03-24,87.0
살리실산,성분,2019-03-31,93.0
살리실산,성분,2019-04-07,95.0
살리실산,성분,2019-04-14,91.0
살리실산,성분,2019-04-21,91.0
살리실산,성분,2019-04-28,90.0
살리실산,성분,2019-05-05,78.0
살리실산,성분,2019-05-12,81.0
살리실산,성분,2019-05-19,80.0
살리실산,성분,2019-05-26,85.0
살리실산,성분,2019-06-02,86.0
살리실산,성분,2019-06-09,84.0
살리실산,성분,2019-06-16,95.0
살리실산,성분,2019-06-23,83.0
살리실산,성분,2019-06-30,82.7907303371
살리실산,성분,2019-07-07,92.9283707865
살리실산,성분,2019-07-14,92.9283707865
살리실산,성분,2019-07-21,92.9283707865
살리실산,성분,2019-07-28,97.9971910112
살리실산,성분,2019-08-04,99.6867977528
살리실산,성분,2019-08-11,97.9971910112
살리실산,성분,2019-08-18,91.2387640449
살리실산,성분,2019-08-25,84.4803370787
살리실산,성분,2019-09-01,86.1699438202
살리실산,성분,2019-09-08,94.6179775281
살리실산,성분,2019-09-15,96.3075842697
살리실산,성분,2019-09-22,96.3075842697
살리실산,성분,2019-09-29,89.5491573034
살리실산,성분,2019-10-06,92.9283707865
살리실산,성분,2019-10-13,86.1699438202
살리실산,성분,2019-10-20,89.5491573034
살리실산,성분,2019-10-27,86.1699438202
살리실산,성분,2019-11-03,92.9283707865
살리실산,성분,2019-11-10,91.2387640449
살리실산,성분,2019-11-17,87.8595505618
살리실산,성분,2019-11-24,77.7219101124
살리실산,성분,2019-12-01,82.7907303371
살리실산,성분,2019-12-08,77.7219101124
살리실산,성분,2019-12-15,70.9634831461
살리실산,성분,2019-12-22,79.4115168539
살리실산,성분,2019-12-29,94.6179775281
살리실산,성분,2020-01-05,104.7556179775
살리실산,성분,2020-01-12,91.2387640449
살리실산,성분,2020-01-19,97.9971910112
살리실산,성분,2020-01-26,103.066011236
살리실산,성분,2020-02-02,94.6179775281
살리실산,성분,2020-02-09,106.4452247191
살리실산,성분,2020-02-16,106.4452247191
살리실산,성분,2020-02-23,106.4452247191
살리실산,성분,2020-03-01,97.9971910112
살리실산,성분,2020-03-08,87.8595505618
살리실산,성분,2020-03-15,65.8946629213
살리실산,성분,2020-03-22,86.1699438202
살리실산,성분,2020-03-29,92.9283707865
살리실산,성분,2020-04-05,103.066011236
살리실산,성분,2020-04-12,108.1348314607
살리실산,성분,2020-04-19,119.9620786517
살리실산,성분,2020-04-26,125.0308988764
살리실산,성분,2020-05-03,125.0308988764
살리실산,성분,2020-05-10,130.0997191011
살리실산,성분,2020-05-17,131.7893258427
살리실산,성분,2020-05-24,135.1685393258
살리실산,성분,2020-05-31,121.6516853933
살리실산,성분,2020-06-07,128.4101123596
살리실산,성분,2020-06-14,130.0997191011
살리실산,성분,2020-06-21,140.2373595506
살리실산,성분,2020-06-28,141.9269662921
살리실산,성분,2020-07-05,135.1685393258
살리실산,성분,2020-07-12,146.9957865169
살리실산,성분,2020-07-19,138.547752809
살리실산,성분,2020-07-26,138.547752809
살리실산,성분,2020-08-02,150.375
살리실산,성분,2020-08-09,157.1334269663
살리실산,성분,2020-08-16,135.1685393258
살리실산,성분,2020-08-23,133.4789325843
살리실산,성분,2020-08-30,138.547752809
살리실산,성분,2020-09-06,143.6165730337
살리실산,성분,2020-09-13,140.2373595506
살리실산,성분,2020-09-20,131.7893258427
살리실산,성분,2020-09-27,140.2373595506
살리실산,성분,2020-10-04,135.1685393258
살리실산,성분,2020-10-11,150.375
살리실산,성분,2020-10-18,136.8581460674
살리실산,성분,2020-10-25,135.1685393258
살리실산,성분,2020-11-01,141.9269662921
살리실산,성분,2020-11-08,158.8230337079
살리실산,성분,2020-11-15,152.0646067416
살리실산,성분,2020-11-22,148.6853932584
살리실산,성분,2020-11-29,130.0997191011
살리실산,성분,2020-12-06,125.0308988764
살리실산,성분,2020-12-13,119.9620786517
살리실산,성분,2020-12-20,113.2036516854
살리실산,성분,2020-12-27,160.5126404494
살리실산,성분,2021-01-03,135.1685393258
살리실산,성분,2021-01-10,136.8581460674
살리실산,성분,2021-01-17,148.6853932584
살리실산,성분,2021-01-24,143.6165730337
살리실산,성분,2021-01-31,152.0646067416
살리실산,성분,2021-02-07,145.3061797753
살리실산,성분,2021-02-14,146.9957865169
살리실산,성분,2021-02-21,158.8230337079
살리실산,성분,2021-02-28,150.375
살리실산,성분,2021-03-07,141.9269662921
살리실산,성분,2021-03-14,131.7893258427
살리실산,성분,2021-03-21,136.8581460674
살리실산,성분,2021-03-28,128.4101123596
살리실산,성분,2021-04-04,128.4101123596
살리실산,성분,2021-04-11,143.6165730337
살리실산,성분,2021-04-18,128.4101123596
살리실산,성분,2021-04-25,123.3412921348
살리실산,성분,2021-05-02,116.5828651685
살리실산,성분,2021-05-09,114.893258427
살리실산,성분,2021-05-16,118.2724719101
살리실산,성분,2021-05-23,116.5828651685
살리실산,성분,2021-05-30,116.5828651685
살리실산,성분,2021-06-06,119.9620786517
살리실산,성분,2021-06-13,131.7893258427
살리실산,성분,2021-06-20,125.0308988764
살리실산,성분,2021-06-27,116.5828651685
살리실산,성분,2021-07-04,118.2724719101
살리실산,성분,2021-07-11,125.0308988764
살리실산,성분,2021-07-18,135.1685393258
살리실산,성분,2021-07-25,130.0997191011
살리실산,성분,2021-08-01,128.4101123596
살리실산,성분,2021-08-08,125.0308988764
살리실산,성분,2021-08-15,126.720505618
살리실산,성분,2021-08-22,119.9620786517
살리실산,성분,2021-08-29,114.893258427
살리실산,성분,2021-09-05,111.5140449438
살리실산,성분,2021-09-12,121.6516853933
살리실산,성분,2021-09-19,123.3412921348
살리실산,성분,2021-09-26,123.3412921348
살리실산,성분,2021-10-03,118.2724719101
살리실산,성분,2021-10-10,116.5828651685
살리실산,성분,2021-10-17,118.2724719101
살리실산,성분,2021-10-24,119.9620786517
살리실산,성분,2021-10-31,109.8244382022
살리실산,성분,2021-11-07,119.9620786517
살리실산,성분,2021-11-14,113.2036516854
살리실산,성분,2021-11-21,109.8244382022
살리실산,성분,2021-11-28,118.2724719101
살리실산,성분,2021-12-05,103.066011236
살리실산,성분,2021-12-12,96.3075842697
살리실산,성분,2021-12-19,101.3764044944
살리실산,성분,2021-12-26,114.893258427
살리실산,성분,2022-01-02,126.720505618
살리실산,성분,2022-01-09,118.2724719101
살리실산,성분,2022-01-16,125.0308988764
살리실산,성분,2022-01-23,130.0997191011
살리실산,성분,2022-01-30,130.0997191011
살리실산,성분,2022-02-06,141.9269662921
살리실산,성분,2022-02-13,148.6853932584
살리실산,성분,2022-02-20,155.4438202247
살리실산,성분,2022-02-27,141.9269662921
살리실산,성분,2022-03-06,140.2373595506
살리실산,성분,2022-03-13,148.6853932584
살리실산,성분,2022-03-20,152.0646067416
살리실산,성분,2022-03-27,148.6853932584
살리실산,성분,2022-04-03,131.7893258427
살리실산,성분,2022-04-10,141.9269662921
살리실산,성분,2022-04-17,145.3061797753
살리실산,성분,2022-04-24,143.6165730337
살리실산,성분,2022-05-01,138.547752809
살리실산,성분,2022-05-08,128.4101123596
살리실산,성분,2022-05-15,135.1685393258
살리실산,성분,2022-05-22,128.4101123596
살리실산,성분,2022-05-29,128.4101123596
살리실산,성분,2022-06-05,130.0997191011
살리실산,성분,2022-06-12,130.0997191011
살리실산,성분,2022-06-19,141.9269662921
살리실산,성분,2022-06-26,148.6853932584
살리실산,성분,2022-07-03,126.720505618
살리실산,성분,2022-07-10,152.0646067416
살리실산,성분,2022-07-17,143.6165730337
살리실산,성분,2022-07-24,150.375
살리실산,성분,2022-07-31,146.9957865169
살리실산,성분,2022-08-07,157.1334269663
살리실산,성분,2022-08-14,143.6165730337
살리실산,성분,2022-08-21,148.6853932584
살리실산,성분,2022-08-28,141.9269662921
살리실산,성분,2022-09-04,145.3061797753
살리실산,성분,2022-09-11,143.6165730337
살리실산,성분,2022-09-18,141.9269662921
살리실산,성분,2022-09-25,146.9957865169
살리실산,성분,2022-10-02,150.375
살리실산,성분,2022-10-09,150.375
살리실산,성분,2022-10-16,133.4789325843
살리실산,성분,2022-10-23,131.7893258427
살리실산,성분,2022-10-30,135.1685393258
살리실산,성분,2022-11-06,135.1685393258
살리실산,성분,2022-11-13,130.0997191011
살리실산,성분,2022-11-20,125.0308988764
살리실산,성분,2022-11-27,128.4101123596
살리실산,성분,2022-12-04,130.0997191011
살리실산,성분,2022-12-11,131.7893258427
살리실산,성분,2022-12-18,131.7893258427
살리실산,성분,2022-12-25,157.1334269663
살리실산,성분,2023-01-01,151.7368928744
살리실산,성분,2023-01-08,145.1396366624
살리실산,성분,2023-01-15,151.7368928744
살리실산,성분,2023-01-22,158.3341490863
살리실산,성분,2023-01-29,158.3341490863
살리실산,성분,2023-02-05,171.5286615102
살리실산,성분,2023-02-12,151.7368928744
살리실산,성분,2023-02-19,164.9314052982
살리실산,성분,2023-02-26,164.9314052982
살리실산,성분,2023-03-05,158.3341490863
살리실산,성분,2023-03-12,151.7368928744
살리실산,성분,2023-03-19,164.9314052982
살리실산,성분,2023-03-26,158.3341490863
살리실산,성분,2023-04-02,158.3341490863
살리실산,성분,2023-04-09,171.5286615102
살리실산,성분,2023-04-16,164.9314052982
살리실산,성분,2023-04-23,158.3341490863
살리실산,성분,2023-04-30,164.9314052982
살리실산,성분,2023-05-07,158.3341490863
살리실산,성분,2023-05-14,151.7368928744
살리실산,성분,2023-05-21,151.7368928744
살리실산,성분,2023-05-28,151.7368928744
살리실산,성분,2023-06-04,164.9314052982
살리실산,성분,2023-06-11,164.9314052982
살리실산,성분,2023-06-18,164.9314052982
살리실산,성분,2023-06-25,171.5286615102
살리실산,성분,2023-07-02,171.5286615102
살리실산,성분,2023-07-09,171.5286615102
살리실산,성분,2023-07-16,171.5286615102
살리실산,성분,2023-07-23,184.723173934
살리실산,성분,2023-07-30,178.1259177221
살리실산,성분,2023-08-06,178.1259177221
살리실산,성분,2023-08-13,171.5286615102
살리실산,성분,2023-08-20,164.9314052982
살리실산,성분,2023-08-27,171.5286615102
살리실산,성분,2023-09-03,164.9314052982
살리실산,성분,2023-09-10,178.1259177221
살리실산,성분,2023-09-17,171.5286615102
살리실산,성분,2023-09-24,171.5286615102
살리실산,성분,2023-10-01,171.5286615102
살리실산,성분,2023-10-08,158.3341490863
살리실산,성분,2023-10-15,158.3341490863
살리실산,성분,2023-10-22,158.3341490863
살리실산,성분,2023-10-29,151.7368928744
살리실산,성분,2023-11-05,178.1259177221
살리실산,성분,2023-11-12,171.5286615102
살리실산,성분,2023-11-19,158.3341490863
살리실산,성분,2023-11-26,171.5286615102
살리실산,성분,2023-12-03,151.7368928744
살리실산,성분,2023-12-10,151.7368928744
살리실산,성분,2023-12-17,158.3341490863
살리실산,성분,2023-12-24,197.9176863579
살리실산,성분,2023-12-31,178.1259177221
살리실산,성분,2024-01-07,178.1259177221
살리실산,성분,2024-01-14,178.1259177221
살리실산,성분,2024-01-21,178.1259177221
살리실산,성분,2024-01-28,164.9314052982
살리실산,성분,2024-02-04,164.9314052982
살리실산,성분,2024-02-11,171.5286615102
살리실산,성분,2024-02-18,191.3204301459
살리실산,성분,2024-02-25,178.1259177221
살리실산,성분,2024-03-03,178.1259177221
살리실산,성분,2024-03-10,184.723173934
살리실산,성분,2024-03-17,178.1259177221
살리실산,성분,2024-03-24,178.1259177221
살리실산,성분,2024-03-31,178.1259177221
살리실산,성분,2024-04-07,171.5286615102
살리실산,성분,2024-04-14,171.5286615102
살리실산,성분,2024-04-21,178.1259177221
살리실산,성분,2024-04-28,158.3341490863
살리실산,성분,2024-05-05,158.3341490863
살리실산,성분,2024-05-12,164.9314052982
살리실산,성분,2024-05-19,164.9314052982
살리실산,성분,2024-05-26,171.5286615102
살리실산,성분,2024-06-02,171.5286615102
살리실산,성분,2024-06-09,171.5286615102
살리실산,성분,2024-06-16,178.1259177221
살리실산,성분,2024-06-23,178.1259177221
살리실산,성분,2024-06-30,178.1259177221
살리실산,성분,2024-07-07,184.723173934
살리실산,성분,2024-07-14,178.1259177221
살리실산,성분,2024-07-21,178.1259177221
살리실산,성분,2024-07-28,178.1259177221
살리실산,성분,2024-08-04,184.723173934
살리실산,성분,2024-08-11,178.1259177221
살리실산,성분,2024-08-18,171.5286615102
살리실산,성분,2024-08-25,191.3204301459
살리실산,성분,2024-09-01,171.5286615102
살리실산,성분,2024-09-08,164.9314052982
살리실산,성분,2024-09-15,184.723173934
살리실산,성분,2024-09-22,164.9314052982
살리실산,성분,2024-09-29,178.1259177221
살리실산,성분,2024-10-06,164.9314052982
살리실산,성분,2024-10-13,158.3341490863
살리실산,성분,2024-10-20,171.5286615102
살리실산,성분,2024-10-27,164.9314052982
살리실산,성분,2024-11-03,151.7368928744
살리실산,성분,2024-11-10,164.9314052982
살리실산,성분,2024-11-17,171.5286615102
살리실산,성분,2024-11-24,164.9314052982
살리실산,성분,2024-12-01,164.9314052982
살리실산,성분,2024-12-08,151.7368928744
살리실산,성분,2024-12-15,158.3341490863
살리실산,성분,2024-12-22,178.1259177221
살리실산,성분,2024-12-29,197.9176863579
살리실산,성분,2025-01-05,171.5286615102
살리실산,성분,2025-01-12,184.723173934
살리실산,성분,2025-01-19,164.9314052982
살리실산,성분,2025-01-26,197.9176863579
살리실산,성분,2025-02-02,171.5286615102
살리실산,성분,2025-02-09,164.9314052982
살리실산,성분,2025-02-16,178.1259177221
살리실산,성분,2025-02-23,184.723173934
살리실산,성분,2025-03-02,178.1259177221
살리실산,성분,2025-03-09,184.723173934
살리실산,성분,2025-03-16,178.1259177221
살리실산,성분,2025-03-23,178.1259177221
살리실산,성분,2025-03-30,178.1259177221
살리실산,성분,2025-04-06,184.723173934
살리실산,성분,2025-04-13,184.723173934
살리실산,성분,2025-04-20,197.9176863579
살리실산,성분,2025-04-27,171.5286615102
살리실산,성분,2025-05-04,164.9314052982
살리실산,성분,2025-05-11,171.5286615102
살리실산,성분,2025-05-18,171.5286615102
살리실산,성분,2025-05-25,191.3204301459
살리실산,성분,2025-06-01,178.1259177221
살리실산,성분,2025-06-08,178.1259177221
살리실산,성분,2025-06-15,191.3204301459
살리실산,성분,2025-06-22,191.3204301459
살리실산,성분,2025-06-29,178.1259177221
살리실산,성분,2025-07-06,191.3204301459
살리실산,성분,2025-07-13,211.1121987817
살리실산,성분,2025-07-20,283.6820171129
살리실산,성분,2025-07-27,316.6682981726
살리실산,성분,2025-08-03,204.5149425698
살리실산,성분,2025-08-10,191.3204301459
살리실산,성분,2025-08-17,178.1259177221
살리실산,성분,2025-08-24,171.5286615102
살리실산,성분,2025-08-31,171.5286615102
살리실산,성분,2025-09-07,164.9314052982
살리실산,성분,2025-09-14,171.5286615102
살리실산,성분,2025-09-21,178.1259177221
살리실산,성분,2025-09-28,178.1259177221
살리실산,성분,2025-10-05,184.723173934
살리실산,성분,2025-10-12,178.1259177221
살리실산,성분,2025-10-19,184.723173934
살리실산,성분,2025-10-26,184.723173934
살리실산,성분,2025-11-02,211.1121987817
살리실산,성분,2025-11-09,224.3067112056
살리실산,성분,2025-11-16,237.5012236294
살리실산,성분,2025-11-23,230.9039674175
살리실산,성분,2025-11-30,230.9039674175
살리실산,성분,2025-12-07,204.5149425698
살리실산,성분,2025-12-14,191.3204301459
살리실산,성분,2025-12-21,204.5149425698
살리실산,성분,2025-12-28,224.3067112056
살리실산,성분,2026-01-04,217.7094549937
살리실산,성분,2026-01-11,217.7094549937
살리실산,성분,2026-01-18,224.3067112056
살리실산,성분,2026-01-25,244.0984798414
살리실산,성분,2026-02-01,224.3067112056
살리실산,성분,2026-02-08,217.7094549937
살리실산,성분,2026-02-15,230.9039674175
살리실산,성분,2026-02-22,257.2929922652
살리실산,성분,2026-03-01,257.2929922652
살리실산,성분,2026-03-08,283.6820171129
살리실산,성분,2026-03-15,349.6545792322
살리실산,성분,2026-03-22,422.2243975635
살리실산,성분,2026-03-29,540.9750093782
살리실산,성분,2026-04-05,646.531108769
살리실산,성분,2026-04-12,659.7256211929
살리실산,성분,2026-04-19,521.1832407424
살리실산,성분,2026-04-26,428.8216537754
살리실산,성분,2026-05-03,376.04360408
살리실산,성분,2026-05-10,428.8216537754
살리실산,성분,2026-05-17,494.7942158947
살리실산,성분,2026-05-24,455.2106786231
살리실산,성분,2026-05-31,468.405191047
살리실산,성분,2026-06-07,527.7804969543
살리실산,성분,2026-06-14,507.9887283185
살리실산,성분,2026-06-21,468.405191047
살리실산,성분,2026-06-28,316.6682981726
살리실산,성분,2026-07-05,316.6682981726
살리실산,성분,2026-07-12,263.8902484772
살리실산,성분,2026-07-19,283.6820171129
살리실산,성분,2026-07-26,230.9039674175
살리실산,성분,2026-08-02,237.5012236294
살리실산,성분,2026-08-09,224.3067112056
살리실산,성분,2026-08-16,217.7094549937
살리실산,성분,2026-08-23,197.9176863579
살리실산,성분,2026-08-30,204.5149425698
살리실산,성분,2026-09-06,191.3204301459
살리실산,성분,2026-09-13,197.9176863579
살리실산,성분,2026-09-20,191.3204301459
콜라겐,성분,2015-12-27,0.0
콜라겐,성분,2016-01-03,0.0
콜라겐,성분,2016-01-10,0.0
콜라겐,성분,2016-01-17,0.0
콜라겐,성분,2016-01-24,0.0
콜라겐,성분,2016-01-31,0.0
콜라겐,성분,2016-02-07,0.0
콜라겐,성분,2016-02-14,0.0
콜라겐,성분,2016-02-21,0.0
콜라겐,성분,2016-02-28,0.0
콜라겐,성분,2016-03-06,0.0
콜라겐,성분,2016-03-13,0.0
콜라겐,성분,2016-03-20,0.0
콜라겐,성분,2016-03-27,0.0
콜라겐,성분,2016-04-03,0.0
콜라겐,성분,2016-04-10,0.0
콜라겐,성분,2016-04-17,0.0
콜라겐,성분,2016-04-24,0.0
콜라겐,성분,2016-05-01,0.0
콜라겐,성분,2016-05-08,0.0
콜라겐,성분,2016-05-15,0.0
콜라겐,성분,2016-05-22,0.0
콜라겐,성분,2016-05-29,0.0
콜라겐,성분,2016-06-05,0.0
콜라겐,성분,2016-06-12,0.0
콜라겐,성분,2016-06-19,0.0
콜라겐,성분,2016-06-26,0.0
콜라겐,성분,2016-07-03,0.0
콜라겐,성분,2016-07-10,0.0
콜라겐,성분,2016-07-17,0.0
콜라겐,성분,2016-07-24,0.0
콜라겐,성분,2016-07-31,0.0
콜라겐,성분,2016-08-07,0.0
콜라겐,성분,2016-08-14,0.0
콜라겐,성분,2016-08-21,0.0
콜라겐,성분,2016-08-28,0.0
콜라겐,성분,2016-09-04,0.0
콜라겐,성분,2016-09-11,57.0
콜라겐,성분,2016-09-18,0.0
콜라겐,성분,2016-09-25,0.0
콜라겐,성분,2016-10-02,0.0
콜라겐,성분,2016-10-09,0.0
콜라겐,성분,2016-10-16,0.0
콜라겐,성분,2016-10-23,0.0
콜라겐,성분,2016-10-30,0.0
콜라겐,성분,2016-11-06,57.0
콜라겐,성분,2016-11-13,0.0
콜라겐,성분,2016-11-20,0.0
콜라겐,성분,2016-11-27,0.0
콜라겐,성분,2016-12-04,0.0
콜라겐,성분,2016-12-11,0.0
콜라겐,성분,2016-12-18,0.0
콜라겐,성분,2016-12-25,0.0
콜라겐,성분,2017-01-01,52.0
콜라겐,성분,2017-01-08,0.0
콜라겐,성분,2017-01-15,0.0
콜라겐,성분,2017-01-22,0.0
콜라겐,성분,2017-01-29,54.0
콜라겐,성분,2017-02-05,66.0
콜라겐,성분,2017-02-12,0.0
콜라겐,성분,2017-02-19,0.0
콜라겐,성분,2017-02-26,66.0
콜라겐,성분,2017-03-05,54.0
콜라겐,성분,2017-03-12,0.0
콜라겐,성분,2017-03-19,0.0
콜라겐,성분,2017-03-26,0.0
콜라겐,성분,2017-04-02,54.0
콜라겐,성분,2017-04-09,73.0
콜라겐,성분,2017-04-16,0.0
콜라겐,성분,2017-04-23,0.0
콜라겐,성분,2017-04-30,54.0
콜라겐,성분,2017-05-07,0.0
콜라겐,성분,2017-05-14,0.0
콜라겐,성분,2017-05-21,0.0
콜라겐,성분,2017-05-28,0.0
콜라겐,성분,2017-06-04,0.0
콜라겐,성분,2017-06-11,0.0
콜라겐,성분,2017-06-18,0.0
콜라겐,성분,2017-06-25,0.0
콜라겐,성분,2017-07-02,0.0
콜라겐,성분,2017-07-09,0.0
콜라겐,성분,2017-07-16,0.0
콜라겐,성분,2017-07-23,0.0
콜라겐,성분,2017-07-30,0.0
콜라겐,성분,2017-08-06,0.0
콜라겐,성분,2017-08-13,0.0
콜라겐,성분,2017-08-20,0.0
콜라겐,성분,2017-08-27,0.0
콜라겐,성분,2017-09-03,0.0
콜라겐,성분,2017-09-10,53.0
콜라겐,성분,2017-09-17,0.0
콜라겐,성분,2017-09-24,0.0
콜라겐,성분,2017-10-01,0.0
콜라겐,성분,2017-10-08,0.0
콜라겐,성분,2017-10-15,0.0
콜라겐,성분,2017-10-22,0.0
콜라겐,성분,2017-10-29,0.0
콜라겐,성분,2017-11-05,0.0
콜라겐,성분,2017-11-12,55.0
콜라겐,성분,2017-11-19,0.0
콜라겐,성분,2017-11-26,0.0
콜라겐,성분,2017-12-03,0.0
콜라겐,성분,2017-12-10,0.0
콜라겐,성분,2017-12-17,0.0
콜라겐,성분,2017-12-24,0.0
콜라겐,성분,2017-12-31,88.0
콜라겐,성분,2018-01-07,0.0
콜라겐,성분,2018-01-14,74.0
콜라겐,성분,2018-01-21,49.0
콜라겐,성분,2018-01-28,73.0
콜라겐,성분,2018-02-04,52.0
콜라겐,성분,2018-02-11,0.0
콜라겐,성분,2018-02-18,62.0
콜라겐,성분,2018-02-25,0.0
콜라겐,성분,2018-03-04,85.0
콜라겐,성분,2018-03-11,54.0
콜라겐,성분,2018-03-18,0.0
콜라겐,성분,2018-03-25,100.0
콜라겐,성분,2018-04-01,0.0
콜라겐,성분,2018-04-08,0.0
콜라겐,성분,2018-04-15,0.0
콜라겐,성분,2018-04-22,0.0
콜라겐,성분,2018-04-29,63.0
콜라겐,성분,2018-05-06,50.0
콜라겐,성분,2018-05-13,0.0
콜라겐,성분,2018-05-20,0.0
콜라겐,성분,2018-05-27,52.0
콜라겐,성분,2018-06-03,0.0
콜라겐,성분,2018-06-10,0.0
콜라겐,성분,2018-06-17,0.0
콜라겐,성분,2018-06-24,52.0
콜라겐,성분,2018-07-01,0.0
콜라겐,성분,2018-07-08,0.0
콜라겐,성분,2018-07-15,0.0
콜라겐,성분,2018-07-22,0.0
콜라겐,성분,2018-07-29,0.0
콜라겐,성분,2018-08-05,57.0
콜라겐,성분,2018-08-12,0.0
콜라겐,성분,2018-08-19,0.0
콜라겐,성분,2018-08-26,0.0
콜라겐,성분,2018-09-02,0.0
콜라겐,성분,2018-09-09,0.0
콜라겐,성분,2018-09-16,0.0
콜라겐,성분,2018-09-23,0.0
콜라겐,성분,2018-09-30,0.0
콜라겐,성분,2018-10-07,0.0
콜라겐,성분,2018-10-14,59.0
콜라겐,성분,2018-10-21,0.0
콜라겐,성분,2018-10-28,0.0
콜라겐,성분,2018-11-04,50.0
콜라겐,성분,2018-11-11,0.0
콜라겐,성분,2018-11-18,0.0
콜라겐,성분,2018-11-25,0.0
콜라겐,성분,2018-12-02,0.0
콜라겐,성분,2018-12-09,0.0
콜라겐,성분,2018-12-16,0.0
콜라겐,성분,2018-12-23,0.0
콜라겐,성분,2018-12-30,69.0
콜라겐,성분,2019-01-06,0.0
콜라겐,성분,2019-01-13,50.0
콜라겐,성분,2019-01-20,49.0
콜라겐,성분,2019-01-27,68.0
콜라겐,성분,2019-02-03,0.0
콜라겐,성분,2019-02-10,0.0
콜라겐,성분,2019-02-17,0.0
콜라겐,성분,2019-02-24,57.0
콜라겐,성분,2019-03-03,0.0
콜라겐,성분,2019-03-10,0.0
콜라겐,성분,2019-03-17,0.0
콜라겐,성분,2019-03-24,54.0
콜라겐,성분,2019-03-31,50.0
콜라겐,성분,2019-04-07,58.0
콜라겐,성분,2019-04-14,61.0
콜라겐,성분,2019-04-21,0.0
콜라겐,성분,2019-04-28,0.0
콜라겐,성분,2019-05-05,58.0
콜라겐,성분,2019-05-12,52.0
콜라겐,성분,2019-05-19,98.0
콜라겐,성분,2019-05-26,54.0
콜라겐,성분,2019-06-02,55.0
콜라겐,성분,2019-06-09,50.0
콜라겐,성분,2019-06-16,54.0
콜라겐,성분,2019-06-23,0.0
콜라겐,성분,2019-06-30,84.4276315789
콜라겐,성분,2019-07-07,57.6578947368
콜라겐,성분,2019-07-14,0.0
콜라겐,성분,2019-07-21,51.4802631579
콜라겐,성분,2019-07-28,0.0
콜라겐,성분,2019-08-04,0.0
콜라겐,성분,2019-08-11,0.0
콜라겐,성분,2019-08-18,72.0723684211
콜라겐,성분,2019-08-25,67.9539473684
콜라겐,성분,2019-09-01,0.0
콜라겐,성분,2019-09-08,0.0
콜라겐,성분,2019-09-15,59.7171052632
콜라겐,성분,2019-09-22,0.0
콜라겐,성분,2019-09-29,0.0
콜라겐,성분,2019-10-06,0.0
콜라겐,성분,2019-10-13,49.4210526316
콜라겐,성분,2019-10-20,55.5986842105
콜라겐,성분,2019-10-27,0.0
콜라겐,성분,2019-11-03,47.3618421053
콜라겐,성분,2019-11-10,43.2434210526
콜라겐,성분,2019-11-17,59.7171052632
콜라겐,성분,2019-11-24,0.0
콜라겐,성분,2019-12-01,59.7171052632
콜라겐,성분,2019-12-08,49.4210526316
콜라겐,성분,2019-12-15,55.5986842105
콜라겐,성분,2019-12-22,67.9539473684
콜라겐,성분,2019-12-29,57.6578947368
콜라겐,성분,2020-01-05,0.0
콜라겐,성분,2020-01-12,47.3618421053
콜라겐,성분,2020-01-19,82.3684210526
콜라겐,성분,2020-01-26,51.4802631579
콜라겐,성분,2020-02-02,98.8421052632
콜라겐,성분,2020-02-09,0.0
콜라겐,성분,2020-02-16,59.7171052632
콜라겐,성분,2020-02-23,63.8355263158
콜라겐,성분,2020-03-01,51.4802631579
콜라겐,성분,2020-03-08,72.0723684211
콜라겐,성분,2020-03-15,47.3618421053
콜라겐,성분,2020-03-22,0.0
콜라겐,성분,2020-03-29,47.3618421053
콜라겐,성분,2020-04-05,53.5394736842
콜라겐,성분,2020-04-12,55.5986842105
콜라겐,성분,2020-04-19,76.1907894737
콜라겐,성분,2020-04-26,0.0
콜라겐,성분,2020-05-03,72.0723684211
콜라겐,성분,2020-05-10,82.3684210526
콜라겐,성분,2020-05-17,72.0723684211
콜라겐,성분,2020-05-24,70.0131578947
콜라겐,성분,2020-05-31,59.7171052632
콜라겐,성분,2020-06-07,100.9013157895
콜라겐,성분,2020-06-14,53.5394736842
콜라겐,성분,2020-06-21,55.5986842105
콜라겐,성분,2020-06-28,0.0
콜라겐,성분,2020-07-05,61.7763157895
콜라겐,성분,2020-07-12,65.8947368421
콜라겐,성분,2020-07-19,51.4802631579
콜라겐,성분,2020-07-26,0.0
콜라겐,성분,2020-08-02,67.9539473684
콜라겐,성분,2020-08-09,49.4210526316
콜라겐,성분,2020-08-16,74.1315789474
콜라겐,성분,2020-08-23,55.5986842105
콜라겐,성분,2020-08-30,72.0723684211
콜라겐,성분,2020-09-06,41.1842105263
콜라겐,성분,2020-09-13,65.8947368421
콜라겐,성분,2020-09-20,72.0723684211
콜라겐,성분,2020-09-27,63.8355263158
콜라겐,성분,2020-10-04,55.5986842105
콜라겐,성분,2020-10-11,63.8355263158
콜라겐,성분,2020-10-18,70.0131578947
콜라겐,성분,2020-10-25,115.3157894737
콜라겐,성분,2020-11-01,76.1907894737
콜라겐,성분,2020-11-08,74.1315789474
콜라겐,성분,2020-11-15,59.7171052632
콜라겐,성분,2020-11-22,72.0723684211
콜라겐,성분,2020-11-29,70.0131578947
콜라겐,성분,2020-12-06,70.0131578947
콜라겐,성분,2020-12-13,84.4276315789
콜라겐,성분,2020-12-20,72.0723684211
콜라겐,성분,2020-12-27,96.7828947368
콜라겐,성분,2021-01-03,123.5526315789
콜라겐,성분,2021-01-10,67.9539473684
콜라겐,성분,2021-01-17,57.6578947368
콜라겐,성분,2021-01-24,88.5460526316
콜라겐,성분,2021-01-31,90.6052631579
콜라겐,성분,2021-02-07,82.3684210526
콜라겐,성분,2021-02-14,78.25
콜라겐,성분,2021-02-21,96.7828947368
콜라겐,성분,2021-02-28,98.8421052632
콜라겐,성분,2021-03-07,72.0723684211
콜라겐,성분,2021-03-14,80.3092105263
콜라겐,성분,2021-03-21,92.6644736842
콜라겐,성분,2021-03-28,142.0855263158
콜라겐,성분,2021-04-04,88.5460526316
콜라겐,성분,2021-04-11,109.1381578947
콜라겐,성분,2021-04-18,125.6118421053
콜라겐,성분,2021-04-25,96.7828947368
콜라겐,성분,2021-05-02,74.1315789474
콜라겐,성분,2021-05-09,0.0
콜라겐,성분,2021-05-16,63.8355263158
콜라겐,성분,2021-05-23,0.0
콜라겐,성분,2021-05-30,98.8421052632
콜라겐,성분,2021-06-06,0.0
콜라겐,성분,2021-06-13,74.1315789474
콜라겐,성분,2021-06-20,55.5986842105
콜라겐,성분,2021-06-27,53.5394736842
콜라겐,성분,2021-07-04,80.3092105263
콜라겐,성분,2021-07-11,102.9605263158
콜라겐,성분,2021-07-18,65.8947368421
콜라겐,성분,2021-07-25,111.1973684211
콜라겐,성분,2021-08-01,65.8947368421
콜라겐,성분,2021-08-08,123.5526315789
콜라겐,성분,2021-08-15,57.6578947368
콜라겐,성분,2021-08-22,88.5460526316
콜라겐,성분,2021-08-29,92.6644736842
콜라겐,성분,2021-09-05,74.1315789474
콜라겐,성분,2021-09-12,94.7236842105
콜라겐,성분,2021-09-19,61.7763157895
콜라겐,성분,2021-09-26,0.0
콜라겐,성분,2021-10-03,57.6578947368
콜라겐,성분,2021-10-10,57.6578947368
콜라겐,성분,2021-10-17,115.3157894737
콜라겐,성분,2021-10-24,80.3092105263
콜라겐,성분,2021-10-31,205.9210526316
콜라겐,성분,2021-11-07,102.9605263158
콜라겐,성분,2021-11-14,123.5526315789
콜라겐,성분,2021-11-21,82.3684210526
콜라겐,성분,2021-11-28,88.5460526316
콜라겐,성분,2021-12-05,78.25
콜라겐,성분,2021-12-12,74.1315789474
콜라겐,성분,2021-12-19,0.0
콜라겐,성분,2021-12-26,107.0789473684
콜라겐,성분,2022-01-02,100.9013157895
콜라겐,성분,2022-01-09,105.0197368421
콜라겐,성분,2022-01-16,82.3684210526
콜라겐,성분,2022-01-23,117.375
콜라겐,성분,2022-01-30,107.0789473684
콜라겐,성분,2022-02-06,72.0723684211
콜라겐,성분,2022-02-13,144.1447368421
콜라겐,성분,2022-02-20,88.5460526316
콜라겐,성분,2022-02-27,100.9013157895
콜라겐,성분,2022-03-06,115.3157894737
콜라겐,성분,2022-03-13,78.25
콜라겐,성분,2022-03-20,65.8947368421
콜라겐,성분,2022-03-27,88.5460526316
콜라겐,성분,2022-04-03,88.5460526316
콜라겐,성분,2022-04-10,70.0131578947
콜라겐,성분,2022-04-17,92.6644736842
콜라겐,성분,2022-04-24,131.7894736842
콜라겐,성분,2022-05-01,100.9013157895
콜라겐,성분,2022-05-08,57.6578947368
콜라겐,성분,2022-05-15,65.8947368421
콜라겐,성분,2022-05-22,86.4868421053
콜라겐,성분,2022-05-29,94.7236842105
콜라겐,성분,2022-06-05,82.3684210526
콜라겐,성분,2022-06-12,82.3684210526
콜라겐,성분,2022-06-19,78.25
콜라겐,성분,2022-06-26,105.0197368421
콜라겐,성분,2022-07-03,49.4210526316
콜라겐,성분,2022-07-10,90.6052631579
콜라겐,성분,2022-07-17,74.1315789474
콜라겐,성분,2022-07-24,74.1315789474
콜라겐,성분,2022-07-31,61.7763157895
콜라겐,성분,2022-08-07,98.8421052632
콜라겐,성분,2022-08-14,115.3157894737
콜라겐,성분,2022-08-21,82.3684210526
콜라겐,성분,2022-08-28,76.1907894737
콜라겐,성분,2022-09-04,45.3026315789
콜라겐,성분,2022-09-11,70.0131578947
콜라겐,성분,2022-09-18,65.8947368421
콜라겐,성분,2022-09-25,86.4868421053
콜라겐,성분,2022-10-02,111.1973684211
콜라겐,성분,2022-10-09,70.0131578947
콜라겐,성분,2022-10-16,67.9539473684
콜라겐,성분,2022-10-23,127.6710526316
콜라겐,성분,2022-10-30,135.9078947368
콜라겐,성분,2022-11-06,80.3092105263
콜라겐,성분,2022-11-13,96.7828947368
콜라겐,성분,2022-11-20,86.4868421053
콜라겐,성분,2022-11-27,150.3223684211
콜라겐,성분,2022-12-04,105.0197368421
콜라겐,성분,2022-12-11,76.1907894737
콜라겐,성분,2022-12-18,84.4276315789
콜라겐,성분,2022-12-25,170.9144736842
콜라겐,성분,2023-01-01,115.7888513514
콜라겐,성분,2023-01-08,135.0869932432
콜라겐,성분,2023-01-15,115.7888513514
콜라겐,성분,2023-01-22,135.0869932432
콜라겐,성분,2023-01-29,135.0869932432
콜라겐,성분,2023-02-05,135.0869932432
콜라겐,성분,2023-02-12,57.8944256757
콜라겐,성분,2023-02-19,135.0869932432
콜라겐,성분,2023-02-26,135.0869932432
콜라겐,성분,2023-03-05,115.7888513514
콜라겐,성분,2023-03-12,115.7888513514
콜라겐,성분,2023-03-19,115.7888513514
콜라겐,성분,2023-03-26,115.7888513514
콜라겐,성분,2023-04-02,135.0869932432
콜라겐,성분,2023-04-09,115.7888513514
콜라겐,성분,2023-04-16,57.8944256757
콜라겐,성분,2023-04-23,96.4907094595
콜라겐,성분,2023-04-30,115.7888513514
콜라겐,성분,2023-05-07,77.1925675676
콜라겐,성분,2023-05-14,96.4907094595
콜라겐,성분,2023-05-21,115.7888513514
콜라겐,성분,2023-05-28,77.1925675676
콜라겐,성분,2023-06-04,115.7888513514
콜라겐,성분,2023-06-11,77.1925675676
콜라겐,성분,2023-06-18,115.7888513514
콜라겐,성분,2023-06-25,96.4907094595
콜라겐,성분,2023-07-02,115.7888513514
콜라겐,성분,2023-07-09,173.683277027
콜라겐,성분,2023-07-16,115.7888513514
콜라겐,성분,2023-07-23,77.1925675676
콜라겐,성분,2023-07-30,135.0869932432
콜라겐,성분,2023-08-06,115.7888513514
콜라겐,성분,2023-08-13,57.8944256757
콜라겐,성분,2023-08-20,77.1925675676
콜라겐,성분,2023-08-27,115.7888513514
콜라겐,성분,2023-09-03,57.8944256757
콜라겐,성분,2023-09-10,96.4907094595
콜라겐,성분,2023-09-17,115.7888513514
콜라겐,성분,2023-09-24,77.1925675676
콜라겐,성분,2023-10-01,96.4907094595
콜라겐,성분,2023-10-08,96.4907094595
콜라겐,성분,2023-10-15,96.4907094595
콜라겐,성분,2023-10-22,77.1925675676
콜라겐,성분,2023-10-29,96.4907094595
콜라겐,성분,2023-11-05,96.4907094595
콜라겐,성분,2023-11-12,115.7888513514
콜라겐,성분,2023-11-19,57.8944256757
콜라겐,성분,2023-11-26,154.3851351351
콜라겐,성분,2023-12-03,135.0869932432
콜라겐,성분,2023-12-10,135.0869932432
콜라겐,성분,2023-12-17,212.2795608108
콜라겐,성분,2023-12-24,135.0869932432
콜라겐,성분,2023-12-31,115.7888513514
콜라겐,성분,2024-01-07,115.7888513514
콜라겐,성분,2024-01-14,173.683277027
콜라겐,성분,2024-01-21,135.0869932432
콜라겐,성분,2024-01-28,96.4907094595
콜라겐,성분,2024-02-04,115.7888513514
콜라겐,성분,2024-02-11,77.1925675676
콜라겐,성분,2024-02-18,135.0869932432
콜라겐,성분,2024-02-25,135.0869932432
콜라겐,성분,2024-03-03,135.0869932432
콜라겐,성분,2024-03-10,154.3851351351
콜라겐,성분,2024-03-17,135.0869932432
콜라겐,성분,2024-03-24,135.0869932432
콜라겐,성분,2024-03-31,115.7888513514
콜라겐,성분,2024-04-07,96.4907094595
콜라겐,성분,2024-04-14,115.7888513514
콜라겐,성분,2024-04-21,135.0869932432
콜라겐,성분,2024-04-28,57.8944256757
콜라겐,성분,2024-05-05,115.7888513514
콜라겐,성분,2024-05-12,154.3851351351
콜라겐,성분,2024-05-19,96.4907094595
콜라겐,성분,2024-05-26,96.4907094595
콜라겐,성분,2024-06-02,154.3851351351
콜라겐,성분,2024-06-09,115.7888513514
콜라겐,성분,2024-06-16,154.3851351351
콜라겐,성분,2024-06-23,96.4907094595
콜라겐,성분,2024-06-30,135.0869932432
콜라겐,성분,2024-07-07,154.3851351351
콜라겐,성분,2024-07-14,135.0869932432
콜라겐,성분,2024-07-21,135.0869932432
콜라겐,성분,2024-07-28,154.3851351351
콜라겐,성분,2024-08-04,154.3851351351
콜라겐,성분,2024-08-11,173.683277027
콜라겐,성분,2024-08-18,135.0869932432
콜라겐,성분,2024-08-25,173.683277027
콜라겐,성분,2024-09-01,135.0869932432
콜라겐,성분,2024-09-08,77.1925675676
콜라겐,성분,2024-09-15,135.0869932432
콜라겐,성분,2024-09-22,115.7888513514
콜라겐,성분,2024-09-29,154.3851351351
콜라겐,성분,2024-10-06,154.3851351351
콜라겐,성분,2024-10-13,115.7888513514
콜라겐,성분,2024-10-20,96.4907094595
콜라겐,성분,2024-10-27,154.3851351351
콜라겐,성분,2024-11-03,135.0869932432
콜라겐,성분,2024-11-10,154.3851351351
콜라겐,성분,2024-11-17,135.0869932432
콜라겐,성분,2024-11-24,212.2795608108
콜라겐,성분,2024-12-01,173.683277027
콜라겐,성분,2024-12-08,192.9814189189
콜라겐,성분,2024-12-15,173.683277027
콜라겐,성분,2024-12-22,231.5777027027
콜라겐,성분,2024-12-29,173.683277027
콜라겐,성분,2025-01-05,192.9814189189
콜라겐,성분,2025-01-12,212.2795608108
콜라겐,성분,2025-01-19,154.3851351351
콜라겐,성분,2025-01-26,192.9814189189
콜라겐,성분,2025-02-02,173.683277027
콜라겐,성분,2025-02-09,154.3851351351
콜라겐,성분,2025-02-16,173.683277027
콜라겐,성분,2025-02-23,192.9814189189
콜라겐,성분,2025-03-02,192.9814189189
콜라겐,성분,2025-03-09,192.9814189189
콜라겐,성분,2025-03-16,135.0869932432
콜라겐,성분,2025-03-23,212.2795608108
콜라겐,성분,2025-03-30,212.2795608108
콜라겐,성분,2025-04-06,173.683277027
콜라겐,성분,2025-04-13,192.9814189189
콜라겐,성분,2025-04-20,154.3851351351
콜라겐,성분,2025-04-27,173.683277027
콜라겐,성분,2025-05-04,173.683277027
콜라겐,성분,2025-05-11,212.2795608108
콜라겐,성분,2025-05-18,115.7888513514
콜라겐,성분,2025-05-25,173.683277027
콜라겐,성분,2025-06-01,96.4907094595
콜라겐,성분,2025-06-08,135.0869932432
콜라겐,성분,2025-06-15,173.683277027
콜라겐,성분,2025-06-22,173.683277027
콜라겐,성분,2025-06-29,154.3851351351
콜라겐,성분,2025-07-06,192.9814189189
콜라겐,성분,2025-07-13,250.8758445946
콜라겐,성분,2025-07-20,250.8758445946
콜라겐,성분,2025-07-27,366.6646959459
콜라겐,성분,2025-08-03,250.8758445946
콜라겐,성분,2025-08-10,212.2795608108
콜라겐,성분,2025-08-17,192.9814189189
콜라겐,성분,2025-08-24,212.2795608108
콜라겐,성분,2025-08-31,192.9814189189
콜라겐,성분,2025-09-07,115.7888513514
콜라겐,성분,2025-09-14,173.683277027
콜라겐,성분,2025-09-21,231.5777027027
콜라겐,성분,2025-09-28,212.2795608108
콜라겐,성분,2025-10-05,250.8758445946
콜라겐,성분,2025-10-12,173.683277027
콜라겐,성분,2025-10-19,212.2795608108
콜라겐,성분,2025-10-26,250.8758445946
콜라겐,성분,2025-11-02,289.4721283784
콜라겐,성분,2025-11-09,270.1739864865
콜라겐,성분,2025-11-16,328.0684121622
콜라겐,성분,2025-11-23,443.8572635135
콜라겐,성분,2025-11-30,521.0498310811
콜라겐,성분,2025-12-07,501.7516891892
콜라겐,성분,2025-12-14,385.9628378378
콜라겐,성분,2025-12-21,443.8572635135
콜라겐,성분,2025-12-28,501.7516891892
콜라겐,성분,2026-01-04,443.8572635135
콜라겐,성분,2026-01-11,443.8572635135
콜라겐,성분,2026-01-18,463.1554054054
콜라겐,성분,2026-01-25,482.4535472973
콜라겐,성분,2026-02-01,463.1554054054
콜라겐,성분,2026-02-08,463.1554054054
콜라겐,성분,2026-02-15,540.347972973
콜라겐,성분,2026-02-22,443.8572635135
콜라겐,성분,2026-03-01,598.2423986486
콜라겐,성분,2026-03-08,675.4349662162
콜라겐,성분,2026-03-15,656.1368243243
콜라겐,성분,2026-03-22,829.8201013514
콜라겐,성분,2026-03-29,1235.0810810811
콜라겐,성분,2026-04-05,1678.9383445946
콜라겐,성분,2026-04-12,1929.8141891892
콜라겐,성분,2026-04-19,1408.7643581081
콜라겐,성분,2026-04-26,907.0126689189
콜라겐,성분,2026-05-03,810.5219594595
콜라겐,성분,2026-05-10,1292.9755067568
콜라겐,성분,2026-05-17,1563.1494932432
콜라겐,성분,2026-05-24,907.0126689189
콜라겐,성분,2026-05-31,907.0126689189
콜라겐,성분,2026-06-07,1119.2922297297
콜라겐,성분,2026-06-14,1119.2922297297
콜라겐,성분,2026-06-21,1080.6959459459
콜라겐,성분,2026-06-28,617.5405405405
콜라겐,성분,2026-07-05,501.7516891892
콜라겐,성분,2026-07-12,308.7702702703
콜라겐,성분,2026-07-19,289.4721283784
콜라겐,성분,2026-07-26,270.1739864865
콜라겐,성분,2026-08-02,289.4721283784
콜라겐,성분,2026-08-09,270.1739864865
콜라겐,성분,2026-08-16,212.2795608108
콜라겐,성분,2026-08-23,270.1739864865
콜라겐,성분,2026-08-30,308.7702702703
콜라겐,성분,2026-09-06,308.7702702703
콜라겐,성분,2026-09-13,231.5777027027
콜라겐,성분,2026-09-20,192.9814189189
스쿠알란,성분,2015-12-27,14.0
스쿠알란,성분,2016-01-03,11.0
스쿠알란,성분,2016-01-10,17.0
스쿠알란,성분,2016-01-17,17.0
스쿠알란,성분,2016-01-24,16.0
스쿠알란,성분,2016-01-31,12.0
스쿠알란,성분,2016-02-07,13.0
스쿠알란,성분,2016-02-14,10.0
스쿠알란,성분,2016-02-21,15.0
스쿠알란,성분,2016-02-28,10.0
스쿠알란,성분,2016-03-06,8.0
스쿠알란,성분,2016-03-13,14.0
스쿠알란,성분,2016-03-20,15.0
스쿠알란,성분,2016-03-27,9.0
스쿠알란,성분,2016-04-03,13.0
스쿠알란,성분,2016-04-10,14.0
스쿠알란,성분,2016-04-17,16.0
스쿠알란,성분,2016-04-24,13.0
스쿠알란,성분,2016-05-01,16.0
스쿠알란,성분,2016-05-08,12.0
스쿠알란,성분,2016-05-15,10.0
스쿠알란,성분,2016-05-22,15.0
스쿠알란,성분,2016-05-29,12.0
스쿠알란,성분,2016-06-05,9.0
스쿠알란,성분,2016-06-12,12.0
스쿠알란,성분,2016-06-19,16.0
스쿠알란,성분,2016-06-26,12.0
스쿠알란,성분,2016-07-03,12.0
스쿠알란,성분,2016-07-10,11.0
스쿠알란,성분,2016-07-17,12.0
스쿠알란,성분,2016-07-24,0.0
스쿠알란,성분,2016-07-31,12.0
스쿠알란,성분,2016-08-07,14.0
스쿠알란,성분,2016-08-14,9.0
스쿠알란,성분,2016-08-21,13.0
스쿠알란,성분,2016-08-28,7.0
스쿠알란,성분,2016-09-04,17.0
스쿠알란,성분,2016-09-11,19.0
스쿠알란,성분,2016-09-18,11.0
스쿠알란,성분,2016-09-25,15.0
스쿠알란,성분,2016-10-02,12.0
스쿠알란,성분,2016-10-09,11.0
스쿠알란,성분,2016-10-16,10.0
스쿠알란,성분,2016-10-23,11.0
스쿠알란,성분,2016-10-30,11.0
스쿠알란,성분,2016-11-06,8.0
스쿠알란,성분,2016-11-13,16.0
스쿠알란,성분,2016-11-20,15.0
스쿠알란,성분,2016-11-27,9.0
스쿠알란,성분,2016-12-04,13.0
스쿠알란,성분,2016-12-11,10.0
스쿠알란,성분,2016-12-18,15.0
스쿠알란,성분,2016-12-25,14.0
스쿠알란,성분,2017-01-01,19.0
스쿠알란,성분,2017-01-08,16.0
스쿠알란,성분,2017-01-15,14.0
스쿠알란,성분,2017-01-22,14.0
스쿠알란,성분,2017-01-29,13.0
스쿠알란,성분,2017-02-05,16.0
스쿠알란,성분,2017-02-12,11.0
스쿠알란,성분,2017-02-19,14.0
스쿠알란,성분,2017-02-26,20.0
스쿠알란,성분,2017-03-05,23.0
스쿠알란,성분,2017-03-12,18.0
스쿠알란,성분,2017-03-19,19.0
스쿠알란,성분,2017-03-26,28.0
스쿠알란,성분,2017-04-02,21.0
스쿠알란,성분,2017-04-09,24.0
스쿠알란,성분,2017-04-16,18.0
스쿠알란,성분,2017-04-23,25.0
스쿠알란,성분,2017-04-30,17.0
스쿠알란,성분,2017-05-07,19.0
스쿠알란,성분,2017-05-14,26.0
스쿠알란,성분,2017-05-21,15.0
스쿠알란,성분,2017-05-28,19.0
스쿠알란,성분,2017-06-04,20.0
스쿠알란,성분,2017-06-11,19.0
스쿠알란,성분,2017-06-18,16.0
스쿠알란,성분,2017-06-25,24.0
스쿠알란,성분,2017-07-02,21.0
스쿠알란,성분,2017-07-09,24.0
스쿠알란,성분,2017-07-16,24.0
스쿠알란,성분,2017-07-23,28.0
스쿠알란,성분,2017-07-30,27.0
스쿠알란,성분,2017-08-06,24.0
스쿠알란,성분,2017-08-13,27.0
스쿠알란,성분,2017-08-20,24.0
스쿠알란,성분,2017-08-27,23.0
스쿠알란,성분,2017-09-03,23.0
스쿠알란,성분,2017-09-10,29.0
스쿠알란,성분,2017-09-17,30.0
스쿠알란,성분,2017-09-24,26.0
스쿠알란,성분,2017-10-01,29.0
스쿠알란,성분,2017-10-08,53.0
스쿠알란,성분,2017-10-15,29.0
스쿠알란,성분,2017-10-22,33.0
스쿠알란,성분,2017-10-29,38.0
스쿠알란,성분,2017-11-05,35.0
스쿠알란,성분,2017-11-12,32.0
스쿠알란,성분,2017-11-19,45.0
스쿠알란,성분,2017-11-26,39.0
스쿠알란,성분,2017-12-03,35.0
스쿠알란,성분,2017-12-10,47.0
스쿠알란,성분,2017-12-17,49.0
스쿠알란,성분,2017-12-24,53.0
스쿠알란,성분,2017-12-31,54.0
스쿠알란,성분,2018-01-07,50.0
스쿠알란,성분,2018-01-14,55.0
스쿠알란,성분,2018-01-21,52.0
스쿠알란,성분,2018-01-28,56.0
스쿠알란,성분,2018-02-04,55.0
스쿠알란,성분,2018-02-11,55.0
스쿠알란,성분,2018-02-18,62.0
스쿠알란,성분,2018-02-25,53.0
스쿠알란,성분,2018-03-04,53.0
스쿠알란,성분,2018-03-11,57.0
스쿠알란,성분,2018-03-18,52.0
스쿠알란,성분,2018-03-25,86.0
스쿠알란,성분,2018-04-01,65.0
스쿠알란,성분,2018-04-08,54.0
스쿠알란,성분,2018-04-15,44.0
스쿠알란,성분,2018-04-22,60.0
스쿠알란,성분,2018-04-29,48.0
스쿠알란,성분,2018-05-06,49.0
스쿠알란,성분,2018-05-13,44.0
스쿠알란,성분,2018-05-20,43.0
스쿠알란,성분,2018-05-27,49.0
스쿠알란,성분,2018-06-03,41.0
스쿠알란,성분,2018-06-10,49.0
스쿠알란,성분,2018-06-17,45.0
스쿠알란,성분,2018-06-24,53.0
스쿠알란,성분,2018-07-01,44.0
스쿠알란,성분,2018-07-08,48.0
스쿠알란,성분,2018-07-15,40.0
스쿠알란,성분,2018-07-22,42.0
스쿠알란,성분,2018-07-29,48.0
스쿠알란,성분,2018-08-05,44.0
스쿠알란,성분,2018-08-12,36.0
스쿠알란,성분,2018-08-19,41.0
스쿠알란,성분,2018-08-26,44.0
스쿠알란,성분,2018-09-02,40.0
스쿠알란,성분,2018-09-09,38.0
스쿠알란,성분,2018-09-16,38.0
스쿠알란,성분,2018-09-23,35.0
스쿠알란,성분,2018-09-30,42.0
스쿠알란,성분,2018-10-07,47.0
스쿠알란,성분,2018-10-14,51.0
스쿠알란,성분,2018-10-21,61.0
스쿠알란,성분,2018-10-28,43.0
스쿠알란,성분,2018-11-04,47.0
스쿠알란,성분,2018-11-11,61.0
스쿠알란,성분,2018-11-18,62.0
스쿠알란,성분,2018-11-25,61.0
스쿠알란,성분,2018-12-02,48.0
스쿠알란,성분,2018-12-09,51.0
스쿠알란,성분,2018-12-16,51.0
스쿠알란,성분,2018-12-23,49.0
스쿠알란,성분,2018-12-30,55.0
스쿠알란,성분,2019-01-06,59.0
스쿠알란,성분,2019-01-13,54.0
스쿠알란,성분,2019-01-20,64.0
스쿠알란,성분,2019-01-27,69.0
스쿠알란,성분,2019-02-03,59.0
스쿠알란,성분,2019-02-10,65.0
스쿠알란,성분,2019-02-17,65.0
스쿠알란,성분,2019-02-24,67.0
스쿠알란,성분,2019-03-03,68.0
스쿠알란,성분,2019-03-10,61.0
스쿠알란,성분,2019-03-17,60.0
스쿠알란,성분,2019-03-24,73.0
스쿠알란,성분,2019-03-31,60.0
스쿠알란,성분,2019-04-07,60.0
스쿠알란,성분,2019-04-14,52.0
스쿠알란,성분,2019-04-21,61.0
스쿠알란,성분,2019-04-28,83.0
스쿠알란,성분,2019-05-05,60.0
스쿠알란,성분,2019-05-12,54.0
스쿠알란,성분,2019-05-19,58.0
스쿠알란,성분,2019-05-26,65.0
스쿠알란,성분,2019-06-02,68.0
스쿠알란,성분,2019-06-09,66.0
스쿠알란,성분,2019-06-16,77.0
스쿠알란,성분,2019-06-23,52.0
스쿠알란,성분,2019-06-30,67.6969162996
스쿠알란,성분,2019-07-07,65.9154185022
스쿠알란,성분,2019-07-14,71.2599118943
스쿠알란,성분,2019-07-21,71.2599118943
스쿠알란,성분,2019-07-28,69.4784140969
스쿠알란,성분,2019-08-04,62.3524229075
스쿠알란,성분,2019-08-11,78.3859030837
스쿠알란,성분,2019-08-18,73.0414096916
스쿠알란,성분,2019-08-25,65.9154185022
스쿠알란,성분,2019-09-01,58.7894273128
스쿠알란,성분,2019-09-08,64.1339207048
스쿠알란,성분,2019-09-15,60.5709251101
스쿠알란,성분,2019-09-22,64.1339207048
스쿠알란,성분,2019-09-29,57.0079295154
스쿠알란,성분,2019-10-06,71.2599118943
스쿠알란,성분,2019-10-13,71.2599118943
스쿠알란,성분,2019-10-20,81.9488986784
스쿠알란,성분,2019-10-27,83.7303964758
스쿠알란,성분,2019-11-03,83.7303964758
스쿠알란,성분,2019-11-10,81.9488986784
스쿠알란,성분,2019-11-17,87.2933920705
스쿠알란,성분,2019-11-24,94.4193832599
스쿠알란,성분,2019-12-01,78.3859030837
스쿠알란,성분,2019-12-08,87.2933920705
스쿠알란,성분,2019-12-15,83.7303964758
스쿠알란,성분,2019-12-22,87.2933920705
스쿠알란,성분,2019-12-29,99.763876652
스쿠알란,성분,2020-01-05,101.5453744493
스쿠알란,성분,2020-01-12,90.8563876652
스쿠알란,성분,2020-01-19,114.0158590308
스쿠알란,성분,2020-01-26,114.0158590308
스쿠알란,성분,2020-02-02,101.5453744493
스쿠알란,성분,2020-02-09,99.763876652
스쿠알란,성분,2020-02-16,97.9823788546
스쿠알란,성분,2020-02-23,110.4528634361
스쿠알란,성분,2020-03-01,99.763876652
스쿠알란,성분,2020-03-08,80.1674008811
스쿠알란,성분,2020-03-15,71.2599118943
스쿠알란,성분,2020-03-22,81.9488986784
스쿠알란,성분,2020-03-29,87.2933920705
스쿠알란,성분,2020-04-05,112.2343612335
스쿠알란,성분,2020-04-12,130.049339207
스쿠알란,성분,2020-04-19,142.5198237885
스쿠알란,성분,2020-04-26,133.6123348018
스쿠알란,성분,2020-05-03,135.3938325991
스쿠알란,성분,2020-05-10,142.5198237885
스쿠알란,성분,2020-05-17,131.8308370044
스쿠알란,성분,2020-05-24,133.6123348018
스쿠알란,성분,2020-05-31,106.8898678414
스쿠알란,성분,2020-06-07,121.1418502203
스쿠알란,성분,2020-06-14,121.1418502203
스쿠알란,성분,2020-06-21,137.1753303965
스쿠알란,성분,2020-06-28,117.5788546256
스쿠알란,성분,2020-07-05,108.6713656388
스쿠알란,성분,2020-07-12,115.7973568282
스쿠알란,성분,2020-07-19,122.9233480176
스쿠알란,성분,2020-07-26,117.5788546256
스쿠알란,성분,2020-08-02,128.2678414097
스쿠알란,성분,2020-08-09,131.8308370044
스쿠알란,성분,2020-08-16,121.1418502203
스쿠알란,성분,2020-08-23,97.9823788546
스쿠알란,성분,2020-08-30,103.3268722467
스쿠알란,성분,2020-09-06,110.4528634361
스쿠알란,성분,2020-09-13,112.2343612335
스쿠알란,성분,2020-09-20,103.3268722467
스쿠알란,성분,2020-09-27,126.4863436123
스쿠알란,성분,2020-10-04,108.6713656388
스쿠알란,성분,2020-10-11,106.8898678414
스쿠알란,성분,2020-10-18,99.763876652
스쿠알란,성분,2020-10-25,101.5453744493
스쿠알란,성분,2020-11-01,87.2933920705
스쿠알란,성분,2020-11-08,101.5453744493
스쿠알란,성분,2020-11-15,119.3603524229
스쿠알란,성분,2020-11-22,121.1418502203
스쿠알란,성분,2020-11-29,114.0158590308
스쿠알란,성분,2020-12-06,126.4863436123
스쿠알란,성분,2020-12-13,108.6713656388
스쿠알란,성분,2020-12-20,117.5788546256
스쿠알란,성분,2020-12-27,130.049339207
스쿠알란,성분,2021-01-03,142.5198237885
스쿠알란,성분,2021-01-10,130.049339207
스쿠알란,성분,2021-01-17,135.3938325991
스쿠알란,성분,2021-01-24,128.2678414097
스쿠알란,성분,2021-01-31,135.3938325991
스쿠알란,성분,2021-02-07,130.049339207
스쿠알란,성분,2021-02-14,130.049339207
스쿠알란,성분,2021-02-21,144.3013215859
스쿠알란,성분,2021-02-28,124.704845815
스쿠알란,성분,2021-03-07,121.1418502203
스쿠알란,성분,2021-03-14,115.7973568282
스쿠알란,성분,2021-03-21,138.9568281938
스쿠알란,성분,2021-03-28,124.704845815
스쿠알란,성분,2021-04-04,122.9233480176
스쿠알란,성분,2021-04-11,130.049339207
스쿠알란,성분,2021-04-18,133.6123348018
스쿠알란,성분,2021-04-25,110.4528634361
스쿠알란,성분,2021-05-02,112.2343612335
스쿠알란,성분,2021-05-09,121.1418502203
스쿠알란,성분,2021-05-16,96.2008810573
스쿠알란,성분,2021-05-23,101.5453744493
스쿠알란,성분,2021-05-30,94.4193832599
스쿠알란,성분,2021-06-06,96.2008810573
스쿠알란,성분,2021-06-13,94.4193832599
스쿠알란,성분,2021-06-20,99.763876652
스쿠알란,성분,2021-06-27,103.3268722467
스쿠알란,성분,2021-07-04,96.2008810573
스쿠알란,성분,2021-07-11,94.4193832599
스쿠알란,성분,2021-07-18,90.8563876652
스쿠알란,성분,2021-07-25,94.4193832599
스쿠알란,성분,2021-08-01,89.0748898678
스쿠알란,성분,2021-08-08,89.0748898678
스쿠알란,성분,2021-08-15,81.9488986784
스쿠알란,성분,2021-08-22,85.5118942731
스쿠알란,성분,2021-08-29,90.8563876652
스쿠알란,성분,2021-09-05,92.6378854626
스쿠알란,성분,2021-09-12,97.9823788546
스쿠알란,성분,2021-09-19,108.6713656388
스쿠알란,성분,2021-09-26,106.8898678414
스쿠알란,성분,2021-10-03,89.0748898678
스쿠알란,성분,2021-10-10,92.6378854626
스쿠알란,성분,2021-10-17,90.8563876652
스쿠알란,성분,2021-10-24,87.2933920705
스쿠알란,성분,2021-10-31,89.0748898678
스쿠알란,성분,2021-11-07,117.5788546256
스쿠알란,성분,2021-11-14,108.6713656388
스쿠알란,성분,2021-11-21,115.7973568282
스쿠알란,성분,2021-11-28,108.6713656388
스쿠알란,성분,2021-12-05,96.2008810573
스쿠알란,성분,2021-12-12,97.9823788546
스쿠알란,성분,2021-12-19,112.2343612335
스쿠알란,성분,2021-12-26,154.99030837
스쿠알란,성분,2022-01-02,172.8052863436
스쿠알란,성분,2022-01-09,147.8643171806
스쿠알란,성분,2022-01-16,130.049339207
스쿠알란,성분,2022-01-23,154.99030837
스쿠알란,성분,2022-01-30,128.2678414097
스쿠알란,성분,2022-02-06,124.704845815
스쿠알란,성분,2022-02-13,142.5198237885
스쿠알란,성분,2022-02-20,138.9568281938
스쿠알란,성분,2022-02-27,146.0828193833
스쿠알란,성분,2022-03-06,137.1753303965
스쿠알란,성분,2022-03-13,142.5198237885
스쿠알란,성분,2022-03-20,142.5198237885
스쿠알란,성분,2022-03-27,122.9233480176
스쿠알란,성분,2022-04-03,124.704845815
스쿠알란,성분,2022-04-10,124.704845815
스쿠알란,성분,2022-04-17,122.9233480176
스쿠알란,성분,2022-04-24,117.5788546256
스쿠알란,성분,2022-05-01,112.2343612335
스쿠알란,성분,2022-05-08,122.9233480176
스쿠알란,성분,2022-05-15,122.9233480176
스쿠알란,성분,2022-05-22,103.3268722467
스쿠알란,성분,2022-05-29,115.7973568282
스쿠알란,성분,2022-06-05,114.0158590308
스쿠알란,성분,2022-06-12,114.0158590308
스쿠알란,성분,2022-06-19,119.3603524229
스쿠알란,성분,2022-06-26,103.3268722467
스쿠알란,성분,2022-07-03,112.2343612335
스쿠알란,성분,2022-07-10,115.7973568282
스쿠알란,성분,2022-07-17,112.2343612335
스쿠알란,성분,2022-07-24,114.0158590308
스쿠알란,성분,2022-07-31,121.1418502203
스쿠알란,성분,2022-08-07,121.1418502203
스쿠알란,성분,2022-08-14,121.1418502203
스쿠알란,성분,2022-08-21,133.6123348018
스쿠알란,성분,2022-08-28,114.0158590308
스쿠알란,성분,2022-09-04,117.5788546256
스쿠알란,성분,2022-09-11,96.2008810573
스쿠알란,성분,2022-09-18,110.4528634361
스쿠알란,성분,2022-09-25,103.3268722467
스쿠알란,성분,2022-10-02,101.5453744493
스쿠알란,성분,2022-10-09,119.3603524229
스쿠알란,성분,2022-10-16,114.0158590308
스쿠알란,성분,2022-10-23,114.0158590308
스쿠알란,성분,2022-10-30,108.6713656388
스쿠알란,성분,2022-11-06,121.1418502203
스쿠알란,성분,2022-11-13,130.049339207
스쿠알란,성분,2022-11-20,154.99030837
스쿠알란,성분,2022-11-27,126.4863436123
스쿠알란,성분,2022-12-04,133.6123348018
스쿠알란,성분,2022-12-11,117.5788546256
스쿠알란,성분,2022-12-18,149.645814978
스쿠알란,성분,2022-12-25,178.1497797357
스쿠알란,성분,2023-01-01,156.5897552976
스쿠알란,성분,2023-01-08,150.0651821602
스쿠알란,성분,2023-01-15,163.114328435
스쿠알란,성분,2023-01-22,150.0651821602
스쿠알란,성분,2023-01-29,150.0651821602
스쿠알란,성분,2023-02-05,150.0651821602
스쿠알란,성분,2023-02-12,150.0651821602
스쿠알란,성분,2023-02-19,156.5897552976
스쿠알란,성분,2023-02-26,150.0651821602
스쿠알란,성분,2023-03-05,150.0651821602
스쿠알란,성분,2023-03-12,156.5897552976
스쿠알란,성분,2023-03-19,156.5897552976
스쿠알란,성분,2023-03-26,137.0160358854
스쿠알란,성분,2023-04-02,130.491462748
스쿠알란,성분,2023-04-09,123.9668896106
스쿠알란,성분,2023-04-16,143.5406090228
스쿠알란,성분,2023-04-23,130.491462748
스쿠알란,성분,2023-04-30,123.9668896106
스쿠알란,성분,2023-05-07,104.3931701984
스쿠알란,성분,2023-05-14,123.9668896106
스쿠알란,성분,2023-05-21,117.4423164732
스쿠알란,성분,2023-05-28,123.9668896106
스쿠알란,성분,2023-06-04,110.9177433358
스쿠알란,성분,2023-06-11,130.491462748
스쿠알란,성분,2023-06-18,117.4423164732
스쿠알란,성분,2023-06-25,117.4423164732
스쿠알란,성분,2023-07-02,110.9177433358
스쿠알란,성분,2023-07-09,130.491462748
스쿠알란,성분,2023-07-16,117.4423164732
스쿠알란,성분,2023-07-23,117.4423164732
스쿠알란,성분,2023-07-30,110.9177433358
스쿠알란,성분,2023-08-06,130.491462748
스쿠알란,성분,2023-08-13,117.4423164732
스쿠알란,성분,2023-08-20,110.9177433358
스쿠알란,성분,2023-08-27,110.9177433358
스쿠알란,성분,2023-09-03,104.3931701984
스쿠알란,성분,2023-09-10,110.9177433358
스쿠알란,성분,2023-09-17,104.3931701984
스쿠알란,성분,2023-09-24,97.868597061
스쿠알란,성분,2023-10-01,104.3931701984
스쿠알란,성분,2023-10-08,117.4423164732
스쿠알란,성분,2023-10-15,104.3931701984
스쿠알란,성분,2023-10-22,104.3931701984
스쿠알란,성분,2023-10-29,110.9177433358
스쿠알란,성분,2023-11-05,123.9668896106
스쿠알란,성분,2023-11-12,130.491462748
스쿠알란,성분,2023-11-19,156.5897552976
스쿠알란,성분,2023-11-26,143.5406090228
스쿠알란,성분,2023-12-03,117.4423164732
스쿠알란,성분,2023-12-10,117.4423164732
스쿠알란,성분,2023-12-17,143.5406090228
스쿠알란,성분,2023-12-24,156.5897552976
스쿠알란,성분,2023-12-31,156.5897552976
스쿠알란,성분,2024-01-07,150.0651821602
스쿠알란,성분,2024-01-14,163.114328435
스쿠알란,성분,2024-01-21,163.114328435
스쿠알란,성분,2024-01-28,143.5406090228
스쿠알란,성분,2024-02-04,130.491462748
스쿠알란,성분,2024-02-11,130.491462748
스쿠알란,성분,2024-02-18,137.0160358854
스쿠알란,성분,2024-02-25,143.5406090228
스쿠알란,성분,2024-03-03,130.491462748
스쿠알란,성분,2024-03-10,117.4423164732
스쿠알란,성분,2024-03-17,130.491462748
스쿠알란,성분,2024-03-24,130.491462748
스쿠알란,성분,2024-03-31,117.4423164732
스쿠알란,성분,2024-04-07,123.9668896106
스쿠알란,성분,2024-04-14,130.491462748
스쿠알란,성분,2024-04-21,143.5406090228
스쿠알란,성분,2024-04-28,123.9668896106
스쿠알란,성분,2024-05-05,123.9668896106
스쿠알란,성분,2024-05-12,123.9668896106
스쿠알란,성분,2024-05-19,130.491462748
스쿠알란,성분,2024-05-26,130.491462748
스쿠알란,성분,2024-06-02,117.4423164732
스쿠알란,성분,2024-06-09,110.9177433358
스쿠알란,성분,2024-06-16,110.9177433358
스쿠알란,성분,2024-06-23,117.4423164732
스쿠알란,성분,2024-06-30,110.9177433358
스쿠알란,성분,2024-07-07,123.9668896106
스쿠알란,성분,2024-07-14,130.491462748
스쿠알란,성분,2024-07-21,123.9668896106
스쿠알란,성분,2024-07-28,150.0651821602
스쿠알란,성분,2024-08-04,110.9177433358
스쿠알란,성분,2024-08-11,104.3931701984
스쿠알란,성분,2024-08-18,110.9177433358
스쿠알란,성분,2024-08-25,97.868597061
스쿠알란,성분,2024-09-01,104.3931701984
스쿠알란,성분,2024-09-08,117.4423164732
스쿠알란,성분,2024-09-15,97.868597061
스쿠알란,성분,2024-09-22,104.3931701984
스쿠알란,성분,2024-09-29,104.3931701984
스쿠알란,성분,2024-10-06,97.868597061
스쿠알란,성분,2024-10-13,104.3931701984
스쿠알란,성분,2024-10-20,117.4423164732
스쿠알란,성분,2024-10-27,110.9177433358
스쿠알란,성분,2024-11-03,97.868597061
스쿠알란,성분,2024-11-10,110.9177433358
스쿠알란,성분,2024-11-17,110.9177433358
스쿠알란,성분,2024-11-24,137.0160358854
스쿠알란,성분,2024-12-01,137.0160358854
스쿠알란,성분,2024-12-08,123.9668896106
스쿠알란,성분,2024-12-15,110.9177433358
스쿠알란,성분,2024-12-22,137.0160358854
스쿠알란,성분,2024-12-29,143.5406090228
스쿠알란,성분,2025-01-05,150.0651821602
스쿠알란,성분,2025-01-12,137.0160358854
스쿠알란,성분,2025-01-19,137.0160358854
스쿠알란,성분,2025-01-26,130.491462748
스쿠알란,성분,2025-02-02,130.491462748
스쿠알란,성분,2025-02-09,130.491462748
스쿠알란,성분,2025-02-16,130.491462748
스쿠알란,성분,2025-02-23,130.491462748
스쿠알란,성분,2025-03-02,130.491462748
스쿠알란,성분,2025-03-09,143.5406090228
스쿠알란,성분,2025-03-16,143.5406090228
스쿠알란,성분,2025-03-23,130.491462748
스쿠알란,성분,2025-03-30,117.4423164732
스쿠알란,성분,2025-04-06,130.491462748
스쿠알란,성분,2025-04-13,123.9668896106
스쿠알란,성분,2025-04-20,110.9177433358
스쿠알란,성분,2025-04-27,117.4423164732
스쿠알란,성분,2025-05-04,110.9177433358
스쿠알란,성분,2025-05-11,110.9177433358
스쿠알란,성분,2025-05-18,110.9177433358
스쿠알란,성분,2025-05-25,130.491462748
스쿠알란,성분,2025-06-01,137.0160358854
스쿠알란,성분,2025-06-08,137.0160358854
스쿠알란,성분,2025-06-15,137.0160358854
스쿠알란,성분,2025-06-22,123.9668896106
스쿠알란,성분,2025-06-29,130.491462748
스쿠알란,성분,2025-07-06,130.491462748
스쿠알란,성분,2025-07-13,137.0160358854
스쿠알란,성분,2025-07-20,169.6389015724
스쿠알란,성분,2025-07-27,221.8354866716
스쿠알란,성분,2025-08-03,143.5406090228
스쿠알란,성분,2025-08-10,130.491462748
스쿠알란,성분,2025-08-17,104.3931701984
스쿠알란,성분,2025-08-24,91.3440239236
스쿠알란,성분,2025-08-31,123.9668896106
스쿠알란,성분,2025-09-07,97.868597061
스쿠알란,성분,2025-09-14,91.3440239236
스쿠알란,성분,2025-09-21,97.868597061
스쿠알란,성분,2025-09-28,84.8194507862
스쿠알란,성분,2025-10-05,97.868597061
스쿠알란,성분,2025-10-12,104.3931701984
스쿠알란,성분,2025-10-19,104.3931701984
스쿠알란,성분,2025-10-26,137.0160358854
스쿠알란,성분,2025-11-02,169.6389015724
스쿠알란,성분,2025-11-09,176.1634747098
스쿠알란,성분,2025-11-16,169.6389015724
스쿠알란,성분,2025-11-23,176.1634747098
스쿠알란,성분,2025-11-30,176.1634747098
스쿠알란,성분,2025-12-07,156.5897552976
스쿠알란,성분,2025-12-14,156.5897552976
스쿠알란,성분,2025-12-21,163.114328435
스쿠알란,성분,2025-12-28,169.6389015724
스쿠알란,성분,2026-01-04,163.114328435
스쿠알란,성분,2026-01-11,156.5897552976
스쿠알란,성분,2026-01-18,156.5897552976
스쿠알란,성분,2026-01-25,182.6880478472
스쿠알란,성분,2026-02-01,182.6880478472
스쿠알란,성분,2026-02-08,156.5897552976
스쿠알란,성분,2026-02-15,169.6389015724
스쿠알란,성분,2026-02-22,176.1634747098
스쿠알란,성분,2026-03-01,169.6389015724
스쿠알란,성분,2026-03-08,202.2617672594
스쿠알란,성분,2026-03-15,221.8354866716
스쿠알란,성분,2026-03-22,319.7040837326
스쿠알란,성분,2026-03-29,508.9167047172
스쿠알란,성분,2026-04-05,619.834448053
스쿠알란,성분,2026-04-12,652.45731374
스쿠알란,성분,2026-04-19,482.8184121676
스쿠알란,성분,2026-04-26,332.7532300074
스쿠알란,성분,2026-05-03,306.6549374578
스쿠알란,성분,2026-05-10,404.5235345188
스쿠알란,성분,2026-05-17,443.6709733432
스쿠알란,성분,2026-05-24,313.1795105952
스쿠알란,성분,2026-05-31,319.7040837326
스쿠알란,성분,2026-06-07,378.4252419692
스쿠알란,성분,2026-06-14,313.1795105952
스쿠알란,성분,2026-06-21,339.2778031448
스쿠알란,성분,2026-06-28,215.3109135342
스쿠알란,성분,2026-07-05,189.2126209846
스쿠알란,성분,2026-07-12,156.5897552976
스쿠알란,성분,2026-07-19,137.0160358854
스쿠알란,성분,2026-07-26,143.5406090228
스쿠알란,성분,2026-08-02,137.0160358854
스쿠알란,성분,2026-08-09,137.0160358854
스쿠알란,성분,2026-08-16,123.9668896106
스쿠알란,성분,2026-08-23,130.491462748
스쿠알란,성분,2026-08-30,137.0160358854
스쿠알란,성분,2026-09-06,123.9668896106
스쿠알란,성분,2026-09-13,123.9668896106
스쿠알란,성분,2026-09-20,117.4423164732
병풀추출물,성분,2015-12-27,0.0
병풀추출물,성분,2016-01-03,16.0
병풀추출물,성분,2016-01-10,19.0
병풀추출물,성분,2016-01-17,18.0
병풀추출물,성분,2016-01-24,21.0
병풀추출물,성분,2016-01-31,18.0
병풀추출물,성분,2016-02-07,17.0
병풀추출물,성분,2016-02-14,15.0
병풀추출물,성분,2016-02-21,19.0
병풀추출물,성분,2016-02-28,16.0
병풀추출물,성분,2016-03-06,18.0
병풀추출물,성분,2016-03-13,0.0
병풀추출물,성분,2016-03-20,17.0
병풀추출물,성분,2016-03-27,0.0
병풀추출물,성분,2016-04-03,23.0
병풀추출물,성분,2016-04-10,0.0
병풀추출물,성분,2016-04-17,20.0
병풀추출물,성분,2016-04-24,20.0
병풀추출물,성분,2016-05-01,28.0
병풀추출물,성분,2016-05-08,23.0
병풀추출물,성분,2016-05-15,23.0
병풀추출물,성분,2016-05-22,26.0
병풀추출물,성분,2016-05-29,20.0
병풀추출물,성분,2016-06-05,27.0
병풀추출물,성분,2016-06-12,22.0
병풀추출물,성분,2016-06-19,16.0
병풀추출물,성분,2016-06-26,16.0
병풀추출물,성분,2016-07-03,0.0
병풀추출물,성분,2016-07-10,25.0
병풀추출물,성분,2016-07-17,0.0
병풀추출물,성분,2016-07-24,0.0
병풀추출물,성분,2016-07-31,0.0
병풀추출물,성분,2016-08-07,26.0
병풀추출물,성분,2016-08-14,0.0
병풀추출물,성분,2016-08-21,17.0
병풀추출물,성분,2016-08-28,22.0
병풀추출물,성분,2016-09-04,25.0
병풀추출물,성분,2016-09-11,22.0
병풀추출물,성분,2016-09-18,15.0
병풀추출물,성분,2016-09-25,21.0
병풀추출물,성분,2016-10-02,0.0
병풀추출물,성분,2016-10-09,0.0
병풀추출물,성분,2016-10-16,18.0
병풀추출물,성분,2016-10-23,17.0
병풀추출물,성분,2016-10-30,15.0
병풀추출물,성분,2016-11-06,18.0
병풀추출물,성분,2016-11-13,16.0
병풀추출물,성분,2016-11-20,0.0
병풀추출물,성분,2016-11-27,14.0
병풀추출물,성분,2016-12-04,19.0
병풀추출물,성분,2016-12-11,18.0
병풀추출물,성분,2016-12-18,0.0
병풀추출물,성분,2016-12-25,0.0
병풀추출물,성분,2017-01-01,0.0
병풀추출물,성분,2017-01-08,0.0
병풀추출물,성분,2017-01-15,0.0
병풀추출물,성분,2017-01-22,17.0
병풀추출물,성분,2017-01-29,27.0
병풀추출물,성분,2017-02-05,14.0
병풀추출물,성분,2017-02-12,24.0
병풀추출물,성분,2017-02-19,16.0
병풀추출물,성분,2017-02-26,19.0
병풀추출물,성분,2017-03-05,25.0
병풀추출물,성분,2017-03-12,17.0
병풀추출물,성분,2017-03-19,19.0
병풀추출물,성분,2017-03-26,30.0
병풀추출물,성분,2017-04-02,20.0
병풀추출물,성분,2017-04-09,23.0
병풀추출물,성분,2017-04-16,25.0
병풀추출물,성분,2017-04-23,19.0
병풀추출물,성분,2017-04-30,18.0
병풀추출물,성분,2017-05-07,25.0
병풀추출물,성분,2017-05-14,0.0
병풀추출물,성분,2017-05-21,24.0
병풀추출물,성분,2017-05-28,19.0
병풀추출물,성분,2017-06-04,26.0
병풀추출물,성분,2017-06-11,22.0
병풀추출물,성분,2017-06-18,0.0
병풀추출물,성분,2017-06-25,28.0
병풀추출물,성분,2017-07-02,27.0
병풀추출물,성분,2017-07-09,20.0
병풀추출물,성분,2017-07-16,0.0
병풀추출물,성분,2017-07-23,30.0
병풀추출물,성분,2017-07-30,45.0
병풀추출물,성분,2017-08-06,42.0
병풀추출물,성분,2017-08-13,24.0
병풀추출물,성분,2017-08-20,0.0
병풀추출물,성분,2017-08-27,28.0
병풀추출물,성분,2017-09-03,26.0
병풀추출물,성분,2017-09-10,0.0
병풀추출물,성분,2017-09-17,17.0
병풀추출물,성분,2017-09-24,19.0
병풀추출물,성분,2017-10-01,22.0
병풀추출물,성분,2017-10-08,16.0
병풀추출물,성분,2017-10-15,33.0
병풀추출물,성분,2017-10-22,33.0
병풀추출물,성분,2017-10-29,21.0
병풀추출물,성분,2017-11-05,25.0
병풀추출물,성분,2017-11-12,27.0
병풀추출물,성분,2017-11-19,0.0
병풀추출물,성분,2017-11-26,13.0
병풀추출물,성분,2017-12-03,20.0
병풀추출물,성분,2017-12-10,32.0
병풀추출물,성분,2017-12-17,29.0
병풀추출물,성분,2017-12-24,22.0
병풀추출물,성분,2017-12-31,43.0
병풀추출물,성분,2018-01-07,69.0
병풀추출물,성분,2018-01-14,79.0
병풀추출물,성분,2018-01-21,82.0
병풀추출물,성분,2018-01-28,65.0
병풀추출물,성분,2018-02-04,25.0
병풀추출물,성분,2018-02-11,76.0
병풀추출물,성분,2018-02-18,54.0
병풀추출물,성분,2018-02-25,97.0
병풀추출물,성분,2018-03-04,100.0
병풀추출물,성분,2018-03-11,64.0
병풀추출물,성분,2018-03-18,37.0
병풀추출물,성분,2018-03-25,66.0
병풀추출물,성분,2018-04-01,65.0
병풀추출물,성분,2018-04-08,55.0
병풀추출물,성분,2018-04-15,32.0
병풀추출물,성분,2018-04-22,37.0
병풀추출물,성분,2018-04-29,33.0
병풀추출물,성분,2018-05-06,41.0
병풀추출물,성분,2018-05-13,43.0
병풀추출물,성분,2018-05-20,37.0
병풀추출물,성분,2018-05-27,38.0
병풀추출물,성분,2018-06-03,28.0
병풀추출물,성분,2018-06-10,38.0
병풀추출물,성분,2018-06-17,41.0
병풀추출물,성분,2018-06-24,41.0
병풀추출물,성분,2018-07-01,39.0
병풀추출물,성분,2018-07-08,53.0
병풀추출물,성분,2018-07-15,50.0
병풀추출물,성분,2018-07-22,37.0
병풀추출물,성분,2018-07-29,30.0
병풀추출물,성분,2018-08-05,28.0
병풀추출물,성분,2018-08-12,42.0
병풀추출물,성분,2018-08-19,55.0
병풀추출물,성분,2018-08-26,34.0
병풀추출물,성분,2018-09-02,41.0
병풀추출물,성분,2018-09-09,41.0
병풀추출물,성분,2018-09-16,36.0
병풀추출물,성분,2018-09-23,28.0
병풀추출물,성분,2018-09-30,41.0
병풀추출물,성분,2018-10-07,32.0
병풀추출물,성분,2018-10-14,20.0
병풀추출물,성분,2018-10-21,36.0
병풀추출물,성분,2018-10-28,31.0
병풀추출물,성분,2018-11-04,34.0
병풀추출물,성분,2018-11-11,35.0
병풀추출물,성분,2018-11-18,30.0
병풀추출물,성분,2018-11-25,34.0
병풀추출물,성분,2018-12-02,34.0
병풀추출물,성분,2018-12-09,29.0
병풀추출물,성분,2018-12-16,29.0
병풀추출물,성분,2018-12-23,27.0
병풀추출물,성분,2018-12-30,31.0
병풀추출물,성분,2019-01-06,32.0
병풀추출물,성분,2019-01-13,41.0
병풀추출물,성분,2019-01-20,30.0
병풀추출물,성분,2019-01-27,33.0
병풀추출물,성분,2019-02-03,35.0
병풀추출물,성분,2019-02-10,36.0
병풀추출물,성분,2019-02-17,35.0
병풀추출물,성분,2019-02-24,32.0
병풀추출물,성분,2019-03-03,36.0
병풀추출물,성분,2019-03-10,43.0
병풀추출물,성분,2019-03-17,38.0
병풀추출물,성분,2019-03-24,35.0
병풀추출물,성분,2019-03-31,35.0
병풀추출물,성분,2019-04-07,44.0
병풀추출물,성분,2019-04-14,37.0
병풀추출물,성분,2019-04-21,34.0
병풀추출물,성분,2019-04-28,35.0
병풀추출물,성분,2019-05-05,40.0
병풀추출물,성분,2019-05-12,37.0
병풀추출물,성분,2019-05-19,25.0
병풀추출물,성분,2019-05-26,47.0
병풀추출물,성분,2019-06-02,30.0
병풀추출물,성분,2019-06-09,37.0
병풀추출물,성분,2019-06-16,41.0
병풀추출물,성분,2019-06-23,34.0
병풀추출물,성분,2019-06-30,19.7014925373
병풀추출물,성분,2019-07-07,34.9253731343
병풀추출물,성분,2019-07-14,32.2388059701
병풀추출물,성분,2019-07-21,40.2985074627
병풀추출물,성분,2019-07-28,40.2985074627
병풀추출물,성분,2019-08-04,29.552238806
병풀추출물,성분,2019-08-11,22.3880597015
병풀추출물,성분,2019-08-18,50.1492537313
병풀추출물,성분,2019-08-25,40.2985074627
병풀추출물,성분,2019-09-01,28.6567164179
병풀추출물,성분,2019-09-08,37.6119402985
병풀추출물,성분,2019-09-15,40.2985074627
병풀추출물,성분,2019-09-22,42.9850746269
병풀추출물,성분,2019-09-29,24.1791044776
병풀추출물,성분,2019-10-06,38.5074626866
병풀추출물,성분,2019-10-13,24.1791044776
병풀추출물,성분,2019-10-20,29.552238806
병풀추출물,성분,2019-10-27,25.0746268657
병풀추출물,성분,2019-11-03,38.5074626866
병풀추출물,성분,2019-11-10,22.3880597015
병풀추출물,성분,2019-11-17,33.1343283582
병풀추출물,성분,2019-11-24,26.8656716418
병풀추출물,성분,2019-12-01,28.6567164179
병풀추출물,성분,2019-12-08,39.4029850746
병풀추출물,성분,2019-12-15,29.552238806
병풀추출물,성분,2019-12-22,35.8208955224
병풀추출물,성분,2019-12-29,44.776119403
병풀추출물,성분,2020-01-05,40.2985074627
병풀추출물,성분,2020-01-12,50.1492537313
병풀추출물,성분,2020-01-19,46.5671641791
병풀추출물,성분,2020-01-26,41.1940298507
병풀추출물,성분,2020-02-02,35.8208955224
병풀추출물,성분,2020-02-09,34.0298507463
병풀추출물,성분,2020-02-16,34.0298507463
병풀추출물,성분,2020-02-23,40.2985074627
병풀추출물,성분,2020-03-01,40.2985074627
병풀추출물,성분,2020-03-08,41.1940298507
병풀추출물,성분,2020-03-15,36.7164179104
병풀추출물,성분,2020-03-22,19.7014925373
병풀추출물,성분,2020-03-29,28.6567164179
병풀추출물,성분,2020-04-05,46.5671641791
병풀추출물,성분,2020-04-12,51.9402985075
병풀추출물,성분,2020-04-19,42.9850746269
병풀추출물,성분,2020-04-26,42.0895522388
병풀추출물,성분,2020-05-03,47.4626865672
병풀추출물,성분,2020-05-10,51.0447761194
병풀추출물,성분,2020-05-17,47.4626865672
병풀추출물,성분,2020-05-24,55.5223880597
병풀추출물,성분,2020-05-31,43.8805970149
병풀추출물,성분,2020-06-07,41.1940298507
병풀추출물,성분,2020-06-14,50.1492537313
병풀추출물,성분,2020-06-21,48.3582089552
병풀추출물,성분,2020-06-28,41.1940298507
병풀추출물,성분,2020-07-05,58.2089552239
병풀추출물,성분,2020-07-12,58.2089552239
병풀추출물,성분,2020-07-19,63.5820895522
병풀추출물,성분,2020-07-26,48.3582089552
병풀추출물,성분,2020-08-02,71.6417910448
병풀추출물,성분,2020-08-09,51.9402985075
병풀추출물,성분,2020-08-16,51.9402985075
병풀추출물,성분,2020-08-23,44.776119403
병풀추출물,성분,2020-08-30,50.1492537313
병풀추출물,성분,2020-09-06,60.8955223881
병풀추출물,성분,2020-09-13,44.776119403
병풀추출물,성분,2020-09-20,45.671641791
병풀추출물,성분,2020-09-27,47.4626865672
병풀추출물,성분,2020-10-04,54.6268656716
병풀추출물,성분,2020-10-11,43.8805970149
병풀추출물,성분,2020-10-18,37.6119402985
병풀추출물,성분,2020-10-25,49.2537313433
병풀추출물,성분,2020-11-01,42.0895522388
병풀추출물,성분,2020-11-08,48.3582089552
병풀추출물,성분,2020-11-15,33.1343283582
병풀추출물,성분,2020-11-22,40.2985074627
병풀추출물,성분,2020-11-29,40.2985074627
병풀추출물,성분,2020-12-06,35.8208955224
병풀추출물,성분,2020-12-13,43.8805970149
병풀추출물,성분,2020-12-20,34.0298507463
병풀추출물,성분,2020-12-27,43.8805970149
병풀추출물,성분,2021-01-03,45.671641791
병풀추출물,성분,2021-01-10,39.4029850746
병풀추출물,성분,2021-01-17,54.6268656716
병풀추출물,성분,2021-01-24,60.0
병풀추출물,성분,2021-01-31,42.0895522388
병풀추출물,성분,2021-02-07,34.0298507463
병풀추출물,성분,2021-02-14,37.6119402985
병풀추출물,성분,2021-02-21,45.671641791
병풀추출물,성분,2021-02-28,42.0895522388
병풀추출물,성분,2021-03-07,28.6567164179
병풀추출물,성분,2021-03-14,34.0298507463
병풀추출물,성분,2021-03-21,57.3134328358
병풀추출물,성분,2021-03-28,51.0447761194
병풀추출물,성분,2021-04-04,44.776119403
병풀추출물,성분,2021-04-11,56.4179104478
병풀추출물,성분,2021-04-18,42.9850746269
병풀추출물,성분,2021-04-25,42.9850746269
병풀추출물,성분,2021-05-02,48.3582089552
병풀추출물,성분,2021-05-09,40.2985074627
병풀추출물,성분,2021-05-16,53.7313432836
병풀추출물,성분,2021-05-23,37.6119402985
병풀추출물,성분,2021-05-30,39.4029850746
병풀추출물,성분,2021-06-06,49.2537313433
병풀추출물,성분,2021-06-13,41.1940298507
병풀추출물,성분,2021-06-20,46.5671641791
병풀추출물,성분,2021-06-27,53.7313432836
병풀추출물,성분,2021-07-04,43.8805970149
병풀추출물,성분,2021-07-11,37.6119402985
병풀추출물,성분,2021-07-18,39.4029850746
병풀추출물,성분,2021-07-25,63.5820895522
병풀추출물,성분,2021-08-01,57.3134328358
병풀추출물,성분,2021-08-08,44.776119403
병풀추출물,성분,2021-08-15,44.776119403
병풀추출물,성분,2021-08-22,66.2686567164
병풀추출물,성분,2021-08-29,55.5223880597
병풀추출물,성분,2021-09-05,46.5671641791
병풀추출물,성분,2021-09-12,40.2985074627
병풀추출물,성분,2021-09-19,42.9850746269
병풀추출물,성분,2021-09-26,51.0447761194
병풀추출물,성분,2021-10-03,32.2388059701
병풀추출물,성분,2021-10-10,53.7313432836
병풀추출물,성분,2021-10-17,43.8805970149
병풀추출물,성분,2021-10-24,48.3582089552
병풀추출물,성분,2021-10-31,45.671641791
병풀추출물,성분,2021-11-07,46.5671641791
병풀추출물,성분,2021-11-14,31.3432835821
병풀추출물,성분,2021-11-21,40.2985074627
병풀추출물,성분,2021-11-28,25.9701492537
병풀추출물,성분,2021-12-05,44.776119403
병풀추출물,성분,2021-12-12,38.5074626866
병풀추출물,성분,2021-12-19,36.7164179104
병풀추출물,성분,2021-12-26,28.6567164179
병풀추출물,성분,2022-01-02,58.2089552239
병풀추출물,성분,2022-01-09,48.3582089552
병풀추출물,성분,2022-01-16,36.7164179104
병풀추출물,성분,2022-01-23,53.7313432836
병풀추출물,성분,2022-01-30,63.5820895522
병풀추출물,성분,2022-02-06,44.776119403
병풀추출물,성분,2022-02-13,38.5074626866
병풀추출물,성분,2022-02-20,34.9253731343
병풀추출물,성분,2022-02-27,50.1492537313
병풀추출물,성분,2022-03-06,53.7313432836
병풀추출물,성분,2022-03-13,51.9402985075
병풀추출물,성분,2022-03-20,58.2089552239
병풀추출물,성분,2022-03-27,43.8805970149
병풀추출물,성분,2022-04-03,46.5671641791
병풀추출물,성분,2022-04-10,41.1940298507
병풀추출물,성분,2022-04-17,67.1641791045
병풀추출물,성분,2022-04-24,59.1044776119
병풀추출물,성분,2022-05-01,42.0895522388
병풀추출물,성분,2022-05-08,52.8358208955
병풀추출물,성분,2022-05-15,46.5671641791
병풀추출물,성분,2022-05-22,43.8805970149
병풀추출물,성분,2022-05-29,36.7164179104
병풀추출물,성분,2022-06-05,51.0447761194
병풀추출물,성분,2022-06-12,49.2537313433
병풀추출물,성분,2022-06-19,56.4179104478
병풀추출물,성분,2022-06-26,51.9402985075
병풀추출물,성분,2022-07-03,45.671641791
병풀추출물,성분,2022-07-10,42.9850746269
병풀추출물,성분,2022-07-17,51.9402985075
병풀추출물,성분,2022-07-24,49.2537313433
병풀추출물,성분,2022-07-31,55.5223880597
병풀추출물,성분,2022-08-07,59.1044776119
병풀추출물,성분,2022-08-14,48.3582089552
병풀추출물,성분,2022-08-21,56.4179104478
병풀추출물,성분,2022-08-28,34.9253731343
병풀추출물,성분,2022-09-04,34.0298507463
병풀추출물,성분,2022-09-11,40.2985074627
병풀추출물,성분,2022-09-18,50.1492537313
병풀추출물,성분,2022-09-25,42.9850746269
병풀추출물,성분,2022-10-02,43.8805970149
병풀추출물,성분,2022-10-09,50.1492537313
병풀추출물,성분,2022-10-16,34.0298507463
병풀추출물,성분,2022-10-23,39.4029850746
병풀추출물,성분,2022-10-30,42.0895522388
병풀추출물,성분,2022-11-06,52.8358208955
병풀추출물,성분,2022-11-13,42.0895522388
병풀추출물,성분,2022-11-20,36.7164179104
병풀추출물,성분,2022-11-27,52.8358208955
병풀추출물,성분,2022-12-04,63.5820895522
병풀추출물,성분,2022-12-11,42.0895522388
병풀추출물,성분,2022-12-18,39.4029850746
병풀추출물,성분,2022-12-25,46.5671641791
병풀추출물,성분,2023-01-01,42.8398547802
병풀추출물,성분,2023-01-08,57.1198063735
병풀추출물,성분,2023-01-15,85.6797095603
병풀추출물,성분,2023-01-22,85.6797095603
병풀추출물,성분,2023-01-29,64.2597821702
병풀추출물,성분,2023-02-05,57.1198063735
병풀추출물,성분,2023-02-12,42.8398547802
병풀추출물,성분,2023-02-19,64.2597821702
병풀추출물,성분,2023-02-26,49.9798305768
병풀추출물,성분,2023-03-05,57.1198063735
병풀추출물,성분,2023-03-12,71.3997579669
병풀추출물,성분,2023-03-19,57.1198063735
병풀추출물,성분,2023-03-26,57.1198063735
병풀추출물,성분,2023-04-02,49.9798305768
병풀추출물,성분,2023-04-09,64.2597821702
병풀추출물,성분,2023-04-16,64.2597821702
병풀추출물,성분,2023-04-23,57.1198063735
병풀추출물,성분,2023-04-30,64.2597821702
병풀추출물,성분,2023-05-07,64.2597821702
병풀추출물,성분,2023-05-14,64.2597821702
병풀추출물,성분,2023-05-21,64.2597821702
병풀추출물,성분,2023-05-28,71.3997579669
병풀추출물,성분,2023-06-04,57.1198063735
병풀추출물,성분,2023-06-11,49.9798305768
병풀추출물,성분,2023-06-18,57.1198063735
병풀추출물,성분,2023-06-25,64.2597821702
병풀추출물,성분,2023-07-02,78.5397337636
병풀추출물,성분,2023-07-09,49.9798305768
병풀추출물,성분,2023-07-16,64.2597821702
병풀추출물,성분,2023-07-23,64.2597821702
병풀추출물,성분,2023-07-30,64.2597821702
병풀추출물,성분,2023-08-06,64.2597821702
병풀추출물,성분,2023-08-13,64.2597821702
병풀추출물,성분,2023-08-20,49.9798305768
병풀추출물,성분,2023-08-27,64.2597821702
병풀추출물,성분,2023-09-03,42.8398547802
병풀추출물,성분,2023-09-10,64.2597821702
병풀추출물,성분,2023-09-17,42.8398547802
병풀추출물,성분,2023-09-24,57.1198063735
병풀추출물,성분,2023-10-01,64.2597821702
병풀추출물,성분,2023-10-08,64.2597821702
병풀추출물,성분,2023-10-15,49.9798305768
병풀추출물,성분,2023-10-22,57.1198063735
병풀추출물,성분,2023-10-29,49.9798305768
병풀추출물,성분,2023-11-05,71.3997579669
병풀추출물,성분,2023-11-12,78.5397337636
병풀추출물,성분,2023-11-19,85.6797095603
병풀추출물,성분,2023-11-26,92.819685357
병풀추출물,성분,2023-12-03,78.5397337636
병풀추출물,성분,2023-12-10,71.3997579669
병풀추출물,성분,2023-12-17,64.2597821702
병풀추출물,성분,2023-12-24,85.6797095603
병풀추출물,성분,2023-12-31,71.3997579669
병풀추출물,성분,2024-01-07,99.9596611537
병풀추출물,성분,2024-01-14,92.819685357
병풀추출물,성분,2024-01-21,107.0996369504
병풀추출물,성분,2024-01-28,85.6797095603
병풀추출물,성분,2024-02-04,92.819685357
병풀추출물,성분,2024-02-11,85.6797095603
병풀추출물,성분,2024-02-18,85.6797095603
병풀추출물,성분,2024-02-25,78.5397337636
병풀추출물,성분,2024-03-03,85.6797095603
병풀추출물,성분,2024-03-10,78.5397337636
병풀추출물,성분,2024-03-17,78.5397337636
병풀추출물,성분,2024-03-24,85.6797095603
병풀추출물,성분,2024-03-31,114.2396127471
병풀추출물,성분,2024-04-07,92.819685357
병풀추출물,성분,2024-04-14,92.819685357
병풀추출물,성분,2024-04-21,114.2396127471
병풀추출물,성분,2024-04-28,71.3997579669
병풀추출물,성분,2024-05-05,107.0996369504
병풀추출물,성분,2024-05-12,85.6797095603
병풀추출물,성분,2024-05-19,92.819685357
병풀추출물,성분,2024-05-26,99.9596611537
병풀추출물,성분,2024-06-02,107.0996369504
병풀추출물,성분,2024-06-09,99.9596611537
병풀추출물,성분,2024-06-16,92.819685357
병풀추출물,성분,2024-06-23,92.819685357
병풀추출물,성분,2024-06-30,107.0996369504
병풀추출물,성분,2024-07-07,121.3795885438
병풀추출물,성분,2024-07-14,128.5195643405
병풀추출물,성분,2024-07-21,107.0996369504
병풀추출물,성분,2024-07-28,85.6797095603
병풀추출물,성분,2024-08-04,99.9596611537
병풀추출물,성분,2024-08-11,135.6595401372
병풀추출물,성분,2024-08-18,128.5195643405
병풀추출물,성분,2024-08-25,121.3795885438
병풀추출물,성분,2024-09-01,92.819685357
병풀추출물,성분,2024-09-08,99.9596611537
병풀추출물,성분,2024-09-15,121.3795885438
병풀추출물,성분,2024-09-22,92.819685357
병풀추출물,성분,2024-09-29,78.5397337636
병풀추출물,성분,2024-10-06,92.819685357
병풀추출물,성분,2024-10-13,78.5397337636
병풀추출물,성분,2024-10-20,78.5397337636
병풀추출물,성분,2024-10-27,99.9596611537
병풀추출물,성분,2024-11-03,92.819685357
병풀추출물,성분,2024-11-10,114.2396127471
병풀추출물,성분,2024-11-17,78.5397337636
병풀추출물,성분,2024-11-24,78.5397337636
병풀추출물,성분,2024-12-01,85.6797095603
병풀추출물,성분,2024-12-08,78.5397337636
병풀추출물,성분,2024-12-15,99.9596611537
병풀추출물,성분,2024-12-22,128.5195643405
병풀추출물,성분,2024-12-29,142.7995159338
병풀추출물,성분,2025-01-05,135.6595401372
병풀추출물,성분,2025-01-12,121.3795885438
병풀추출물,성분,2025-01-19,128.5195643405
병풀추출물,성분,2025-01-26,121.3795885438
병풀추출물,성분,2025-02-02,164.2194433239
병풀추출물,성분,2025-02-09,149.9394917305
병풀추출물,성분,2025-02-16,135.6595401372
병풀추출물,성분,2025-02-23,142.7995159338
병풀추출물,성분,2025-03-02,135.6595401372
병풀추출물,성분,2025-03-09,135.6595401372
병풀추출물,성분,2025-03-16,135.6595401372
병풀추출물,성분,2025-03-23,121.3795885438
병풀추출물,성분,2025-03-30,128.5195643405
병풀추출물,성분,2025-04-06,114.2396127471
병풀추출물,성분,2025-04-13,107.0996369504
병풀추출물,성분,2025-04-20,149.9394917305
병풀추출물,성분,2025-04-27,107.0996369504
병풀추출물,성분,2025-05-04,157.0794675272
병풀추출물,성분,2025-05-11,135.6595401372
병풀추출물,성분,2025-05-18,114.2396127471
병풀추출물,성분,2025-05-25,121.3795885438
병풀추출물,성분,2025-06-01,121.3795885438
병풀추출물,성분,2025-06-08,121.3795885438
병풀추출물,성분,2025-06-15,107.0996369504
병풀추출물,성분,2025-06-22,149.9394917305
병풀추출물,성분,2025-06-29,107.0996369504
병풀추출물,성분,2025-07-06,121.3795885438
병풀추출물,성분,2025-07-13,142.7995159338
병풀추출물,성분,2025-07-20,221.3392496975
병풀추출물,성분,2025-07-27,271.3190802743
병풀추출물,성분,2025-08-03,157.0794675272
병풀추출물,성분,2025-08-10,142.7995159338
병풀추출물,성분,2025-08-17,92.819685357
병풀추출물,성분,2025-08-24,142.7995159338
병풀추출물,성분,2025-08-31,114.2396127471
병풀추출물,성분,2025-09-07,114.2396127471
병풀추출물,성분,2025-09-14,99.9596611537
병풀추출물,성분,2025-09-21,92.819685357
병풀추출물,성분,2025-09-28,92.819685357
병풀추출물,성분,2025-10-05,121.3795885438
병풀추출물,성분,2025-10-12,128.5195643405
병풀추출물,성분,2025-10-19,121.3795885438
병풀추출물,성분,2025-10-26,114.2396127471
병풀추출물,성분,2025-11-02,157.0794675272
병풀추출물,성분,2025-11-09,185.639370714
병풀추출물,성분,2025-11-16,142.7995159338
병풀추출물,성분,2025-11-23,192.7793465107
병풀추출물,성분,2025-11-30,207.0592981041
병풀추출물,성분,2025-12-07,192.7793465107
병풀추출물,성분,2025-12-14,164.2194433239
병풀추출물,성분,2025-12-21,192.7793465107
병풀추출물,성분,2025-12-28,185.639370714
병풀추출물,성분,2026-01-04,157.0794675272
병풀추출물,성분,2026-01-11,164.2194433239
병풀추출물,성분,2026-01-18,185.639370714
병풀추출물,성분,2026-01-25,221.3392496975
병풀추출물,성분,2026-02-01,207.0592981041
병풀추출물,성분,2026-02-08,199.9193223074
병풀추출물,성분,2026-02-15,192.7793465107
병풀추출물,성분,2026-02-22,249.8991528842
병풀추출물,성분,2026-03-01,228.4792254942
병풀추출물,성분,2026-03-08,214.1992739008
병풀추출물,성분,2026-03-15,249.8991528842
병풀추출물,성분,2026-03-22,328.4388866478
병풀추출물,성분,2026-03-29,449.8184751916
병풀추출물,성분,2026-04-05,656.8777732957
병풀추출물,성분,2026-04-12,713.9975796692
병풀추출물,성분,2026-04-19,592.6179911255
병풀추출물,성분,2026-04-26,435.5385235982
병풀추출물,성분,2026-05-03,442.6784993949
병풀추출물,성분,2026-05-10,449.8184751916
병풀추출물,성분,2026-05-17,406.9786204115
병풀추출물,성분,2026-05-24,364.1387656313
병풀추출물,성분,2026-05-31,399.8386446148
병풀추출물,성분,2026-06-07,442.6784993949
병풀추출물,성분,2026-06-14,442.6784993949
병풀추출물,성분,2026-06-21,356.9987898346
병풀추출물,성분,2026-06-28,214.1992739008
병풀추출물,성분,2026-07-05,228.4792254942
병풀추출물,성분,2026-07-12,199.9193223074
병풀추출물,성분,2026-07-19,149.9394917305
병풀추출물,성분,2026-07-26,121.3795885438
병풀추출물,성분,2026-08-02,135.6595401372
병풀추출물,성분,2026-08-09,142.7995159338
병풀추출물,성분,2026-08-16,128.5195643405
병풀추출물,성분,2026-08-23,114.2396127471
병풀추출물,성분,2026-08-30,114.2396127471
병풀추출물,성분,2026-09-06,85.6797095603
병풀추출물,성분,2026-09-13,107.0996369504
병풀추출물,성분,2026-09-20,92.819685357
엑소좀,성분,2019-06-30,0.0
엑소좀,성분,2019-07-07,0.0
엑소좀,성분,2019-07-14,0.0
엑소좀,성분,2019-07-21,0.0
엑소좀,성분,2019-07-28,0.0
엑소좀,성분,2019-08-04,0.0
엑소좀,성분,2019-08-11,0.0
엑소좀,성분,2019-08-18,0.0
엑소좀,성분,2019-08-25,0.0
엑소좀,성분,2019-09-01,0.0
엑소좀,성분,2019-09-08,0.0
엑소좀,성분,2019-09-15,0.0
엑소좀,성분,2019-09-22,0.0
엑소좀,성분,2019-09-29,0.0
엑소좀,성분,2019-10-06,0.0
엑소좀,성분,2019-10-13,0.0
엑소좀,성분,2019-10-20,0.0
엑소좀,성분,2019-10-27,0.0
엑소좀,성분,2019-11-03,0.0
엑소좀,성분,2019-11-10,0.0
엑소좀,성분,2019-11-17,0.0
엑소좀,성분,2019-11-24,0.0
엑소좀,성분,2019-12-01,0.0
엑소좀,성분,2019-12-08,0.0
엑소좀,성분,2019-12-15,0.0
엑소좀,성분,2019-12-22,0.0
엑소좀,성분,2019-12-29,0.0
엑소좀,성분,2020-01-05,0.0
엑소좀,성분,2020-01-12,0.0
엑소좀,성분,2020-01-19,0.0
엑소좀,성분,2020-01-26,0.0
엑소좀,성분,2020-02-02,0.0
엑소좀,성분,2020-02-09,0.0
엑소좀,성분,2020-02-16,0.0
엑소좀,성분,2020-02-23,0.0
엑소좀,성분,2020-03-01,0.0
엑소좀,성분,2020-03-08,0.0
엑소좀,성분,2020-03-15,0.0
엑소좀,성분,2020-03-22,100.0
엑소좀,성분,2020-03-29,0.0
엑소좀,성분,2020-04-05,0.0
엑소좀,성분,2020-04-12,0.0
엑소좀,성분,2020-04-19,0.0
엑소좀,성분,2020-04-26,0.0
엑소좀,성분,2020-05-03,0.0
엑소좀,성분,2020-05-10,0.0
엑소좀,성분,2020-05-17,0.0
엑소좀,성분,2020-05-24,0.0
엑소좀,성분,2020-05-31,0.0
엑소좀,성분,2020-06-07,0.0
엑소좀,성분,2020-06-14,0.0
엑소좀,성분,2020-06-21,0.0
엑소좀,성분,2020-06-28,0.0
엑소좀,성분,2020-07-05,0.0
엑소좀,성분,2020-07-12,0.0
엑소좀,성분,2020-07-19,0.0
엑소좀,성분,2020-07-26,0.0
엑소좀,성분,2020-08-02,0.0
엑소좀,성분,2020-08-09,0.0
엑소좀,성분,2020-08-16,0.0
엑소좀,성분,2020-08-23,0.0
엑소좀,성분,2020-08-30,0.0
엑소좀,성분,2020-09-06,0.0
엑소좀,성분,2020-09-13,0.0
엑소좀,성분,2020-09-20,0.0
엑소좀,성분,2020-09-27,0.0
엑소좀,성분,2020-10-04,0.0
엑소좀,성분,2020-10-11,0.0
엑소좀,성분,2020-10-18,0.0
엑소좀,성분,2020-10-25,0.0
엑소좀,성분,2020-11-01,0.0
엑소좀,성분,2020-11-08,0.0
엑소좀,성분,2020-11-15,0.0
엑소좀,성분,2020-11-22,0.0
엑소좀,성분,2020-11-29,0.0
엑소좀,성분,2020-12-06,0.0
엑소좀,성분,2020-12-13,0.0
엑소좀,성분,2020-12-20,0.0
엑소좀,성분,2020-12-27,0.0
엑소좀,성분,2021-01-03,0.0
엑소좀,성분,2021-01-10,0.0
엑소좀,성분,2021-01-17,0.0
엑소좀,성분,2021-01-24,0.0
엑소좀,성분,2021-01-31,0.0
엑소좀,성분,2021-02-07,0.0
엑소좀,성분,2021-02-14,0.0
엑소좀,성분,2021-02-21,0.0
엑소좀,성분,2021-02-28,0.0
엑소좀,성분,2021-03-07,0.0
엑소좀,성분,2021-03-14,0.0
엑소좀,성분,2021-03-21,0.0
엑소좀,성분,2021-03-28,0.0
엑소좀,성분,2021-04-04,0.0
엑소좀,성분,2021-04-11,0.0
엑소좀,성분,2021-04-18,0.0
엑소좀,성분,2021-04-25,0.0
엑소좀,성분,2021-05-02,0.0
엑소좀,성분,2021-05-09,0.0
엑소좀,성분,2021-05-16,0.0
엑소좀,성분,2021-05-23,0.0
엑소좀,성분,2021-05-30,0.0
엑소좀,성분,2021-06-06,0.0
엑소좀,성분,2021-06-13,0.0
엑소좀,성분,2021-06-20,0.0
엑소좀,성분,2021-06-27,0.0
엑소좀,성분,2021-07-04,0.0
엑소좀,성분,2021-07-11,0.0
엑소좀,성분,2021-07-18,0.0
엑소좀,성분,2021-07-25,0.0
엑소좀,성분,2021-08-01,0.0
엑소좀,성분,2021-08-08,0.0
엑소좀,성분,2021-08-15,0.0
엑소좀,성분,2021-08-22,0.0
엑소좀,성분,2021-08-29,0.0
엑소좀,성분,2021-09-05,0.0
엑소좀,성분,2021-09-12,0.0
엑소좀,성분,2021-09-19,0.0
엑소좀,성분,2021-09-26,0.0
엑소좀,성분,2021-10-03,0.0
엑소좀,성분,2021-10-10,0.0
엑소좀,성분,2021-10-17,0.0
엑소좀,성분,2021-10-24,0.0
엑소좀,성분,2021-10-31,0.0
엑소좀,성분,2021-11-07,0.0
엑소좀,성분,2021-11-14,0.0
엑소좀,성분,2021-11-21,0.0
엑소좀,성분,2021-11-28,0.0
엑소좀,성분,2021-12-05,0.0
엑소좀,성분,2021-12-12,0.0
엑소좀,성분,2021-12-19,0.0
엑소좀,성분,2021-12-26,0.0
엑소좀,성분,2022-01-02,0.0
엑소좀,성분,2022-01-09,0.0
엑소좀,성분,2022-01-16,0.0
엑소좀,성분,2022-01-23,0.0
엑소좀,성분,2022-01-30,0.0
엑소좀,성분,2022-02-06,0.0
엑소좀,성분,2022-02-13,0.0
엑소좀,성분,2022-02-20,0.0
엑소좀,성분,2022-02-27,0.0
엑소좀,성분,2022-03-06,0.0
엑소좀,성분,2022-03-13,0.0
엑소좀,성분,2022-03-20,0.0
엑소좀,성분,2022-03-27,0.0
엑소좀,성분,2022-04-03,0.0
엑소좀,성분,2022-04-10,0.0
엑소좀,성분,2022-04-17,0.0
엑소좀,성분,2022-04-24,0.0
엑소좀,성분,2022-05-01,0.0
엑소좀,성분,2022-05-08,0.0
엑소좀,성분,2022-05-15,0.0
엑소좀,성분,2022-05-22,0.0
엑소좀,성분,2022-05-29,0.0
엑소좀,성분,2022-06-05,0.0
엑소좀,성분,2022-06-12,0.0
엑소좀,성분,2022-06-19,0.0
엑소좀,성분,2022-06-26,0.0
엑소좀,성분,2022-07-03,0.0
엑소좀,성분,2022-07-10,0.0
엑소좀,성분,2022-07-17,0.0
엑소좀,성분,2022-07-24,0.0
엑소좀,성분,2022-07-31,0.0
엑소좀,성분,2022-08-07,0.0
엑소좀,성분,2022-08-14,0.0
엑소좀,성분,2022-08-21,0.0
엑소좀,성분,2022-08-28,0.0
엑소좀,성분,2022-09-04,0.0
엑소좀,성분,2022-09-11,0.0
엑소좀,성분,2022-09-18,0.0
엑소좀,성분,2022-09-25,0.0
엑소좀,성분,2022-10-02,0.0
엑소좀,성분,2022-10-09,0.0
엑소좀,성분,2022-10-16,0.0
엑소좀,성분,2022-10-23,0.0
엑소좀,성분,2022-10-30,0.0
엑소좀,성분,2022-11-06,0.0
엑소좀,성분,2022-11-13,0.0
엑소좀,성분,2022-11-20,0.0
엑소좀,성분,2022-11-27,0.0
엑소좀,성분,2022-12-04,0.0
엑소좀,성분,2022-12-11,0.0
엑소좀,성분,2022-12-18,0.0
엑소좀,성분,2022-12-25,0.0
엑소좀,성분,2023-01-01,0.0
엑소좀,성분,2023-01-08,0.0
엑소좀,성분,2023-01-15,0.0
엑소좀,성분,2023-01-22,0.0
엑소좀,성분,2023-01-29,0.0
엑소좀,성분,2023-02-05,0.0
엑소좀,성분,2023-02-12,0.0
엑소좀,성분,2023-02-19,0.0
엑소좀,성분,2023-02-26,0.0
엑소좀,성분,2023-03-05,0.0
엑소좀,성분,2023-03-12,0.0
엑소좀,성분,2023-03-19,0.0
엑소좀,성분,2023-03-26,0.0
엑소좀,성분,2023-04-02,0.0
엑소좀,성분,2023-04-09,0.0
엑소좀,성분,2023-04-16,0.0
엑소좀,성분,2023-04-23,0.0
엑소좀,성분,2023-04-30,0.0
엑소좀,성분,2023-05-07,0.0
엑소좀,성분,2023-05-14,0.0
엑소좀,성분,2023-05-21,0.0
엑소좀,성분,2023-05-28,0.0
엑소좀,성분,2023-06-04,0.0
엑소좀,성분,2023-06-11,0.0
엑소좀,성분,2023-06-18,0.0
엑소좀,성분,2023-06-25,0.0
엑소좀,성분,2023-07-02,0.0
엑소좀,성분,2023-07-09,0.0
엑소좀,성분,2023-07-16,0.0
엑소좀,성분,2023-07-23,0.0
엑소좀,성분,2023-07-30,0.0
엑소좀,성분,2023-08-06,0.0
엑소좀,성분,2023-08-13,0.0
엑소좀,성분,2023-08-20,0.0
엑소좀,성분,2023-08-27,0.0
엑소좀,성분,2023-09-03,0.0
엑소좀,성분,2023-09-10,0.0
엑소좀,성분,2023-09-17,0.0
엑소좀,성분,2023-09-24,0.0
엑소좀,성분,2023-10-01,0.0
엑소좀,성분,2023-10-08,0.0
엑소좀,성분,2023-10-15,0.0
엑소좀,성분,2023-10-22,0.0
엑소좀,성분,2023-10-29,0.0
엑소좀,성분,2023-11-05,0.0
엑소좀,성분,2023-11-12,0.0
엑소좀,성분,2023-11-19,0.0
엑소좀,성분,2023-11-26,0.0
엑소좀,성분,2023-12-03,0.0
엑소좀,성분,2023-12-10,0.0
엑소좀,성분,2023-12-17,0.0
엑소좀,성분,2023-12-24,0.0
엑소좀,성분,2023-12-31,0.0
엑소좀,성분,2024-01-07,0.0
엑소좀,성분,2024-01-14,0.0
엑소좀,성분,2024-01-21,0.0
엑소좀,성분,2024-01-28,0.0
엑소좀,성분,2024-02-04,0.0
엑소좀,성분,2024-02-11,0.0
엑소좀,성분,2024-02-18,0.0
엑소좀,성분,2024-02-25,0.0
엑소좀,성분,2024-03-03,0.0
엑소좀,성분,2024-03-10,0.0
엑소좀,성분,2024-03-17,0.0
엑소좀,성분,2024-03-24,0.0
엑소좀,성분,2024-03-31,0.0
엑소좀,성분,2024-04-07,0.0
엑소좀,성분,2024-04-14,0.0
엑소좀,성분,2024-04-21,0.0
엑소좀,성분,2024-04-28,0.0
엑소좀,성분,2024-05-05,0.0
엑소좀,성분,2024-05-12,0.0
엑소좀,성분,2024-05-19,0.0
엑소좀,성분,2024-05-26,0.0
엑소좀,성분,2024-06-02,0.0
엑소좀,성분,2024-06-09,0.0
엑소좀,성분,2024-06-16,0.0
엑소좀,성분,2024-06-23,0.0
엑소좀,성분,2024-06-30,0.0
엑소좀,성분,2024-07-07,0.0
엑소좀,성분,2024-07-14,0.0
엑소좀,성분,2024-07-21,0.0
엑소좀,성분,2024-07-28,0.0
엑소좀,성분,2024-08-04,0.0
엑소좀,성분,2024-08-11,0.0
엑소좀,성분,2024-08-18,0.0
엑소좀,성분,2024-08-25,0.0
엑소좀,성분,2024-09-01,0.0
엑소좀,성분,2024-09-08,0.0
엑소좀,성분,2024-09-15,0.0
엑소좀,성분,2024-09-22,0.0
엑소좀,성분,2024-09-29,0.0
엑소좀,성분,2024-10-06,0.0
엑소좀,성분,2024-10-13,0.0
엑소좀,성분,2024-10-20,0.0
엑소좀,성분,2024-10-27,0.0
엑소좀,성분,2024-11-03,0.0
엑소좀,성분,2024-11-10,0.0
엑소좀,성분,2024-11-17,0.0
엑소좀,성분,2024-11-24,0.0
엑소좀,성분,2024-12-01,0.0
엑소좀,성분,2024-12-08,0.0
엑소좀,성분,2024-12-15,0.0
엑소좀,성분,2024-12-22,0.0
엑소좀,성분,2024-12-29,0.0
엑소좀,성분,2025-01-05,0.0
엑소좀,성분,2025-01-12,0.0
엑소좀,성분,2025-01-19,0.0
엑소좀,성분,2025-01-26,0.0
엑소좀,성분,2025-02-02,0.0
엑소좀,성분,2025-02-09,0.0
엑소좀,성분,2025-02-16,0.0
엑소좀,성분,2025-02-23,0.0
엑소좀,성분,2025-03-02,0.0
엑소좀,성분,2025-03-09,0.0
엑소좀,성분,2025-03-16,0.0
엑소좀,성분,2025-03-23,0.0
엑소좀,성분,2025-03-30,0.0
엑소좀,성분,2025-04-06,0.0
엑소좀,성분,2025-04-13,0.0
엑소좀,성분,2025-04-20,0.0
엑소좀,성분,2025-04-27,0.0
엑소좀,성분,2025-05-04,0.0
엑소좀,성분,2025-05-11,0.0
엑소좀,성분,2025-05-18,0.0
엑소좀,성분,2025-05-25,0.0
엑소좀,성분,2025-06-01,0.0
엑소좀,성분,2025-06-08,0.0
엑소좀,성분,2025-06-15,0.0
엑소좀,성분,2025-06-22,0.0
엑소좀,성분,2025-06-29,0.0
엑소좀,성분,2025-07-06,0.0
엑소좀,성분,2025-07-13,0.0
엑소좀,성분,2025-07-20,0.0
엑소좀,성분,2025-07-27,0.0
엑소좀,성분,2025-08-03,0.0
엑소좀,성분,2025-08-10,0.0
엑소좀,성분,2025-08-17,0.0
엑소좀,성분,2025-08-24,0.0
엑소좀,성분,2025-08-31,0.0
엑소좀,성분,2025-09-07,0.0
엑소좀,성분,2025-09-14,0.0
엑소좀,성분,2025-09-21,0.0
엑소좀,성분,2025-09-28,0.0
엑소좀,성분,2025-10-05,0.0
엑소좀,성분,2025-10-12,0.0
엑소좀,성분,2025-10-19,0.0
엑소좀,성분,2025-10-26,0.0
엑소좀,성분,2025-11-02,0.0
엑소좀,성분,2025-11-09,0.0
엑소좀,성분,2025-11-16,0.0
엑소좀,성분,2025-11-23,0.0
엑소좀,성분,2025-11-30,0.0
엑소좀,성분,2025-12-07,0.0
엑소좀,성분,2025-12-14,0.0
엑소좀,성분,2025-12-21,0.0
엑소좀,성분,2025-12-28,0.0
엑소좀,성분,2026-01-04,0.0
엑소좀,성분,2026-01-11,0.0
엑소좀,성분,2026-01-18,0.0
엑소좀,성분,2026-01-25,0.0
엑소좀,성분,2026-02-01,0.0
엑소좀,성분,2026-02-08,0.0
엑소좀,성분,2026-02-15,0.0
엑소좀,성분,2026-02-22,0.0
엑소좀,성분,2026-03-01,0.0
엑소좀,성분,2026-03-08,0.0
엑소좀,성분,2026-03-15,0.0
엑소좀,성분,2026-03-22,0.0
엑소좀,성분,2026-03-29,0.0
엑소좀,성분,2026-04-05,0.0
엑소좀,성분,2026-04-12,0.0
엑소좀,성분,2026-04-19,0.0
엑소좀,성분,2026-04-26,0.0
엑소좀,성분,2026-05-03,0.0
엑소좀,성분,2026-05-10,0.0
엑소좀,성분,2026-05-17,0.0
엑소좀,성분,2026-05-24,0.0
엑소좀,성분,2026-05-31,0.0
엑소좀,성분,2026-06-07,0.0
엑소좀,성분,2026-06-14,0.0
엑소좀,성분,2026-06-21,0.0
엑소좀,성분,2026-06-28,0.0
엑소좀,성분,2026-07-05,0.0
엑소좀,성분,2026-07-12,0.0
엑소좀,성분,2026-07-19,0.0
엑소좀,성분,2026-07-26,0.0
엑소좀,성분,2026-08-02,0.0
엑소좀,성분,2026-08-09,0.0
엑소좀,성분,2026-08-16,0.0
엑소좀,성분,2026-08-23,0.0
엑소좀,성분,2026-08-30,0.0
엑소좀,성분,2026-09-06,0.0
엑소좀,성분,2026-09-13,0.0
엑소좀,성분,2026-09-20,0.0
장미추출물,성분,2019-06-30,0.0
장미추출물,성분,2019-07-07,0.0
장미추출물,성분,2019-07-14,0.0
장미추출물,성분,2019-07-21,0.0
장미추출물,성분,2019-07-28,0.0
장미추출물,성분,2019-08-04,0.0
장미추출물,성분,2019-08-11,0.0
장미추출물,성분,2019-08-18,0.0
장미추출물,성분,2019-08-25,0.0
장미추출물,성분,2019-09-01,0.0
장미추출물,성분,2019-09-08,0.0
장미추출물,성분,2019-09-15,0.0
장미추출물,성분,2019-09-22,0.0
장미추출물,성분,2019-09-29,0.0
장미추출물,성분,2019-10-06,0.0
장미추출물,성분,2019-10-13,0.0
장미추출물,성분,2019-10-20,0.0
장미추출물,성분,2019-10-27,0.0
장미추출물,성분,2019-11-03,0.0
장미추출물,성분,2019-11-10,0.0
장미추출물,성분,2019-11-17,0.0
장미추출물,성분,2019-11-24,0.0
장미추출물,성분,2019-12-01,0.0
장미추출물,성분,2019-12-08,0.0
장미추출물,성분,2019-12-15,0.0
장미추출물,성분,2019-12-22,0.0
장미추출물,성분,2019-12-29,0.0
장미추출물,성분,2020-01-05,0.0
장미추출물,성분,2020-01-12,0.0
장미추출물,성분,2020-01-19,0.0
장미추출물,성분,2020-01-26,0.0
장미추출물,성분,2020-02-02,0.0
장미추출물,성분,2020-02-09,0.0
장미추출물,성분,2020-02-16,0.0
장미추출물,성분,2020-02-23,0.0
장미추출물,성분,2020-03-01,0.0
장미추출물,성분,2020-03-08,0.0
장미추출물,성분,2020-03-15,0.0
장미추출물,성분,2020-03-22,0.0
장미추출물,성분,2020-03-29,0.0
장미추출물,성분,2020-04-05,0.0
장미추출물,성분,2020-04-12,0.0
장미추출물,성분,2020-04-19,0.0
장미추출물,성분,2020-04-26,0.0
장미추출물,성분,2020-05-03,0.0
장미추출물,성분,2020-05-10,0.0
장미추출물,성분,2020-05-17,0.0
장미추출물,성분,2020-05-24,0.0
장미추출물,성분,2020-05-31,0.0
장미추출물,성분,2020-06-07,0.0
장미추출물,성분,2020-06-14,0.0
장미추출물,성분,2020-06-21,0.0
장미추출물,성분,2020-06-28,0.0
장미추출물,성분,2020-07-05,0.0
장미추출물,성분,2020-07-12,0.0
장미추출물,성분,2020-07-19,0.0
장미추출물,성분,2020-07-26,0.0
장미추출물,성분,2020-08-02,0.0
장미추출물,성분,2020-08-09,0.0
장미추출물,성분,2020-08-16,0.0
장미추출물,성분,2020-08-23,0.0
장미추출물,성분,2020-08-30,0.0
장미추출물,성분,2020-09-06,0.0
장미추출물,성분,2020-09-13,0.0
장미추출물,성분,2020-09-20,0.0
장미추출물,성분,2020-09-27,0.0
장미추출물,성분,2020-10-04,0.0
장미추출물,성분,2020-10-11,0.0
장미추출물,성분,2020-10-18,0.0
장미추출물,성분,2020-10-25,0.0
장미추출물,성분,2020-11-01,0.0
장미추출물,성분,2020-11-08,0.0
장미추출물,성분,2020-11-15,0.0
장미추출물,성분,2020-11-22,0.0
장미추출물,성분,2020-11-29,0.0
장미추출물,성분,2020-12-06,0.0
장미추출물,성분,2020-12-13,0.0
장미추출물,성분,2020-12-20,0.0
장미추출물,성분,2020-12-27,0.0
장미추출물,성분,2021-01-03,0.0
장미추출물,성분,2021-01-10,0.0
장미추출물,성분,2021-01-17,0.0
장미추출물,성분,2021-01-24,0.0
장미추출물,성분,2021-01-31,0.0
장미추출물,성분,2021-02-07,0.0
장미추출물,성분,2021-02-14,0.0
장미추출물,성분,2021-02-21,0.0
장미추출물,성분,2021-02-28,0.0
장미추출물,성분,2021-03-07,0.0
장미추출물,성분,2021-03-14,0.0
장미추출물,성분,2021-03-21,0.0
장미추출물,성분,2021-03-28,0.0
장미추출물,성분,2021-04-04,0.0
장미추출물,성분,2021-04-11,0.0
장미추출물,성분,2021-04-18,0.0
장미추출물,성분,2021-04-25,0.0
장미추출물,성분,2021-05-02,0.0
장미추출물,성분,2021-05-09,0.0
장미추출물,성분,2021-05-16,0.0
장미추출물,성분,2021-05-23,0.0
장미추출물,성분,2021-05-30,100.0
장미추출물,성분,2021-06-06,0.0
장미추출물,성분,2021-06-13,0.0
장미추출물,성분,2021-06-20,0.0
장미추출물,성분,2021-06-27,0.0
장미추출물,성분,2021-07-04,0.0
장미추출물,성분,2021-07-11,0.0
장미추출물,성분,2021-07-18,0.0
장미추출물,성분,2021-07-25,0.0
장미추출물,성분,2021-08-01,0.0
장미추출물,성분,2021-08-08,0.0
장미추출물,성분,2021-08-15,0.0
장미추출물,성분,2021-08-22,0.0
장미추출물,성분,2021-08-29,0.0
장미추출물,성분,2021-09-05,0.0
장미추출물,성분,2021-09-12,0.0
장미추출물,성분,2021-09-19,0.0
장미추출물,성분,2021-09-26,0.0
장미추출물,성분,2021-10-03,0.0
장미추출물,성분,2021-10-10,0.0
장미추출물,성분,2021-10-17,0.0
장미추출물,성분,2021-10-24,0.0
장미추출물,성분,2021-10-31,0.0
장미추출물,성분,2021-11-07,0.0
장미추출물,성분,2021-11-14,0.0
장미추출물,성분,2021-11-21,0.0
장미추출물,성분,2021-11-28,0.0
장미추출물,성분,2021-12-05,0.0
장미추출물,성분,2021-12-12,0.0
장미추출물,성분,2021-12-19,0.0
장미추출물,성분,2021-12-26,0.0
장미추출물,성분,2022-01-02,0.0
장미추출물,성분,2022-01-09,0.0
장미추출물,성분,2022-01-16,0.0
장미추출물,성분,2022-01-23,0.0
장미추출물,성분,2022-01-30,0.0
장미추출물,성분,2022-02-06,0.0
장미추출물,성분,2022-02-13,0.0
장미추출물,성분,2022-02-20,0.0
장미추출물,성분,2022-02-27,0.0
장미추출물,성분,2022-03-06,0.0
장미추출물,성분,2022-03-13,0.0
장미추출물,성분,2022-03-20,0.0
장미추출물,성분,2022-03-27,0.0
장미추출물,성분,2022-04-03,0.0
장미추출물,성분,2022-04-10,0.0
장미추출물,성분,2022-04-17,0.0
장미추출물,성분,2022-04-24,0.0
장미추출물,성분,2022-05-01,0.0
장미추출물,성분,2022-05-08,0.0
장미추출물,성분,2022-05-15,0.0
장미추출물,성분,2022-05-22,0.0
장미추출물,성분,2022-05-29,0.0
장미추출물,성분,2022-06-05,0.0
장미추출물,성분,2022-06-12,0.0
장미추출물,성분,2022-06-19,0.0
장미추출물,성분,2022-06-26,0.0
장미추출물,성분,2022-07-03,0.0
장미추출물,성분,2022-07-10,0.0
장미추출물,성분,2022-07-17,0.0
장미추출물,성분,2022-07-24,0.0
장미추출물,성분,2022-07-31,0.0
장미추출물,성분,2022-08-07,0.0
장미추출물,성분,2022-08-14,0.0
장미추출물,성분,2022-08-21,0.0
장미추출물,성분,2022-08-28,0.0
장미추출물,성분,2022-09-04,0.0
장미추출물,성분,2022-09-11,0.0
장미추출물,성분,2022-09-18,0.0
장미추출물,성분,2022-09-25,0.0
장미추출물,성분,2022-10-02,0.0
장미추출물,성분,2022-10-09,0.0
장미추출물,성분,2022-10-16,0.0
장미추출물,성분,2022-10-23,0.0
장미추출물,성분,2022-10-30,0.0
장미추출물,성분,2022-11-06,0.0
장미추출물,성분,2022-11-13,0.0
장미추출물,성분,2022-11-20,0.0
장미추출물,성분,2022-11-27,0.0
장미추출물,성분,2022-12-04,0.0
장미추출물,성분,2022-12-11,0.0
장미추출물,성분,2022-12-18,0.0
장미추출물,성분,2022-12-25,0.0
장미추출물,성분,2023-01-01,0.0
장미추출물,성분,2023-01-08,0.0
장미추출물,성분,2023-01-15,0.0
장미추출물,성분,2023-01-22,0.0
장미추출물,성분,2023-01-29,0.0
장미추출물,성분,2023-02-05,0.0
장미추출물,성분,2023-02-12,0.0
장미추출물,성분,2023-02-19,0.0
장미추출물,성분,2023-02-26,0.0
장미추출물,성분,2023-03-05,0.0
장미추출물,성분,2023-03-12,0.0
장미추출물,성분,2023-03-19,0.0
장미추출물,성분,2023-03-26,0.0
장미추출물,성분,2023-04-02,0.0
장미추출물,성분,2023-04-09,0.0
장미추출물,성분,2023-04-16,0.0
장미추출물,성분,2023-04-23,0.0
장미추출물,성분,2023-04-30,0.0
장미추출물,성분,2023-05-07,0.0
장미추출물,성분,2023-05-14,0.0
장미추출물,성분,2023-05-21,0.0
장미추출물,성분,2023-05-28,0.0
장미추출물,성분,2023-06-04,0.0
장미추출물,성분,2023-06-11,0.0
장미추출물,성분,2023-06-18,0.0
장미추출물,성분,2023-06-25,0.0
장미추출물,성분,2023-07-02,0.0
장미추출물,성분,2023-07-09,0.0
장미추출물,성분,2023-07-16,0.0
장미추출물,성분,2023-07-23,0.0
장미추출물,성분,2023-07-30,0.0
장미추출물,성분,2023-08-06,0.0
장미추출물,성분,2023-08-13,0.0
장미추출물,성분,2023-08-20,0.0
장미추출물,성분,2023-08-27,0.0
장미추출물,성분,2023-09-03,0.0
장미추출물,성분,2023-09-10,0.0
장미추출물,성분,2023-09-17,0.0
장미추출물,성분,2023-09-24,0.0
장미추출물,성분,2023-10-01,0.0
장미추출물,성분,2023-10-08,0.0
장미추출물,성분,2023-10-15,0.0
장미추출물,성분,2023-10-22,0.0
장미추출물,성분,2023-10-29,0.0
장미추출물,성분,2023-11-05,0.0
장미추출물,성분,2023-11-12,0.0
장미추출물,성분,2023-11-19,0.0
장미추출물,성분,2023-11-26,0.0
장미추출물,성분,2023-12-03,0.0
장미추출물,성분,2023-12-10,0.0
장미추출물,성분,2023-12-17,0.0
장미추출물,성분,2023-12-24,0.0
장미추출물,성분,2023-12-31,0.0
장미추출물,성분,2024-01-07,0.0
장미추출물,성분,2024-01-14,0.0
장미추출물,성분,2024-01-21,0.0
장미추출물,성분,2024-01-28,0.0
장미추출물,성분,2024-02-04,0.0
장미추출물,성분,2024-02-11,0.0
장미추출물,성분,2024-02-18,0.0
장미추출물,성분,2024-02-25,0.0
장미추출물,성분,2024-03-03,0.0
장미추출물,성분,2024-03-10,0.0
장미추출물,성분,2024-03-17,0.0
장미추출물,성분,2024-03-24,0.0
장미추출물,성분,2024-03-31,0.0
장미추출물,성분,2024-04-07,0.0
장미추출물,성분,2024-04-14,0.0
장미추출물,성분,2024-04-21,0.0
장미추출물,성분,2024-04-28,0.0
장미추출물,성분,2024-05-05,0.0
장미추출물,성분,2024-05-12,0.0
장미추출물,성분,2024-05-19,0.0
장미추출물,성분,2024-05-26,0.0
장미추출물,성분,2024-06-02,0.0
장미추출물,성분,2024-06-09,0.0
장미추출물,성분,2024-06-16,0.0
장미추출물,성분,2024-06-23,0.0
장미추출물,성분,2024-06-30,0.0
장미추출물,성분,2024-07-07,0.0
장미추출물,성분,2024-07-14,0.0
장미추출물,성분,2024-07-21,0.0
장미추출물,성분,2024-07-28,0.0
장미추출물,성분,2024-08-04,0.0
장미추출물,성분,2024-08-11,0.0
장미추출물,성분,2024-08-18,0.0
장미추출물,성분,2024-08-25,0.0
장미추출물,성분,2024-09-01,0.0
장미추출물,성분,2024-09-08,0.0
장미추출물,성분,2024-09-15,0.0
장미추출물,성분,2024-09-22,0.0
장미추출물,성분,2024-09-29,0.0
장미추출물,성분,2024-10-06,0.0
장미추출물,성분,2024-10-13,0.0
장미추출물,성분,2024-10-20,0.0
장미추출물,성분,2024-10-27,0.0
장미추출물,성분,2024-11-03,0.0
장미추출물,성분,2024-11-10,0.0
장미추출물,성분,2024-11-17,0.0
장미추출물,성분,2024-11-24,0.0
장미추출물,성분,2024-12-01,0.0
장미추출물,성분,2024-12-08,0.0
장미추출물,성분,2024-12-15,0.0
장미추출물,성분,2024-12-22,0.0
장미추출물,성분,2024-12-29,0.0
장미추출물,성분,2025-01-05,0.0
장미추출물,성분,2025-01-12,0.0
장미추출물,성분,2025-01-19,0.0
장미추출물,성분,2025-01-26,0.0
장미추출물,성분,2025-02-02,0.0
장미추출물,성분,2025-02-09,0.0
장미추출물,성분,2025-02-16,0.0
장미추출물,성분,2025-02-23,0.0
장미추출물,성분,2025-03-02,0.0
장미추출물,성분,2025-03-09,0.0
장미추출물,성분,2025-03-16,0.0
장미추출물,성분,2025-03-23,0.0
장미추출물,성분,2025-03-30,0.0
장미추출물,성분,2025-04-06,0.0
장미추출물,성분,2025-04-13,0.0
장미추출물,성분,2025-04-20,0.0
장미추출물,성분,2025-04-27,0.0
장미추출물,성분,2025-05-04,0.0
장미추출물,성분,2025-05-11,0.0
장미추출물,성분,2025-05-18,0.0
장미추출물,성분,2025-05-25,0.0
장미추출물,성분,2025-06-01,0.0
장미추출물,성분,2025-06-08,0.0
장미추출물,성분,2025-06-15,0.0
장미추출물,성분,2025-06-22,0.0
장미추출물,성분,2025-06-29,0.0
장미추출물,성분,2025-07-06,0.0
장미추출물,성분,2025-07-13,0.0
장미추출물,성분,2025-07-20,0.0
장미추출물,성분,2025-07-27,0.0
장미추출물,성분,2025-08-03,0.0
장미추출물,성분,2025-08-10,0.0
장미추출물,성분,2025-08-17,0.0
장미추출물,성분,2025-08-24,0.0
장미추출물,성분,2025-08-31,0.0
장미추출물,성분,2025-09-07,0.0
장미추출물,성분,2025-09-14,0.0
장미추출물,성분,2025-09-21,0.0
장미추출물,성분,2025-09-28,0.0
장미추출물,성분,2025-10-05,0.0
장미추출물,성분,2025-10-12,0.0
장미추출물,성분,2025-10-19,0.0
장미추출물,성분,2025-10-26,0.0
장미추출물,성분,2025-11-02,0.0
장미추출물,성분,2025-11-09,0.0
장미추출물,성분,2025-11-16,0.0
장미추출물,성분,2025-11-23,0.0
장미추출물,성분,2025-11-30,0.0
장미추출물,성분,2025-12-07,0.0
장미추출물,성분,2025-12-14,0.0
장미추출물,성분,2025-12-21,0.0
장미추출물,성분,2025-12-28,0.0
장미추출물,성분,2026-01-04,0.0
장미추출물,성분,2026-01-11,0.0
장미추출물,성분,2026-01-18,0.0
장미추출물,성분,2026-01-25,0.0
장미추출물,성분,2026-02-01,0.0
장미추출물,성분,2026-02-08,0.0
장미추출물,성분,2026-02-15,0.0
장미추출물,성분,2026-02-22,0.0
장미추출물,성분,2026-03-01,0.0
장미추출물,성분,2026-03-08,0.0
장미추출물,성분,2026-03-15,0.0
장미추출물,성분,2026-03-22,0.0
장미추출물,성분,2026-03-29,0.0
장미추출물,성분,2026-04-05,0.0
장미추출물,성분,2026-04-12,0.0
장미추출물,성분,2026-04-19,0.0
장미추출물,성분,2026-04-26,0.0
장미추출물,성분,2026-05-03,0.0
장미추출물,성분,2026-05-10,0.0
장미추출물,성분,2026-05-17,0.0
장미추출물,성분,2026-05-24,0.0
장미추출물,성분,2026-05-31,0.0
장미추출물,성분,2026-06-07,0.0
장미추출물,성분,2026-06-14,0.0
장미추출물,성분,2026-06-21,0.0
장미추출물,성분,2026-06-28,0.0
장미추출물,성분,2026-07-05,0.0
장미추출물,성분,2026-07-12,0.0
장미추출물,성분,2026-07-19,0.0
장미추출물,성분,2026-07-26,0.0
장미추출물,성분,2026-08-02,0.0
장미추출물,성분,2026-08-09,0.0
장미추출물,성분,2026-08-16,0.0
장미추출물,성분,2026-08-23,0.0
장미추출물,성분,2026-08-30,0.0
장미추출물,성분,2026-09-06,0.0
장미추출물,성분,2026-09-13,0.0
장미추출물,성분,2026-09-20,0.0
어성초,성분,2015-12-27,0.0
어성초,성분,2016-01-03,0.0
어성초,성분,2016-01-10,0.0
어성초,성분,2016-01-17,0.0
어성초,성분,2016-01-24,0.0
어성초,성분,2016-01-31,0.0
어성초,성분,2016-02-07,0.0
어성초,성분,2016-02-14,0.0
어성초,성분,2016-02-21,0.0
어성초,성분,2016-02-28,0.0
어성초,성분,2016-03-06,0.0
어성초,성분,2016-03-13,0.0
어성초,성분,2016-03-20,0.0
어성초,성분,2016-03-27,0.0
어성초,성분,2016-04-03,0.0
어성초,성분,2016-04-10,0.0
어성초,성분,2016-04-17,0.0
어성초,성분,2016-04-24,0.0
어성초,성분,2016-05-01,0.0
어성초,성분,2016-05-08,0.0
어성초,성분,2016-05-15,0.0
어성초,성분,2016-05-22,0.0
어성초,성분,2016-05-29,0.0
어성초,성분,2016-06-05,0.0
어성초,성분,2016-06-12,0.0
어성초,성분,2016-06-19,0.0
어성초,성분,2016-06-26,0.0
어성초,성분,2016-07-03,0.0
어성초,성분,2016-07-10,0.0
어성초,성분,2016-07-17,0.0
어성초,성분,2016-07-24,0.0
어성초,성분,2016-07-31,0.0
어성초,성분,2016-08-07,0.0
어성초,성분,2016-08-14,0.0
어성초,성분,2016-08-21,0.0
어성초,성분,2016-08-28,0.0
어성초,성분,2016-09-04,0.0
어성초,성분,2016-09-11,0.0
어성초,성분,2016-09-18,0.0
어성초,성분,2016-09-25,0.0
어성초,성분,2016-10-02,0.0
어성초,성분,2016-10-09,0.0
어성초,성분,2016-10-16,0.0
어성초,성분,2016-10-23,0.0
어성초,성분,2016-10-30,0.0
어성초,성분,2016-11-06,0.0
어성초,성분,2016-11-13,0.0
어성초,성분,2016-11-20,0.0
어성초,성분,2016-11-27,0.0
어성초,성분,2016-12-04,0.0
어성초,성분,2016-12-11,0.0
어성초,성분,2016-12-18,0.0
어성초,성분,2016-12-25,0.0
어성초,성분,2017-01-01,0.0
어성초,성분,2017-01-08,0.0
어성초,성분,2017-01-15,0.0
어성초,성분,2017-01-22,0.0
어성초,성분,2017-01-29,0.0
어성초,성분,2017-02-05,0.0
어성초,성분,2017-02-12,0.0
어성초,성분,2017-02-19,0.0
어성초,성분,2017-02-26,65.0
어성초,성분,2017-03-05,0.0
어성초,성분,2017-03-12,0.0
어성초,성분,2017-03-19,0.0
어성초,성분,2017-03-26,0.0
어성초,성분,2017-04-02,0.0
어성초,성분,2017-04-09,0.0
어성초,성분,2017-04-16,0.0
어성초,성분,2017-04-23,0.0
어성초,성분,2017-04-30,0.0
어성초,성분,2017-05-07,0.0
어성초,성분,2017-05-14,0.0
어성초,성분,2017-05-21,0.0
어성초,성분,2017-05-28,78.0
어성초,성분,2017-06-04,88.0
어성초,성분,2017-06-11,0.0
어성초,성분,2017-06-18,0.0
어성초,성분,2017-06-25,0.0
어성초,성분,2017-07-02,0.0
어성초,성분,2017-07-09,0.0
어성초,성분,2017-07-16,57.0
어성초,성분,2017-07-23,0.0
어성초,성분,2017-07-30,0.0
어성초,성분,2017-08-06,0.0
어성초,성분,2017-08-13,0.0
어성초,성분,2017-08-20,0.0
어성초,성분,2017-08-27,0.0
어성초,성분,2017-09-03,0.0
어성초,성분,2017-09-10,0.0
어성초,성분,2017-09-17,0.0
어성초,성분,2017-09-24,68.0
어성초,성분,2017-10-01,0.0
어성초,성분,2017-10-08,0.0
어성초,성분,2017-10-15,0.0
어성초,성분,2017-10-22,0.0
어성초,성분,2017-10-29,0.0
어성초,성분,2017-11-05,0.0
어성초,성분,2017-11-12,0.0
어성초,성분,2017-11-19,0.0
어성초,성분,2017-11-26,0.0
어성초,성분,2017-12-03,0.0
어성초,성분,2017-12-10,0.0
어성초,성분,2017-12-17,0.0
어성초,성분,2017-12-24,0.0
어성초,성분,2017-12-31,0.0
어성초,성분,2018-01-07,0.0
어성초,성분,2018-01-14,0.0
어성초,성분,2018-01-21,0.0
어성초,성분,2018-01-28,0.0
어성초,성분,2018-02-04,0.0
어성초,성분,2018-02-11,0.0
어성초,성분,2018-02-18,0.0
어성초,성분,2018-02-25,0.0
어성초,성분,2018-03-04,0.0
어성초,성분,2018-03-11,0.0
어성초,성분,2018-03-18,0.0
어성초,성분,2018-03-25,0.0
어성초,성분,2018-04-01,0.0
어성초,성분,2018-04-08,0.0
어성초,성분,2018-04-15,0.0
어성초,성분,2018-04-22,0.0
어성초,성분,2018-04-29,0.0
어성초,성분,2018-05-06,57.0
어성초,성분,2018-05-13,0.0
어성초,성분,2018-05-20,58.0
어성초,성분,2018-05-27,0.0
어성초,성분,2018-06-03,0.0
어성초,성분,2018-06-10,0.0
어성초,성분,2018-06-17,0.0
어성초,성분,2018-06-24,52.0
어성초,성분,2018-07-01,0.0
어성초,성분,2018-07-08,0.0
어성초,성분,2018-07-15,0.0
어성초,성분,2018-07-22,0.0
어성초,성분,2018-07-29,0.0
어성초,성분,2018-08-05,0.0
어성초,성분,2018-08-12,0.0
어성초,성분,2018-08-19,0.0
어성초,성분,2018-08-26,0.0
어성초,성분,2018-09-02,0.0
어성초,성분,2018-09-09,0.0
어성초,성분,2018-09-16,0.0
어성초,성분,2018-09-23,0.0
어성초,성분,2018-09-30,0.0
어성초,성분,2018-10-07,0.0
어성초,성분,2018-10-14,0.0
어성초,성분,2018-10-21,47.0
어성초,성분,2018-10-28,0.0
어성초,성분,2018-11-04,0.0
어성초,성분,2018-11-11,0.0
어성초,성분,2018-11-18,0.0
어성초,성분,2018-11-25,0.0
어성초,성분,2018-12-02,0.0
어성초,성분,2018-12-09,0.0
어성초,성분,2018-12-16,0.0
어성초,성분,2018-12-23,0.0
어성초,성분,2018-12-30,0.0
어성초,성분,2019-01-06,0.0
어성초,성분,2019-01-13,0.0
어성초,성분,2019-01-20,0.0
어성초,성분,2019-01-27,0.0
어성초,성분,2019-02-03,0.0
어성초,성분,2019-02-10,0.0
어성초,성분,2019-02-17,0.0
어성초,성분,2019-02-24,0.0
어성초,성분,2019-03-03,0.0
어성초,성분,2019-03-10,0.0
어성초,성분,2019-03-17,0.0
어성초,성분,2019-03-24,0.0
어성초,성분,2019-03-31,0.0
어성초,성분,2019-04-07,0.0
어성초,성분,2019-04-14,0.0
어성초,성분,2019-04-21,0.0
어성초,성분,2019-04-28,0.0
어성초,성분,2019-05-05,0.0
어성초,성분,2019-05-12,0.0
어성초,성분,2019-05-19,0.0
어성초,성분,2019-05-26,100.0
어성초,성분,2019-06-02,52.0
어성초,성분,2019-06-09,0.0
어성초,성분,2019-06-16,55.0
어성초,성분,2019-06-23,49.0
어성초,성분,2019-06-30,0.0
어성초,성분,2019-07-07,0.0
어성초,성분,2019-07-14,0.0
어성초,성분,2019-07-21,0.0
어성초,성분,2019-07-28,0.0
어성초,성분,2019-08-04,0.0
어성초,성분,2019-08-11,0.0
어성초,성분,2019-08-18,0.0
어성초,성분,2019-08-25,0.0
어성초,성분,2019-09-01,71.0
어성초,성분,2019-09-08,0.0
어성초,성분,2019-09-15,0.0
어성초,성분,2019-09-22,0.0
어성초,성분,2019-09-29,0.0
어성초,성분,2019-10-06,0.0
어성초,성분,2019-10-13,0.0
어성초,성분,2019-10-20,0.0
어성초,성분,2019-10-27,0.0
어성초,성분,2019-11-03,0.0
어성초,성분,2019-11-10,0.0
어성초,성분,2019-11-17,0.0
어성초,성분,2019-11-24,0.0
어성초,성분,2019-12-01,0.0
어성초,성분,2019-12-08,0.0
어성초,성분,2019-12-15,0.0
어성초,성분,2019-12-22,0.0
어성초,성분,2019-12-29,0.0
어성초,성분,2020-01-05,0.0
어성초,성분,2020-01-12,0.0
어성초,성분,2020-01-19,0.0
어성초,성분,2020-01-26,0.0
어성초,성분,2020-02-02,47.3333333333
어성초,성분,2020-02-09,0.0
어성초,성분,2020-02-16,0.0
어성초,성분,2020-02-23,49.0864197531
어성초,성분,2020-03-01,0.0
어성초,성분,2020-03-08,56.0987654321
어성초,성분,2020-03-15,56.0987654321
어성초,성분,2020-03-22,67.4938271605
어성초,성분,2020-03-29,87.6543209877
어성초,성분,2020-04-05,68.3703703704
어성초,성분,2020-04-12,38.5679012346
어성초,성분,2020-04-19,49.962962963
어성초,성분,2020-04-26,53.4691358025
어성초,성분,2020-05-03,62.2345679012
어성초,성분,2020-05-10,55.2222222222
어성초,성분,2020-05-17,63.1111111111
어성초,성분,2020-05-24,77.1358024691
어성초,성분,2020-05-31,55.2222222222
어성초,성분,2020-06-07,62.2345679012
어성초,성분,2020-06-14,68.3703703704
어성초,성분,2020-06-21,71.8765432099
어성초,성분,2020-06-28,85.024691358
어성초,성분,2020-07-05,44.7037037037
어성초,성분,2020-07-12,51.7160493827
어성초,성분,2020-07-19,80.6419753086
어성초,성분,2020-07-26,63.987654321
어성초,성분,2020-08-02,57.8518518519
어성초,성분,2020-08-09,40.3209876543
어성초,성분,2020-08-16,45.5802469136
어성초,성분,2020-08-23,42.0740740741
어성초,성분,2020-08-30,0.0
어성초,성분,2020-09-06,0.0
어성초,성분,2020-09-13,38.5679012346
어성초,성분,2020-09-20,59.6049382716
어성초,성분,2020-09-27,46.4567901235
어성초,성분,2020-10-04,0.0
어성초,성분,2020-10-11,0.0
어성초,성분,2020-10-18,0.0
어성초,성분,2020-10-25,0.0
어성초,성분,2020-11-01,0.0
어성초,성분,2020-11-08,0.0
어성초,성분,2020-11-15,46.4567901235
어성초,성분,2020-11-22,0.0
어성초,성분,2020-11-29,0.0
어성초,성분,2020-12-06,0.0
어성초,성분,2020-12-13,0.0
어성초,성분,2020-12-20,0.0
어성초,성분,2020-12-27,0.0
어성초,성분,2021-01-03,0.0
어성초,성분,2021-01-10,0.0
어성초,성분,2021-01-17,0.0
어성초,성분,2021-01-24,0.0
어성초,성분,2021-01-31,0.0
어성초,성분,2021-02-07,0.0
어성초,성분,2021-02-14,0.0
어성초,성분,2021-02-21,0.0
어성초,성분,2021-02-28,0.0
어성초,성분,2021-03-07,0.0
어성초,성분,2021-03-14,0.0
어성초,성분,2021-03-21,46.4567901235
어성초,성분,2021-03-28,0.0
어성초,성분,2021-04-04,45.5802469136
어성초,성분,2021-04-11,0.0
어성초,성분,2021-04-18,0.0
어성초,성분,2021-04-25,0.0
어성초,성분,2021-05-02,47.3333333333
어성초,성분,2021-05-09,54.3456790123
어성초,성분,2021-05-16,72.7530864198
어성초,성분,2021-05-23,0.0
어성초,성분,2021-05-30,58.7283950617
어성초,성분,2021-06-06,49.0864197531
어성초,성분,2021-06-13,62.2345679012
어성초,성분,2021-06-20,65.7407407407
어성초,성분,2021-06-27,56.975308642
어성초,성분,2021-07-04,63.987654321
어성초,성분,2021-07-11,0.0
어성초,성분,2021-07-18,0.0
어성초,성분,2021-07-25,0.0
어성초,성분,2021-08-01,0.0
어성초,성분,2021-08-08,62.2345679012
어성초,성분,2021-08-15,0.0
어성초,성분,2021-08-22,0.0
어성초,성분,2021-08-29,56.975308642
어성초,성분,2021-09-05,60.4814814815
어성초,성분,2021-09-12,0.0
어성초,성분,2021-09-19,0.0
어성초,성분,2021-09-26,0.0
어성초,성분,2021-10-03,0.0
어성초,성분,2021-10-10,0.0
어성초,성분,2021-10-17,0.0
어성초,성분,2021-10-24,0.0
어성초,성분,2021-10-31,0.0
어성초,성분,2021-11-07,0.0
어성초,성분,2021-11-14,0.0
어성초,성분,2021-11-21,0.0
어성초,성분,2021-11-28,0.0
어성초,성분,2021-12-05,0.0
어성초,성분,2021-12-12,0.0
어성초,성분,2021-12-19,0.0
어성초,성분,2021-12-26,0.0
어성초,성분,2022-01-02,0.0
어성초,성분,2022-01-09,0.0
어성초,성분,2022-01-16,0.0
어성초,성분,2022-01-23,0.0
어성초,성분,2022-01-30,0.0
어성초,성분,2022-02-06,0.0
어성초,성분,2022-02-13,0.0
어성초,성분,2022-02-20,0.0
어성초,성분,2022-02-27,64.8641975309
어성초,성분,2022-03-06,0.0
어성초,성분,2022-03-13,0.0
어성초,성분,2022-03-20,45.5802469136
어성초,성분,2022-03-27,0.0
어성초,성분,2022-04-03,40.3209876543
어성초,성분,2022-04-10,42.0740740741
어성초,성분,2022-04-17,35.0617283951
어성초,성분,2022-04-24,49.0864197531
어성초,성분,2022-05-01,42.950617284
어성초,성분,2022-05-08,50.8395061728
어성초,성분,2022-05-15,61.3580246914
어성초,성분,2022-05-22,0.0
어성초,성분,2022-05-29,53.4691358025
어성초,성분,2022-06-05,54.3456790123
어성초,성분,2022-06-12,62.2345679012
어성초,성분,2022-06-19,75.3827160494
어성초,성분,2022-06-26,69.2469135802
어성초,성분,2022-07-03,0.0
어성초,성분,2022-07-10,0.0
어성초,성분,2022-07-17,64.8641975309
어성초,성분,2022-07-24,56.0987654321
어성초,성분,2022-07-31,0.0
어성초,성분,2022-08-07,0.0
어성초,성분,2022-08-14,49.0864197531
어성초,성분,2022-08-21,0.0
어성초,성분,2022-08-28,0.0
어성초,성분,2022-09-04,42.0740740741
어성초,성분,2022-09-11,52.5925925926
어성초,성분,2022-09-18,0.0
어성초,성분,2022-09-25,0.0
어성초,성분,2022-10-02,0.0
어성초,성분,2022-10-09,0.0
어성초,성분,2022-10-16,0.0
어성초,성분,2022-10-23,0.0
어성초,성분,2022-10-30,0.0
어성초,성분,2022-11-06,0.0
어성초,성분,2022-11-13,0.0
어성초,성분,2022-11-20,0.0
어성초,성분,2022-11-27,0.0
어성초,성분,2022-12-04,0.0
어성초,성분,2022-12-11,0.0
어성초,성분,2022-12-18,0.0
어성초,성분,2022-12-25,0.0
어성초,성분,2023-01-01,0.0
어성초,성분,2023-01-08,0.0
어성초,성분,2023-01-15,0.0
어성초,성분,2023-01-22,0.0
어성초,성분,2023-01-29,0.0
어성초,성분,2023-02-05,0.0
어성초,성분,2023-02-12,0.0
어성초,성분,2023-02-19,0.0
어성초,성분,2023-02-26,0.0
어성초,성분,2023-03-05,40.4991087344
어성초,성분,2023-03-12,0.0
어성초,성분,2023-03-19,0.0
어성초,성분,2023-03-26,0.0
어성초,성분,2023-04-02,0.0
어성초,성분,2023-04-09,0.0
어성초,성분,2023-04-16,48.3739354328
어성초,성분,2023-04-23,61.8736383442
어성초,성분,2023-04-30,80.9982174688
어성초,성분,2023-05-07,76.4983164983
어성초,성분,2023-05-14,55.1237868885
어성초,성분,2023-05-21,60.7486631016
어성초,성분,2023-05-28,0.0
어성초,성분,2023-06-04,64.1235888295
어성초,성분,2023-06-11,51.7488611606
어성초,성분,2023-06-18,43.8740344623
어성초,성분,2023-06-25,47.2489601901
어성초,성분,2023-07-02,58.4987126164
어성초,성분,2023-07-09,0.0
어성초,성분,2023-07-16,58.4987126164
어성초,성분,2023-07-23,0.0
어성초,성분,2023-07-30,0.0
어성초,성분,2023-08-06,0.0
어성초,성분,2023-08-13,67.4985145573
어성초,성분,2023-08-20,57.3737373737
어성초,성분,2023-08-27,0.0
어성초,성분,2023-09-03,0.0
어성초,성분,2023-09-10,49.4989106754
어성초,성분,2023-09-17,0.0
어성초,성분,2023-09-24,46.1239849475
어성초,성분,2023-10-01,46.1239849475
어성초,성분,2023-10-08,0.0
어성초,성분,2023-10-15,0.0
어성초,성분,2023-10-22,0.0
어성초,성분,2023-10-29,0.0
어성초,성분,2023-11-05,0.0
어성초,성분,2023-11-12,0.0
어성초,성분,2023-11-19,0.0
어성초,성분,2023-11-26,0.0
어성초,성분,2023-12-03,0.0
어성초,성분,2023-12-10,0.0
어성초,성분,2023-12-17,0.0
어성초,성분,2023-12-24,74.2483660131
어성초,성분,2023-12-31,0.0
어성초,성분,2024-01-07,0.0
어성초,성분,2024-01-14,52.8738364032
어성초,성분,2024-01-21,0.0
어성초,성분,2024-01-28,47.2489601901
어성초,성분,2024-02-04,0.0
어성초,성분,2024-02-11,44.9990097049
어성초,성분,2024-02-18,0.0
어성초,성분,2024-02-25,0.0
어성초,성분,2024-03-03,48.3739354328
어성초,성분,2024-03-10,0.0
어성초,성분,2024-03-17,0.0
어성초,성분,2024-03-24,0.0
어성초,성분,2024-03-31,44.9990097049
어성초,성분,2024-04-07,0.0
어성초,성분,2024-04-14,55.1237868885
어성초,성분,2024-04-21,0.0
어성초,성분,2024-04-28,0.0
어성초,성분,2024-05-05,76.4983164983
어성초,성분,2024-05-12,94.4979203803
어성초,성분,2024-05-19,66.3735393147
어성초,성분,2024-05-26,0.0
어성초,성분,2024-06-02,48.3739354328
어성초,성분,2024-06-09,112.4975242622
어성초,성분,2024-06-16,110.247573777
어성초,성분,2024-06-23,0.0
어성초,성분,2024-06-30,0.0
어성초,성분,2024-07-07,0.0
어성초,성분,2024-07-14,64.1235888295
어성초,성분,2024-07-21,73.1233907704
어성초,성분,2024-07-28,59.623687859
어성초,성분,2024-08-04,69.7484650426
어성초,성분,2024-08-11,55.1237868885
어성초,성분,2024-08-18,101.247771836
어성초,성분,2024-08-25,64.1235888295
어성초,성분,2024-09-01,0.0
어성초,성분,2024-09-08,0.0
어성초,성분,2024-09-15,0.0
어성초,성분,2024-09-22,0.0
어성초,성분,2024-09-29,0.0
어성초,성분,2024-10-06,46.1239849475
어성초,성분,2024-10-13,0.0
어성초,성분,2024-10-20,0.0
어성초,성분,2024-10-27,0.0
어성초,성분,2024-11-03,0.0
어성초,성분,2024-11-10,0.0
어성초,성분,2024-11-17,0.0
어성초,성분,2024-11-24,0.0
어성초,성분,2024-12-01,0.0
어성초,성분,2024-12-08,0.0
어성초,성분,2024-12-15,0.0
어성초,성분,2024-12-22,0.0
어성초,성분,2024-12-29,52.8738364032
어성초,성분,2025-01-05,0.0
어성초,성분,2025-01-12,0.0
어성초,성분,2025-01-19,0.0
어성초,성분,2025-01-26,0.0
어성초,성분,2025-02-02,0.0
어성초,성분,2025-02-09,0.0
어성초,성분,2025-02-16,0.0
어성초,성분,2025-02-23,0.0
어성초,성분,2025-03-02,0.0
어성초,성분,2025-03-09,0.0
어성초,성분,2025-03-16,0.0
어성초,성분,2025-03-23,60.7486631016
어성초,성분,2025-03-30,0.0
어성초,성분,2025-04-06,0.0
어성초,성분,2025-04-13,68.6234898
어성초,성분,2025-04-20,0.0
어성초,성분,2025-04-27,0.0
어성초,성분,2025-05-04,55.1237868885
어성초,성분,2025-05-11,0.0
어성초,성분,2025-05-18,51.7488611606
어성초,성분,2025-05-25,94.4979203803
어성초,성분,2025-06-01,71.9984155278
어성초,성분,2025-06-08,57.3737373737
어성초,성분,2025-06-15,52.8738364032
어성초,성분,2025-06-22,0.0
어성초,성분,2025-06-29,52.8738364032
어성초,성분,2025-07-06,0.0
어성초,성분,2025-07-13,0.0
어성초,성분,2025-07-20,84.3731431967
어성초,성분,2025-07-27,73.1233907704
어성초,성분,2025-08-03,61.8736383442
어성초,성분,2025-08-10,51.7488611606
어성초,성분,2025-08-17,65.2485640721
어성초,성분,2025-08-24,0.0
어성초,성분,2025-08-31,0.0
어성초,성분,2025-09-07,65.2485640721
어성초,성분,2025-09-14,0.0
어성초,성분,2025-09-21,0.0
어성초,성분,2025-09-28,0.0
어성초,성분,2025-10-05,69.7484650426
어성초,성분,2025-10-12,0.0
어성초,성분,2025-10-19,0.0
어성초,성분,2025-10-26,0.0
어성초,성분,2025-11-02,0.0
어성초,성분,2025-11-09,0.0
어성초,성분,2025-11-16,58.4987126164
어성초,성분,2025-11-23,0.0
어성초,성분,2025-11-30,46.1239849475
어성초,성분,2025-12-07,53.9988116459
어성초,성분,2025-12-14,0.0
어성초,성분,2025-12-21,0.0
어성초,성분,2025-12-28,0.0
어성초,성분,2026-01-04,0.0
어성초,성분,2026-01-11,60.7486631016
어성초,성분,2026-01-18,44.9990097049
어성초,성분,2026-01-25,0.0
어성초,성분,2026-02-01,61.8736383442
어성초,성분,2026-02-08,0.0
어성초,성분,2026-02-15,0.0
어성초,성분,2026-02-22,0.0
어성초,성분,2026-03-01,68.6234898
어성초,성분,2026-03-08,75.3733412557
어성초,성분,2026-03-15,84.3731431967
어성초,성분,2026-03-22,56.2487621311
어성초,성분,2026-03-29,57.3737373737
어성초,성분,2026-04-05,91.1229946524
어성초,성분,2026-04-12,68.6234898
어성초,성분,2026-04-19,46.1239849475
어성초,성분,2026-04-26,0.0
어성초,성분,2026-05-03,51.7488611606
어성초,성분,2026-05-10,53.9988116459
어성초,성분,2026-05-17,86.6230936819
어성초,성분,2026-05-24,67.4985145573
어성초,성분,2026-05-31,98.9978213508
어성초,성분,2026-06-07,93.3729451377
어성초,성분,2026-06-14,69.7484650426
어성초,성분,2026-06-21,60.7486631016
어성초,성분,2026-06-28,100.1227965934
어성초,성분,2026-07-05,66.3735393147
어성초,성분,2026-07-12,0.0
어성초,성분,2026-07-19,0.0
어성초,성분,2026-07-26,0.0
어성초,성분,2026-08-02,61.8736383442
어성초,성분,2026-08-09,0.0
어성초,성분,2026-08-16,0.0
어성초,성분,2026-08-23,0.0
어성초,성분,2026-08-30,0.0
어성초,성분,2026-09-06,0.0
어성초,성분,2026-09-13,0.0
어성초,성분,2026-09-20,19.1245791246
알란토인,성분,2015-12-27,51.0
알란토인,성분,2016-01-03,52.0
알란토인,성분,2016-01-10,51.0
알란토인,성분,2016-01-17,68.0
알란토인,성분,2016-01-24,57.0
알란토인,성분,2016-01-31,41.0
알란토인,성분,2016-02-07,53.0
알란토인,성분,2016-02-14,54.0
알란토인,성분,2016-02-21,46.0
알란토인,성분,2016-02-28,71.0
알란토인,성분,2016-03-06,48.0
알란토인,성분,2016-03-13,50.0
알란토인,성분,2016-03-20,63.0
알란토인,성분,2016-03-27,58.0
알란토인,성분,2016-04-03,37.0
알란토인,성분,2016-04-10,52.0
알란토인,성분,2016-04-17,43.0
알란토인,성분,2016-04-24,72.0
알란토인,성분,2016-05-01,60.0
알란토인,성분,2016-05-08,65.0
알란토인,성분,2016-05-15,42.0
알란토인,성분,2016-05-22,55.0
알란토인,성분,2016-05-29,48.0
알란토인,성분,2016-06-05,77.0
알란토인,성분,2016-06-12,58.0
알란토인,성분,2016-06-19,53.0
알란토인,성분,2016-06-26,64.0
알란토인,성분,2016-07-03,47.0
알란토인,성분,2016-07-10,57.0
알란토인,성분,2016-07-17,64.0
알란토인,성분,2016-07-24,49.0
알란토인,성분,2016-07-31,52.0
알란토인,성분,2016-08-07,54.0
알란토인,성분,2016-08-14,0.0
알란토인,성분,2016-08-21,43.0
알란토인,성분,2016-08-28,37.0
알란토인,성분,2016-09-04,39.0
알란토인,성분,2016-09-11,55.0
알란토인,성분,2016-09-18,77.0
알란토인,성분,2016-09-25,34.0
알란토인,성분,2016-10-02,30.0
알란토인,성분,2016-10-09,49.0
알란토인,성분,2016-10-16,39.0
알란토인,성분,2016-10-23,45.0
알란토인,성분,2016-10-30,43.0
알란토인,성분,2016-11-06,36.0
알란토인,성분,2016-11-13,50.0
알란토인,성분,2016-11-20,35.0
알란토인,성분,2016-11-27,34.0
알란토인,성분,2016-12-04,58.0
알란토인,성분,2016-12-11,36.0
알란토인,성분,2016-12-18,0.0
알란토인,성분,2016-12-25,53.0
알란토인,성분,2017-01-01,63.0
알란토인,성분,2017-01-08,37.0
알란토인,성분,2017-01-15,56.0
알란토인,성분,2017-01-22,55.0
알란토인,성분,2017-01-29,40.0
알란토인,성분,2017-02-05,59.0
알란토인,성분,2017-02-12,55.0
알란토인,성분,2017-02-19,76.0
알란토인,성분,2017-02-26,70.0
알란토인,성분,2017-03-05,44.0
알란토인,성분,2017-03-12,74.0
알란토인,성분,2017-03-19,75.0
알란토인,성분,2017-03-26,54.0
알란토인,성분,2017-04-02,48.0
알란토인,성분,2017-04-09,65.0
알란토인,성분,2017-04-16,55.0
알란토인,성분,2017-04-23,78.0
알란토인,성분,2017-04-30,36.0
알란토인,성분,2017-05-07,73.0
알란토인,성분,2017-05-14,70.0
알란토인,성분,2017-05-21,33.0
알란토인,성분,2017-05-28,66.0
알란토인,성분,2017-06-04,64.0
알란토인,성분,2017-06-11,70.0
알란토인,성분,2017-06-18,56.0
알란토인,성분,2017-06-25,44.0
알란토인,성분,2017-07-02,30.0
알란토인,성분,2017-07-09,46.0
알란토인,성분,2017-07-16,39.0
알란토인,성분,2017-07-23,77.0
알란토인,성분,2017-07-30,69.0
알란토인,성분,2017-08-06,49.0
알란토인,성분,2017-08-13,52.0
알란토인,성분,2017-08-20,49.0
알란토인,성분,2017-08-27,51.0
알란토인,성분,2017-09-03,48.0
알란토인,성분,2017-09-10,52.0
알란토인,성분,2017-09-17,47.0
알란토인,성분,2017-09-24,51.0
알란토인,성분,2017-10-01,47.0
알란토인,성분,2017-10-08,40.0
알란토인,성분,2017-10-15,65.0
알란토인,성분,2017-10-22,45.0
알란토인,성분,2017-10-29,68.0
알란토인,성분,2017-11-05,61.0
알란토인,성분,2017-11-12,44.0
알란토인,성분,2017-11-19,38.0
알란토인,성분,2017-11-26,49.0
알란토인,성분,2017-12-03,68.0
알란토인,성분,2017-12-10,37.0
알란토인,성분,2017-12-17,59.0
알란토인,성분,2017-12-24,46.0
알란토인,성분,2017-12-31,72.0
알란토인,성분,2018-01-07,64.0
알란토인,성분,2018-01-14,67.0
알란토인,성분,2018-01-21,63.0
알란토인,성분,2018-01-28,74.0
알란토인,성분,2018-02-04,100.0
알란토인,성분,2018-02-11,76.0
알란토인,성분,2018-02-18,58.0
알란토인,성분,2018-02-25,72.0
알란토인,성분,2018-03-04,50.0
알란토인,성분,2018-03-11,66.0
알란토인,성분,2018-03-18,68.0
알란토인,성분,2018-03-25,46.0
알란토인,성분,2018-04-01,68.0
알란토인,성분,2018-04-08,62.0
알란토인,성분,2018-04-15,50.0
알란토인,성분,2018-04-22,85.0
알란토인,성분,2018-04-29,54.0
알란토인,성분,2018-05-06,57.0
알란토인,성분,2018-05-13,63.0
알란토인,성분,2018-05-20,34.0
알란토인,성분,2018-05-27,59.0
알란토인,성분,2018-06-03,51.0
알란토인,성분,2018-06-10,52.0
알란토인,성분,2018-06-17,67.0
알란토인,성분,2018-06-24,55.0
알란토인,성분,2018-07-01,47.0
알란토인,성분,2018-07-08,75.0
알란토인,성분,2018-07-15,44.0
알란토인,성분,2018-07-22,60.0
알란토인,성분,2018-07-29,48.0
알란토인,성분,2018-08-05,52.0
알란토인,성분,2018-08-12,55.0
알란토인,성분,2018-08-19,47.0
알란토인,성분,2018-08-26,64.0
알란토인,성분,2018-09-02,46.0
알란토인,성분,2018-09-09,55.0
알란토인,성분,2018-09-16,68.0
알란토인,성분,2018-09-23,60.0
알란토인,성분,2018-09-30,53.0
알란토인,성분,2018-10-07,45.0
알란토인,성분,2018-10-14,55.0
알란토인,성분,2018-10-21,61.0
알란토인,성분,2018-10-28,46.0
알란토인,성분,2018-11-04,60.0
알란토인,성분,2018-11-11,50.0
알란토인,성분,2018-11-18,50.0
알란토인,성분,2018-11-25,41.0
알란토인,성분,2018-12-02,55.0
알란토인,성분,2018-12-09,59.0
알란토인,성분,2018-12-16,62.0
알란토인,성분,2018-12-23,48.0
알란토인,성분,2018-12-30,50.0
알란토인,성분,2019-01-06,51.0
알란토인,성분,2019-01-13,43.0
알란토인,성분,2019-01-20,63.0
알란토인,성분,2019-01-27,49.0
알란토인,성분,2019-02-03,44.0
알란토인,성분,2019-02-10,59.0
알란토인,성분,2019-02-17,74.0
알란토인,성분,2019-02-24,65.0
알란토인,성분,2019-03-03,33.0
알란토인,성분,2019-03-10,56.0
알란토인,성분,2019-03-17,54.0
알란토인,성분,2019-03-24,60.0
알란토인,성분,2019-03-31,34.0
알란토인,성분,2019-04-07,36.0
알란토인,성분,2019-04-14,41.0
알란토인,성분,2019-04-21,56.0
알란토인,성분,2019-04-28,59.0
알란토인,성분,2019-05-05,52.0
알란토인,성분,2019-05-12,58.0
알란토인,성분,2019-05-19,58.0
알란토인,성분,2019-05-26,87.0
알란토인,성분,2019-06-02,67.0
알란토인,성분,2019-06-09,74.0
알란토인,성분,2019-06-16,63.0
알란토인,성분,2019-06-23,50.0
알란토인,성분,2019-06-30,52.7539936102
알란토인,성분,2019-07-07,43.9616613419
알란토인,성분,2019-07-14,41.7635782748
알란토인,성분,2019-07-21,65.9424920128
알란토인,성분,2019-07-28,65.9424920128
알란토인,성분,2019-08-04,58.249201278
알란토인,성분,2019-08-11,51.6549520767
알란토인,성분,2019-08-18,46.1597444089
알란토인,성분,2019-08-25,56.0511182109
알란토인,성분,2019-09-01,52.7539936102
알란토인,성분,2019-09-08,36.268370607
알란토인,성분,2019-09-15,49.4568690096
알란토인,성분,2019-09-22,46.1597444089
알란토인,성분,2019-09-29,51.6549520767
알란토인,성분,2019-10-06,54.9520766773
알란토인,성분,2019-10-13,50.5559105431
알란토인,성분,2019-10-20,45.0607028754
알란토인,성분,2019-10-27,30.7731629393
알란토인,성분,2019-11-03,38.4664536741
알란토인,성분,2019-11-10,61.5463258786
알란토인,성분,2019-11-17,48.357827476
알란토인,성분,2019-11-24,61.5463258786
알란토인,성분,2019-12-01,32.9712460064
알란토인,성분,2019-12-08,51.6549520767
알란토인,성분,2019-12-15,43.9616613419
알란토인,성분,2019-12-22,70.338658147
알란토인,성분,2019-12-29,67.0415335463
알란토인,성분,2020-01-05,67.0415335463
알란토인,성분,2020-01-12,62.6453674121
알란토인,성분,2020-01-19,92.3194888179
알란토인,성분,2020-01-26,64.8434504792
알란토인,성분,2020-02-02,41.7635782748
알란토인,성분,2020-02-09,48.357827476
알란토인,성분,2020-02-16,67.0415335463
알란토인,성분,2020-02-23,46.1597444089
알란토인,성분,2020-03-01,79.1309904153
알란토인,성분,2020-03-08,51.6549520767
알란토인,성분,2020-03-15,37.3674121406
알란토인,성분,2020-03-22,43.9616613419
알란토인,성분,2020-03-29,46.1597444089
알란토인,성분,2020-04-05,54.9520766773
알란토인,성분,2020-04-12,54.9520766773
알란토인,성분,2020-04-19,56.0511182109
알란토인,성분,2020-04-26,61.5463258786
알란토인,성분,2020-05-03,69.2396166134
알란토인,성분,2020-05-10,67.0415335463
알란토인,성분,2020-05-17,60.447284345
알란토인,성분,2020-05-24,81.3290734824
알란토인,성분,2020-05-31,52.7539936102
알란토인,성분,2020-06-07,60.447284345
알란토인,성분,2020-06-14,65.9424920128
알란토인,성분,2020-06-21,76.9329073482
알란토인,성분,2020-06-28,67.0415335463
알란토인,성분,2020-07-05,72.5367412141
알란토인,성분,2020-07-12,61.5463258786
알란토인,성분,2020-07-19,69.2396166134
알란토인,성분,2020-07-26,69.2396166134
알란토인,성분,2020-08-02,60.447284345
알란토인,성분,2020-08-09,69.2396166134
알란토인,성분,2020-08-16,58.249201278
알란토인,성분,2020-08-23,50.5559105431
알란토인,성분,2020-08-30,42.8626198083
알란토인,성분,2020-09-06,51.6549520767
알란토인,성분,2020-09-13,59.3482428115
알란토인,성분,2020-09-20,60.447284345
알란토인,성분,2020-09-27,42.8626198083
알란토인,성분,2020-10-04,68.1405750799
알란토인,성분,2020-10-11,72.5367412141
알란토인,성분,2020-10-18,74.7348242812
알란토인,성분,2020-10-25,70.338658147
알란토인,성분,2020-11-01,39.5654952077
알란토인,성분,2020-11-08,53.8530351438
알란토인,성분,2020-11-15,54.9520766773
알란토인,성분,2020-11-22,52.7539936102
알란토인,성분,2020-11-29,70.338658147
알란토인,성분,2020-12-06,71.4376996805
알란토인,성분,2020-12-13,57.1501597444
알란토인,성분,2020-12-20,49.4568690096
알란토인,성분,2020-12-27,60.447284345
알란토인,성분,2021-01-03,59.3482428115
알란토인,성분,2021-01-10,51.6549520767
알란토인,성분,2021-01-17,60.447284345
알란토인,성분,2021-01-24,72.5367412141
알란토인,성분,2021-01-31,67.0415335463
알란토인,성분,2021-02-07,68.1405750799
알란토인,성분,2021-02-14,68.1405750799
알란토인,성분,2021-02-21,58.249201278
알란토인,성분,2021-02-28,64.8434504792
알란토인,성분,2021-03-07,50.5559105431
알란토인,성분,2021-03-14,78.0319488818
알란토인,성분,2021-03-21,75.8338658147
알란토인,성분,2021-03-28,52.7539936102
알란토인,성분,2021-04-04,62.6453674121
알란토인,성분,2021-04-11,74.7348242812
알란토인,성분,2021-04-18,74.7348242812
알란토인,성분,2021-04-25,76.9329073482
알란토인,성분,2021-05-02,45.0607028754
알란토인,성분,2021-05-09,52.7539936102
알란토인,성분,2021-05-16,61.5463258786
알란토인,성분,2021-05-23,76.9329073482
알란토인,성분,2021-05-30,73.6357827476
알란토인,성분,2021-06-06,81.3290734824
알란토인,성분,2021-06-13,60.447284345
알란토인,성분,2021-06-20,52.7539936102
알란토인,성분,2021-06-27,72.5367412141
알란토인,성분,2021-07-04,85.7252396166
알란토인,성분,2021-07-11,32.9712460064
알란토인,성분,2021-07-18,62.6453674121
알란토인,성분,2021-07-25,45.0607028754
알란토인,성분,2021-08-01,61.5463258786
알란토인,성분,2021-08-08,71.4376996805
알란토인,성분,2021-08-15,82.428115016
알란토인,성분,2021-08-22,72.5367412141
알란토인,성분,2021-08-29,87.9233226837
알란토인,성분,2021-09-05,82.428115016
알란토인,성분,2021-09-12,45.0607028754
알란토인,성분,2021-09-19,67.0415335463
알란토인,성분,2021-09-26,46.1597444089
알란토인,성분,2021-10-03,64.8434504792
알란토인,성분,2021-10-10,67.0415335463
알란토인,성분,2021-10-17,60.447284345
알란토인,성분,2021-10-24,56.0511182109
알란토인,성분,2021-10-31,67.0415335463
알란토인,성분,2021-11-07,61.5463258786
알란토인,성분,2021-11-14,63.7444089457
알란토인,성분,2021-11-21,56.0511182109
알란토인,성분,2021-11-28,71.4376996805
알란토인,성분,2021-12-05,75.8338658147
알란토인,성분,2021-12-12,56.0511182109
알란토인,성분,2021-12-19,53.8530351438
알란토인,성분,2021-12-26,30.7731629393
알란토인,성분,2022-01-02,63.7444089457
알란토인,성분,2022-01-09,51.6549520767
알란토인,성분,2022-01-16,41.7635782748
알란토인,성분,2022-01-23,60.447284345
알란토인,성분,2022-01-30,47.2587859425
알란토인,성분,2022-02-06,67.0415335463
알란토인,성분,2022-02-13,85.7252396166
알란토인,성분,2022-02-20,79.1309904153
알란토인,성분,2022-02-27,109.9041533546
알란토인,성분,2022-03-06,75.8338658147
알란토인,성분,2022-03-13,81.3290734824
알란토인,성분,2022-03-20,47.2587859425
알란토인,성분,2022-03-27,82.428115016
알란토인,성분,2022-04-03,78.0319488818
알란토인,성분,2022-04-10,78.0319488818
알란토인,성분,2022-04-17,63.7444089457
알란토인,성분,2022-04-24,71.4376996805
알란토인,성분,2022-05-01,65.9424920128
알란토인,성분,2022-05-08,82.428115016
알란토인,성분,2022-05-15,74.7348242812
알란토인,성분,2022-05-22,87.9233226837
알란토인,성분,2022-05-29,70.338658147
알란토인,성분,2022-06-05,89.0223642173
알란토인,성분,2022-06-12,74.7348242812
알란토인,성분,2022-06-19,78.0319488818
알란토인,성분,2022-06-26,79.1309904153
알란토인,성분,2022-07-03,68.1405750799
알란토인,성분,2022-07-10,64.8434504792
알란토인,성분,2022-07-17,46.1597444089
알란토인,성분,2022-07-24,62.6453674121
알란토인,성분,2022-07-31,61.5463258786
알란토인,성분,2022-08-07,70.338658147
알란토인,성분,2022-08-14,91.2204472843
알란토인,성분,2022-08-21,56.0511182109
알란토인,성분,2022-08-28,67.0415335463
알란토인,성분,2022-09-04,61.5463258786
알란토인,성분,2022-09-11,56.0511182109
알란토인,성분,2022-09-18,72.5367412141
알란토인,성분,2022-09-25,70.338658147
알란토인,성분,2022-10-02,84.6261980831
알란토인,성분,2022-10-09,62.6453674121
알란토인,성분,2022-10-16,48.357827476
알란토인,성분,2022-10-23,75.8338658147
알란토인,성분,2022-10-30,62.6453674121
알란토인,성분,2022-11-06,62.6453674121
알란토인,성분,2022-11-13,83.5271565495
알란토인,성분,2022-11-20,63.7444089457
알란토인,성분,2022-11-27,57.1501597444
알란토인,성분,2022-12-04,59.3482428115
알란토인,성분,2022-12-11,74.7348242812
알란토인,성분,2022-12-18,64.8434504792
알란토인,성분,2022-12-25,83.5271565495
알란토인,성분,2023-01-01,83.4310024346
알란토인,성분,2023-01-08,68.2617292647
알란토인,성분,2023-01-15,79.6386841421
알란토인,성분,2023-01-22,56.8847743872
알란토인,성분,2023-01-29,73.9502067034
알란토인,성분,2023-02-05,91.0156390196
알란토인,성분,2023-02-12,72.0540475572
알란토인,성분,2023-02-19,102.392593897
알란토인,성분,2023-02-26,77.7425249959
알란토인,성분,2023-03-05,89.1194798733
알란토인,성분,2023-03-12,77.7425249959
알란토인,성분,2023-03-19,94.807957312
알란토인,성분,2023-03-26,70.1578884109
알란토인,성분,2023-04-02,85.3271615808
알란토인,성분,2023-04-09,79.6386841421
알란토인,성분,2023-04-16,83.4310024346
알란토인,성분,2023-04-23,106.1849121895
알란토인,성분,2023-04-30,72.0540475572
알란토인,성분,2023-05-07,72.0540475572
알란토인,성분,2023-05-14,79.6386841421
알란토인,성분,2023-05-21,92.9117981658
알란토인,성분,2023-05-28,79.6386841421
알란토인,성분,2023-06-04,106.1849121895
알란토인,성분,2023-06-11,91.0156390196
알란토인,성분,2023-06-18,104.2887530432
알란토인,성분,2023-06-25,77.7425249959
알란토인,성분,2023-07-02,89.1194798733
알란토인,성분,2023-07-09,83.4310024346
알란토인,성분,2023-07-16,81.5348432884
알란토인,성분,2023-07-23,73.9502067034
알란토인,성분,2023-07-30,73.9502067034
알란토인,성분,2023-08-06,85.3271615808
알란토인,성분,2023-08-13,87.2233207271
알란토인,성분,2023-08-20,60.6770926797
알란토인,성분,2023-08-27,68.2617292647
알란토인,성분,2023-09-03,75.8463658496
알란토인,성분,2023-09-10,85.3271615808
알란토인,성분,2023-09-17,58.7809335335
알란토인,성분,2023-09-24,89.1194798733
알란토인,성분,2023-10-01,94.807957312
알란토인,성분,2023-10-08,68.2617292647
알란토인,성분,2023-10-15,64.4694109722
알란토인,성분,2023-10-22,56.8847743872
알란토인,성분,2023-10-29,68.2617292647
알란토인,성분,2023-11-05,100.4964347508
알란토인,성분,2023-11-12,70.1578884109
알란토인,성분,2023-11-19,66.3655701184
알란토인,성분,2023-11-26,85.3271615808
알란토인,성분,2023-12-03,96.7041164583
알란토인,성분,2023-12-10,85.3271615808
알란토인,성분,2023-12-17,83.4310024346
알란토인,성분,2023-12-24,54.988615241
알란토인,성분,2023-12-31,98.6002756045
알란토인,성분,2024-01-07,94.807957312
알란토인,성분,2024-01-14,83.4310024346
알란토인,성분,2024-01-21,87.2233207271
알란토인,성분,2024-01-28,73.9502067034
알란토인,성분,2024-02-04,62.5732518259
알란토인,성분,2024-02-11,83.4310024346
알란토인,성분,2024-02-18,79.6386841421
알란토인,성분,2024-02-25,68.2617292647
알란토인,성분,2024-03-03,81.5348432884
알란토인,성분,2024-03-10,79.6386841421
알란토인,성분,2024-03-17,66.3655701184
알란토인,성분,2024-03-24,85.3271615808
알란토인,성분,2024-03-31,72.0540475572
알란토인,성분,2024-04-07,92.9117981658
알란토인,성분,2024-04-14,54.988615241
알란토인,성분,2024-04-21,87.2233207271
알란토인,성분,2024-04-28,56.8847743872
알란토인,성분,2024-05-05,75.8463658496
알란토인,성분,2024-05-12,79.6386841421
알란토인,성분,2024-05-19,73.9502067034
알란토인,성분,2024-05-26,96.7041164583
알란토인,성분,2024-06-02,68.2617292647
알란토인,성분,2024-06-09,47.403978656
알란토인,성분,2024-06-16,94.807957312
알란토인,성분,2024-06-23,73.9502067034
알란토인,성분,2024-06-30,117.5618670669
알란토인,성분,2024-07-07,94.807957312
알란토인,성분,2024-07-14,98.6002756045
알란토인,성분,2024-07-21,85.3271615808
알란토인,성분,2024-07-28,77.7425249959
알란토인,성분,2024-08-04,85.3271615808
알란토인,성분,2024-08-11,72.0540475572
알란토인,성분,2024-08-18,70.1578884109
알란토인,성분,2024-08-25,79.6386841421
알란토인,성분,2024-09-01,83.4310024346
알란토인,성분,2024-09-08,62.5732518259
알란토인,성분,2024-09-15,79.6386841421
알란토인,성분,2024-09-22,83.4310024346
알란토인,성분,2024-09-29,60.6770926797
알란토인,성분,2024-10-06,75.8463658496
알란토인,성분,2024-10-13,75.8463658496
알란토인,성분,2024-10-20,58.7809335335
알란토인,성분,2024-10-27,81.5348432884
알란토인,성분,2024-11-03,79.6386841421
알란토인,성분,2024-11-10,72.0540475572
알란토인,성분,2024-11-17,109.977230482
알란토인,성분,2024-11-24,91.0156390196
알란토인,성분,2024-12-01,87.2233207271
알란토인,성분,2024-12-08,91.0156390196
알란토인,성분,2024-12-15,79.6386841421
알란토인,성분,2024-12-22,87.2233207271
알란토인,성분,2024-12-29,89.1194798733
알란토인,성분,2025-01-05,92.9117981658
알란토인,성분,2025-01-12,113.7695487745
알란토인,성분,2025-01-19,91.0156390196
알란토인,성분,2025-01-26,91.0156390196
알란토인,성분,2025-02-02,92.9117981658
알란토인,성분,2025-02-09,85.3271615808
알란토인,성분,2025-02-16,94.807957312
알란토인,성분,2025-02-23,98.6002756045
알란토인,성분,2025-03-02,75.8463658496
알란토인,성분,2025-03-09,83.4310024346
알란토인,성분,2025-03-16,79.6386841421
알란토인,성분,2025-03-23,81.5348432884
알란토인,성분,2025-03-30,70.1578884109
알란토인,성분,2025-04-06,83.4310024346
알란토인,성분,2025-04-13,77.7425249959
알란토인,성분,2025-04-20,100.4964347508
알란토인,성분,2025-04-27,70.1578884109
알란토인,성분,2025-05-04,104.2887530432
알란토인,성분,2025-05-11,85.3271615808
알란토인,성분,2025-05-18,104.2887530432
알란토인,성분,2025-05-25,75.8463658496
알란토인,성분,2025-06-01,98.6002756045
알란토인,성분,2025-06-08,111.8733896282
알란토인,성분,2025-06-15,117.5618670669
알란토인,성분,2025-06-22,79.6386841421
알란토인,성분,2025-06-29,92.9117981658
알란토인,성분,2025-07-06,73.9502067034
알란토인,성분,2025-07-13,81.5348432884
알란토인,성분,2025-07-20,132.7311402369
알란토인,성분,2025-07-27,140.3157768218
알란토인,성분,2025-08-03,102.392593897
알란토인,성분,2025-08-10,96.7041164583
알란토인,성분,2025-08-17,92.9117981658
알란토인,성분,2025-08-24,111.8733896282
알란토인,성분,2025-08-31,85.3271615808
알란토인,성분,2025-09-07,83.4310024346
알란토인,성분,2025-09-14,73.9502067034
알란토인,성분,2025-09-21,85.3271615808
알란토인,성분,2025-09-28,75.8463658496
알란토인,성분,2025-10-05,66.3655701184
알란토인,성분,2025-10-12,75.8463658496
알란토인,성분,2025-10-19,75.8463658496
알란토인,성분,2025-10-26,98.6002756045
알란토인,성분,2025-11-02,113.7695487745
알란토인,성분,2025-11-09,73.9502067034
알란토인,성분,2025-11-16,132.7311402369
알란토인,성분,2025-11-23,94.807957312
알란토인,성분,2025-11-30,85.3271615808
알란토인,성분,2025-12-07,81.5348432884
알란토인,성분,2025-12-14,94.807957312
알란토인,성분,2025-12-21,100.4964347508
알란토인,성분,2025-12-28,96.7041164583
알란토인,성분,2026-01-04,125.1465036519
알란토인,성분,2026-01-11,123.2503445057
알란토인,성분,2026-01-18,119.4580262132
알란토인,성분,2026-01-25,96.7041164583
알란토인,성분,2026-02-01,121.3541853594
알란토인,성분,2026-02-08,130.8349810906
알란토인,성분,2026-02-15,121.3541853594
알란토인,성분,2026-02-22,147.9004134068
알란토인,성분,2026-03-01,163.0696865767
알란토인,성분,2026-03-08,157.381209138
알란토인,성분,2026-03-15,153.5888908455
알란토인,성분,2026-03-22,125.1465036519
알란토인,성분,2026-03-29,149.796572553
알란토인,성분,2026-04-05,144.1080951143
알란토인,성분,2026-04-12,119.4580262132
알란토인,성분,2026-04-19,170.6543231617
알란토인,성분,2026-04-26,115.6657079207
알란토인,성분,2026-05-03,104.2887530432
알란토인,성분,2026-05-10,132.7311402369
알란토인,성분,2026-05-17,189.6159146241
알란토인,성분,2026-05-24,138.4196176756
알란토인,성분,2026-05-31,178.2389597466
알란토인,성분,2026-06-07,189.6159146241
알란토인,성분,2026-06-14,166.8620048692
알란토인,성분,2026-06-21,168.7581640154
알란토인,성분,2026-06-28,125.1465036519
알란토인,성분,2026-07-05,130.8349810906
알란토인,성분,2026-07-12,115.6657079207
알란토인,성분,2026-07-19,96.7041164583
알란토인,성분,2026-07-26,73.9502067034
알란토인,성분,2026-08-02,66.3655701184
알란토인,성분,2026-08-09,92.9117981658
알란토인,성분,2026-08-16,98.6002756045
알란토인,성분,2026-08-23,62.5732518259
알란토인,성분,2026-08-30,85.3271615808
알란토인,성분,2026-09-06,83.4310024346
알란토인,성분,2026-09-13,54.988615241
알란토인,성분,2026-09-20,58.7809335335
아데노신,성분,2015-12-27,0.0
아데노신,성분,2016-01-03,0.0
아데노신,성분,2016-01-10,0.0
아데노신,성분,2016-01-17,0.0
아데노신,성분,2016-01-24,0.0
아데노신,성분,2016-01-31,0.0
아데노신,성분,2016-02-07,0.0
아데노신,성분,2016-02-14,0.0
아데노신,성분,2016-02-21,0.0
아데노신,성분,2016-02-28,0.0
아데노신,성분,2016-03-06,0.0
아데노신,성분,2016-03-13,0.0
아데노신,성분,2016-03-20,0.0
아데노신,성분,2016-03-27,0.0
아데노신,성분,2016-04-03,0.0
아데노신,성분,2016-04-10,0.0
아데노신,성분,2016-04-17,0.0
아데노신,성분,2016-04-24,0.0
아데노신,성분,2016-05-01,0.0
아데노신,성분,2016-05-08,0.0
아데노신,성분,2016-05-15,0.0
아데노신,성분,2016-05-22,0.0
아데노신,성분,2016-05-29,0.0
아데노신,성분,2016-06-05,0.0
아데노신,성분,2016-06-12,0.0
아데노신,성분,2016-06-19,0.0
아데노신,성분,2016-06-26,0.0
아데노신,성분,2016-07-03,0.0
아데노신,성분,2016-07-10,0.0
아데노신,성분,2016-07-17,0.0
아데노신,성분,2016-07-24,0.0
아데노신,성분,2016-07-31,0.0
아데노신,성분,2016-08-07,0.0
아데노신,성분,2016-08-14,0.0
아데노신,성분,2016-08-21,0.0
아데노신,성분,2016-08-28,0.0
아데노신,성분,2016-09-04,0.0
아데노신,성분,2016-09-11,0.0
아데노신,성분,2016-09-18,0.0
아데노신,성분,2016-09-25,0.0
아데노신,성분,2016-10-02,0.0
아데노신,성분,2016-10-09,0.0
아데노신,성분,2016-10-16,0.0
아데노신,성분,2016-10-23,0.0
아데노신,성분,2016-10-30,0.0
아데노신,성분,2016-11-06,0.0
아데노신,성분,2016-11-13,0.0
아데노신,성분,2016-11-20,0.0
아데노신,성분,2016-11-27,0.0
아데노신,성분,2016-12-04,0.0
아데노신,성분,2016-12-11,0.0
아데노신,성분,2016-12-18,0.0
아데노신,성분,2016-12-25,0.0
아데노신,성분,2017-01-01,0.0
아데노신,성분,2017-01-08,0.0
아데노신,성분,2017-01-15,0.0
아데노신,성분,2017-01-22,0.0
아데노신,성분,2017-01-29,0.0
아데노신,성분,2017-02-05,0.0
아데노신,성분,2017-02-12,0.0
아데노신,성분,2017-02-19,0.0
아데노신,성분,2017-02-26,0.0
아데노신,성분,2017-03-05,0.0
아데노신,성분,2017-03-12,0.0
아데노신,성분,2017-03-19,0.0
아데노신,성분,2017-03-26,0.0
아데노신,성분,2017-04-02,0.0
아데노신,성분,2017-04-09,0.0
아데노신,성분,2017-04-16,0.0
아데노신,성분,2017-04-23,0.0
아데노신,성분,2017-04-30,0.0
아데노신,성분,2017-05-07,0.0
아데노신,성분,2017-05-14,0.0
아데노신,성분,2017-05-21,0.0
아데노신,성분,2017-05-28,0.0
아데노신,성분,2017-06-04,0.0
아데노신,성분,2017-06-11,0.0
아데노신,성분,2017-06-18,0.0
아데노신,성분,2017-06-25,0.0
아데노신,성분,2017-07-02,0.0
아데노신,성분,2017-07-09,0.0
아데노신,성분,2017-07-16,0.0
아데노신,성분,2017-07-23,0.0
아데노신,성분,2017-07-30,0.0
아데노신,성분,2017-08-06,0.0
아데노신,성분,2017-08-13,0.0
아데노신,성분,2017-08-20,0.0
아데노신,성분,2017-08-27,0.0
아데노신,성분,2017-09-03,0.0
아데노신,성분,2017-09-10,0.0
아데노신,성분,2017-09-17,0.0
아데노신,성분,2017-09-24,0.0
아데노신,성분,2017-10-01,0.0
아데노신,성분,2017-10-08,0.0
아데노신,성분,2017-10-15,0.0
아데노신,성분,2017-10-22,0.0
아데노신,성분,2017-10-29,0.0
아데노신,성분,2017-11-05,0.0
아데노신,성분,2017-11-12,0.0
아데노신,성분,2017-11-19,0.0
아데노신,성분,2017-11-26,0.0
아데노신,성분,2017-12-03,0.0
아데노신,성분,2017-12-10,0.0
아데노신,성분,2017-12-17,0.0
아데노신,성분,2017-12-24,0.0
아데노신,성분,2017-12-31,0.0
아데노신,성분,2018-01-07,0.0
아데노신,성분,2018-01-14,0.0
아데노신,성분,2018-01-21,0.0
아데노신,성분,2018-01-28,0.0
아데노신,성분,2018-02-04,0.0
아데노신,성분,2018-02-11,0.0
아데노신,성분,2018-02-18,0.0
아데노신,성분,2018-02-25,0.0
아데노신,성분,2018-03-04,0.0
아데노신,성분,2018-03-11,0.0
아데노신,성분,2018-03-18,0.0
아데노신,성분,2018-03-25,0.0
아데노신,성분,2018-04-01,0.0
아데노신,성분,2018-04-08,0.0
아데노신,성분,2018-04-15,0.0
아데노신,성분,2018-04-22,0.0
아데노신,성분,2018-04-29,0.0
아데노신,성분,2018-05-06,0.0
아데노신,성분,2018-05-13,0.0
아데노신,성분,2018-05-20,0.0
아데노신,성분,2018-05-27,0.0
아데노신,성분,2018-06-03,0.0
아데노신,성분,2018-06-10,0.0
아데노신,성분,2018-06-17,0.0
아데노신,성분,2018-06-24,0.0
아데노신,성분,2018-07-01,0.0
아데노신,성분,2018-07-08,0.0
아데노신,성분,2018-07-15,0.0
아데노신,성분,2018-07-22,0.0
아데노신,성분,2018-07-29,0.0
아데노신,성분,2018-08-05,0.0
아데노신,성분,2018-08-12,0.0
아데노신,성분,2018-08-19,0.0
아데노신,성분,2018-08-26,0.0
아데노신,성분,2018-09-02,0.0
아데노신,성분,2018-09-09,0.0
아데노신,성분,2018-09-16,0.0
아데노신,성분,2018-09-23,0.0
아데노신,성분,2018-09-30,0.0
아데노신,성분,2018-10-07,0.0
아데노신,성분,2018-10-14,0.0
아데노신,성분,2018-10-21,0.0
아데노신,성분,2018-10-28,0.0
아데노신,성분,2018-11-04,0.0
아데노신,성분,2018-11-11,0.0
아데노신,성분,2018-11-18,0.0
아데노신,성분,2018-11-25,0.0
아데노신,성분,2018-12-02,0.0
아데노신,성분,2018-12-09,0.0
아데노신,성분,2018-12-16,0.0
아데노신,성분,2018-12-23,0.0
아데노신,성분,2018-12-30,0.0
아데노신,성분,2019-01-06,0.0
아데노신,성분,2019-01-13,0.0
아데노신,성분,2019-01-20,0.0
아데노신,성분,2019-01-27,0.0
아데노신,성분,2019-02-03,0.0
아데노신,성분,2019-02-10,0.0
아데노신,성분,2019-02-17,0.0
아데노신,성분,2019-02-24,0.0
아데노신,성분,2019-03-03,0.0
아데노신,성분,2019-03-10,0.0
아데노신,성분,2019-03-17,0.0
아데노신,성분,2019-03-24,0.0
아데노신,성분,2019-03-31,0.0
아데노신,성분,2019-04-07,0.0
아데노신,성분,2019-04-14,0.0
아데노신,성분,2019-04-21,0.0
아데노신,성분,2019-04-28,0.0
아데노신,성분,2019-05-05,0.0
아데노신,성분,2019-05-12,0.0
아데노신,성분,2019-05-19,0.0
아데노신,성분,2019-05-26,0.0
아데노신,성분,2019-06-02,0.0
아데노신,성분,2019-06-09,0.0
아데노신,성분,2019-06-16,0.0
아데노신,성분,2019-06-23,0.0
아데노신,성분,2019-06-30,0.0
아데노신,성분,2019-07-07,0.0
아데노신,성분,2019-07-14,0.0
아데노신,성분,2019-07-21,0.0
아데노신,성분,2019-07-28,0.0
아데노신,성분,2019-08-04,0.0
아데노신,성분,2019-08-11,0.0
아데노신,성분,2019-08-18,0.0
아데노신,성분,2019-08-25,0.0
아데노신,성분,2019-09-01,0.0
아데노신,성분,2019-09-08,0.0
아데노신,성분,2019-09-15,100.0
아데노신,성분,2019-09-22,0.0
아데노신,성분,2019-09-29,0.0
아데노신,성분,2019-10-06,0.0
아데노신,성분,2019-10-13,0.0
아데노신,성분,2019-10-20,0.0
아데노신,성분,2019-10-27,0.0
아데노신,성분,2019-11-03,0.0
아데노신,성분,2019-11-10,0.0
아데노신,성분,2019-11-17,0.0
아데노신,성분,2019-11-24,0.0
아데노신,성분,2019-12-01,0.0
아데노신,성분,2019-12-08,0.0
아데노신,성분,2019-12-15,0.0
아데노신,성분,2019-12-22,0.0
아데노신,성분,2019-12-29,0.0
아데노신,성분,2020-01-05,0.0
아데노신,성분,2020-01-12,0.0
아데노신,성분,2020-01-19,0.0
아데노신,성분,2020-01-26,0.0
아데노신,성분,2020-02-02,0.0
아데노신,성분,2020-02-09,0.0
아데노신,성분,2020-02-16,0.0
아데노신,성분,2020-02-23,0.0
아데노신,성분,2020-03-01,0.0
아데노신,성분,2020-03-08,0.0
아데노신,성분,2020-03-15,0.0
아데노신,성분,2020-03-22,0.0
아데노신,성분,2020-03-29,0.0
아데노신,성분,2020-04-05,0.0
아데노신,성분,2020-04-12,0.0
아데노신,성분,2020-04-19,0.0
아데노신,성분,2020-04-26,0.0
아데노신,성분,2020-05-03,0.0
아데노신,성분,2020-05-10,0.0
아데노신,성분,2020-05-17,0.0
아데노신,성분,2020-05-24,0.0
아데노신,성분,2020-05-31,0.0
아데노신,성분,2020-06-07,0.0
아데노신,성분,2020-06-14,0.0
아데노신,성분,2020-06-21,0.0
아데노신,성분,2020-06-28,0.0
아데노신,성분,2020-07-05,0.0
아데노신,성분,2020-07-12,0.0
아데노신,성분,2020-07-19,0.0
아데노신,성분,2020-07-26,0.0
아데노신,성분,2020-08-02,0.0
아데노신,성분,2020-08-09,0.0
아데노신,성분,2020-08-16,0.0
아데노신,성분,2020-08-23,0.0
아데노신,성분,2020-08-30,0.0
아데노신,성분,2020-09-06,0.0
아데노신,성분,2020-09-13,0.0
아데노신,성분,2020-09-20,0.0
아데노신,성분,2020-09-27,0.0
아데노신,성분,2020-10-04,0.0
아데노신,성분,2020-10-11,0.0
아데노신,성분,2020-10-18,0.0
아데노신,성분,2020-10-25,0.0
아데노신,성분,2020-11-01,0.0
아데노신,성분,2020-11-08,0.0
아데노신,성분,2020-11-15,0.0
아데노신,성분,2020-11-22,0.0
아데노신,성분,2020-11-29,0.0
아데노신,성분,2020-12-06,0.0
아데노신,성분,2020-12-13,0.0
아데노신,성분,2020-12-20,0.0
아데노신,성분,2020-12-27,0.0
아데노신,성분,2021-01-03,0.0
아데노신,성분,2021-01-10,0.0
아데노신,성분,2021-01-17,0.0
아데노신,성분,2021-01-24,0.0
아데노신,성분,2021-01-31,0.0
아데노신,성분,2021-02-07,0.0
아데노신,성분,2021-02-14,0.0
아데노신,성분,2021-02-21,0.0
아데노신,성분,2021-02-28,0.0
아데노신,성분,2021-03-07,0.0
아데노신,성분,2021-03-14,0.0
아데노신,성분,2021-03-21,0.0
아데노신,성분,2021-03-28,0.0
아데노신,성분,2021-04-04,0.0
아데노신,성분,2021-04-11,0.0
아데노신,성분,2021-04-18,0.0
아데노신,성분,2021-04-25,0.0
아데노신,성분,2021-05-02,0.0
아데노신,성분,2021-05-09,0.0
아데노신,성분,2021-05-16,0.0
아데노신,성분,2021-05-23,0.0
아데노신,성분,2021-05-30,0.0
아데노신,성분,2021-06-06,0.0
아데노신,성분,2021-06-13,0.0
아데노신,성분,2021-06-20,0.0
아데노신,성분,2021-06-27,0.0
아데노신,성분,2021-07-04,0.0
아데노신,성분,2021-07-11,0.0
아데노신,성분,2021-07-18,0.0
아데노신,성분,2021-07-25,0.0
아데노신,성분,2021-08-01,0.0
아데노신,성분,2021-08-08,0.0
아데노신,성분,2021-08-15,0.0
아데노신,성분,2021-08-22,0.0
아데노신,성분,2021-08-29,0.0
아데노신,성분,2021-09-05,0.0
아데노신,성분,2021-09-12,0.0
아데노신,성분,2021-09-19,0.0
아데노신,성분,2021-09-26,0.0
아데노신,성분,2021-10-03,0.0
아데노신,성분,2021-10-10,0.0
아데노신,성분,2021-10-17,0.0
아데노신,성분,2021-10-24,0.0
아데노신,성분,2021-10-31,0.0
아데노신,성분,2021-11-07,0.0
아데노신,성분,2021-11-14,0.0
아데노신,성분,2021-11-21,0.0
아데노신,성분,2021-11-28,0.0
아데노신,성분,2021-12-05,0.0
아데노신,성분,2021-12-12,0.0
아데노신,성분,2021-12-19,0.0
아데노신,성분,2021-12-26,0.0
아데노신,성분,2022-01-02,0.0
아데노신,성분,2022-01-09,0.0
아데노신,성분,2022-01-16,0.0
아데노신,성분,2022-01-23,0.0
아데노신,성분,2022-01-30,0.0
아데노신,성분,2022-02-06,0.0
아데노신,성분,2022-02-13,0.0
아데노신,성분,2022-02-20,0.0
아데노신,성분,2022-02-27,0.0
아데노신,성분,2022-03-06,0.0
아데노신,성분,2022-03-13,0.0
아데노신,성분,2022-03-20,0.0
아데노신,성분,2022-03-27,0.0
아데노신,성분,2022-04-03,0.0
아데노신,성분,2022-04-10,0.0
아데노신,성분,2022-04-17,0.0
아데노신,성분,2022-04-24,0.0
아데노신,성분,2022-05-01,0.0
아데노신,성분,2022-05-08,0.0
아데노신,성분,2022-05-15,0.0
아데노신,성분,2022-05-22,0.0
아데노신,성분,2022-05-29,0.0
아데노신,성분,2022-06-05,0.0
아데노신,성분,2022-06-12,0.0
아데노신,성분,2022-06-19,0.0
아데노신,성분,2022-06-26,0.0
아데노신,성분,2022-07-03,0.0
아데노신,성분,2022-07-10,0.0
아데노신,성분,2022-07-17,0.0
아데노신,성분,2022-07-24,0.0
아데노신,성분,2022-07-31,0.0
아데노신,성분,2022-08-07,0.0
아데노신,성분,2022-08-14,0.0
아데노신,성분,2022-08-21,0.0
아데노신,성분,2022-08-28,0.0
아데노신,성분,2022-09-04,0.0
아데노신,성분,2022-09-11,0.0
아데노신,성분,2022-09-18,0.0
아데노신,성분,2022-09-25,0.0
아데노신,성분,2022-10-02,0.0
아데노신,성분,2022-10-09,0.0
아데노신,성분,2022-10-16,0.0
아데노신,성분,2022-10-23,0.0
아데노신,성분,2022-10-30,0.0
아데노신,성분,2022-11-06,0.0
아데노신,성분,2022-11-13,0.0
아데노신,성분,2022-11-20,0.0
아데노신,성분,2022-11-27,0.0
아데노신,성분,2022-12-04,0.0
아데노신,성분,2022-12-11,0.0
아데노신,성분,2022-12-18,0.0
아데노신,성분,2022-12-25,0.0
아데노신,성분,2023-01-01,0.0
아데노신,성분,2023-01-08,0.0
아데노신,성분,2023-01-15,0.0
아데노신,성분,2023-01-22,0.0
아데노신,성분,2023-01-29,0.0
아데노신,성분,2023-02-05,0.0
아데노신,성분,2023-02-12,0.0
아데노신,성분,2023-02-19,0.0
아데노신,성분,2023-02-26,0.0
아데노신,성분,2023-03-05,0.0
아데노신,성분,2023-03-12,0.0
아데노신,성분,2023-03-19,0.0
아데노신,성분,2023-03-26,0.0
아데노신,성분,2023-04-02,0.0
아데노신,성분,2023-04-09,0.0
아데노신,성분,2023-04-16,0.0
아데노신,성분,2023-04-23,0.0
아데노신,성분,2023-04-30,0.0
아데노신,성분,2023-05-07,0.0
아데노신,성분,2023-05-14,0.0
아데노신,성분,2023-05-21,0.0
아데노신,성분,2023-05-28,0.0
아데노신,성분,2023-06-04,0.0
아데노신,성분,2023-06-11,0.0
아데노신,성분,2023-06-18,0.0
아데노신,성분,2023-06-25,0.0
아데노신,성분,2023-07-02,0.0
아데노신,성분,2023-07-09,0.0
아데노신,성분,2023-07-16,0.0
아데노신,성분,2023-07-23,0.0
아데노신,성분,2023-07-30,0.0
아데노신,성분,2023-08-06,0.0
아데노신,성분,2023-08-13,0.0
아데노신,성분,2023-08-20,0.0
아데노신,성분,2023-08-27,0.0
아데노신,성분,2023-09-03,0.0
아데노신,성분,2023-09-10,0.0
아데노신,성분,2023-09-17,0.0
아데노신,성분,2023-09-24,0.0
아데노신,성분,2023-10-01,0.0
아데노신,성분,2023-10-08,0.0
아데노신,성분,2023-10-15,0.0
아데노신,성분,2023-10-22,0.0
아데노신,성분,2023-10-29,0.0
아데노신,성분,2023-11-05,0.0
아데노신,성분,2023-11-12,0.0
아데노신,성분,2023-11-19,0.0
아데노신,성분,2023-11-26,0.0
아데노신,성분,2023-12-03,0.0
아데노신,성분,2023-12-10,0.0
아데노신,성분,2023-12-17,0.0
아데노신,성분,2023-12-24,0.0
아데노신,성분,2023-12-31,0.0
아데노신,성분,2024-01-07,0.0
아데노신,성분,2024-01-14,0.0
아데노신,성분,2024-01-21,0.0
아데노신,성분,2024-01-28,0.0
아데노신,성분,2024-02-04,0.0
아데노신,성분,2024-02-11,0.0
아데노신,성분,2024-02-18,0.0
아데노신,성분,2024-02-25,0.0
아데노신,성분,2024-03-03,0.0
아데노신,성분,2024-03-10,0.0
아데노신,성분,2024-03-17,0.0
아데노신,성분,2024-03-24,0.0
아데노신,성분,2024-03-31,0.0
아데노신,성분,2024-04-07,0.0
아데노신,성분,2024-04-14,0.0
아데노신,성분,2024-04-21,0.0
아데노신,성분,2024-04-28,0.0
아데노신,성분,2024-05-05,0.0
아데노신,성분,2024-05-12,0.0
아데노신,성분,2024-05-19,0.0
아데노신,성분,2024-05-26,0.0
아데노신,성분,2024-06-02,0.0
아데노신,성분,2024-06-09,0.0
아데노신,성분,2024-06-16,0.0
아데노신,성분,2024-06-23,0.0
아데노신,성분,2024-06-30,0.0
아데노신,성분,2024-07-07,0.0
아데노신,성분,2024-07-14,0.0
아데노신,성분,2024-07-21,0.0
아데노신,성분,2024-07-28,0.0
아데노신,성분,2024-08-04,0.0
아데노신,성분,2024-08-11,0.0
아데노신,성분,2024-08-18,0.0
아데노신,성분,2024-08-25,0.0
아데노신,성분,2024-09-01,0.0
아데노신,성분,2024-09-08,0.0
아데노신,성분,2024-09-15,0.0
아데노신,성분,2024-09-22,0.0
아데노신,성분,2024-09-29,0.0
아데노신,성분,2024-10-06,0.0
아데노신,성분,2024-10-13,0.0
아데노신,성분,2024-10-20,0.0
아데노신,성분,2024-10-27,0.0
아데노신,성분,2024-11-03,0.0
아데노신,성분,2024-11-10,0.0
아데노신,성분,2024-11-17,0.0
아데노신,성분,2024-11-24,0.0
아데노신,성분,2024-12-01,0.0
아데노신,성분,2024-12-08,0.0
아데노신,성분,2024-12-15,0.0
아데노신,성분,2024-12-22,0.0
아데노신,성분,2024-12-29,0.0
아데노신,성분,2025-01-05,0.0
아데노신,성분,2025-01-12,0.0
아데노신,성분,2025-01-19,0.0
아데노신,성분,2025-01-26,0.0
아데노신,성분,2025-02-02,0.0
아데노신,성분,2025-02-09,0.0
아데노신,성분,2025-02-16,0.0
아데노신,성분,2025-02-23,0.0
아데노신,성분,2025-03-02,0.0
아데노신,성분,2025-03-09,0.0
아데노신,성분,2025-03-16,0.0
아데노신,성분,2025-03-23,0.0
아데노신,성분,2025-03-30,0.0
아데노신,성분,2025-04-06,0.0
아데노신,성분,2025-04-13,0.0
아데노신,성분,2025-04-20,0.0
아데노신,성분,2025-04-27,0.0
아데노신,성분,2025-05-04,0.0
아데노신,성분,2025-05-11,0.0
아데노신,성분,2025-05-18,0.0
아데노신,성분,2025-05-25,0.0
아데노신,성분,2025-06-01,0.0
아데노신,성분,2025-06-08,0.0
아데노신,성분,2025-06-15,0.0
아데노신,성분,2025-06-22,0.0
아데노신,성분,2025-06-29,0.0
아데노신,성분,2025-07-06,0.0
아데노신,성분,2025-07-13,0.0
아데노신,성분,2025-07-20,0.0
아데노신,성분,2025-07-27,0.0
아데노신,성분,2025-08-03,0.0
아데노신,성분,2025-08-10,0.0
아데노신,성분,2025-08-17,0.0
아데노신,성분,2025-08-24,0.0
아데노신,성분,2025-08-31,0.0
아데노신,성분,2025-09-07,0.0
아데노신,성분,2025-09-14,0.0
아데노신,성분,2025-09-21,0.0
아데노신,성분,2025-09-28,0.0
아데노신,성분,2025-10-05,0.0
아데노신,성분,2025-10-12,0.0
아데노신,성분,2025-10-19,0.0
아데노신,성분,2025-10-26,0.0
아데노신,성분,2025-11-02,0.0
아데노신,성분,2025-11-09,0.0
아데노신,성분,2025-11-16,0.0
아데노신,성분,2025-11-23,0.0
아데노신,성분,2025-11-30,0.0
아데노신,성분,2025-12-07,0.0
아데노신,성분,2025-12-14,0.0
아데노신,성분,2025-12-21,0.0
아데노신,성분,2025-12-28,0.0
아데노신,성분,2026-01-04,0.0
아데노신,성분,2026-01-11,0.0
아데노신,성분,2026-01-18,0.0
아데노신,성분,2026-01-25,0.0
아데노신,성분,2026-02-01,0.0
아데노신,성분,2026-02-08,0.0
아데노신,성분,2026-02-15,0.0
아데노신,성분,2026-02-22,0.0
아데노신,성분,2026-03-01,0.0
아데노신,성분,2026-03-08,0.0
아데노신,성분,2026-03-15,0.0
아데노신,성분,2026-03-22,0.0
아데노신,성분,2026-03-29,0.0
아데노신,성분,2026-04-05,0.0
아데노신,성분,2026-04-12,0.0
아데노신,성분,2026-04-19,0.0
아데노신,성분,2026-04-26,0.0
아데노신,성분,2026-05-03,0.0
아데노신,성분,2026-05-10,0.0
아데노신,성분,2026-05-17,0.0
아데노신,성분,2026-05-24,0.0
아데노신,성분,2026-05-31,0.0
아데노신,성분,2026-06-07,0.0
아데노신,성분,2026-06-14,0.0
아데노신,성분,2026-06-21,0.0
아데노신,성분,2026-06-28,0.0
아데노신,성분,2026-07-05,0.0
아데노신,성분,2026-07-12,0.0
아데노신,성분,2026-07-19,0.0
아데노신,성분,2026-07-26,0.0
아데노신,성분,2026-08-02,0.0
아데노신,성분,2026-08-09,0.0
아데노신,성분,2026-08-16,0.0
아데노신,성분,2026-08-23,0.0
아데노신,성분,2026-08-30,0.0
아데노신,성분,2026-09-06,0.0
아데노신,성분,2026-09-13,0.0
아데노신,성분,2026-09-20,0.0
베타글루칸,성분,2015-12-27,0.0
베타글루칸,성분,2016-01-03,0.0
베타글루칸,성분,2016-01-10,0.0
베타글루칸,성분,2016-01-17,0.0
베타글루칸,성분,2016-01-24,0.0
베타글루칸,성분,2016-01-31,100.0
베타글루칸,성분,2016-02-07,0.0
베타글루칸,성분,2016-02-14,0.0
베타글루칸,성분,2016-02-21,0.0
베타글루칸,성분,2016-02-28,0.0
베타글루칸,성분,2016-03-06,0.0
베타글루칸,성분,2016-03-13,0.0
베타글루칸,성분,2016-03-20,0.0
베타글루칸,성분,2016-03-27,0.0
베타글루칸,성분,2016-04-03,0.0
베타글루칸,성분,2016-04-10,0.0
베타글루칸,성분,2016-04-17,0.0
베타글루칸,성분,2016-04-24,0.0
베타글루칸,성분,2016-05-01,0.0
베타글루칸,성분,2016-05-08,0.0
베타글루칸,성분,2016-05-15,0.0
베타글루칸,성분,2016-05-22,0.0
베타글루칸,성분,2016-05-29,0.0
베타글루칸,성분,2016-06-05,0.0
베타글루칸,성분,2016-06-12,0.0
베타글루칸,성분,2016-06-19,0.0
베타글루칸,성분,2016-06-26,0.0
베타글루칸,성분,2016-07-03,0.0
베타글루칸,성분,2016-07-10,0.0
베타글루칸,성분,2016-07-17,0.0
베타글루칸,성분,2016-07-24,0.0
베타글루칸,성분,2016-07-31,0.0
베타글루칸,성분,2016-08-07,0.0
베타글루칸,성분,2016-08-14,0.0
베타글루칸,성분,2016-08-21,0.0
베타글루칸,성분,2016-08-28,0.0
베타글루칸,성분,2016-09-04,0.0
베타글루칸,성분,2016-09-11,0.0
베타글루칸,성분,2016-09-18,0.0
베타글루칸,성분,2016-09-25,0.0
베타글루칸,성분,2016-10-02,0.0
베타글루칸,성분,2016-10-09,0.0
베타글루칸,성분,2016-10-16,0.0
베타글루칸,성분,2016-10-23,0.0
베타글루칸,성분,2016-10-30,0.0
베타글루칸,성분,2016-11-06,0.0
베타글루칸,성분,2016-11-13,0.0
베타글루칸,성분,2016-11-20,0.0
베타글루칸,성분,2016-11-27,0.0
베타글루칸,성분,2016-12-04,0.0
베타글루칸,성분,2016-12-11,0.0
베타글루칸,성분,2016-12-18,0.0
베타글루칸,성분,2016-12-25,0.0
베타글루칸,성분,2017-01-01,0.0
베타글루칸,성분,2017-01-08,0.0
베타글루칸,성분,2017-01-15,0.0
베타글루칸,성분,2017-01-22,0.0
베타글루칸,성분,2017-01-29,0.0
베타글루칸,성분,2017-02-05,0.0
베타글루칸,성분,2017-02-12,0.0
베타글루칸,성분,2017-02-19,0.0
베타글루칸,성분,2017-02-26,0.0
베타글루칸,성분,2017-03-05,0.0
베타글루칸,성분,2017-03-12,0.0
베타글루칸,성분,2017-03-19,0.0
베타글루칸,성분,2017-03-26,0.0
베타글루칸,성분,2017-04-02,0.0
베타글루칸,성분,2017-04-09,0.0
베타글루칸,성분,2017-04-16,0.0
베타글루칸,성분,2017-04-23,0.0
베타글루칸,성분,2017-04-30,0.0
베타글루칸,성분,2017-05-07,0.0
베타글루칸,성분,2017-05-14,0.0
베타글루칸,성분,2017-05-21,0.0
베타글루칸,성분,2017-05-28,0.0
베타글루칸,성분,2017-06-04,0.0
베타글루칸,성분,2017-06-11,0.0
베타글루칸,성분,2017-06-18,0.0
베타글루칸,성분,2017-06-25,0.0
베타글루칸,성분,2017-07-02,0.0
베타글루칸,성분,2017-07-09,0.0
베타글루칸,성분,2017-07-16,0.0
베타글루칸,성분,2017-07-23,0.0
베타글루칸,성분,2017-07-30,0.0
베타글루칸,성분,2017-08-06,0.0
베타글루칸,성분,2017-08-13,0.0
베타글루칸,성분,2017-08-20,0.0
베타글루칸,성분,2017-08-27,0.0
베타글루칸,성분,2017-09-03,0.0
베타글루칸,성분,2017-09-10,0.0
베타글루칸,성분,2017-09-17,0.0
베타글루칸,성분,2017-09-24,0.0
베타글루칸,성분,2017-10-01,0.0
베타글루칸,성분,2017-10-08,0.0
베타글루칸,성분,2017-10-15,0.0
베타글루칸,성분,2017-10-22,0.0
베타글루칸,성분,2017-10-29,0.0
베타글루칸,성분,2017-11-05,0.0
베타글루칸,성분,2017-11-12,0.0
베타글루칸,성분,2017-11-19,0.0
베타글루칸,성분,2017-11-26,0.0
베타글루칸,성분,2017-12-03,0.0
베타글루칸,성분,2017-12-10,0.0
베타글루칸,성분,2017-12-17,0.0
베타글루칸,성분,2017-12-24,0.0
베타글루칸,성분,2017-12-31,0.0
베타글루칸,성분,2018-01-07,0.0
베타글루칸,성분,2018-01-14,0.0
베타글루칸,성분,2018-01-21,0.0
베타글루칸,성분,2018-01-28,0.0
베타글루칸,성분,2018-02-04,0.0
베타글루칸,성분,2018-02-11,0.0
베타글루칸,성분,2018-02-18,0.0
베타글루칸,성분,2018-02-25,0.0
베타글루칸,성분,2018-03-04,0.0
베타글루칸,성분,2018-03-11,0.0
베타글루칸,성분,2018-03-18,0.0
베타글루칸,성분,2018-03-25,0.0
베타글루칸,성분,2018-04-01,0.0
베타글루칸,성분,2018-04-08,0.0
베타글루칸,성분,2018-04-15,0.0
베타글루칸,성분,2018-04-22,0.0
베타글루칸,성분,2018-04-29,0.0
베타글루칸,성분,2018-05-06,0.0
베타글루칸,성분,2018-05-13,0.0
베타글루칸,성분,2018-05-20,0.0
베타글루칸,성분,2018-05-27,0.0
베타글루칸,성분,2018-06-03,0.0
베타글루칸,성분,2018-06-10,0.0
베타글루칸,성분,2018-06-17,0.0
베타글루칸,성분,2018-06-24,0.0
베타글루칸,성분,2018-07-01,0.0
베타글루칸,성분,2018-07-08,0.0
베타글루칸,성분,2018-07-15,0.0
베타글루칸,성분,2018-07-22,0.0
베타글루칸,성분,2018-07-29,0.0
베타글루칸,성분,2018-08-05,0.0
베타글루칸,성분,2018-08-12,0.0
베타글루칸,성분,2018-08-19,0.0
베타글루칸,성분,2018-08-26,0.0
베타글루칸,성분,2018-09-02,0.0
베타글루칸,성분,2018-09-09,0.0
베타글루칸,성분,2018-09-16,0.0
베타글루칸,성분,2018-09-23,0.0
베타글루칸,성분,2018-09-30,0.0
베타글루칸,성분,2018-10-07,0.0
베타글루칸,성분,2018-10-14,0.0
베타글루칸,성분,2018-10-21,0.0
베타글루칸,성분,2018-10-28,0.0
베타글루칸,성분,2018-11-04,0.0
베타글루칸,성분,2018-11-11,0.0
베타글루칸,성분,2018-11-18,0.0
베타글루칸,성분,2018-11-25,0.0
베타글루칸,성분,2018-12-02,0.0
베타글루칸,성분,2018-12-09,0.0
베타글루칸,성분,2018-12-16,0.0
베타글루칸,성분,2018-12-23,0.0
베타글루칸,성분,2018-12-30,0.0
베타글루칸,성분,2019-01-06,0.0
베타글루칸,성분,2019-01-13,0.0
베타글루칸,성분,2019-01-20,0.0
베타글루칸,성분,2019-01-27,0.0
베타글루칸,성분,2019-02-03,0.0
베타글루칸,성분,2019-02-10,0.0
베타글루칸,성분,2019-02-17,0.0
베타글루칸,성분,2019-02-24,0.0
베타글루칸,성분,2019-03-03,0.0
베타글루칸,성분,2019-03-10,0.0
베타글루칸,성분,2019-03-17,0.0
베타글루칸,성분,2019-03-24,0.0
베타글루칸,성분,2019-03-31,0.0
베타글루칸,성분,2019-04-07,0.0
베타글루칸,성분,2019-04-14,0.0
베타글루칸,성분,2019-04-21,0.0
베타글루칸,성분,2019-04-28,0.0
베타글루칸,성분,2019-05-05,0.0
베타글루칸,성분,2019-05-12,0.0
베타글루칸,성분,2019-05-19,0.0
베타글루칸,성분,2019-05-26,0.0
베타글루칸,성분,2019-06-02,0.0
베타글루칸,성분,2019-06-09,0.0
베타글루칸,성분,2019-06-16,0.0
베타글루칸,성분,2019-06-23,0.0
베타글루칸,성분,2019-06-30,0.0
베타글루칸,성분,2019-07-07,0.0
베타글루칸,성분,2019-07-14,0.0
베타글루칸,성분,2019-07-21,0.0
베타글루칸,성분,2019-07-28,0.0
베타글루칸,성분,2019-08-04,0.0
베타글루칸,성분,2019-08-11,0.0
베타글루칸,성분,2019-08-18,0.0
베타글루칸,성분,2019-08-25,0.0
베타글루칸,성분,2019-09-01,0.0
베타글루칸,성분,2019-09-08,0.0
베타글루칸,성분,2019-09-15,0.0
베타글루칸,성분,2019-09-22,0.0
베타글루칸,성분,2019-09-29,0.0
베타글루칸,성분,2019-10-06,0.0
베타글루칸,성분,2019-10-13,0.0
베타글루칸,성분,2019-10-20,0.0
베타글루칸,성분,2019-10-27,0.0
베타글루칸,성분,2019-11-03,0.0
베타글루칸,성분,2019-11-10,0.0
베타글루칸,성분,2019-11-17,0.0
베타글루칸,성분,2019-11-24,0.0
베타글루칸,성분,2019-12-01,0.0
베타글루칸,성분,2019-12-08,0.0
베타글루칸,성분,2019-12-15,95.0
베타글루칸,성분,2019-12-22,0.0
베타글루칸,성분,2019-12-29,0.0
베타글루칸,성분,2020-01-05,0.0
베타글루칸,성분,2020-01-12,0.0
베타글루칸,성분,2020-01-19,0.0
베타글루칸,성분,2020-01-26,0.0
베타글루칸,성분,2020-02-02,0.0
베타글루칸,성분,2020-02-09,0.0
베타글루칸,성분,2020-02-16,0.0
베타글루칸,성분,2020-02-23,0.0
베타글루칸,성분,2020-03-01,0.0
베타글루칸,성분,2020-03-08,0.0
베타글루칸,성분,2020-03-15,0.0
베타글루칸,성분,2020-03-22,0.0
베타글루칸,성분,2020-03-29,0.0
베타글루칸,성분,2020-04-05,0.0
베타글루칸,성분,2020-04-12,0.0
베타글루칸,성분,2020-04-19,0.0
베타글루칸,성분,2020-04-26,0.0
베타글루칸,성분,2020-05-03,0.0
베타글루칸,성분,2020-05-10,0.0
베타글루칸,성분,2020-05-17,0.0
베타글루칸,성분,2020-05-24,0.0
베타글루칸,성분,2020-05-31,0.0
베타글루칸,성분,2020-06-07,0.0
베타글루칸,성분,2020-06-14,0.0
베타글루칸,성분,2020-06-21,0.0
베타글루칸,성분,2020-06-28,0.0
베타글루칸,성분,2020-07-05,0.0
베타글루칸,성분,2020-07-12,0.0
베타글루칸,성분,2020-07-19,0.0
베타글루칸,성분,2020-07-26,0.0
베타글루칸,성분,2020-08-02,0.0
베타글루칸,성분,2020-08-09,0.0
베타글루칸,성분,2020-08-16,0.0
베타글루칸,성분,2020-08-23,0.0
베타글루칸,성분,2020-08-30,0.0
베타글루칸,성분,2020-09-06,0.0
베타글루칸,성분,2020-09-13,0.0
베타글루칸,성분,2020-09-20,0.0
베타글루칸,성분,2020-09-27,0.0
베타글루칸,성분,2020-10-04,0.0
베타글루칸,성분,2020-10-11,0.0
베타글루칸,성분,2020-10-18,0.0
베타글루칸,성분,2020-10-25,0.0
베타글루칸,성분,2020-11-01,0.0
베타글루칸,성분,2020-11-08,0.0
베타글루칸,성분,2020-11-15,0.0
베타글루칸,성분,2020-11-22,0.0
베타글루칸,성분,2020-11-29,0.0
베타글루칸,성분,2020-12-06,0.0
베타글루칸,성분,2020-12-13,0.0
베타글루칸,성분,2020-12-20,0.0
베타글루칸,성분,2020-12-27,0.0
베타글루칸,성분,2021-01-03,0.0
베타글루칸,성분,2021-01-10,0.0
베타글루칸,성분,2021-01-17,0.0
베타글루칸,성분,2021-01-24,0.0
베타글루칸,성분,2021-01-31,0.0
베타글루칸,성분,2021-02-07,0.0
베타글루칸,성분,2021-02-14,0.0
베타글루칸,성분,2021-02-21,0.0
베타글루칸,성분,2021-02-28,0.0
베타글루칸,성분,2021-03-07,0.0
베타글루칸,성분,2021-03-14,0.0
베타글루칸,성분,2021-03-21,0.0
베타글루칸,성분,2021-03-28,0.0
베타글루칸,성분,2021-04-04,0.0
베타글루칸,성분,2021-04-11,0.0
베타글루칸,성분,2021-04-18,0.0
베타글루칸,성분,2021-04-25,0.0
베타글루칸,성분,2021-05-02,0.0
베타글루칸,성분,2021-05-09,0.0
베타글루칸,성분,2021-05-16,0.0
베타글루칸,성분,2021-05-23,0.0
베타글루칸,성분,2021-05-30,0.0
베타글루칸,성분,2021-06-06,0.0
베타글루칸,성분,2021-06-13,0.0
베타글루칸,성분,2021-06-20,0.0
베타글루칸,성분,2021-06-27,0.0
베타글루칸,성분,2021-07-04,0.0
베타글루칸,성분,2021-07-11,0.0
베타글루칸,성분,2021-07-18,0.0
베타글루칸,성분,2021-07-25,0.0
베타글루칸,성분,2021-08-01,0.0
베타글루칸,성분,2021-08-08,0.0
베타글루칸,성분,2021-08-15,0.0
베타글루칸,성분,2021-08-22,0.0
베타글루칸,성분,2021-08-29,0.0
베타글루칸,성분,2021-09-05,0.0
베타글루칸,성분,2021-09-12,0.0
베타글루칸,성분,2021-09-19,0.0
베타글루칸,성분,2021-09-26,0.0
베타글루칸,성분,2021-10-03,0.0
베타글루칸,성분,2021-10-10,0.0
베타글루칸,성분,2021-10-17,0.0
베타글루칸,성분,2021-10-24,0.0
베타글루칸,성분,2021-10-31,0.0
베타글루칸,성분,2021-11-07,0.0
베타글루칸,성분,2021-11-14,0.0
베타글루칸,성분,2021-11-21,0.0
베타글루칸,성분,2021-11-28,0.0
베타글루칸,성분,2021-12-05,0.0
베타글루칸,성분,2021-12-12,0.0
베타글루칸,성분,2021-12-19,0.0
베타글루칸,성분,2021-12-26,0.0
베타글루칸,성분,2022-01-02,0.0
베타글루칸,성분,2022-01-09,0.0
베타글루칸,성분,2022-01-16,0.0
베타글루칸,성분,2022-01-23,0.0
베타글루칸,성분,2022-01-30,0.0
베타글루칸,성분,2022-02-06,0.0
베타글루칸,성분,2022-02-13,0.0
베타글루칸,성분,2022-02-20,0.0
베타글루칸,성분,2022-02-27,0.0
베타글루칸,성분,2022-03-06,0.0
베타글루칸,성분,2022-03-13,0.0
베타글루칸,성분,2022-03-20,0.0
베타글루칸,성분,2022-03-27,0.0
베타글루칸,성분,2022-04-03,0.0
베타글루칸,성분,2022-04-10,0.0
베타글루칸,성분,2022-04-17,0.0
베타글루칸,성분,2022-04-24,0.0
베타글루칸,성분,2022-05-01,0.0
베타글루칸,성분,2022-05-08,0.0
베타글루칸,성분,2022-05-15,0.0
베타글루칸,성분,2022-05-22,0.0
베타글루칸,성분,2022-05-29,0.0
베타글루칸,성분,2022-06-05,0.0
베타글루칸,성분,2022-06-12,0.0
베타글루칸,성분,2022-06-19,0.0
베타글루칸,성분,2022-06-26,0.0
베타글루칸,성분,2022-07-03,0.0
베타글루칸,성분,2022-07-10,0.0
베타글루칸,성분,2022-07-17,0.0
베타글루칸,성분,2022-07-24,0.0
베타글루칸,성분,2022-07-31,0.0
베타글루칸,성분,2022-08-07,0.0
베타글루칸,성분,2022-08-14,0.0
베타글루칸,성분,2022-08-21,0.0
베타글루칸,성분,2022-08-28,0.0
베타글루칸,성분,2022-09-04,0.0
베타글루칸,성분,2022-09-11,0.0
베타글루칸,성분,2022-09-18,0.0
베타글루칸,성분,2022-09-25,0.0
베타글루칸,성분,2022-10-02,0.0
베타글루칸,성분,2022-10-09,0.0
베타글루칸,성분,2022-10-16,0.0
베타글루칸,성분,2022-10-23,0.0
베타글루칸,성분,2022-10-30,0.0
베타글루칸,성분,2022-11-06,0.0
베타글루칸,성분,2022-11-13,0.0
베타글루칸,성분,2022-11-20,0.0
베타글루칸,성분,2022-11-27,0.0
베타글루칸,성분,2022-12-04,0.0
베타글루칸,성분,2022-12-11,0.0
베타글루칸,성분,2022-12-18,0.0
베타글루칸,성분,2022-12-25,0.0
베타글루칸,성분,2023-01-01,0.0
베타글루칸,성분,2023-01-08,0.0
베타글루칸,성분,2023-01-15,0.0
베타글루칸,성분,2023-01-22,0.0
베타글루칸,성분,2023-01-29,0.0
베타글루칸,성분,2023-02-05,0.0
베타글루칸,성분,2023-02-12,0.0
베타글루칸,성분,2023-02-19,0.0
베타글루칸,성분,2023-02-26,0.0
베타글루칸,성분,2023-03-05,0.0
베타글루칸,성분,2023-03-12,0.0
베타글루칸,성분,2023-03-19,0.0
베타글루칸,성분,2023-03-26,0.0
베타글루칸,성분,2023-04-02,0.0
베타글루칸,성분,2023-04-09,0.0
베타글루칸,성분,2023-04-16,0.0
베타글루칸,성분,2023-04-23,0.0
베타글루칸,성분,2023-04-30,0.0
베타글루칸,성분,2023-05-07,0.0
베타글루칸,성분,2023-05-14,0.0
베타글루칸,성분,2023-05-21,0.0
베타글루칸,성분,2023-05-28,0.0
베타글루칸,성분,2023-06-04,0.0
베타글루칸,성분,2023-06-11,0.0
베타글루칸,성분,2023-06-18,0.0
베타글루칸,성분,2023-06-25,0.0
베타글루칸,성분,2023-07-02,0.0
베타글루칸,성분,2023-07-09,0.0
베타글루칸,성분,2023-07-16,0.0
베타글루칸,성분,2023-07-23,0.0
베타글루칸,성분,2023-07-30,0.0
베타글루칸,성분,2023-08-06,0.0
베타글루칸,성분,2023-08-13,0.0
베타글루칸,성분,2023-08-20,0.0
베타글루칸,성분,2023-08-27,0.0
베타글루칸,성분,2023-09-03,0.0
베타글루칸,성분,2023-09-10,0.0
베타글루칸,성분,2023-09-17,0.0
베타글루칸,성분,2023-09-24,0.0
베타글루칸,성분,2023-10-01,0.0
베타글루칸,성분,2023-10-08,0.0
베타글루칸,성분,2023-10-15,0.0
베타글루칸,성분,2023-10-22,0.0
베타글루칸,성분,2023-10-29,0.0
베타글루칸,성분,2023-11-05,0.0
베타글루칸,성분,2023-11-12,0.0
베타글루칸,성분,2023-11-19,0.0
베타글루칸,성분,2023-11-26,0.0
베타글루칸,성분,2023-12-03,0.0
베타글루칸,성분,2023-12-10,0.0
베타글루칸,성분,2023-12-17,0.0
베타글루칸,성분,2023-12-24,0.0
베타글루칸,성분,2023-12-31,0.0
베타글루칸,성분,2024-01-07,0.0
베타글루칸,성분,2024-01-14,0.0
베타글루칸,성분,2024-01-21,0.0
베타글루칸,성분,2024-01-28,0.0
베타글루칸,성분,2024-02-04,0.0
베타글루칸,성분,2024-02-11,0.0
베타글루칸,성분,2024-02-18,0.0
베타글루칸,성분,2024-02-25,0.0
베타글루칸,성분,2024-03-03,0.0
베타글루칸,성분,2024-03-10,0.0
베타글루칸,성분,2024-03-17,0.0
베타글루칸,성분,2024-03-24,0.0
베타글루칸,성분,2024-03-31,0.0
베타글루칸,성분,2024-04-07,0.0
베타글루칸,성분,2024-04-14,0.0
베타글루칸,성분,2024-04-21,0.0
베타글루칸,성분,2024-04-28,0.0
베타글루칸,성분,2024-05-05,0.0
베타글루칸,성분,2024-05-12,0.0
베타글루칸,성분,2024-05-19,0.0
베타글루칸,성분,2024-05-26,0.0
베타글루칸,성분,2024-06-02,0.0
베타글루칸,성분,2024-06-09,0.0
베타글루칸,성분,2024-06-16,0.0
베타글루칸,성분,2024-06-23,0.0
베타글루칸,성분,2024-06-30,0.0
베타글루칸,성분,2024-07-07,0.0
베타글루칸,성분,2024-07-14,0.0
베타글루칸,성분,2024-07-21,0.0
베타글루칸,성분,2024-07-28,0.0
베타글루칸,성분,2024-08-04,0.0
베타글루칸,성분,2024-08-11,0.0
베타글루칸,성분,2024-08-18,0.0
베타글루칸,성분,2024-08-25,0.0
베타글루칸,성분,2024-09-01,0.0
베타글루칸,성분,2024-09-08,0.0
베타글루칸,성분,2024-09-15,0.0
베타글루칸,성분,2024-09-22,0.0
베타글루칸,성분,2024-09-29,0.0
베타글루칸,성분,2024-10-06,0.0
베타글루칸,성분,2024-10-13,0.0
베타글루칸,성분,2024-10-20,0.0
베타글루칸,성분,2024-10-27,0.0
베타글루칸,성분,2024-11-03,0.0
베타글루칸,성분,2024-11-10,0.0
베타글루칸,성분,2024-11-17,0.0
베타글루칸,성분,2024-11-24,0.0
베타글루칸,성분,2024-12-01,0.0
베타글루칸,성분,2024-12-08,0.0
베타글루칸,성분,2024-12-15,0.0
베타글루칸,성분,2024-12-22,0.0
베타글루칸,성분,2024-12-29,0.0
베타글루칸,성분,2025-01-05,0.0
베타글루칸,성분,2025-01-12,0.0
베타글루칸,성분,2025-01-19,0.0
베타글루칸,성분,2025-01-26,0.0
베타글루칸,성분,2025-02-02,0.0
베타글루칸,성분,2025-02-09,0.0
베타글루칸,성분,2025-02-16,0.0
베타글루칸,성분,2025-02-23,0.0
베타글루칸,성분,2025-03-02,0.0
베타글루칸,성분,2025-03-09,0.0
베타글루칸,성분,2025-03-16,0.0
베타글루칸,성분,2025-03-23,0.0
베타글루칸,성분,2025-03-30,0.0
베타글루칸,성분,2025-04-06,0.0
베타글루칸,성분,2025-04-13,0.0
베타글루칸,성분,2025-04-20,0.0
베타글루칸,성분,2025-04-27,0.0
베타글루칸,성분,2025-05-04,0.0
베타글루칸,성분,2025-05-11,0.0
베타글루칸,성분,2025-05-18,0.0
베타글루칸,성분,2025-05-25,0.0
베타글루칸,성분,2025-06-01,0.0
베타글루칸,성분,2025-06-08,0.0
베타글루칸,성분,2025-06-15,0.0
베타글루칸,성분,2025-06-22,0.0
베타글루칸,성분,2025-06-29,0.0
베타글루칸,성분,2025-07-06,0.0
베타글루칸,성분,2025-07-13,0.0
베타글루칸,성분,2025-07-20,0.0
베타글루칸,성분,2025-07-27,0.0
베타글루칸,성분,2025-08-03,0.0
베타글루칸,성분,2025-08-10,0.0
베타글루칸,성분,2025-08-17,0.0
베타글루칸,성분,2025-08-24,0.0
베타글루칸,성분,2025-08-31,0.0
베타글루칸,성분,2025-09-07,0.0
베타글루칸,성분,2025-09-14,0.0
베타글루칸,성분,2025-09-21,0.0
베타글루칸,성분,2025-09-28,0.0
베타글루칸,성분,2025-10-05,0.0
베타글루칸,성분,2025-10-12,0.0
베타글루칸,성분,2025-10-19,0.0
베타글루칸,성분,2025-10-26,0.0
베타글루칸,성분,2025-11-02,0.0
베타글루칸,성분,2025-11-09,0.0
베타글루칸,성분,2025-11-16,0.0
베타글루칸,성분,2025-11-23,0.0
베타글루칸,성분,2025-11-30,0.0
베타글루칸,성분,2025-12-07,0.0
베타글루칸,성분,2025-12-14,0.0
베타글루칸,성분,2025-12-21,0.0
베타글루칸,성분,2025-12-28,0.0
베타글루칸,성분,2026-01-04,0.0
베타글루칸,성분,2026-01-11,0.0
베타글루칸,성분,2026-01-18,0.0
베타글루칸,성분,2026-01-25,0.0
베타글루칸,성분,2026-02-01,0.0
베타글루칸,성분,2026-02-08,0.0
베타글루칸,성분,2026-02-15,0.0
베타글루칸,성분,2026-02-22,0.0
베타글루칸,성분,2026-03-01,0.0
베타글루칸,성분,2026-03-08,0.0
베타글루칸,성분,2026-03-15,0.0
베타글루칸,성분,2026-03-22,0.0
베타글루칸,성분,2026-03-29,0.0
베타글루칸,성분,2026-04-05,0.0
베타글루칸,성분,2026-04-12,0.0
베타글루칸,성분,2026-04-19,0.0
베타글루칸,성분,2026-04-26,0.0
베타글루칸,성분,2026-05-03,0.0
베타글루칸,성분,2026-05-10,0.0
베타글루칸,성분,2026-05-17,0.0
베타글루칸,성분,2026-05-24,0.0
베타글루칸,성분,2026-05-31,0.0
베타글루칸,성분,2026-06-07,0.0
베타글루칸,성분,2026-06-14,0.0
베타글루칸,성분,2026-06-21,0.0
베타글루칸,성분,2026-06-28,0.0
베타글루칸,성분,2026-07-05,0.0
베타글루칸,성분,2026-07-12,0.0
베타글루칸,성분,2026-07-19,0.0
베타글루칸,성분,2026-07-26,0.0
베타글루칸,성분,2026-08-02,0.0
베타글루칸,성분,2026-08-09,0.0
베타글루칸,성분,2026-08-16,0.0
베타글루칸,성분,2026-08-23,0.0
베타글루칸,성분,2026-08-30,0.0
베타글루칸,성분,2026-09-06,0.0
베타글루칸,성분,2026-09-13,0.0
베타글루칸,성분,2026-09-20,0.0
트레할로스,성분,2015-12-27,0.0
트레할로스,성분,2016-01-03,5.0
트레할로스,성분,2016-01-10,7.0
트레할로스,성분,2016-01-17,5.0
트레할로스,성분,2016-01-24,4.0
트레할로스,성분,2016-01-31,4.0
트레할로스,성분,2016-02-07,5.0
트레할로스,성분,2016-02-14,7.0
트레할로스,성분,2016-02-21,16.0
트레할로스,성분,2016-02-28,11.0
트레할로스,성분,2016-03-06,6.0
트레할로스,성분,2016-03-13,8.0
트레할로스,성분,2016-03-20,6.0
트레할로스,성분,2016-03-27,6.0
트레할로스,성분,2016-04-03,6.0
트레할로스,성분,2016-04-10,7.0
트레할로스,성분,2016-04-17,7.0
트레할로스,성분,2016-04-24,7.0
트레할로스,성분,2016-05-01,8.0
트레할로스,성분,2016-05-08,5.0
트레할로스,성분,2016-05-15,7.0
트레할로스,성분,2016-05-22,0.0
트레할로스,성분,2016-05-29,4.0
트레할로스,성분,2016-06-05,8.0
트레할로스,성분,2016-06-12,9.0
트레할로스,성분,2016-06-19,5.0
트레할로스,성분,2016-06-26,6.0
트레할로스,성분,2016-07-03,5.0
트레할로스,성분,2016-07-10,6.0
트레할로스,성분,2016-07-17,4.0
트레할로스,성분,2016-07-24,8.0
트레할로스,성분,2016-07-31,4.0
트레할로스,성분,2016-08-07,6.0
트레할로스,성분,2016-08-14,5.0
트레할로스,성분,2016-08-21,9.0
트레할로스,성분,2016-08-28,6.0
트레할로스,성분,2016-09-04,5.0
트레할로스,성분,2016-09-11,4.0
트레할로스,성분,2016-09-18,6.0
트레할로스,성분,2016-09-25,10.0
트레할로스,성분,2016-10-02,4.0
트레할로스,성분,2016-10-09,8.0
트레할로스,성분,2016-10-16,7.0
트레할로스,성분,2016-10-23,12.0
트레할로스,성분,2016-10-30,8.0
트레할로스,성분,2016-11-06,7.0
트레할로스,성분,2016-11-13,5.0
트레할로스,성분,2016-11-20,5.0
트레할로스,성분,2016-11-27,7.0
트레할로스,성분,2016-12-04,7.0
트레할로스,성분,2016-12-11,6.0
트레할로스,성분,2016-12-18,5.0
트레할로스,성분,2016-12-25,0.0
트레할로스,성분,2017-01-01,0.0
트레할로스,성분,2017-01-08,5.0
트레할로스,성분,2017-01-15,3.0
트레할로스,성분,2017-01-22,5.0
트레할로스,성분,2017-01-29,4.0
트레할로스,성분,2017-02-05,6.0
트레할로스,성분,2017-02-12,6.0
트레할로스,성분,2017-02-19,4.0
트레할로스,성분,2017-02-26,7.0
트레할로스,성분,2017-03-05,6.0
트레할로스,성분,2017-03-12,9.0
트레할로스,성분,2017-03-19,8.0
트레할로스,성분,2017-03-26,7.0
트레할로스,성분,2017-04-02,9.0
트레할로스,성분,2017-04-09,7.0
트레할로스,성분,2017-04-16,7.0
트레할로스,성분,2017-04-23,7.0
트레할로스,성분,2017-04-30,7.0
트레할로스,성분,2017-05-07,5.0
트레할로스,성분,2017-05-14,5.0
트레할로스,성분,2017-05-21,6.0
트레할로스,성분,2017-05-28,6.0
트레할로스,성분,2017-06-04,8.0
트레할로스,성분,2017-06-11,8.0
트레할로스,성분,2017-06-18,5.0
트레할로스,성분,2017-06-25,7.0
트레할로스,성분,2017-07-02,4.0
트레할로스,성분,2017-07-09,6.0
트레할로스,성분,2017-07-16,5.0
트레할로스,성분,2017-07-23,6.0
트레할로스,성분,2017-07-30,5.0
트레할로스,성분,2017-08-06,4.0
트레할로스,성분,2017-08-13,5.0
트레할로스,성분,2017-08-20,4.0
트레할로스,성분,2017-08-27,4.0
트레할로스,성분,2017-09-03,4.0
트레할로스,성분,2017-09-10,5.0
트레할로스,성분,2017-09-17,7.0
트레할로스,성분,2017-09-24,3.0
트레할로스,성분,2017-10-01,6.0
트레할로스,성분,2017-10-08,7.0
트레할로스,성분,2017-10-15,5.0
트레할로스,성분,2017-10-22,9.0
트레할로스,성분,2017-10-29,7.0
트레할로스,성분,2017-11-05,10.0
트레할로스,성분,2017-11-12,7.0
트레할로스,성분,2017-11-19,5.0
트레할로스,성분,2017-11-26,5.0
트레할로스,성분,2017-12-03,8.0
트레할로스,성분,2017-12-10,6.0
트레할로스,성분,2017-12-17,5.0
트레할로스,성분,2017-12-24,0.0
트레할로스,성분,2017-12-31,100.0
트레할로스,성분,2018-01-07,44.0
트레할로스,성분,2018-01-14,19.0
트레할로스,성분,2018-01-21,7.0
트레할로스,성분,2018-01-28,11.0
트레할로스,성분,2018-02-04,7.0
트레할로스,성분,2018-02-11,10.0
트레할로스,성분,2018-02-18,34.0
트레할로스,성분,2018-02-25,10.0
트레할로스,성분,2018-03-04,7.0
트레할로스,성분,2018-03-11,6.0
트레할로스,성분,2018-03-18,12.0
트레할로스,성분,2018-03-25,11.0
트레할로스,성분,2018-04-01,16.0
트레할로스,성분,2018-04-08,20.0
트레할로스,성분,2018-04-15,10.0
트레할로스,성분,2018-04-22,9.0
트레할로스,성분,2018-04-29,8.0
트레할로스,성분,2018-05-06,7.0
트레할로스,성분,2018-05-13,8.0
트레할로스,성분,2018-05-20,4.0
트레할로스,성분,2018-05-27,7.0
트레할로스,성분,2018-06-03,6.0
트레할로스,성분,2018-06-10,6.0
트레할로스,성분,2018-06-17,9.0
트레할로스,성분,2018-06-24,8.0
트레할로스,성분,2018-07-01,4.0
트레할로스,성분,2018-07-08,5.0
트레할로스,성분,2018-07-15,4.0
트레할로스,성분,2018-07-22,7.0
트레할로스,성분,2018-07-29,5.0
트레할로스,성분,2018-08-05,6.0
트레할로스,성분,2018-08-12,6.0
트레할로스,성분,2018-08-19,8.0
트레할로스,성분,2018-08-26,14.0
트레할로스,성분,2018-09-02,4.0
트레할로스,성분,2018-09-09,5.0
트레할로스,성분,2018-09-16,7.0
트레할로스,성분,2018-09-23,7.0
트레할로스,성분,2018-09-30,6.0
트레할로스,성분,2018-10-07,8.0
트레할로스,성분,2018-10-14,8.0
트레할로스,성분,2018-10-21,11.0
트레할로스,성분,2018-10-28,7.0
트레할로스,성분,2018-11-04,7.0
트레할로스,성분,2018-11-11,9.0
트레할로스,성분,2018-11-18,5.0
트레할로스,성분,2018-11-25,24.0
트레할로스,성분,2018-12-02,10.0
트레할로스,성분,2018-12-09,7.0
트레할로스,성분,2018-12-16,6.0
트레할로스,성분,2018-12-23,4.0
트레할로스,성분,2018-12-30,6.0
트레할로스,성분,2019-01-06,8.0
트레할로스,성분,2019-01-13,6.0
트레할로스,성분,2019-01-20,7.0
트레할로스,성분,2019-01-27,7.0
트레할로스,성분,2019-02-03,10.0
트레할로스,성분,2019-02-10,8.0
트레할로스,성분,2019-02-17,6.0
트레할로스,성분,2019-02-24,9.0
트레할로스,성분,2019-03-03,7.0
트레할로스,성분,2019-03-10,7.0
트레할로스,성분,2019-03-17,6.0
트레할로스,성분,2019-03-24,6.0
트레할로스,성분,2019-03-31,7.0
트레할로스,성분,2019-04-07,8.0
트레할로스,성분,2019-04-14,7.0
트레할로스,성분,2019-04-21,7.0
트레할로스,성분,2019-04-28,8.0
트레할로스,성분,2019-05-05,7.0
트레할로스,성분,2019-05-12,7.0
트레할로스,성분,2019-05-19,6.0
트레할로스,성분,2019-05-26,8.0
트레할로스,성분,2019-06-02,7.0
트레할로스,성분,2019-06-09,8.0
트레할로스,성분,2019-06-16,7.0
트레할로스,성분,2019-06-23,8.0
트레할로스,성분,2019-06-30,4.2401960784
트레할로스,성분,2019-07-07,4.8055555556
트레할로스,성분,2019-07-14,9.8937908497
트레할로스,성분,2019-07-21,7.6323529412
트레할로스,성분,2019-07-28,5.9362745098
트레할로스,성분,2019-08-04,7.6323529412
트레할로스,성분,2019-08-11,7.3496732026
트레할로스,성분,2019-08-18,4.2401960784
트레할로스,성분,2019-08-25,5.6535947712
트레할로스,성분,2019-09-01,7.9150326797
트레할로스,성분,2019-09-08,8.4803921569
트레할로스,성분,2019-09-15,6.2189542484
트레할로스,성분,2019-09-22,7.0669934641
트레할로스,성분,2019-09-29,6.2189542484
트레할로스,성분,2019-10-06,9.045751634
트레할로스,성분,2019-10-13,6.2189542484
트레할로스,성분,2019-10-20,8.1977124183
트레할로스,성분,2019-10-27,6.2189542484
트레할로스,성분,2019-11-03,10.7418300654
트레할로스,성분,2019-11-10,5.0882352941
트레할로스,성분,2019-11-17,7.6323529412
트레할로스,성분,2019-11-24,5.3709150327
트레할로스,성분,2019-12-01,7.6323529412
트레할로스,성분,2019-12-08,4.522875817
트레할로스,성분,2019-12-15,4.2401960784
트레할로스,성분,2019-12-22,0.0
트레할로스,성분,2019-12-29,4.8055555556
트레할로스,성분,2020-01-05,3.6748366013
트레할로스,성분,2020-01-12,7.3496732026
트레할로스,성분,2020-01-19,5.0882352941
트레할로스,성분,2020-01-26,3.9575163399
트레할로스,성분,2020-02-02,5.6535947712
트레할로스,성분,2020-02-09,6.2189542484
트레할로스,성분,2020-02-16,6.7843137255
트레할로스,성분,2020-02-23,7.3496732026
트레할로스,성분,2020-03-01,6.2189542484
트레할로스,성분,2020-03-08,6.5016339869
트레할로스,성분,2020-03-15,3.3921568627
트레할로스,성분,2020-03-22,5.3709150327
트레할로스,성분,2020-03-29,3.9575163399
트레할로스,성분,2020-04-05,5.6535947712
트레할로스,성분,2020-04-12,4.2401960784
트레할로스,성분,2020-04-19,7.0669934641
트레할로스,성분,2020-04-26,6.7843137255
트레할로스,성분,2020-05-03,9.6111111111
트레할로스,성분,2020-05-10,7.6323529412
트레할로스,성분,2020-05-17,4.8055555556
트레할로스,성분,2020-05-24,6.5016339869
트레할로스,성분,2020-05-31,5.3709150327
트레할로스,성분,2020-06-07,5.9362745098
트레할로스,성분,2020-06-14,8.7630718954
트레할로스,성분,2020-06-21,4.2401960784
트레할로스,성분,2020-06-28,4.522875817
트레할로스,성분,2020-07-05,5.3709150327
트레할로스,성분,2020-07-12,3.9575163399
트레할로스,성분,2020-07-19,5.0882352941
트레할로스,성분,2020-07-26,5.0882352941
트레할로스,성분,2020-08-02,6.2189542484
트레할로스,성분,2020-08-09,5.0882352941
트레할로스,성분,2020-08-16,4.522875817
트레할로스,성분,2020-08-23,3.1094771242
트레할로스,성분,2020-08-30,5.6535947712
트레할로스,성분,2020-09-06,4.8055555556
트레할로스,성분,2020-09-13,7.0669934641
트레할로스,성분,2020-09-20,6.7843137255
트레할로스,성분,2020-09-27,6.7843137255
트레할로스,성분,2020-10-04,9.6111111111
트레할로스,성분,2020-10-11,6.2189542484
트레할로스,성분,2020-10-18,8.7630718954
트레할로스,성분,2020-10-25,5.3709150327
트레할로스,성분,2020-11-01,3.9575163399
트레할로스,성분,2020-11-08,5.3709150327
트레할로스,성분,2020-11-15,5.6535947712
트레할로스,성분,2020-11-22,4.8055555556
트레할로스,성분,2020-11-29,5.6535947712
트레할로스,성분,2020-12-06,5.3709150327
트레할로스,성분,2020-12-13,6.2189542484
트레할로스,성분,2020-12-20,4.2401960784
트레할로스,성분,2020-12-27,3.1094771242
트레할로스,성분,2021-01-03,3.9575163399
트레할로스,성분,2021-01-10,5.0882352941
트레할로스,성분,2021-01-17,4.2401960784
트레할로스,성분,2021-01-24,5.9362745098
트레할로스,성분,2021-01-31,5.6535947712
트레할로스,성분,2021-02-07,7.0669934641
트레할로스,성분,2021-02-14,7.3496732026
트레할로스,성분,2021-02-21,7.6323529412
트레할로스,성분,2021-02-28,7.6323529412
트레할로스,성분,2021-03-07,7.0669934641
트레할로스,성분,2021-03-14,9.8937908497
트레할로스,성분,2021-03-21,6.5016339869
트레할로스,성분,2021-03-28,8.7630718954
트레할로스,성분,2021-04-04,8.7630718954
트레할로스,성분,2021-04-11,7.0669934641
트레할로스,성분,2021-04-18,7.3496732026
트레할로스,성분,2021-04-25,6.2189542484
트레할로스,성분,2021-05-02,7.9150326797
트레할로스,성분,2021-05-09,5.3709150327
트레할로스,성분,2021-05-16,5.9362745098
트레할로스,성분,2021-05-23,5.3709150327
트레할로스,성분,2021-05-30,7.9150326797
트레할로스,성분,2021-06-06,4.522875817
트레할로스,성분,2021-06-13,6.5016339869
트레할로스,성분,2021-06-20,5.6535947712
트레할로스,성분,2021-06-27,4.8055555556
트레할로스,성분,2021-07-04,3.9575163399
트레할로스,성분,2021-07-11,5.3709150327
트레할로스,성분,2021-07-18,5.9362745098
트레할로스,성분,2021-07-25,4.8055555556
트레할로스,성분,2021-08-01,7.6323529412
트레할로스,성분,2021-08-08,5.9362745098
트레할로스,성분,2021-08-15,6.2189542484
트레할로스,성분,2021-08-22,6.7843137255
트레할로스,성분,2021-08-29,5.0882352941
트레할로스,성분,2021-09-05,5.3709150327
트레할로스,성분,2021-09-12,4.522875817
트레할로스,성분,2021-09-19,5.3709150327
트레할로스,성분,2021-09-26,6.7843137255
트레할로스,성분,2021-10-03,9.045751634
트레할로스,성분,2021-10-10,5.3709150327
트레할로스,성분,2021-10-17,4.8055555556
트레할로스,성분,2021-10-24,7.0669934641
트레할로스,성분,2021-10-31,9.3284313725
트레할로스,성분,2021-11-07,7.6323529412
트레할로스,성분,2021-11-14,5.6535947712
트레할로스,성분,2021-11-21,3.3921568627
트레할로스,성분,2021-11-28,6.5016339869
트레할로스,성분,2021-12-05,7.3496732026
트레할로스,성분,2021-12-12,5.0882352941
트레할로스,성분,2021-12-19,5.0882352941
트레할로스,성분,2021-12-26,28.2679738562
트레할로스,성분,2022-01-02,6.7843137255
트레할로스,성분,2022-01-09,4.8055555556
트레할로스,성분,2022-01-16,4.8055555556
트레할로스,성분,2022-01-23,6.2189542484
트레할로스,성분,2022-01-30,8.7630718954
트레할로스,성분,2022-02-06,7.9150326797
트레할로스,성분,2022-02-13,8.1977124183
트레할로스,성분,2022-02-20,15.2647058824
트레할로스,성분,2022-02-27,10.1764705882
트레할로스,성분,2022-03-06,9.3284313725
트레할로스,성분,2022-03-13,9.045751634
트레할로스,성분,2022-03-20,7.0669934641
트레할로스,성분,2022-03-27,9.6111111111
트레할로스,성분,2022-04-03,6.7843137255
트레할로스,성분,2022-04-10,10.1764705882
트레할로스,성분,2022-04-17,8.7630718954
트레할로스,성분,2022-04-24,6.2189542484
트레할로스,성분,2022-05-01,9.3284313725
트레할로스,성분,2022-05-08,7.0669934641
트레할로스,성분,2022-05-15,6.2189542484
트레할로스,성분,2022-05-22,7.0669934641
트레할로스,성분,2022-05-29,5.3709150327
트레할로스,성분,2022-06-05,5.3709150327
트레할로스,성분,2022-06-12,9.6111111111
트레할로스,성분,2022-06-19,8.7630718954
트레할로스,성분,2022-06-26,7.9150326797
트레할로스,성분,2022-07-03,6.7843137255
트레할로스,성분,2022-07-10,7.0669934641
트레할로스,성분,2022-07-17,7.6323529412
트레할로스,성분,2022-07-24,7.0669934641
트레할로스,성분,2022-07-31,4.8055555556
트레할로스,성분,2022-08-07,8.4803921569
트레할로스,성분,2022-08-14,9.045751634
트레할로스,성분,2022-08-21,9.045751634
트레할로스,성분,2022-08-28,7.0669934641
트레할로스,성분,2022-09-04,8.4803921569
트레할로스,성분,2022-09-11,9.8937908497
트레할로스,성분,2022-09-18,6.2189542484
트레할로스,성분,2022-09-25,7.3496732026
트레할로스,성분,2022-10-02,6.7843137255
트레할로스,성분,2022-10-09,8.4803921569
트레할로스,성분,2022-10-16,9.8937908497
트레할로스,성분,2022-10-23,7.9150326797
트레할로스,성분,2022-10-30,8.7630718954
트레할로스,성분,2022-11-06,9.3284313725
트레할로스,성분,2022-11-13,6.7843137255
트레할로스,성분,2022-11-20,4.2401960784
트레할로스,성분,2022-11-27,5.3709150327
트레할로스,성분,2022-12-04,6.5016339869
트레할로스,성분,2022-12-11,5.9362745098
트레할로스,성분,2022-12-18,5.9362745098
트레할로스,성분,2022-12-25,4.522875817
트레할로스,성분,2023-01-01,5.4402515723
트레할로스,성분,2023-01-08,6.7203107658
트레할로스,성분,2023-01-15,6.7203107658
트레할로스,성분,2023-01-22,7.6803551609
트레할로스,성분,2023-01-29,7.3603403626
트레할로스,성분,2023-02-05,8.0003699593
트레할로스,성분,2023-02-12,5.7602663707
트레할로스,성분,2023-02-19,5.7602663707
트레할로스,성분,2023-02-26,9.6004439512
트레할로스,성분,2023-03-05,6.0802811691
트레할로스,성분,2023-03-12,7.6803551609
트레할로스,성분,2023-03-19,10.8805031447
트레할로스,성분,2023-03-26,8.3203847577
트레할로스,성분,2023-04-02,7.0403255642
트레할로스,성분,2023-04-09,6.7203107658
트레할로스,성분,2023-04-16,8.9604143544
트레할로스,성분,2023-04-23,10.2404735479
트레할로스,성분,2023-04-30,7.0403255642
트레할로스,성분,2023-05-07,5.120236774
트레할로스,성분,2023-05-14,7.6803551609
트레할로스,성분,2023-05-21,7.6803551609
트레할로스,성분,2023-05-28,8.0003699593
트레할로스,성분,2023-06-04,4.8002219756
트레할로스,성분,2023-06-11,7.3603403626
트레할로스,성분,2023-06-18,4.1601923788
트레할로스,성분,2023-06-25,5.7602663707
트레할로스,성분,2023-07-02,6.4002959674
트레할로스,성분,2023-07-09,0.0
트레할로스,성분,2023-07-16,6.0802811691
트레할로스,성분,2023-07-23,8.3203847577
트레할로스,성분,2023-07-30,8.640399556
트레할로스,성분,2023-08-06,6.7203107658
트레할로스,성분,2023-08-13,7.0403255642
트레할로스,성분,2023-08-20,6.0802811691
트레할로스,성분,2023-08-27,5.4402515723
트레할로스,성분,2023-09-03,6.0802811691
트레할로스,성분,2023-09-10,6.7203107658
트레할로스,성분,2023-09-17,8.640399556
트레할로스,성분,2023-09-24,9.2804291528
트레할로스,성분,2023-10-01,6.7203107658
트레할로스,성분,2023-10-08,7.3603403626
트레할로스,성분,2023-10-15,8.3203847577
트레할로스,성분,2023-10-22,8.0003699593
트레할로스,성분,2023-10-29,9.6004439512
트레할로스,성분,2023-11-05,9.2804291528
트레할로스,성분,2023-11-12,8.0003699593
트레할로스,성분,2023-11-19,5.120236774
트레할로스,성분,2023-11-26,7.6803551609
트레할로스,성분,2023-12-03,10.2404735479
트레할로스,성분,2023-12-10,6.4002959674
트레할로스,성분,2023-12-17,8.0003699593
트레할로스,성분,2023-12-24,4.4802071772
트레할로스,성분,2023-12-31,5.7602663707
트레할로스,성분,2024-01-07,11.5205327414
트레할로스,성분,2024-01-14,9.2804291528
트레할로스,성분,2024-01-21,9.6004439512
트레할로스,성분,2024-01-28,7.0403255642
트레할로스,성분,2024-02-04,9.9204587495
트레할로스,성분,2024-02-11,5.7602663707
트레할로스,성분,2024-02-18,8.0003699593
트레할로스,성분,2024-02-25,12.8005919349
트레할로스,성분,2024-03-03,8.0003699593
트레할로스,성분,2024-03-10,7.0403255642
트레할로스,성분,2024-03-17,10.2404735479
트레할로스,성분,2024-03-24,8.640399556
트레할로스,성분,2024-03-31,6.4002959674
트레할로스,성분,2024-04-07,8.640399556
트레할로스,성분,2024-04-14,9.6004439512
트레할로스,성분,2024-04-21,8.640399556
트레할로스,성분,2024-04-28,6.0802811691
트레할로스,성분,2024-05-05,5.7602663707
트레할로스,성분,2024-05-12,6.7203107658
트레할로스,성분,2024-05-19,5.4402515723
트레할로스,성분,2024-05-26,8.0003699593
트레할로스,성분,2024-06-02,5.4402515723
트레할로스,성분,2024-06-09,8.0003699593
트레할로스,성분,2024-06-16,5.120236774
트레할로스,성분,2024-06-23,8.3203847577
트레할로스,성분,2024-06-30,6.0802811691
트레할로스,성분,2024-07-07,4.8002219756
트레할로스,성분,2024-07-14,5.7602663707
트레할로스,성분,2024-07-21,5.4402515723
트레할로스,성분,2024-07-28,5.4402515723
트레할로스,성분,2024-08-04,7.0403255642
트레할로스,성분,2024-08-11,6.4002959674
트레할로스,성분,2024-08-18,7.6803551609
트레할로스,성분,2024-08-25,6.4002959674
트레할로스,성분,2024-09-01,5.4402515723
트레할로스,성분,2024-09-08,5.7602663707
트레할로스,성분,2024-09-15,8.0003699593
트레할로스,성분,2024-09-22,5.4402515723
트레할로스,성분,2024-09-29,8.9604143544
트레할로스,성분,2024-10-06,7.0403255642
트레할로스,성분,2024-10-13,8.0003699593
트레할로스,성분,2024-10-20,8.9604143544
트레할로스,성분,2024-10-27,7.6803551609
트레할로스,성분,2024-11-03,8.0003699593
트레할로스,성분,2024-11-10,6.0802811691
트레할로스,성분,2024-11-17,8.0003699593
트레할로스,성분,2024-11-24,5.4402515723
트레할로스,성분,2024-12-01,8.640399556
트레할로스,성분,2024-12-08,7.0403255642
트레할로스,성분,2024-12-15,11.200517943
트레할로스,성분,2024-12-22,4.1601923788
트레할로스,성분,2024-12-29,5.7602663707
트레할로스,성분,2025-01-05,6.4002959674
트레할로스,성분,2025-01-12,6.4002959674
트레할로스,성분,2025-01-19,6.0802811691
트레할로스,성분,2025-01-26,8.3203847577
트레할로스,성분,2025-02-02,8.640399556
트레할로스,성분,2025-02-09,10.5604883463
트레할로스,성분,2025-02-16,8.3203847577
트레할로스,성분,2025-02-23,7.3603403626
트레할로스,성분,2025-03-02,7.0403255642
트레할로스,성분,2025-03-09,10.2404735479
트레할로스,성분,2025-03-16,7.0403255642
트레할로스,성분,2025-03-23,7.6803551609
트레할로스,성분,2025-03-30,8.640399556
트레할로스,성분,2025-04-06,8.9604143544
트레할로스,성분,2025-04-13,6.4002959674
트레할로스,성분,2025-04-20,6.0802811691
트레할로스,성분,2025-04-27,8.0003699593
트레할로스,성분,2025-05-04,9.6004439512
트레할로스,성분,2025-05-11,7.3603403626
트레할로스,성분,2025-05-18,8.640399556
트레할로스,성분,2025-05-25,7.3603403626
트레할로스,성분,2025-06-01,7.3603403626
트레할로스,성분,2025-06-08,8.0003699593
트레할로스,성분,2025-06-15,5.120236774
트레할로스,성분,2025-06-22,7.0403255642
트레할로스,성분,2025-06-29,7.3603403626
트레할로스,성분,2025-07-06,7.3603403626
트레할로스,성분,2025-07-13,15.0406955235
트레할로스,성분,2025-07-20,15.0406955235
트레할로스,성분,2025-07-27,12.1605623381
트레할로스,성분,2025-08-03,9.6004439512
트레할로스,성분,2025-08-10,8.9604143544
트레할로스,성분,2025-08-17,7.6803551609
트레할로스,성분,2025-08-24,8.640399556
트레할로스,성분,2025-08-31,6.4002959674
트레할로스,성분,2025-09-07,5.7602663707
트레할로스,성분,2025-09-14,8.0003699593
트레할로스,성분,2025-09-21,8.3203847577
트레할로스,성분,2025-09-28,7.3603403626
트레할로스,성분,2025-10-05,6.7203107658
트레할로스,성분,2025-10-12,10.2404735479
트레할로스,성분,2025-10-19,9.2804291528
트레할로스,성분,2025-10-26,9.2804291528
트레할로스,성분,2025-11-02,12.1605623381
트레할로스,성분,2025-11-09,12.1605623381
트레할로스,성분,2025-11-16,11.8405475398
트레할로스,성분,2025-11-23,9.2804291528
트레할로스,성분,2025-11-30,12.4805771365
트레할로스,성분,2025-12-07,12.1605623381
트레할로스,성분,2025-12-14,13.1206067333
트레할로스,성분,2025-12-21,10.2404735479
트레할로스,성분,2025-12-28,10.8805031447
트레할로스,성분,2026-01-04,13.1206067333
트레할로스,성분,2026-01-11,12.8005919349
트레할로스,성분,2026-01-18,12.8005919349
트레할로스,성분,2026-01-25,16.0007399186
트레할로스,성분,2026-02-01,23.3610802812
트레할로스,성분,2026-02-08,16.6407695154
트레할로스,성분,2026-02-15,22.0810210877
트레할로스,성분,2026-02-22,18.880873104
트레할로스,성분,2026-03-01,24.0011098779
트레할로스,성분,2026-03-08,18.2408435072
트레할로스,성분,2026-03-15,21.4409914909
트레할로스,성분,2026-03-22,18.5608583056
트레할로스,성분,2026-03-29,18.880873104
트레할로스,성분,2026-04-05,23.6810950795
트레할로스,성분,2026-04-12,20.8009618942
트레할로스,성분,2026-04-19,23.0410654828
트레할로스,성분,2026-04-26,16.6407695154
트레할로스,성분,2026-05-03,24.6411394747
트레할로스,성분,2026-05-10,16.0007399186
트레할로스,성분,2026-05-17,17.6008139105
트레할로스,성분,2026-05-24,22.0810210877
트레할로스,성분,2026-05-31,23.3610802812
트레할로스,성분,2026-06-07,25.6011838698
트레할로스,성분,2026-06-14,32.0014798372
트레할로스,성분,2026-06-21,18.2408435072
트레할로스,성분,2026-06-28,18.880873104
트레할로스,성분,2026-07-05,22.4010358861
트레할로스,성분,2026-07-12,16.320754717
트레할로스,성분,2026-07-19,15.3607103219
트레할로스,성분,2026-07-26,10.5604883463
트레할로스,성분,2026-08-02,8.9604143544
트레할로스,성분,2026-08-09,12.1605623381
트레할로스,성분,2026-08-16,7.3603403626
트레할로스,성분,2026-08-23,5.7602663707
트레할로스,성분,2026-08-30,7.3603403626
트레할로스,성분,2026-09-06,8.640399556
트레할로스,성분,2026-09-13,9.2804291528
트레할로스,성분,2026-09-20,7.0403255642
감초추출물,성분,2023-01-01,0.0
감초추출물,성분,2023-01-08,0.0
감초추출물,성분,2023-01-15,0.0
감초추출물,성분,2023-01-22,0.0
감초추출물,성분,2023-01-29,0.0
감초추출물,성분,2023-02-05,0.0
감초추출물,성분,2023-02-12,0.0
감초추출물,성분,2023-02-19,0.0
감초추출물,성분,2023-02-26,0.0
감초추출물,성분,2023-03-05,0.0
감초추출물,성분,2023-03-12,0.0
감초추출물,성분,2023-03-19,0.0
감초추출물,성분,2023-03-26,0.0
감초추출물,성분,2023-04-02,0.0
감초추출물,성분,2023-04-09,0.0
감초추출물,성분,2023-04-16,0.0
감초추출물,성분,2023-04-23,0.0
감초추출물,성분,2023-04-30,0.0
감초추출물,성분,2023-05-07,0.0
감초추출물,성분,2023-05-14,0.0
감초추출물,성분,2023-05-21,0.0
감초추출물,성분,2023-05-28,0.0
감초추출물,성분,2023-06-04,0.0
감초추출물,성분,2023-06-11,0.0
감초추출물,성분,2023-06-18,0.0
감초추출물,성분,2023-06-25,0.0
감초추출물,성분,2023-07-02,0.0
감초추출물,성분,2023-07-09,0.0
감초추출물,성분,2023-07-16,0.0
감초추출물,성분,2023-07-23,0.0
감초추출물,성분,2023-07-30,0.0
감초추출물,성분,2023-08-06,0.0
감초추출물,성분,2023-08-13,0.0
감초추출물,성분,2023-08-20,0.0
감초추출물,성분,2023-08-27,0.0
감초추출물,성분,2023-09-03,0.0
감초추출물,성분,2023-09-10,0.0
감초추출물,성분,2023-09-17,0.0
감초추출물,성분,2023-09-24,0.0
감초추출물,성분,2023-10-01,0.0
감초추출물,성분,2023-10-08,0.0
감초추출물,성분,2023-10-15,0.0
감초추출물,성분,2023-10-22,0.0
감초추출물,성분,2023-10-29,0.0
감초추출물,성분,2023-11-05,0.0
감초추출물,성분,2023-11-12,100.0
감초추출물,성분,2023-11-19,0.0
감초추출물,성분,2023-11-26,0.0
감초추출물,성분,2023-12-03,0.0
감초추출물,성분,2023-12-10,0.0
감초추출물,성분,2023-12-17,0.0
감초추출물,성분,2023-12-24,0.0
감초추출물,성분,2023-12-31,0.0
감초추출물,성분,2024-01-07,0.0
감초추출물,성분,2024-01-14,0.0
감초추출물,성분,2024-01-21,0.0
감초추출물,성분,2024-01-28,0.0
감초추출물,성분,2024-02-04,0.0
감초추출물,성분,2024-02-11,0.0
감초추출물,성분,2024-02-18,0.0
감초추출물,성분,2024-02-25,0.0
감초추출물,성분,2024-03-03,0.0
감초추출물,성분,2024-03-10,0.0
감초추출물,성분,2024-03-17,0.0
감초추출물,성분,2024-03-24,0.0
감초추출물,성분,2024-03-31,0.0
감초추출물,성분,2024-04-07,0.0
감초추출물,성분,2024-04-14,0.0
감초추출물,성분,2024-04-21,0.0
감초추출물,성분,2024-04-28,0.0
감초추출물,성분,2024-05-05,0.0
감초추출물,성분,2024-05-12,0.0
감초추출물,성분,2024-05-19,0.0
감초추출물,성분,2024-05-26,0.0
감초추출물,성분,2024-06-02,0.0
감초추출물,성분,2024-06-09,0.0
감초추출물,성분,2024-06-16,0.0
감초추출물,성분,2024-06-23,0.0
감초추출물,성분,2024-06-30,0.0
감초추출물,성분,2024-07-07,0.0
감초추출물,성분,2024-07-14,0.0
감초추출물,성분,2024-07-21,0.0
감초추출물,성분,2024-07-28,0.0
감초추출물,성분,2024-08-04,0.0
감초추출물,성분,2024-08-11,0.0
감초추출물,성분,2024-08-18,0.0
감초추출물,성분,2024-08-25,0.0
감초추출물,성분,2024-09-01,0.0
감초추출물,성분,2024-09-08,0.0
감초추출물,성분,2024-09-15,0.0
감초추출물,성분,2024-09-22,0.0
감초추출물,성분,2024-09-29,0.0
감초추출물,성분,2024-10-06,0.0
감초추출물,성분,2024-10-13,0.0
감초추출물,성분,2024-10-20,0.0
감초추출물,성분,2024-10-27,0.0
감초추출물,성분,2024-11-03,0.0
감초추출물,성분,2024-11-10,0.0
감초추출물,성분,2024-11-17,0.0
감초추출물,성분,2024-11-24,0.0
감초추출물,성분,2024-12-01,0.0
감초추출물,성분,2024-12-08,0.0
감초추출물,성분,2024-12-15,0.0
감초추출물,성분,2024-12-22,0.0
감초추출물,성분,2024-12-29,0.0
감초추출물,성분,2025-01-05,0.0
감초추출물,성분,2025-01-12,0.0
감초추출물,성분,2025-01-19,0.0
감초추출물,성분,2025-01-26,0.0
감초추출물,성분,2025-02-02,0.0
감초추출물,성분,2025-02-09,0.0
감초추출물,성분,2025-02-16,0.0
감초추출물,성분,2025-02-23,0.0
감초추출물,성분,2025-03-02,0.0
감초추출물,성분,2025-03-09,0.0
감초추출물,성분,2025-03-16,0.0
감초추출물,성분,2025-03-23,0.0
감초추출물,성분,2025-03-30,0.0
감초추출물,성분,2025-04-06,0.0
감초추출물,성분,2025-04-13,0.0
감초추출물,성분,2025-04-20,0.0
감초추출물,성분,2025-04-27,0.0
감초추출물,성분,2025-05-04,0.0
감초추출물,성분,2025-05-11,0.0
감초추출물,성분,2025-05-18,0.0
감초추출물,성분,2025-05-25,0.0
감초추출물,성분,2025-06-01,0.0
감초추출물,성분,2025-06-08,0.0
감초추출물,성분,2025-06-15,0.0
감초추출물,성분,2025-06-22,0.0
감초추출물,성분,2025-06-29,0.0
감초추출물,성분,2025-07-06,0.0
감초추출물,성분,2025-07-13,0.0
감초추출물,성분,2025-07-20,0.0
감초추출물,성분,2025-07-27,0.0
감초추출물,성분,2025-08-03,0.0
감초추출물,성분,2025-08-10,0.0
감초추출물,성분,2025-08-17,0.0
감초추출물,성분,2025-08-24,0.0
감초추출물,성분,2025-08-31,0.0
감초추출물,성분,2025-09-07,0.0
감초추출물,성분,2025-09-14,0.0
감초추출물,성분,2025-09-21,0.0
감초추출물,성분,2025-09-28,0.0
감초추출물,성분,2025-10-05,0.0
감초추출물,성분,2025-10-12,0.0
감초추출물,성분,2025-10-19,0.0
감초추출물,성분,2025-10-26,0.0
감초추출물,성분,2025-11-02,0.0
감초추출물,성분,2025-11-09,0.0
감초추출물,성분,2025-11-16,0.0
감초추출물,성분,2025-11-23,0.0
감초추출물,성분,2025-11-30,0.0
감초추출물,성분,2025-12-07,0.0
감초추출물,성분,2025-12-14,0.0
감초추출물,성분,2025-12-21,0.0
감초추출물,성분,2025-12-28,0.0
감초추출물,성분,2026-01-04,0.0
감초추출물,성분,2026-01-11,0.0
감초추출물,성분,2026-01-18,0.0
감초추출물,성분,2026-01-25,0.0
감초추출물,성분,2026-02-01,0.0
감초추출물,성분,2026-02-08,0.0
감초추출물,성분,2026-02-15,0.0
감초추출물,성분,2026-02-22,0.0
감초추출물,성분,2026-03-01,0.0
감초추출물,성분,2026-03-08,0.0
감초추출물,성분,2026-03-15,0.0
감초추출물,성분,2026-03-22,0.0
감초추출물,성분,2026-03-29,0.0
감초추출물,성분,2026-04-05,0.0
감초추출물,성분,2026-04-12,0.0
감초추출물,성분,2026-04-19,0.0
감초추출물,성분,2026-04-26,0.0
감초추출물,성분,2026-05-03,0.0
감초추출물,성분,2026-05-10,0.0
감초추출물,성분,2026-05-17,0.0
감초추출물,성분,2026-05-24,0.0
감초추출물,성분,2026-05-31,0.0
감초추출물,성분,2026-06-07,0.0
감초추출물,성분,2026-06-14,0.0
감초추출물,성분,2026-06-21,0.0
감초추출물,성분,2026-06-28,0.0
감초추출물,성분,2026-07-05,0.0
감초추출물,성분,2026-07-12,0.0
감초추출물,성분,2026-07-19,0.0
감초추출물,성분,2026-07-26,0.0
감초추출물,성분,2026-08-02,0.0
감초추출물,성분,2026-08-09,0.0
감초추출물,성분,2026-08-16,0.0
감초추출물,성분,2026-08-23,0.0
감초추출물,성분,2026-08-30,0.0
감초추출물,성분,2026-09-06,0.0
감초추출물,성분,2026-09-13,0.0
감초추출물,성분,2026-09-20,0.0
비타민E,성분,2015-12-27,0.0
비타민E,성분,2016-01-03,0.0
비타민E,성분,2016-01-10,0.0
비타민E,성분,2016-01-17,0.0
비타민E,성분,2016-01-24,0.0
비타민E,성분,2016-01-31,0.0
비타민E,성분,2016-02-07,0.0
비타민E,성분,2016-02-14,0.0
비타민E,성분,2016-02-21,0.0
비타민E,성분,2016-02-28,0.0
비타민E,성분,2016-03-06,78.0
비타민E,성분,2016-03-13,0.0
비타민E,성분,2016-03-20,0.0
비타민E,성분,2016-03-27,0.0
비타민E,성분,2016-04-03,0.0
비타민E,성분,2016-04-10,0.0
비타민E,성분,2016-04-17,0.0
비타민E,성분,2016-04-24,0.0
비타민E,성분,2016-05-01,0.0
비타민E,성분,2016-05-08,0.0
비타민E,성분,2016-05-15,0.0
비타민E,성분,2016-05-22,0.0
비타민E,성분,2016-05-29,0.0
비타민E,성분,2016-06-05,0.0
비타민E,성분,2016-06-12,0.0
비타민E,성분,2016-06-19,0.0
비타민E,성분,2016-06-26,0.0
비타민E,성분,2016-07-03,0.0
비타민E,성분,2016-07-10,0.0
비타민E,성분,2016-07-17,0.0
비타민E,성분,2016-07-24,0.0
비타민E,성분,2016-07-31,0.0
비타민E,성분,2016-08-07,0.0
비타민E,성분,2016-08-14,0.0
비타민E,성분,2016-08-21,0.0
비타민E,성분,2016-08-28,0.0
비타민E,성분,2016-09-04,0.0
비타민E,성분,2016-09-11,0.0
비타민E,성분,2016-09-18,0.0
비타민E,성분,2016-09-25,0.0
비타민E,성분,2016-10-02,0.0
비타민E,성분,2016-10-09,0.0
비타민E,성분,2016-10-16,0.0
비타민E,성분,2016-10-23,0.0
비타민E,성분,2016-10-30,0.0
비타민E,성분,2016-11-06,0.0
비타민E,성분,2016-11-13,0.0
비타민E,성분,2016-11-20,0.0
비타민E,성분,2016-11-27,0.0
비타민E,성분,2016-12-04,0.0
비타민E,성분,2016-12-11,0.0
비타민E,성분,2016-12-18,0.0
비타민E,성분,2016-12-25,0.0
비타민E,성분,2017-01-01,0.0
비타민E,성분,2017-01-08,0.0
비타민E,성분,2017-01-15,0.0
비타민E,성분,2017-01-22,0.0
비타민E,성분,2017-01-29,0.0
비타민E,성분,2017-02-05,0.0
비타민E,성분,2017-02-12,0.0
비타민E,성분,2017-02-19,0.0
비타민E,성분,2017-02-26,0.0
비타민E,성분,2017-03-05,0.0
비타민E,성분,2017-03-12,0.0
비타민E,성분,2017-03-19,0.0
비타민E,성분,2017-03-26,0.0
비타민E,성분,2017-04-02,0.0
비타민E,성분,2017-04-09,0.0
비타민E,성분,2017-04-16,0.0
비타민E,성분,2017-04-23,0.0
비타민E,성분,2017-04-30,0.0
비타민E,성분,2017-05-07,0.0
비타민E,성분,2017-05-14,83.0
비타민E,성분,2017-05-21,0.0
비타민E,성분,2017-05-28,0.0
비타민E,성분,2017-06-04,0.0
비타민E,성분,2017-06-11,0.0
비타민E,성분,2017-06-18,0.0
비타민E,성분,2017-06-25,0.0
비타민E,성분,2017-07-02,0.0
비타민E,성분,2017-07-09,0.0
비타민E,성분,2017-07-16,0.0
비타민E,성분,2017-07-23,100.0
비타민E,성분,2017-07-30,0.0
비타민E,성분,2017-08-06,0.0
비타민E,성분,2017-08-13,0.0
비타민E,성분,2017-08-20,0.0
비타민E,성분,2017-08-27,0.0
비타민E,성분,2017-09-03,0.0
비타민E,성분,2017-09-10,0.0
비타민E,성분,2017-09-17,0.0
비타민E,성분,2017-09-24,0.0
비타민E,성분,2017-10-01,0.0
비타민E,성분,2017-10-08,0.0
비타민E,성분,2017-10-15,0.0
비타민E,성분,2017-10-22,0.0
비타민E,성분,2017-10-29,0.0
비타민E,성분,2017-11-05,0.0
비타민E,성분,2017-11-12,0.0
비타민E,성분,2017-11-19,0.0
비타민E,성분,2017-11-26,0.0
비타민E,성분,2017-12-03,0.0
비타민E,성분,2017-12-10,0.0
비타민E,성분,2017-12-17,0.0
비타민E,성분,2017-12-24,0.0
비타민E,성분,2017-12-31,0.0
비타민E,성분,2018-01-07,0.0
비타민E,성분,2018-01-14,0.0
비타민E,성분,2018-01-21,0.0
비타민E,성분,2018-01-28,0.0
비타민E,성분,2018-02-04,0.0
비타민E,성분,2018-02-11,0.0
비타민E,성분,2018-02-18,0.0
비타민E,성분,2018-02-25,0.0
비타민E,성분,2018-03-04,0.0
비타민E,성분,2018-03-11,0.0
비타민E,성분,2018-03-18,0.0
비타민E,성분,2018-03-25,0.0
비타민E,성분,2018-04-01,0.0
비타민E,성분,2018-04-08,0.0
비타민E,성분,2018-04-15,0.0
비타민E,성분,2018-04-22,0.0
비타민E,성분,2018-04-29,0.0
비타민E,성분,2018-05-06,0.0
비타민E,성분,2018-05-13,0.0
비타민E,성분,2018-05-20,0.0
비타민E,성분,2018-05-27,0.0
비타민E,성분,2018-06-03,0.0
비타민E,성분,2018-06-10,0.0
비타민E,성분,2018-06-17,0.0
비타민E,성분,2018-06-24,0.0
비타민E,성분,2018-07-01,0.0
비타민E,성분,2018-07-08,0.0
비타민E,성분,2018-07-15,0.0
비타민E,성분,2018-07-22,0.0
비타민E,성분,2018-07-29,0.0
비타민E,성분,2018-08-05,0.0
비타민E,성분,2018-08-12,0.0
비타민E,성분,2018-08-19,0.0
비타민E,성분,2018-08-26,0.0
비타민E,성분,2018-09-02,0.0
비타민E,성분,2018-09-09,0.0
비타민E,성분,2018-09-16,0.0
비타민E,성분,2018-09-23,0.0
비타민E,성분,2018-09-30,0.0
비타민E,성분,2018-10-07,0.0
비타민E,성분,2018-10-14,0.0
비타민E,성분,2018-10-21,0.0
비타민E,성분,2018-10-28,0.0
비타민E,성분,2018-11-04,0.0
비타민E,성분,2018-11-11,0.0
비타민E,성분,2018-11-18,0.0
비타민E,성분,2018-11-25,0.0
비타민E,성분,2018-12-02,0.0
비타민E,성분,2018-12-09,0.0
비타민E,성분,2018-12-16,0.0
비타민E,성분,2018-12-23,0.0
비타민E,성분,2018-12-30,0.0
비타민E,성분,2019-01-06,0.0
비타민E,성분,2019-01-13,0.0
비타민E,성분,2019-01-20,0.0
비타민E,성분,2019-01-27,0.0
비타민E,성분,2019-02-03,67.0
비타민E,성분,2019-02-10,0.0
비타민E,성분,2019-02-17,0.0
비타민E,성분,2019-02-24,0.0
비타민E,성분,2019-03-03,0.0
비타민E,성분,2019-03-10,0.0
비타민E,성분,2019-03-17,0.0
비타민E,성분,2019-03-24,0.0
비타민E,성분,2019-03-31,0.0
비타민E,성분,2019-04-07,70.0
비타민E,성분,2019-04-14,0.0
비타민E,성분,2019-04-21,0.0
비타민E,성분,2019-04-28,0.0
비타민E,성분,2019-05-05,0.0
비타민E,성분,2019-05-12,0.0
비타민E,성분,2019-05-19,0.0
비타민E,성분,2019-05-26,0.0
비타민E,성분,2019-06-02,0.0
비타민E,성분,2019-06-09,0.0
비타민E,성분,2019-06-16,0.0
비타민E,성분,2019-06-23,0.0
비타민E,성분,2019-06-30,0.0
비타민E,성분,2019-07-07,0.0
비타민E,성분,2019-07-14,0.0
비타민E,성분,2019-07-21,0.0
비타민E,성분,2019-07-28,0.0
비타민E,성분,2019-08-04,0.0
비타민E,성분,2019-08-11,0.0
비타민E,성분,2019-08-18,0.0
비타민E,성분,2019-08-25,0.0
비타민E,성분,2019-09-01,0.0
비타민E,성분,2019-09-08,0.0
비타민E,성분,2019-09-15,0.0
비타민E,성분,2019-09-22,0.0
비타민E,성분,2019-09-29,0.0
비타민E,성분,2019-10-06,0.0
비타민E,성분,2019-10-13,0.0
비타민E,성분,2019-10-20,0.0
비타민E,성분,2019-10-27,0.0
비타민E,성분,2019-11-03,0.0
비타민E,성분,2019-11-10,60.0
비타민E,성분,2019-11-17,0.0
비타민E,성분,2019-11-24,0.0
비타민E,성분,2019-12-01,0.0
비타민E,성분,2019-12-08,0.0
비타민E,성분,2019-12-15,0.0
비타민E,성분,2019-12-22,0.0
비타민E,성분,2019-12-29,0.0
비타민E,성분,2020-01-05,75.0
비타민E,성분,2020-01-12,0.0
비타민E,성분,2020-01-19,0.0
비타민E,성분,2020-01-26,0.0
비타민E,성분,2020-02-02,58.8461538462
비타민E,성분,2020-02-09,58.8461538462
비타민E,성분,2020-02-16,0.0
비타민E,성분,2020-02-23,0.0
비타민E,성분,2020-03-01,0.0
비타민E,성분,2020-03-08,0.0
비타민E,성분,2020-03-15,0.0
비타민E,성분,2020-03-22,0.0
비타민E,성분,2020-03-29,0.0
비타민E,성분,2020-04-05,69.2307692308
비타민E,성분,2020-04-12,66.9230769231
비타민E,성분,2020-04-19,86.5384615385
비타민E,성분,2020-04-26,56.5384615385
비타민E,성분,2020-05-03,70.3846153846
비타민E,성분,2020-05-10,0.0
비타민E,성분,2020-05-17,54.2307692308
비타민E,성분,2020-05-24,0.0
비타민E,성분,2020-05-31,0.0
비타민E,성분,2020-06-07,0.0
비타민E,성분,2020-06-14,57.6923076923
비타민E,성분,2020-06-21,0.0
비타민E,성분,2020-06-28,65.7692307692
비타민E,성분,2020-07-05,0.0
비타민E,성분,2020-07-12,68.0769230769
비타민E,성분,2020-07-19,0.0
비타민E,성분,2020-07-26,69.2307692308
비타민E,성분,2020-08-02,0.0
비타민E,성분,2020-08-09,69.2307692308
비타민E,성분,2020-08-16,0.0
비타민E,성분,2020-08-23,0.0
비타민E,성분,2020-08-30,0.0
비타민E,성분,2020-09-06,54.2307692308
비타민E,성분,2020-09-13,0.0
비타민E,성분,2020-09-20,65.7692307692
비타민E,성분,2020-09-27,0.0
비타민E,성분,2020-10-04,60.0
비타민E,성분,2020-10-11,0.0
비타민E,성분,2020-10-18,76.1538461538
비타민E,성분,2020-10-25,100.3846153846
비타민E,성분,2020-11-01,0.0
비타민E,성분,2020-11-08,0.0
비타민E,성분,2020-11-15,0.0
비타민E,성분,2020-11-22,0.0
비타민E,성분,2020-11-29,0.0
비타민E,성분,2020-12-06,0.0
비타민E,성분,2020-12-13,0.0
비타민E,성분,2020-12-20,76.1538461538
비타민E,성분,2020-12-27,71.5384615385
비타민E,성분,2021-01-03,69.2307692308
비타민E,성분,2021-01-10,0.0
비타민E,성분,2021-01-17,70.3846153846
비타민E,성분,2021-01-24,0.0
비타민E,성분,2021-01-31,75.0
비타민E,성분,2021-02-07,86.5384615385
비타민E,성분,2021-02-14,0.0
비타민E,성분,2021-02-21,0.0
비타민E,성분,2021-02-28,62.3076923077
비타민E,성분,2021-03-07,0.0
비타민E,성분,2021-03-14,0.0
비타민E,성분,2021-03-21,0.0
비타민E,성분,2021-03-28,0.0
비타민E,성분,2021-04-04,0.0
비타민E,성분,2021-04-11,0.0
비타민E,성분,2021-04-18,0.0
비타민E,성분,2021-04-25,0.0
비타민E,성분,2021-05-02,0.0
비타민E,성분,2021-05-09,0.0
비타민E,성분,2021-05-16,0.0
비타민E,성분,2021-05-23,0.0
비타민E,성분,2021-05-30,0.0
비타민E,성분,2021-06-06,83.0769230769
비타민E,성분,2021-06-13,0.0
비타민E,성분,2021-06-20,0.0
비타민E,성분,2021-06-27,0.0
비타민E,성분,2021-07-04,0.0
비타민E,성분,2021-07-11,0.0
비타민E,성분,2021-07-18,0.0
비타민E,성분,2021-07-25,0.0
비타민E,성분,2021-08-01,0.0
비타민E,성분,2021-08-08,0.0
비타민E,성분,2021-08-15,0.0
비타민E,성분,2021-08-22,0.0
비타민E,성분,2021-08-29,0.0
비타민E,성분,2021-09-05,0.0
비타민E,성분,2021-09-12,0.0
비타민E,성분,2021-09-19,0.0
비타민E,성분,2021-09-26,0.0
비타민E,성분,2021-10-03,69.2307692308
비타민E,성분,2021-10-10,0.0
비타민E,성분,2021-10-17,0.0
비타민E,성분,2021-10-24,0.0
비타민E,성분,2021-10-31,0.0
비타민E,성분,2021-11-07,0.0
비타민E,성분,2021-11-14,68.0769230769
비타민E,성분,2021-11-21,72.6923076923
비타민E,성분,2021-11-28,0.0
비타민E,성분,2021-12-05,0.0
비타민E,성분,2021-12-12,0.0
비타민E,성분,2021-12-19,73.8461538462
비타민E,성분,2021-12-26,0.0
비타민E,성분,2022-01-02,88.8461538462
비타민E,성분,2022-01-09,0.0
비타민E,성분,2022-01-16,0.0
비타민E,성분,2022-01-23,68.0769230769
비타민E,성분,2022-01-30,0.0
비타민E,성분,2022-02-06,0.0
비타민E,성분,2022-02-13,77.3076923077
비타민E,성분,2022-02-20,55.3846153846
비타민E,성분,2022-02-27,62.3076923077
비타민E,성분,2022-03-06,0.0
비타민E,성분,2022-03-13,72.6923076923
비타민E,성분,2022-03-20,62.3076923077
비타민E,성분,2022-03-27,48.4615384615
비타민E,성분,2022-04-03,0.0
비타민E,성분,2022-04-10,0.0
비타민E,성분,2022-04-17,51.9230769231
비타민E,성분,2022-04-24,66.9230769231
비타민E,성분,2022-05-01,0.0
비타민E,성분,2022-05-08,54.2307692308
비타민E,성분,2022-05-15,61.1538461538
비타민E,성분,2022-05-22,0.0
비타민E,성분,2022-05-29,0.0
비타민E,성분,2022-06-05,80.7692307692
비타민E,성분,2022-06-12,0.0
비타민E,성분,2022-06-19,78.4615384615
비타민E,성분,2022-06-26,0.0
비타민E,성분,2022-07-03,0.0
비타민E,성분,2022-07-10,0.0
비타민E,성분,2022-07-17,62.3076923077
비타민E,성분,2022-07-24,75.0
비타민E,성분,2022-07-31,83.0769230769
비타민E,성분,2022-08-07,79.6153846154
비타민E,성분,2022-08-14,81.9230769231
비타민E,성분,2022-08-21,63.4615384615
비타민E,성분,2022-08-28,0.0
비타민E,성분,2022-09-04,0.0
비타민E,성분,2022-09-11,71.5384615385
비타민E,성분,2022-09-18,0.0
비타민E,성분,2022-09-25,0.0
비타민E,성분,2022-10-02,0.0
비타민E,성분,2022-10-09,64.6153846154
비타민E,성분,2022-10-16,0.0
비타민E,성분,2022-10-23,0.0
비타민E,성분,2022-10-30,0.0
비타민E,성분,2022-11-06,66.9230769231
비타민E,성분,2022-11-13,0.0
비타민E,성분,2022-11-20,0.0
비타민E,성분,2022-11-27,72.6923076923
비타민E,성분,2022-12-04,0.0
비타민E,성분,2022-12-11,0.0
비타민E,성분,2022-12-18,81.9230769231
비타민E,성분,2022-12-25,115.3846153846
비타민E,성분,2023-01-01,0.0
비타민E,성분,2023-01-08,0.0
비타민E,성분,2023-01-15,66.1459159397
비타민E,성분,2023-01-22,0.0
비타민E,성분,2023-01-29,62.6645519429
비타민E,성분,2023-02-05,80.071371927
비타민E,성분,2023-02-12,0.0
비타민E,성분,2023-02-19,73.1086439334
비타민E,성분,2023-02-26,93.9968279144
비타민E,성분,2023-03-05,69.6272799366
비타민E,성분,2023-03-12,80.071371927
비타민E,성분,2023-03-19,69.6272799366
비타민E,성분,2023-03-26,0.0
비타민E,성분,2023-04-02,0.0
비타민E,성분,2023-04-09,59.1831879461
비타민E,성분,2023-04-16,76.5900079302
비타민E,성분,2023-04-23,83.5527359239
비타민E,성분,2023-04-30,55.7018239492
비타민E,성분,2023-05-07,0.0
비타민E,성분,2023-05-14,0.0
비타민E,성분,2023-05-21,73.1086439334
비타민E,성분,2023-05-28,0.0
비타민E,성분,2023-06-04,0.0
비타민E,성분,2023-06-11,69.6272799366
비타민E,성분,2023-06-18,0.0
비타민E,성분,2023-06-25,0.0
비타민E,성분,2023-07-02,73.1086439334
비타민E,성분,2023-07-09,97.4781919112
비타민E,성분,2023-07-16,0.0
비타민E,성분,2023-07-23,0.0
비타민E,성분,2023-07-30,90.5154639175
비타민E,성분,2023-08-06,73.1086439334
비타민E,성분,2023-08-13,0.0
비타민E,성분,2023-08-20,0.0
비타민E,성분,2023-08-27,0.0
비타민E,성분,2023-09-03,69.6272799366
비타민E,성분,2023-09-10,0.0
비타민E,성분,2023-09-17,97.4781919112
비타민E,성분,2023-09-24,0.0
비타민E,성분,2023-10-01,83.5527359239
비타민E,성분,2023-10-08,62.6645519429
비타민E,성분,2023-10-15,97.4781919112
비타민E,성분,2023-10-22,66.1459159397
비타민E,성분,2023-10-29,0.0
비타민E,성분,2023-11-05,0.0
비타민E,성분,2023-11-12,0.0
비타민E,성분,2023-11-19,69.6272799366
비타민E,성분,2023-11-26,0.0
비타민E,성분,2023-12-03,0.0
비타민E,성분,2023-12-10,0.0
비타민E,성분,2023-12-17,83.5527359239
비타민E,성분,2023-12-24,0.0
비타민E,성분,2023-12-31,69.6272799366
비타민E,성분,2024-01-07,73.1086439334
비타민E,성분,2024-01-14,135.7731958763
비타민E,성분,2024-01-21,100.959555908
비타민E,성분,2024-01-28,62.6645519429
비타민E,성분,2024-02-04,0.0
비타민E,성분,2024-02-11,69.6272799366
비타민E,성분,2024-02-18,107.9222839017
비타민E,성분,2024-02-25,0.0
비타민E,성분,2024-03-03,66.1459159397
비타민E,성분,2024-03-10,0.0
비타민E,성분,2024-03-17,87.0340999207
비타민E,성분,2024-03-24,0.0
비타민E,성분,2024-03-31,76.5900079302
비타민E,성분,2024-04-07,0.0
비타민E,성분,2024-04-14,0.0
비타민E,성분,2024-04-21,73.1086439334
비타민E,성분,2024-04-28,0.0
비타민E,성분,2024-05-05,0.0
비타민E,성분,2024-05-12,0.0
비타민E,성분,2024-05-19,66.1459159397
비타민E,성분,2024-05-26,0.0
비타민E,성분,2024-06-02,0.0
비타민E,성분,2024-06-09,97.4781919112
비타민E,성분,2024-06-16,0.0
비타민E,성분,2024-06-23,87.0340999207
비타민E,성분,2024-06-30,111.4036478985
비타민E,성분,2024-07-07,0.0
비타민E,성분,2024-07-14,0.0
비타민E,성분,2024-07-21,0.0
비타민E,성분,2024-07-28,0.0
비타민E,성분,2024-08-04,0.0
비타민E,성분,2024-08-11,66.1459159397
비타민E,성분,2024-08-18,0.0
비타민E,성분,2024-08-25,100.959555908
비타민E,성분,2024-09-01,104.4409199048
비타민E,성분,2024-09-08,0.0
비타민E,성분,2024-09-15,0.0
비타민E,성분,2024-09-22,0.0
비타민E,성분,2024-09-29,0.0
비타민E,성분,2024-10-06,62.6645519429
비타민E,성분,2024-10-13,76.5900079302
비타민E,성분,2024-10-20,0.0
비타민E,성분,2024-10-27,0.0
비타민E,성분,2024-11-03,0.0
비타민E,성분,2024-11-10,0.0
비타민E,성분,2024-11-17,0.0
비타민E,성분,2024-11-24,73.1086439334
비타민E,성분,2024-12-01,0.0
비타민E,성분,2024-12-08,90.5154639175
비타민E,성분,2024-12-15,76.5900079302
비타민E,성분,2024-12-22,0.0
비타민E,성분,2024-12-29,100.959555908
비타민E,성분,2025-01-05,0.0
비타민E,성분,2025-01-12,66.1459159397
비타민E,성분,2025-01-19,0.0
비타민E,성분,2025-01-26,114.8850118953
비타민E,성분,2025-02-02,0.0
비타민E,성분,2025-02-09,0.0
비타민E,성분,2025-02-16,0.0
비타민E,성분,2025-02-23,73.1086439334
비타민E,성분,2025-03-02,87.0340999207
비타민E,성분,2025-03-09,0.0
비타민E,성분,2025-03-16,97.4781919112
비타민E,성분,2025-03-23,83.5527359239
비타민E,성분,2025-03-30,0.0
비타민E,성분,2025-04-06,0.0
비타민E,성분,2025-04-13,0.0
비타민E,성분,2025-04-20,0.0
비타민E,성분,2025-04-27,73.1086439334
비타민E,성분,2025-05-04,0.0
비타민E,성분,2025-05-11,0.0
비타민E,성분,2025-05-18,0.0
비타민E,성분,2025-05-25,0.0
비타민E,성분,2025-06-01,76.5900079302
비타민E,성분,2025-06-08,83.5527359239
비타민E,성분,2025-06-15,0.0
비타민E,성분,2025-06-22,93.9968279144
비타민E,성분,2025-06-29,0.0
비타민E,성분,2025-07-06,87.0340999207
비타민E,성분,2025-07-13,76.5900079302
비타민E,성분,2025-07-20,73.1086439334
비타민E,성분,2025-07-27,135.7731958763
비타민E,성분,2025-08-03,0.0
비타민E,성분,2025-08-10,0.0
비타민E,성분,2025-08-17,125.3291038858
비타민E,성분,2025-08-24,0.0
비타민E,성분,2025-08-31,0.0
비타민E,성분,2025-09-07,69.6272799366
비타민E,성분,2025-09-14,73.1086439334
비타민E,성분,2025-09-21,73.1086439334
비타민E,성분,2025-09-28,0.0
비타민E,성분,2025-10-05,0.0
비타민E,성분,2025-10-12,0.0
비타민E,성분,2025-10-19,0.0
비타민E,성분,2025-10-26,0.0
비타민E,성분,2025-11-02,0.0
비타민E,성분,2025-11-09,66.1459159397
비타민E,성분,2025-11-16,0.0
비타민E,성분,2025-11-23,194.9563838224
비타민E,성분,2025-11-30,191.4750198255
비타민E,성분,2025-12-07,132.2918318795
비타민E,성분,2025-12-14,76.5900079302
비타민E,성분,2025-12-21,181.0309278351
비타민E,성분,2025-12-28,149.6986518636
비타민E,성분,2026-01-04,87.0340999207
비타민E,성분,2026-01-11,135.7731958763
비타민E,성분,2026-01-18,156.6613798573
비타민E,성분,2026-01-25,229.7700237906
비타민E,성분,2026-02-01,156.6613798573
비타민E,성분,2026-02-08,100.959555908
비타민E,성분,2026-02-15,125.3291038858
비타민E,성분,2026-02-22,125.3291038858
비타민E,성분,2026-03-01,156.6613798573
비타민E,성분,2026-03-08,177.5495638382
비타민E,성분,2026-03-15,132.2918318795
비타민E,성분,2026-03-22,177.5495638382
비타민E,성분,2026-03-29,281.9904837431
비타민E,성분,2026-04-05,348.1363996828
비타민E,성분,2026-04-12,215.8445678033
비타민E,성분,2026-04-19,194.9563838224
비타민E,성분,2026-04-26,128.8104678826
비타민E,성분,2026-05-03,156.6613798573
비타민E,성분,2026-05-10,222.807295797
비타민E,성분,2026-05-17,160.1427438541
비타민E,성분,2026-05-24,208.8818398097
비타민E,성분,2026-05-31,135.7731958763
비타민E,성분,2026-06-07,233.2513877875
비타민E,성분,2026-06-14,163.6241078509
비타민E,성분,2026-06-21,142.7359238699
비타민E,성분,2026-06-28,69.6272799366
비타민E,성분,2026-07-05,104.4409199048
비타민E,성분,2026-07-12,0.0
비타민E,성분,2026-07-19,0.0
비타민E,성분,2026-07-26,111.4036478985
비타민E,성분,2026-08-02,0.0
비타민E,성분,2026-08-09,69.6272799366
비타민E,성분,2026-08-16,80.071371927
비타민E,성분,2026-08-23,0.0
비타민E,성분,2026-08-30,87.0340999207
비타민E,성분,2026-09-06,0.0
비타민E,성분,2026-09-13,0.0
비타민E,성분,2026-09-20,41.7763679619
시어버터,성분,2015-12-27,71.0
시어버터,성분,2016-01-03,74.0
시어버터,성분,2016-01-10,66.0
시어버터,성분,2016-01-17,71.0
시어버터,성분,2016-01-24,67.0
시어버터,성분,2016-01-31,63.0
시어버터,성분,2016-02-07,64.0
시어버터,성분,2016-02-14,66.0
시어버터,성분,2016-02-21,68.0
시어버터,성분,2016-02-28,64.0
시어버터,성분,2016-03-06,67.0
시어버터,성분,2016-03-13,62.0
시어버터,성분,2016-03-20,64.0
시어버터,성분,2016-03-27,57.0
시어버터,성분,2016-04-03,64.0
시어버터,성분,2016-04-10,62.0
시어버터,성분,2016-04-17,59.0
시어버터,성분,2016-04-24,57.0
시어버터,성분,2016-05-01,63.0
시어버터,성분,2016-05-08,59.0
시어버터,성분,2016-05-15,61.0
시어버터,성분,2016-05-22,60.0
시어버터,성분,2016-05-29,63.0
시어버터,성분,2016-06-05,62.0
시어버터,성분,2016-06-12,59.0
시어버터,성분,2016-06-19,58.0
시어버터,성분,2016-06-26,58.0
시어버터,성분,2016-07-03,60.0
시어버터,성분,2016-07-10,58.0
시어버터,성분,2016-07-17,59.0
시어버터,성분,2016-07-24,59.0
시어버터,성분,2016-07-31,59.0
시어버터,성분,2016-08-07,55.0
시어버터,성분,2016-08-14,54.0
시어버터,성분,2016-08-21,51.0
시어버터,성분,2016-08-28,53.0
시어버터,성분,2016-09-04,57.0
시어버터,성분,2016-09-11,56.0
시어버터,성분,2016-09-18,52.0
시어버터,성분,2016-09-25,52.0
시어버터,성분,2016-10-02,54.0
시어버터,성분,2016-10-09,57.0
시어버터,성분,2016-10-16,53.0
시어버터,성분,2016-10-23,55.0
시어버터,성분,2016-10-30,55.0
시어버터,성분,2016-11-06,58.0
시어버터,성분,2016-11-13,69.0
시어버터,성분,2016-11-20,72.0
시어버터,성분,2016-11-27,66.0
시어버터,성분,2016-12-04,74.0
시어버터,성분,2016-12-11,79.0
시어버터,성분,2016-12-18,88.0
시어버터,성분,2016-12-25,76.0
시어버터,성분,2017-01-01,81.0
시어버터,성분,2017-01-08,74.0
시어버터,성분,2017-01-15,71.0
시어버터,성분,2017-01-22,65.0
시어버터,성분,2017-01-29,69.0
시어버터,성분,2017-02-05,66.0
시어버터,성분,2017-02-12,65.0
시어버터,성분,2017-02-19,70.0
시어버터,성분,2017-02-26,64.0
시어버터,성분,2017-03-05,67.0
시어버터,성분,2017-03-12,73.0
시어버터,성분,2017-03-19,70.0
시어버터,성분,2017-03-26,67.0
시어버터,성분,2017-04-02,74.0
시어버터,성분,2017-04-09,69.0
시어버터,성분,2017-04-16,64.0
시어버터,성분,2017-04-23,76.0
시어버터,성분,2017-04-30,67.0
시어버터,성분,2017-05-07,68.0
시어버터,성분,2017-05-14,69.0
시어버터,성분,2017-05-21,66.0
시어버터,성분,2017-05-28,70.0
시어버터,성분,2017-06-04,68.0
시어버터,성분,2017-06-11,67.0
시어버터,성분,2017-06-18,69.0
시어버터,성분,2017-06-25,70.0
시어버터,성분,2017-07-02,78.0
시어버터,성분,2017-07-09,82.0
시어버터,성분,2017-07-16,86.0
시어버터,성분,2017-07-23,75.0
시어버터,성분,2017-07-30,74.0
시어버터,성분,2017-08-06,71.0
시어버터,성분,2017-08-13,70.0
시어버터,성분,2017-08-20,66.0
시어버터,성분,2017-08-27,61.0
시어버터,성분,2017-09-03,66.0
시어버터,성분,2017-09-10,64.0
시어버터,성분,2017-09-17,66.0
시어버터,성분,2017-09-24,61.0
시어버터,성분,2017-10-01,63.0
시어버터,성분,2017-10-08,69.0
시어버터,성분,2017-10-15,69.0
시어버터,성분,2017-10-22,67.0
시어버터,성분,2017-10-29,67.0
시어버터,성분,2017-11-05,77.0
시어버터,성분,2017-11-12,74.0
시어버터,성분,2017-11-19,78.0
시어버터,성분,2017-11-26,79.0
시어버터,성분,2017-12-03,77.0
시어버터,성분,2017-12-10,88.0
시어버터,성분,2017-12-17,96.0
시어버터,성분,2017-12-24,96.0
시어버터,성분,2017-12-31,100.0
시어버터,성분,2018-01-07,89.0
시어버터,성분,2018-01-14,85.0
시어버터,성분,2018-01-21,77.0
시어버터,성분,2018-01-28,81.0
시어버터,성분,2018-02-04,82.0
시어버터,성분,2018-02-11,83.0
시어버터,성분,2018-02-18,81.0
시어버터,성분,2018-02-25,75.0
시어버터,성분,2018-03-04,76.0
시어버터,성분,2018-03-11,78.0
시어버터,성분,2018-03-18,74.0
시어버터,성분,2018-03-25,71.0
시어버터,성분,2018-04-01,71.0
시어버터,성분,2018-04-08,68.0
시어버터,성분,2018-04-15,68.0
시어버터,성분,2018-04-22,71.0
시어버터,성분,2018-04-29,68.0
시어버터,성분,2018-05-06,71.0
시어버터,성분,2018-05-13,66.0
시어버터,성분,2018-05-20,66.0
시어버터,성분,2018-05-27,69.0
시어버터,성분,2018-06-03,69.0
시어버터,성분,2018-06-10,64.0
시어버터,성분,2018-06-17,67.0
시어버터,성분,2018-06-24,69.0
시어버터,성분,2018-07-01,67.0
시어버터,성분,2018-07-08,70.0
시어버터,성분,2018-07-15,71.0
시어버터,성분,2018-07-22,66.0
시어버터,성분,2018-07-29,66.0
시어버터,성분,2018-08-05,68.0
시어버터,성분,2018-08-12,70.0
시어버터,성분,2018-08-19,60.0
시어버터,성분,2018-08-26,57.0
시어버터,성분,2018-09-02,61.0
시어버터,성분,2018-09-09,55.0
시어버터,성분,2018-09-16,59.0
시어버터,성분,2018-09-23,60.0
시어버터,성분,2018-09-30,60.0
시어버터,성분,2018-10-07,64.0
시어버터,성분,2018-10-14,61.0
시어버터,성분,2018-10-21,62.0
시어버터,성분,2018-10-28,60.0
시어버터,성분,2018-11-04,65.0
시어버터,성분,2018-11-11,75.0
시어버터,성분,2018-11-18,76.0
시어버터,성분,2018-11-25,78.0
시어버터,성분,2018-12-02,78.0
시어버터,성분,2018-12-09,82.0
시어버터,성분,2018-12-16,79.0
시어버터,성분,2018-12-23,85.0
시어버터,성분,2018-12-30,83.0
시어버터,성분,2019-01-06,77.0
시어버터,성분,2019-01-13,79.0
시어버터,성분,2019-01-20,87.0
시어버터,성분,2019-01-27,81.0
시어버터,성분,2019-02-03,77.0
시어버터,성분,2019-02-10,75.0
시어버터,성분,2019-02-17,91.0
시어버터,성분,2019-02-24,82.0
시어버터,성분,2019-03-03,82.0
시어버터,성분,2019-03-10,77.0
시어버터,성분,2019-03-17,78.0
시어버터,성분,2019-03-24,79.0
시어버터,성분,2019-03-31,77.0
시어버터,성분,2019-04-07,75.0
시어버터,성분,2019-04-14,71.0
시어버터,성분,2019-04-21,71.0
시어버터,성분,2019-04-28,74.0
시어버터,성분,2019-05-05,83.0
시어버터,성분,2019-05-12,74.0
시어버터,성분,2019-05-19,70.0
시어버터,성분,2019-05-26,78.0
시어버터,성분,2019-06-02,75.0
시어버터,성분,2019-06-09,77.0
시어버터,성분,2019-06-16,76.0
시어버터,성분,2019-06-23,71.0
시어버터,성분,2019-06-30,72.4359464627
시어버터,성분,2019-07-07,71.4952198853
시어버터,성분,2019-07-14,78.0803059273
시어버터,성분,2019-07-21,79.9617590822
시어버터,성분,2019-07-28,77.1395793499
시어버터,성분,2019-08-04,74.3173996176
시어버터,성분,2019-08-11,71.4952198853
시어버터,성분,2019-08-18,65.8508604207
시어버터,성분,2019-08-25,63.9694072658
시어버터,성분,2019-09-01,65.8508604207
시어버터,성분,2019-09-08,63.0286806883
시어버터,성분,2019-09-15,60.206500956
시어버터,성분,2019-09-22,63.9694072658
시어버터,성분,2019-09-29,63.0286806883
시어버터,성분,2019-10-06,67.7323135755
시어버터,성분,2019-10-13,67.7323135755
시어버터,성분,2019-10-20,69.6137667304
시어버터,성분,2019-10-27,65.8508604207
시어버터,성분,2019-11-03,76.1988527725
시어버터,성분,2019-11-10,77.1395793499
시어버터,성분,2019-11-17,85.6061185468
시어버터,성분,2019-11-24,79.9617590822
시어버터,성분,2019-12-01,77.1395793499
시어버터,성분,2019-12-08,79.0210325048
시어버터,성분,2019-12-15,85.6061185468
시어버터,성분,2019-12-22,83.724665392
시어버터,성분,2019-12-29,81.8432122371
시어버터,성분,2020-01-05,76.1988527725
시어버터,성분,2020-01-12,76.1988527725
시어버터,성분,2020-01-19,78.0803059273
시어버터,성분,2020-01-26,73.3766730402
시어버터,성분,2020-02-02,70.5544933078
시어버터,성분,2020-02-09,77.1395793499
시어버터,성분,2020-02-16,79.9617590822
시어버터,성분,2020-02-23,76.1988527725
시어버터,성분,2020-03-01,76.1988527725
시어버터,성분,2020-03-08,70.5544933078
시어버터,성분,2020-03-15,63.9694072658
시어버터,성분,2020-03-22,71.4952198853
시어버터,성분,2020-03-29,75.258126195
시어버터,성분,2020-04-05,79.0210325048
시어버터,성분,2020-04-12,83.724665392
시어버터,성분,2020-04-19,91.2504780115
시어버터,성분,2020-04-26,90.309751434
시어버터,성분,2020-05-03,94.0726577438
시어버터,성분,2020-05-10,87.4875717017
시어버터,성분,2020-05-17,91.2504780115
시어버터,성분,2020-05-24,88.4282982792
시어버터,성분,2020-05-31,79.9617590822
시어버터,성분,2020-06-07,94.0726577438
시어버터,성분,2020-06-14,91.2504780115
시어버터,성분,2020-06-21,85.6061185468
시어버터,성분,2020-06-28,84.6653919694
시어버터,성분,2020-07-05,82.7839388145
시어버터,성분,2020-07-12,84.6653919694
시어버터,성분,2020-07-19,81.8432122371
시어버터,성분,2020-07-26,79.9617590822
시어버터,성분,2020-08-02,78.0803059273
시어버터,성분,2020-08-09,79.0210325048
시어버터,성분,2020-08-16,74.3173996176
시어버터,성분,2020-08-23,64.9101338432
시어버터,성분,2020-08-30,66.7915869981
시어버터,성분,2020-09-06,64.9101338432
시어버터,성분,2020-09-13,64.9101338432
시어버터,성분,2020-09-20,62.0879541109
시어버터,성분,2020-09-27,67.7323135755
시어버터,성분,2020-10-04,70.5544933078
시어버터,성분,2020-10-11,73.3766730402
시어버터,성분,2020-10-18,71.4952198853
시어버터,성분,2020-10-25,70.5544933078
시어버터,성분,2020-11-01,54.5621414914
시어버터,성분,2020-11-08,72.4359464627
시어버터,성분,2020-11-15,80.9024856597
시어버터,성분,2020-11-22,76.1988527725
시어버터,성분,2020-11-29,79.9617590822
시어버터,성분,2020-12-06,83.724665392
시어버터,성분,2020-12-13,82.7839388145
시어버터,성분,2020-12-20,80.9024856597
시어버터,성분,2020-12-27,91.2504780115
시어버터,성분,2021-01-03,82.7839388145
시어버터,성분,2021-01-10,83.724665392
시어버터,성분,2021-01-17,80.9024856597
시어버터,성분,2021-01-24,84.6653919694
시어버터,성분,2021-01-31,79.0210325048
시어버터,성분,2021-02-07,77.1395793499
시어버터,성분,2021-02-14,79.9617590822
시어버터,성분,2021-02-21,78.0803059273
시어버터,성분,2021-02-28,76.1988527725
시어버터,성분,2021-03-07,74.3173996176
시어버터,성분,2021-03-14,69.6137667304
시어버터,성분,2021-03-21,73.3766730402
시어버터,성분,2021-03-28,73.3766730402
시어버터,성분,2021-04-04,71.4952198853
시어버터,성분,2021-04-11,69.6137667304
시어버터,성분,2021-04-18,72.4359464627
시어버터,성분,2021-04-25,70.5544933078
시어버터,성분,2021-05-02,69.6137667304
시어버터,성분,2021-05-09,63.9694072658
시어버터,성분,2021-05-16,67.7323135755
시어버터,성분,2021-05-23,64.9101338432
시어버터,성분,2021-05-30,63.0286806883
시어버터,성분,2021-06-06,63.9694072658
시어버터,성분,2021-06-13,62.0879541109
시어버터,성분,2021-06-20,63.9694072658
시어버터,성분,2021-06-27,66.7915869981
시어버터,성분,2021-07-04,64.9101338432
시어버터,성분,2021-07-11,64.9101338432
시어버터,성분,2021-07-18,65.8508604207
시어버터,성분,2021-07-25,63.0286806883
시어버터,성분,2021-08-01,62.0879541109
시어버터,성분,2021-08-08,61.1472275335
시어버터,성분,2021-08-15,63.9694072658
시어버터,성분,2021-08-22,57.3843212237
시어버터,성분,2021-08-29,58.3250478011
시어버터,성분,2021-09-05,59.2657743786
시어버터,성분,2021-09-12,57.3843212237
시어버터,성분,2021-09-19,57.3843212237
시어버터,성분,2021-09-26,57.3843212237
시어버터,성분,2021-10-03,57.3843212237
시어버터,성분,2021-10-10,59.2657743786
시어버터,성분,2021-10-17,61.1472275335
시어버터,성분,2021-10-24,57.3843212237
시어버터,성분,2021-10-31,60.206500956
시어버터,성분,2021-11-07,66.7915869981
시어버터,성분,2021-11-14,62.0879541109
시어버터,성분,2021-11-21,70.5544933078
시어버터,성분,2021-11-28,71.4952198853
시어버터,성분,2021-12-05,65.8508604207
시어버터,성분,2021-12-12,64.9101338432
시어버터,성분,2021-12-19,72.4359464627
시어버터,성분,2021-12-26,71.4952198853
시어버터,성분,2022-01-02,69.6137667304
시어버터,성분,2022-01-09,71.4952198853
시어버터,성분,2022-01-16,68.673040153
시어버터,성분,2022-01-23,75.258126195
시어버터,성분,2022-01-30,75.258126195
시어버터,성분,2022-02-06,77.1395793499
시어버터,성분,2022-02-13,68.673040153
시어버터,성분,2022-02-20,79.0210325048
시어버터,성분,2022-02-27,68.673040153
시어버터,성분,2022-03-06,69.6137667304
시어버터,성분,2022-03-13,70.5544933078
시어버터,성분,2022-03-20,66.7915869981
시어버터,성분,2022-03-27,68.673040153
시어버터,성분,2022-04-03,68.673040153
시어버터,성분,2022-04-10,63.0286806883
시어버터,성분,2022-04-17,64.9101338432
시어버터,성분,2022-04-24,65.8508604207
시어버터,성분,2022-05-01,60.206500956
시어버터,성분,2022-05-08,61.1472275335
시어버터,성분,2022-05-15,62.0879541109
시어버터,성분,2022-05-22,57.3843212237
시어버터,성분,2022-05-29,62.0879541109
시어버터,성분,2022-06-05,63.0286806883
시어버터,성분,2022-06-12,56.4435946463
시어버터,성분,2022-06-19,59.2657743786
시어버터,성분,2022-06-26,62.0879541109
시어버터,성분,2022-07-03,63.0286806883
시어버터,성분,2022-07-10,66.7915869981
시어버터,성분,2022-07-17,63.0286806883
시어버터,성분,2022-07-24,63.0286806883
시어버터,성분,2022-07-31,68.673040153
시어버터,성분,2022-08-07,64.9101338432
시어버터,성분,2022-08-14,60.206500956
시어버터,성분,2022-08-21,58.3250478011
시어버터,성분,2022-08-28,55.5028680688
시어버터,성분,2022-09-04,55.5028680688
시어버터,성분,2022-09-11,54.5621414914
시어버터,성분,2022-09-18,55.5028680688
시어버터,성분,2022-09-25,57.3843212237
시어버터,성분,2022-10-02,55.5028680688
시어버터,성분,2022-10-09,57.3843212237
시어버터,성분,2022-10-16,59.2657743786
시어버터,성분,2022-10-23,53.621414914
시어버터,성분,2022-10-30,51.7399617591
시어버터,성분,2022-11-06,56.4435946463
시어버터,성분,2022-11-13,64.9101338432
시어버터,성분,2022-11-20,71.4952198853
시어버터,성분,2022-11-27,68.673040153
시어버터,성분,2022-12-04,68.673040153
시어버터,성분,2022-12-11,70.5544933078
시어버터,성분,2022-12-18,75.258126195
시어버터,성분,2022-12-25,79.9617590822
시어버터,성분,2023-01-01,70.5924871115
시어버터,성분,2023-01-08,67.768787627
시어버터,성분,2023-01-15,67.768787627
시어버터,성분,2023-01-22,67.768787627
시어버터,성분,2023-01-29,70.5924871115
시어버터,성분,2023-02-05,70.5924871115
시어버터,성분,2023-02-12,67.768787627
시어버터,성분,2023-02-19,67.768787627
시어버터,성분,2023-02-26,64.9450881425
시어버터,성분,2023-03-05,73.4161865959
시어버터,성분,2023-03-12,67.768787627
시어버터,성분,2023-03-19,67.768787627
시어버터,성분,2023-03-26,67.768787627
시어버터,성분,2023-04-02,67.768787627
시어버터,성분,2023-04-09,64.9450881425
시어버터,성분,2023-04-16,64.9450881425
시어버터,성분,2023-04-23,64.9450881425
시어버터,성분,2023-04-30,64.9450881425
시어버터,성분,2023-05-07,64.9450881425
시어버터,성분,2023-05-14,62.1213886581
시어버터,성분,2023-05-21,64.9450881425
시어버터,성분,2023-05-28,67.768787627
시어버터,성분,2023-06-04,67.768787627
시어버터,성분,2023-06-11,64.9450881425
시어버터,성분,2023-06-18,67.768787627
시어버터,성분,2023-06-25,67.768787627
시어버터,성분,2023-07-02,70.5924871115
시어버터,성분,2023-07-09,70.5924871115
시어버터,성분,2023-07-16,62.1213886581
시어버터,성분,2023-07-23,64.9450881425
시어버터,성분,2023-07-30,64.9450881425
시어버터,성분,2023-08-06,62.1213886581
시어버터,성분,2023-08-13,64.9450881425
시어버터,성분,2023-08-20,62.1213886581
시어버터,성분,2023-08-27,56.4739896892
시어버터,성분,2023-09-03,56.4739896892
시어버터,성분,2023-09-10,56.4739896892
시어버터,성분,2023-09-17,59.2976891736
시어버터,성분,2023-09-24,56.4739896892
시어버터,성분,2023-10-01,59.2976891736
시어버터,성분,2023-10-08,59.2976891736
시어버터,성분,2023-10-15,59.2976891736
시어버터,성분,2023-10-22,59.2976891736
시어버터,성분,2023-10-29,62.1213886581
시어버터,성분,2023-11-05,67.768787627
시어버터,성분,2023-11-12,70.5924871115
시어버터,성분,2023-11-19,67.768787627
시어버터,성분,2023-11-26,73.4161865959
시어버터,성분,2023-12-03,70.5924871115
시어버터,성분,2023-12-10,70.5924871115
시어버터,성분,2023-12-17,76.2398860804
시어버터,성분,2023-12-24,76.2398860804
시어버터,성분,2023-12-31,73.4161865959
시어버터,성분,2024-01-07,70.5924871115
시어버터,성분,2024-01-14,73.4161865959
시어버터,성분,2024-01-21,73.4161865959
시어버터,성분,2024-01-28,67.768787627
시어버터,성분,2024-02-04,64.9450881425
시어버터,성분,2024-02-11,62.1213886581
시어버터,성분,2024-02-18,73.4161865959
시어버터,성분,2024-02-25,70.5924871115
시어버터,성분,2024-03-03,62.1213886581
시어버터,성분,2024-03-10,67.768787627
시어버터,성분,2024-03-17,64.9450881425
시어버터,성분,2024-03-24,62.1213886581
시어버터,성분,2024-03-31,64.9450881425
시어버터,성분,2024-04-07,62.1213886581
시어버터,성분,2024-04-14,67.768787627
시어버터,성분,2024-04-21,64.9450881425
시어버터,성분,2024-04-28,62.1213886581
시어버터,성분,2024-05-05,62.1213886581
시어버터,성분,2024-05-12,62.1213886581
시어버터,성분,2024-05-19,62.1213886581
시어버터,성분,2024-05-26,64.9450881425
시어버터,성분,2024-06-02,62.1213886581
시어버터,성분,2024-06-09,62.1213886581
시어버터,성분,2024-06-16,62.1213886581
시어버터,성분,2024-06-23,67.768787627
시어버터,성분,2024-06-30,64.9450881425
시어버터,성분,2024-07-07,62.1213886581
시어버터,성분,2024-07-14,64.9450881425
시어버터,성분,2024-07-21,64.9450881425
시어버터,성분,2024-07-28,62.1213886581
시어버터,성분,2024-08-04,59.2976891736
시어버터,성분,2024-08-11,62.1213886581
시어버터,성분,2024-08-18,64.9450881425
시어버터,성분,2024-08-25,59.2976891736
시어버터,성분,2024-09-01,62.1213886581
시어버터,성분,2024-09-08,59.2976891736
시어버터,성분,2024-09-15,62.1213886581
시어버터,성분,2024-09-22,56.4739896892
시어버터,성분,2024-09-29,59.2976891736
시어버터,성분,2024-10-06,56.4739896892
시어버터,성분,2024-10-13,62.1213886581
시어버터,성분,2024-10-20,62.1213886581
시어버터,성분,2024-10-27,64.9450881425
시어버터,성분,2024-11-03,59.2976891736
시어버터,성분,2024-11-10,64.9450881425
시어버터,성분,2024-11-17,70.5924871115
시어버터,성분,2024-11-24,76.2398860804
시어버터,성분,2024-12-01,87.5346840182
시어버터,성분,2024-12-08,84.7109845337
시어버터,성분,2024-12-15,79.0635855648
시어버터,성분,2024-12-22,81.8872850493
시어버터,성분,2024-12-29,81.8872850493
시어버터,성분,2025-01-05,79.0635855648
시어버터,성분,2025-01-12,76.2398860804
시어버터,성분,2025-01-19,76.2398860804
시어버터,성분,2025-01-26,76.2398860804
시어버터,성분,2025-02-02,73.4161865959
시어버터,성분,2025-02-09,67.768787627
시어버터,성분,2025-02-16,76.2398860804
시어버터,성분,2025-02-23,73.4161865959
시어버터,성분,2025-03-02,67.768787627
시어버터,성분,2025-03-09,70.5924871115
시어버터,성분,2025-03-16,64.9450881425
시어버터,성분,2025-03-23,64.9450881425
시어버터,성분,2025-03-30,64.9450881425
시어버터,성분,2025-04-06,62.1213886581
시어버터,성분,2025-04-13,67.768787627
시어버터,성분,2025-04-20,62.1213886581
시어버터,성분,2025-04-27,64.9450881425
시어버터,성분,2025-05-04,67.768787627
시어버터,성분,2025-05-11,67.768787627
시어버터,성분,2025-05-18,64.9450881425
시어버터,성분,2025-05-25,64.9450881425
시어버터,성분,2025-06-01,67.768787627
시어버터,성분,2025-06-08,64.9450881425
시어버터,성분,2025-06-15,62.1213886581
시어버터,성분,2025-06-22,73.4161865959
시어버터,성분,2025-06-29,67.768787627
시어버터,성분,2025-07-06,73.4161865959
시어버터,성분,2025-07-13,76.2398860804
시어버터,성분,2025-07-20,87.5346840182
시어버터,성분,2025-07-27,96.0057824716
시어버터,성분,2025-08-03,70.5924871115
시어버터,성분,2025-08-10,67.768787627
시어버터,성분,2025-08-17,62.1213886581
시어버터,성분,2025-08-24,62.1213886581
시어버터,성분,2025-08-31,62.1213886581
시어버터,성분,2025-09-07,56.4739896892
시어버터,성분,2025-09-14,56.4739896892
시어버터,성분,2025-09-21,56.4739896892
시어버터,성분,2025-09-28,56.4739896892
시어버터,성분,2025-10-05,59.2976891736
시어버터,성분,2025-10-12,62.1213886581
시어버터,성분,2025-10-19,62.1213886581
시어버터,성분,2025-10-26,59.2976891736
시어버터,성분,2025-11-02,64.9450881425
시어버터,성분,2025-11-09,73.4161865959
시어버터,성분,2025-11-16,76.2398860804
시어버터,성분,2025-11-23,73.4161865959
시어버터,성분,2025-11-30,81.8872850493
시어버터,성분,2025-12-07,84.7109845337
시어버터,성분,2025-12-14,87.5346840182
시어버터,성분,2025-12-21,84.7109845337
시어버터,성분,2025-12-28,84.7109845337
시어버터,성분,2026-01-04,81.8872850493
시어버터,성분,2026-01-11,76.2398860804
시어버터,성분,2026-01-18,79.0635855648
시어버터,성분,2026-01-25,98.829481956
시어버터,성분,2026-02-01,96.0057824716
시어버터,성분,2026-02-08,87.5346840182
시어버터,성분,2026-02-15,87.5346840182
시어버터,성분,2026-02-22,79.0635855648
시어버터,성분,2026-03-01,76.2398860804
시어버터,성분,2026-03-08,79.0635855648
시어버터,성분,2026-03-15,87.5346840182
시어버터,성분,2026-03-22,129.8901762851
시어버터,성분,2026-03-29,197.6589639121
시어버터,성분,2026-04-05,265.4277515391
시어버터,성분,2026-04-12,282.3699484458
시어버터,성분,2026-04-19,203.306362881
시어버터,성분,2026-04-26,138.3612747384
시어버터,성분,2026-05-03,144.0086737074
시어버터,성분,2026-05-10,175.0693680364
시어버터,성분,2026-05-17,206.1300623654
시어버터,성분,2026-05-24,149.6560726763
시어버터,성분,2026-05-31,129.8901762851
시어버터,성분,2026-06-07,155.3034716452
시어버터,성분,2026-06-14,138.3612747384
시어버터,성분,2026-06-21,135.537575254
시어버터,성분,2026-06-28,90.3583835027
시어버터,성분,2026-07-05,87.5346840182
시어버터,성분,2026-07-12,73.4161865959
시어버터,성분,2026-07-19,70.5924871115
시어버터,성분,2026-07-26,62.1213886581
시어버터,성분,2026-08-02,62.1213886581
시어버터,성분,2026-08-09,64.9450881425
시어버터,성분,2026-08-16,64.9450881425
시어버터,성분,2026-08-23,62.1213886581
시어버터,성분,2026-08-30,64.9450881425
시어버터,성분,2026-09-06,62.1213886581
시어버터,성분,2026-09-13,53.6502902047
시어버터,성분,2026-09-20,56.4739896892
