keyword,category,period,ratio
나이아신아마이드,성분,2020-12-28,4.83342
나이아신아마이드,성분,2021-01-04,4.75102
나이아신아마이드,성분,2021-01-11,4.71169
나이아신아마이드,성분,2021-01-18,4.82406
나이아신아마이드,성분,2021-01-25,4.84466
나이아신아마이드,성분,2021-02-01,5.31657
나이아신아마이드,성분,2021-02-08,4.61993
나이아신아마이드,성분,2021-02-15,5.11994
나이아신아마이드,성분,2021-02-22,5.44579
나이아신아마이드,성분,2021-03-01,4.97013
나이아신아마이드,성분,2021-03-08,4.60495
나이아신아마이드,성분,2021-03-15,4.40832
나이아신아마이드,성분,2021-03-22,4.3821
나이아신아마이드,성분,2021-03-29,4.60308
나이아신아마이드,성분,2021-04-05,4.45326
나이아신아마이드,성분,2021-04-12,5.075
나이아신아마이드,성분,2021-04-19,4.68548
나이아신아마이드,성분,2021-04-26,4.57124
나이아신아마이드,성분,2021-05-03,4.34465
나이아신아마이드,성분,2021-05-10,4.57686
나이아신아마이드,성분,2021-05-17,4.67424
나이아신아마이드,성분,2021-05-24,5.10121
나이아신아마이드,성분,2021-05-31,4.99073
나이아신아마이드,성분,2021-06-07,4.87462
나이아신아마이드,성분,2021-06-14,4.42143
나이아신아마이드,성분,2021-06-21,4.3821
나이아신아마이드,성분,2021-06-28,4.42892
나이아신아마이드,성분,2021-07-05,4.97949
나이아신아마이드,성분,2021-07-12,4.53004
나이아신아마이드,성분,2021-07-19,4.55813
나이아신아마이드,성분,2021-07-26,4.85027
나이아신아마이드,성분,2021-08-02,4.95327
나이아신아마이드,성분,2021-08-09,5.13118
나이아신아마이드,성분,2021-08-16,5.32406
나이아신아마이드,성분,2021-08-23,4.82031
나이아신아마이드,성분,2021-08-30,4.57124
나이아신아마이드,성분,2021-09-06,4.55626
나이아신아마이드,성분,2021-09-13,4.15738
나이아신아마이드,성분,2021-09-20,5.90085
나이아신아마이드,성분,2021-09-27,4.63491
나이아신아마이드,성분,2021-10-04,5.08623
나이아신아마이드,성분,2021-10-11,4.8072
나이아신아마이드,성분,2021-10-18,3.89894
나이아신아마이드,성분,2021-10-25,4.07685
나이아신아마이드,성분,2021-11-01,4.11805
나이아신아마이드,성분,2021-11-08,3.87647
나이아신아마이드,성분,2021-11-15,4.38397
나이아신아마이드,성분,2021-11-22,3.89894
나이아신아마이드,성분,2021-11-29,3.93827
나이아신아마이드,성분,2021-12-06,4.08434
나이아신아마이드,성분,2021-12-13,3.72853
나이아신아마이드,성분,2021-12-20,3.67235
나이아신아마이드,성분,2021-12-27,3.854
나이아신아마이드,성분,2022-01-03,4.4851
나이아신아마이드,성분,2022-01-10,4.33715
나이아신아마이드,성분,2022-01-17,4.43828
나이아신아마이드,성분,2022-01-24,3.84838
나이아신아마이드,성분,2022-01-31,4.65551
나이아신아마이드,성분,2022-02-07,4.9308
나이아신아마이드,성분,2022-02-14,6.27727
나이아신아마이드,성분,2022-02-21,5.29036
나이아신아마이드,성분,2022-02-28,5.02256
나이아신아마이드,성분,2022-03-07,4.71918
나이아신아마이드,성분,2022-03-14,4.52068
나이아신아마이드,성분,2022-03-21,4.39895
나이아신아마이드,성분,2022-03-28,4.62368
나이아신아마이드,성분,2022-04-04,4.56562
나이아신아마이드,성분,2022-04-11,4.91956
나이아신아마이드,성분,2022-04-18,4.61619
나이아신아마이드,성분,2022-04-25,4.53379
나이아신아마이드,성분,2022-05-02,5.31283
나이아신아마이드,성분,2022-05-09,5.10121
나이아신아마이드,성분,2022-05-16,5.15552
나이아신아마이드,성분,2022-05-23,5.22856
나이아신아마이드,성분,2022-05-30,5.65179
나이아신아마이드,성분,2022-06-06,6.47577
나이아신아마이드,성분,2022-06-13,5.41021
나이아신아마이드,성분,2022-06-20,4.96825
나이아신아마이드,성분,2022-06-27,4.64802
나이아신아마이드,성분,2022-07-04,4.77349
나이아신아마이드,성분,2022-07-11,4.44015
나이아신아마이드,성분,2022-07-18,6.46641
나이아신아마이드,성분,2022-07-25,6.34468
나이아신아마이드,성분,2022-08-01,5.47388
나이아신아마이드,성분,2022-08-08,8.37843
나이아신아마이드,성분,2022-08-15,6.57128
나이아신아마이드,성분,2022-08-22,5.65179
나이아신아마이드,성분,2022-08-29,5.36901
나이아신아마이드,성분,2022-09-05,5.01882
나이아신아마이드,성분,2022-09-12,5.89336
나이아신아마이드,성분,2022-09-19,5.41208
나이아신아마이드,성분,2022-09-26,5.09747
나이아신아마이드,성분,2022-10-03,4.65364
나이아신아마이드,성분,2022-10-10,4.68922
나이아신아마이드,성분,2022-10-17,4.75102
나이아신아마이드,성분,2022-10-24,4.99447
나이아신아마이드,성분,2022-10-31,4.94391
나이아신아마이드,성분,2022-11-07,5.10121
나이아신아마이드,성분,2022-11-14,5.31845
나이아신아마이드,성분,2022-11-21,5.24167
나이아신아마이드,성분,2022-11-28,4.98511
나이아신아마이드,성분,2022-12-05,5.38212
나이아신아마이드,성분,2022-12-12,4.88585
나이아신아마이드,성분,2022-12-19,4.37461
나이아신아마이드,성분,2022-12-26,12.81671
나이아신아마이드,성분,2023-01-02,15.46283
나이아신아마이드,성분,2023-01-09,9.28294
나이아신아마이드,성분,2023-01-16,8.82788
나이아신아마이드,성분,2023-01-23,8.67244
나이아신아마이드,성분,2023-01-30,8.98144
나이아신아마이드,성분,2023-02-06,9.02076
나이아신아마이드,성분,2023-02-13,7.74546
나이아신아마이드,성분,2023-02-20,7.57879
나이아신아마이드,성분,2023-02-27,8.21363
나이아신아마이드,성분,2023-03-06,7.80351
나이아신아마이드,성분,2023-03-13,8.37656
나이아신아마이드,성분,2023-03-20,25.38998
나이아신아마이드,성분,2023-03-27,18.69323
나이아신아마이드,성분,2023-04-03,16.24374
나이아신아마이드,성분,2023-04-10,16.86548
나이아신아마이드,성분,2023-04-17,17.10706
나이아신아마이드,성분,2023-04-24,19.71385
나이아신아마이드,성분,2023-05-01,16.61454
나이아신아마이드,성분,2023-05-08,15.01338
나이아신아마이드,성분,2023-05-15,14.14445
나이아신아마이드,성분,2023-05-22,13.38414
나이아신아마이드,성분,2023-05-29,13.5995
나이아신아마이드,성분,2023-06-05,14.00213
나이아신아마이드,성분,2023-06-12,14.58079
나이아신아마이드,성분,2023-06-19,15.33362
나이아신아마이드,성분,2023-06-26,16.2194
나이아신아마이드,성분,2023-07-03,17.8037
나이아신아마이드,성분,2023-07-10,16.7269
나이아신아마이드,성분,2023-07-17,14.67255
나이아신아마이드,성분,2023-07-24,13.16316
나이아신아마이드,성분,2023-07-31,14.43098
나이아신아마이드,성분,2023-08-07,18.5172
나이아신아마이드,성분,2023-08-14,18.81121
나이아신아마이드,성분,2023-08-21,19.079
나이아신아마이드,성분,2023-08-28,19.92546
나이아신아마이드,성분,2023-09-04,20.20262
나이아신아마이드,성분,2023-09-11,16.76061
나이아신아마이드,성분,2023-09-18,15.16695
나이아신아마이드,성분,2023-09-25,13.1332
나이아신아마이드,성분,2023-10-02,16.14636
나이아신아마이드,성분,2023-10-09,16.18944
나이아신아마이드,성분,2023-10-16,15.47219
나이아신아마이드,성분,2023-10-23,15.44972
나이아신아마이드,성분,2023-10-30,15.94973
나이아신아마이드,성분,2023-11-06,14.95346
나이아신아마이드,성분,2023-11-13,14.8411
나이아신아마이드,성분,2023-11-20,15.86359
나이아신아마이드,성분,2023-11-27,16.02839
나이아신아마이드,성분,2023-12-04,15.84112
나이아신아마이드,성분,2023-12-11,14.95346
나이아신아마이드,성분,2023-12-18,12.08449
나이아신아마이드,성분,2023-12-25,13.08826
나이아신아마이드,성분,2024-01-01,15.9722
나이아신아마이드,성분,2024-01-08,16.56585
나이아신아마이드,성분,2024-01-15,16.90293
나이아신아마이드,성분,2024-01-22,16.8299
나이아신아마이드,성분,2024-01-29,17.13327
나이아신아마이드,성분,2024-02-05,15.85422
나이아신아마이드,성분,2024-02-12,20.22697
나이아신아마이드,성분,2024-02-19,19.39362
나이아신아마이드,성분,2024-02-26,18.71196
나이아신아마이드,성분,2024-03-04,17.66512
나이아신아마이드,성분,2024-03-11,16.62577
나이아신아마이드,성분,2024-03-18,17.35987
나이아신아마이드,성분,2024-03-25,16.4797
나이아신아마이드,성분,2024-04-01,15.31863
나이아신아마이드,성분,2024-04-08,15.74186
나이아신아마이드,성분,2024-04-15,15.90104
나이아신아마이드,성분,2024-04-22,17.06024
나이아신아마이드,성분,2024-04-29,17.61643
나이아신아마이드,성분,2024-05-06,18.68761
나이아신아마이드,성분,2024-05-13,17.93104
나이아신아마이드,성분,2024-05-20,17.9067
나이아신아마이드,성분,2024-05-27,17.01904
나이아신아마이드,성분,2024-06-03,17.12578
나이아신아마이드,성분,2024-06-10,15.94599
나이아신아마이드,성분,2024-06-17,18.3318
나이아신아마이드,성분,2024-06-24,15.53025
나이아신아마이드,성분,2024-07-01,17.45538
나이아신아마이드,성분,2024-07-08,17.13515
나이아신아마이드,성분,2024-07-15,15.4441
나이아신아마이드,성분,2024-07-22,17.96475
나이아신아마이드,성분,2024-07-29,15.01526
나이아신아마이드,성분,2024-08-05,15.85422
나이아신아마이드,성분,2024-08-12,16.71192
나이아신아마이드,성분,2024-08-19,15.80553
나이아신아마이드,성분,2024-08-26,15.82801
나이아신아마이드,성분,2024-09-02,15.29991
나이아신아마이드,성분,2024-09-09,13.39538
나이아신아마이드,성분,2024-09-16,13.92348
나이아신아마이드,성분,2024-09-23,16.70255
나이아신아마이드,성분,2024-09-30,14.75495
나이아신아마이드,성분,2024-10-07,14.6763
나이아신아마이드,성분,2024-10-14,17.09395
나이아신아마이드,성분,2024-10-21,17.73628
나이아신아마이드,성분,2024-10-28,17.72317
나이아신아마이드,성분,2024-11-04,17.26998
나이아신아마이드,성분,2024-11-11,19.86928
나이아신아마이드,성분,2024-11-18,15.31302
나이아신아마이드,성분,2024-11-25,15.84299
나이아신아마이드,성분,2024-12-02,17.33553
나이아신아마이드,성분,2024-12-09,16.11453
나이아신아마이드,성분,2024-12-16,16.17071
나이아신아마이드,성분,2024-12-23,18.95728
나이아신아마이드,성분,2024-12-30,18.75503
나이아신아마이드,성분,2025-01-06,19.61085
나이아신아마이드,성분,2025-01-13,20.50412
나이아신아마이드,성분,2025-01-20,18.12768
나이아신아마이드,성분,2025-01-27,21.47043
나이아신아마이드,성분,2025-02-03,21.63898
나이아신아마이드,성분,2025-02-10,19.32433
나이아신아마이드,성분,2025-02-17,20.08464
나이아신아마이드,성분,2025-02-24,22.64274
나이아신아마이드,성분,2025-03-03,23.18395
나이아신아마이드,성분,2025-03-10,23.64276
나이아신아마이드,성분,2025-03-17,21.93112
나이아신아마이드,성분,2025-03-24,26.03606
나이아신아마이드,성분,2025-03-31,24.17461
나이아신아마이드,성분,2025-04-07,21.85059
나이아신아마이드,성분,2025-04-14,21.42924
나이아신아마이드,성분,2025-04-21,21.70078
나이아신아마이드,성분,2025-04-28,20.52285
나이아신아마이드,성분,2025-05-05,21.08091
나이아신아마이드,성분,2025-05-12,19.13518
나이아신아마이드,성분,2025-05-19,19.84119
나이아신아마이드,성분,2025-05-26,20.81125
나이아신아마이드,성분,2025-06-02,22.33187
나이아신아마이드,성분,2025-06-09,23.61654
나이아신아마이드,성분,2025-06-16,34.99691
나이아신아마이드,성분,2025-06-23,27.84134
나이아신아마이드,성분,2025-06-30,22.83188
나이아신아마이드,성분,2025-07-07,20.93672
나이아신아마이드,성분,2025-07-14,23.50793
나이아신아마이드,성분,2025-07-21,23.12028
나이아신아마이드,성분,2025-07-28,20.86181
나이아신아마이드,성분,2025-08-04,24.43116
나이아신아마이드,성분,2025-08-11,29.52302
나이아신아마이드,성분,2025-08-18,24.38622
나이아신아마이드,성분,2025-08-25,25.06788
나이아신아마이드,성분,2025-09-01,24.55102
나이아신아마이드,성분,2025-09-08,23.39182
나이아신아마이드,성분,2025-09-15,25.34129
나이아신아마이드,성분,2025-09-22,20.97792
나이아신아마이드,성분,2025-09-29,18.38985
나이아신아마이드,성분,2025-10-06,22.61091
나이아신아마이드,성분,2025-10-13,22.03224
나이아신아마이드,성분,2025-10-20,19.47789
나이아신아마이드,성분,2025-10-27,19.17638
나이아신아마이드,성분,2025-11-03,19.46103
나이아신아마이드,성분,2025-11-10,19.09773
나이아신아마이드,성분,2025-11-17,18.7569
나이아신아마이드,성분,2025-11-24,18.94042
나이아신아마이드,성분,2025-12-01,21.14646
나이아신아마이드,성분,2025-12-08,20.03033
나이아신아마이드,성분,2025-12-15,17.24751
나이아신아마이드,성분,2025-12-22,15.58268
나이아신아마이드,성분,2025-12-29,17.09582
나이아신아마이드,성분,2026-01-05,19.69887
나이아신아마이드,성분,2026-01-12,18.02655
나이아신아마이드,성분,2026-01-19,18.0303
나이아신아마이드,성분,2026-01-26,19.11833
나이아신아마이드,성분,2026-02-02,20.48165
나이아신아마이드,성분,2026-02-09,19.56965
나이아신아마이드,성분,2026-02-16,23.39744
나이아신아마이드,성분,2026-02-23,23.16335
나이아신아마이드,성분,2026-03-02,24.88248
나이아신아마이드,성분,2026-03-09,21.23635
나이아신아마이드,성분,2026-03-16,19.7513
나이아신아마이드,성분,2026-03-23,19.70261
나이아신아마이드,성분,2026-03-30,21.39365
나이아신아마이드,성분,2026-04-06,24.21019
나이아신아마이드,성분,2026-04-13,24.24577
나이아신아마이드,성분,2026-04-20,24.8469
나이아신아마이드,성분,2026-04-27,24.26824
나이아신아마이드,성분,2026-05-04,23.79258
나이아신아마이드,성분,2026-05-11,24.44802
나이아신아마이드,성분,2026-05-18,24.38622
나이아신아마이드,성분,2026-05-25,29.50617
나이아신아마이드,성분,2026-06-01,32.37326
나이아신아마이드,성분,2026-06-08,28.09228
나이아신아마이드,성분,2026-06-15,29.24773
나이아신아마이드,성분,2026-06-22,39.02694
나이아신아마이드,성분,2026-06-29,59.17526
나이아신아마이드,성분,2026-07-06,34.25719
나이아신아마이드,성분,2026-07-13,32.79836
나이아신아마이드,성분,2026-07-20,32.74405
나이아신아마이드,성분,2026-07-27,30.31891
나이아신아마이드,성분,2026-08-03,28.91627
나이아신아마이드,성분,2026-08-10,27.52111
나이아신아마이드,성분,2026-08-17,24.92181
나이아신아마이드,성분,2026-08-24,30.0455
나이아신아마이드,성분,2026-08-31,41.39028
나이아신아마이드,성분,2026-09-07,29.21028
나이아신아마이드,성분,2026-09-14,25.41058
나이아신아마이드,성분,2026-09-21,24.95926
나이아신아마이드,성분,2026-09-28,4.17236
PDRN,성분,2020-12-28,1.21912
PDRN,성분,2021-01-04,1.60302
PDRN,성분,2021-01-11,1.60677
PDRN,성분,2021-01-18,1.47568
PDRN,성분,2021-01-25,1.6592
PDRN,성분,2021-02-01,1.61988
PDRN,성분,2021-02-08,1.09178
PDRN,성분,2021-02-15,1.515
PDRN,성분,2021-02-22,1.48317
PDRN,성분,2021-03-01,1.30901
PDRN,성분,2021-03-08,1.59179
PDRN,성분,2021-03-15,1.55246
PDRN,성분,2021-03-22,1.67418
PDRN,성분,2021-03-29,1.64984
PDRN,성분,2021-04-05,1.65171
PDRN,성분,2021-04-12,1.52811
PDRN,성분,2021-04-19,1.4401
PDRN,성분,2021-04-26,1.41013
PDRN,성분,2021-05-03,1.24534
PDRN,성분,2021-05-10,1.49066
PDRN,성분,2021-05-17,1.44384
PDRN,성분,2021-05-24,1.41201
PDRN,성분,2021-05-31,1.52999
PDRN,성분,2021-06-07,1.50751
PDRN,성분,2021-06-14,1.38579
PDRN,성분,2021-06-21,1.42137
PDRN,성분,2021-06-28,1.23597
PDRN,성분,2021-07-05,1.42324
PDRN,성분,2021-07-12,1.34459
PDRN,성분,2021-07-19,1.38579
PDRN,성분,2021-07-26,1.47381
PDRN,성분,2021-08-02,1.37081
PDRN,성분,2021-08-09,1.37455
PDRN,성분,2021-08-16,1.41762
PDRN,성분,2021-08-23,1.58617
PDRN,성분,2021-08-30,1.69104
PDRN,성분,2021-09-06,1.4607
PDRN,성분,2021-09-13,1.61988
PDRN,성분,2021-09-20,1.00189
PDRN,성분,2021-09-27,1.71726
PDRN,성분,2021-10-04,1.5019
PDRN,성분,2021-10-11,1.48317
PDRN,성분,2021-10-18,1.72475
PDRN,성분,2021-10-25,1.85396
PDRN,성분,2021-11-01,2.00191
PDRN,성분,2021-11-08,2.05809
PDRN,성분,2021-11-15,2.09929
PDRN,성분,2021-11-22,1.721
PDRN,성분,2021-11-29,1.84273
PDRN,성분,2021-12-06,1.54684
PDRN,성분,2021-12-13,1.79591
PDRN,성분,2021-12-20,1.50751
PDRN,성분,2021-12-27,1.64797
PDRN,성분,2022-01-03,1.97381
PDRN,성분,2022-01-10,2.74349
PDRN,성분,2022-01-17,2.27719
PDRN,성분,2022-01-24,1.83149
PDRN,성분,2022-01-31,1.13672
PDRN,성분,2022-02-07,1.69104
PDRN,성분,2022-02-14,2.00752
PDRN,성분,2022-02-21,1.6592
PDRN,성분,2022-02-28,1.55995
PDRN,성분,2022-03-07,1.56931
PDRN,성분,2022-03-14,1.83336
PDRN,성분,2022-03-21,1.90265
PDRN,성분,2022-03-28,1.79591
PDRN,성분,2022-04-04,1.85022
PDRN,성분,2022-04-11,1.88393
PDRN,성분,2022-04-18,2.38206
PDRN,성분,2022-04-25,2.42326
PDRN,성분,2022-05-02,2.14236
PDRN,성분,2022-05-09,2.11801
PDRN,성분,2022-05-16,2.16857
PDRN,성분,2022-05-23,2.19105
PDRN,성분,2022-05-30,1.99441
PDRN,성분,2022-06-06,1.84085
PDRN,성분,2022-06-13,2.01127
PDRN,성분,2022-06-20,2.23225
PDRN,성분,2022-06-27,1.73598
PDRN,성분,2022-07-04,1.99067
PDRN,성분,2022-07-11,2.13861
PDRN,성분,2022-07-18,2.33712
PDRN,성분,2022-07-25,2.78844
PDRN,성분,2022-08-01,2.73975
PDRN,성분,2022-08-08,2.90267
PDRN,성분,2022-08-15,3.39144
PDRN,성분,2022-08-22,2.69667
PDRN,성분,2022-08-29,2.68918
PDRN,성분,2022-09-05,2.16483
PDRN,성분,2022-09-12,2.58244
PDRN,성분,2022-09-19,2.51315
PDRN,성분,2022-09-26,2.45322
PDRN,성분,2022-10-03,3.15923
PDRN,성분,2022-10-10,2.27345
PDRN,성분,2022-10-17,2.15359
PDRN,성분,2022-10-24,2.00378
PDRN,성분,2022-10-31,1.99067
PDRN,성분,2022-11-07,2.15172
PDRN,성분,2022-11-14,2.49442
PDRN,성분,2022-11-21,1.94011
PDRN,성분,2022-11-28,2.45697
PDRN,성분,2022-12-05,2.62364
PDRN,성분,2022-12-12,2.71915
PDRN,성분,2022-12-19,2.77907
PDRN,성분,2022-12-26,3.11054
PDRN,성분,2023-01-02,2.88956
PDRN,성분,2023-01-09,3.13863
PDRN,성분,2023-01-16,2.54124
PDRN,성분,2023-01-23,2.30341
PDRN,성분,2023-01-30,3.4701
PDRN,성분,2023-02-06,3.48321
PDRN,성분,2023-02-13,3.34275
PDRN,성분,2023-02-20,3.17234
PDRN,성분,2023-02-27,2.30528
PDRN,성분,2023-03-06,3.17421
PDRN,성분,2023-03-13,3.20417
PDRN,성분,2023-03-20,3.65175
PDRN,성분,2023-03-27,2.99256
PDRN,성분,2023-04-03,3.35774
PDRN,성분,2023-04-10,2.96447
PDRN,성분,2023-04-17,3.20043
PDRN,성분,2023-04-24,2.94574
PDRN,성분,2023-05-01,2.42888
PDRN,성분,2023-05-08,6.44394
PDRN,성분,2023-05-15,3.23601
PDRN,성분,2023-05-22,3.35961
PDRN,성분,2023-05-29,2.90267
PDRN,성분,2023-06-05,3.02627
PDRN,성분,2023-06-12,3.5113
PDRN,성분,2023-06-19,3.12552
PDRN,성분,2023-06-26,2.98882
PDRN,성분,2023-07-03,2.84462
PDRN,성분,2023-07-10,3.37646
PDRN,성분,2023-07-17,3.11803
PDRN,성분,2023-07-24,3.17796
PDRN,성분,2023-07-31,3.27721
PDRN,성분,2023-08-07,3.11616
PDRN,성분,2023-08-14,2.81091
PDRN,성분,2023-08-21,3.30155
PDRN,성분,2023-08-28,3.2229
PDRN,성분,2023-09-04,3.16298
PDRN,성분,2023-09-11,3.57122
PDRN,성분,2023-09-18,3.48133
PDRN,성분,2023-09-25,2.52813
PDRN,성분,2023-10-02,3.03751
PDRN,성분,2023-10-09,2.96634
PDRN,성분,2023-10-16,3.46635
PDRN,성분,2023-10-23,3.52066
PDRN,성분,2023-10-30,3.14987
PDRN,성분,2023-11-06,3.44201
PDRN,성분,2023-11-13,3.53751
PDRN,성분,2023-11-20,4.06749
PDRN,성분,2023-11-27,3.43826
PDRN,성분,2023-12-04,3.13676
PDRN,성분,2023-12-11,2.92327
PDRN,성분,2023-12-18,2.89331
PDRN,성분,2023-12-25,2.82964
PDRN,성분,2024-01-01,8.11063
PDRN,성분,2024-01-08,7.80538
PDRN,성분,2024-01-15,8.88031
PDRN,성분,2024-01-22,10.70993
PDRN,성분,2024-01-29,9.35972
PDRN,성분,2024-02-05,6.82971
PDRN,성분,2024-02-12,8.30165
PDRN,성분,2024-02-19,9.15372
PDRN,성분,2024-02-26,8.5657
PDRN,성분,2024-03-04,8.98331
PDRN,성분,2024-03-11,9.24549
PDRN,성분,2024-03-18,9.06009
PDRN,성분,2024-03-25,11.40845
PDRN,성분,2024-04-01,12.31296
PDRN,성분,2024-04-08,10.7942
PDRN,성분,2024-04-15,8.74548
PDRN,성분,2024-04-22,9.23238
PDRN,성분,2024-04-29,8.6069
PDRN,성분,2024-05-06,9.29043
PDRN,성분,2024-05-13,8.2773
PDRN,성분,2024-05-20,8.17243
PDRN,성분,2024-05-27,8.17243
PDRN,성분,2024-06-03,6.9608
PDRN,성분,2024-06-10,7.18552
PDRN,성분,2024-06-17,7.80164
PDRN,성분,2024-06-24,7.21549
PDRN,성분,2024-07-01,7.56755
PDRN,성분,2024-07-08,7.04133
PDRN,성분,2024-07-15,8.04883
PDRN,성분,2024-07-22,7.68928
PDRN,성분,2024-07-29,7.49264
PDRN,성분,2024-08-05,7.74171
PDRN,성분,2024-08-12,7.46455
PDRN,성분,2024-08-19,7.78666
PDRN,성분,2024-08-26,7.56943
PDRN,성분,2024-09-02,8.10314
PDRN,성분,2024-09-09,10.07134
PDRN,성분,2024-09-16,7.42335
PDRN,성분,2024-09-23,8.93836
PDRN,성분,2024-09-30,8.22487
PDRN,성분,2024-10-07,8.30352
PDRN,성분,2024-10-14,8.00951
PDRN,성분,2024-10-21,7.63497
PDRN,성분,2024-10-28,8.79604
PDRN,성분,2024-11-04,10.66873
PDRN,성분,2024-11-11,10.62566
PDRN,성분,2024-11-18,10.51892
PDRN,성분,2024-11-25,9.79419
PDRN,성분,2024-12-02,11.03578
PDRN,성분,2024-12-09,11.03765
PDRN,성분,2024-12-16,10.07696
PDRN,성분,2024-12-23,8.98331
PDRN,성분,2024-12-30,10.10318
PDRN,성분,2025-01-06,13.49276
PDRN,성분,2025-01-13,17.90108
PDRN,성분,2025-01-20,14.76993
PDRN,성분,2025-01-27,14.88042
PDRN,성분,2025-02-03,16.3636
PDRN,성분,2025-02-10,15.24373
PDRN,성분,2025-02-17,13.23994
PDRN,성분,2025-02-24,14.62386
PDRN,성분,2025-03-03,15.37481
PDRN,성분,2025-03-10,12.47776
PDRN,성분,2025-03-17,11.65752
PDRN,성분,2025-03-24,11.96089
PDRN,성분,2025-03-31,13.07702
PDRN,성분,2025-04-07,15.14447
PDRN,성분,2025-04-14,16.0958
PDRN,성분,2025-04-21,22.10341
PDRN,성분,2025-04-28,11.7755
PDRN,성분,2025-05-05,11.47774
PDRN,성분,2025-05-12,13.9628
PDRN,성분,2025-05-19,15.10702
PDRN,성분,2025-05-26,14.38416
PDRN,성분,2025-06-02,11.83355
PDRN,성분,2025-06-09,10.77548
PDRN,성분,2025-06-16,10.40094
PDRN,성분,2025-06-23,19.80748
PDRN,성분,2025-06-30,11.43279
PDRN,성분,2025-07-07,10.59195
PDRN,성분,2025-07-14,9.10691
PDRN,성분,2025-07-21,9.92527
PDRN,성분,2025-07-28,11.75677
PDRN,성분,2025-08-04,11.53579
PDRN,성분,2025-08-11,11.41032
PDRN,성분,2025-08-18,12.72121
PDRN,성분,2025-08-25,16.137
PDRN,성분,2025-09-01,16.03026
PDRN,성분,2025-09-08,20.92548
PDRN,성분,2025-09-15,12.39161
PDRN,성분,2025-09-22,13.07702
PDRN,성분,2025-09-29,12.41221
PDRN,성분,2025-10-06,12.8111
PDRN,성분,2025-10-13,10.43277
PDRN,성분,2025-10-20,15.74561
PDRN,성분,2025-10-27,16.29431
PDRN,성분,2025-11-03,15.43661
PDRN,성분,2025-11-10,100
PDRN,성분,2025-11-17,51.45414
PDRN,성분,2025-11-24,21.55096
PDRN,성분,2025-12-01,22.03973
PDRN,성분,2025-12-08,18.064
PDRN,성분,2025-12-15,17.17447
PDRN,성분,2025-12-22,13.54332
PDRN,성분,2025-12-29,14.51525
PDRN,성분,2026-01-05,17.74565
PDRN,성분,2026-01-12,17.4198
PDRN,성분,2026-01-19,18.74754
PDRN,성분,2026-01-26,17.42541
PDRN,성분,2026-02-02,15.11451
PDRN,성분,2026-02-09,15.31863
PDRN,성분,2026-02-16,15.07518
PDRN,성분,2026-02-23,15.86172
PDRN,성분,2026-03-02,16.16135
PDRN,성분,2026-03-09,12.95717
PDRN,성분,2026-03-16,12.43468
PDRN,성분,2026-03-23,36.12427
PDRN,성분,2026-03-30,22.17269
PDRN,성분,2026-04-06,14.48528
PDRN,성분,2026-04-13,12.37476
PDRN,성분,2026-04-20,11.75115
PDRN,성분,2026-04-27,12.10322
PDRN,성분,2026-05-04,11.47587
PDRN,성분,2026-05-11,11.78673
PDRN,성분,2026-05-18,10.8766
PDRN,성분,2026-05-25,11.11444
PDRN,성분,2026-06-01,12.08824
PDRN,성분,2026-06-08,12.09573
PDRN,성분,2026-06-15,10.75301
PDRN,성분,2026-06-22,10.87286
PDRN,성분,2026-06-29,15.5677
PDRN,성분,2026-07-06,14.42723
PDRN,성분,2026-07-13,14.87481
PDRN,성분,2026-07-20,16.42914
PDRN,성분,2026-07-27,10.61817
PDRN,성분,2026-08-03,10.91968
PDRN,성분,2026-08-10,9.94775
PDRN,성분,2026-08-17,9.98707
PDRN,성분,2026-08-24,10.72117
PDRN,성분,2026-08-31,17.9891
PDRN,성분,2026-09-07,11.39159
PDRN,성분,2026-09-14,9.71179
PDRN,성분,2026-09-21,10.77735
PDRN,성분,2026-09-28,1.50377
판테놀,성분,2020-12-28,3.10492
판테놀,성분,2021-01-04,3.70231
판테놀,성분,2021-01-11,3.97947
판테놀,성분,2021-01-18,3.63864
판테놀,성분,2021-01-25,3.34463
판테놀,성분,2021-02-01,3.39332
판테놀,성분,2021-02-08,2.92327
판테놀,성분,2021-02-15,3.57684
판테놀,성분,2021-02-22,4.63117
판테놀,성분,2021-03-01,5.83344
판테놀,성분,2021-03-08,5.20983
판테놀,성분,2021-03-15,4.29783
판테놀,성분,2021-03-22,3.94576
판테놀,성분,2021-03-29,4.63117
판테놀,성분,2021-04-05,3.40268
판테놀,성분,2021-04-12,3.5113
판테놀,성분,2021-04-19,3.32403
판테놀,성분,2021-04-26,3.45137
판테놀,성분,2021-05-03,2.83525
판테놀,성분,2021-05-10,4.30906
판테놀,성분,2021-05-17,2.80155
판테놀,성분,2021-05-24,3.16298
판테놀,성분,2021-05-31,2.94574
판테놀,성분,2021-06-07,4.34277
판테놀,성분,2021-06-14,2.55997
판테놀,성분,2021-06-21,2.54499
판테놀,성분,2021-06-28,2.68731
판테놀,성분,2021-07-05,2.79218
판테놀,성분,2021-07-12,5.0132
판테놀,성분,2021-07-19,3.0038
판테놀,성분,2021-07-26,3.02252
판테놀,성분,2021-08-02,3.1817
판테놀,성분,2021-08-09,3.62366
판테놀,성분,2021-08-16,4.23416
판테놀,성분,2021-08-23,3.27159
판테놀,성분,2021-08-30,4.07123
판테놀,성분,2021-09-06,4.51506
판테놀,성분,2021-09-13,3.75849
판테놀,성분,2021-09-20,4.0731
판테놀,성분,2021-09-27,3.85587
판테놀,성분,2021-10-04,3.53751
판테놀,성분,2021-10-11,4.0806
판테놀,성분,2021-10-18,3.76786
판테놀,성분,2021-10-25,3.78284
판테놀,성분,2021-11-01,4.36899
판테놀,성분,2021-11-08,3.6892
판테놀,성분,2021-11-15,3.49257
판테놀,성분,2021-11-22,3.53751
판테놀,성분,2021-11-29,4.04314
판테놀,성분,2021-12-06,4.35026
판테놀,성분,2021-12-13,3.68546
판테놀,성분,2021-12-20,3.44763
판테놀,성분,2021-12-27,3.47384
판테놀,성분,2022-01-03,4.41394
판테놀,성분,2022-01-10,4.28285
판테놀,성분,2022-01-17,4.33154
판테놀,성분,2022-01-24,3.86711
판테놀,성분,2022-01-31,4.16299
판테놀,성분,2022-02-07,4.32592
판테놀,성분,2022-02-14,4.16299
판테놀,성분,2022-02-21,4.22667
판테놀,성분,2022-02-28,4.1143
판테놀,성분,2022-03-07,5.85216
판테놀,성분,2022-03-14,5.06189
판테놀,성분,2022-03-21,4.88773
판테놀,성분,2022-03-28,3.69857
판테놀,성분,2022-04-04,4.22292
판테놀,성분,2022-04-11,3.97947
판테놀,성분,2022-04-18,3.97011
판테놀,성분,2022-04-25,3.44763
판테놀,성분,2022-05-02,3.76598
판테놀,성분,2022-05-09,4.0731
판테놀,성분,2022-05-16,3.85213
판테놀,성분,2022-05-23,3.84838
판테놀,성분,2022-05-30,4.13678
판테놀,성분,2022-06-06,3.82216
판테놀,성분,2022-06-13,3.70231
판테놀,성분,2022-06-20,3.2023
판테놀,성분,2022-06-27,3.17608
판테놀,성분,2022-07-04,3.56935
판테놀,성분,2022-07-11,3.65362
판테놀,성분,2022-07-18,3.43077
판테놀,성분,2022-07-25,3.30155
판테놀,성분,2022-08-01,3.21167
판테놀,성분,2022-08-08,3.58059
판테놀,성분,2022-08-15,3.67422
판테놀,성분,2022-08-22,3.81842
판테놀,성분,2022-08-29,4.17423
판테놀,성분,2022-09-05,4.15363
판테놀,성분,2022-09-12,5.97951
판테놀,성분,2022-09-19,4.84278
판테놀,성분,2022-09-26,4.99073
판테놀,성분,2022-10-03,4.45326
판테놀,성분,2022-10-10,4.88585
판테놀,성분,2022-10-17,8.47206
판테놀,성분,2022-10-24,5.15365
판테놀,성분,2022-10-31,4.99073
판테놀,성분,2022-11-07,5.74917
판테놀,성분,2022-11-14,5.1499
판테놀,성분,2022-11-21,5.05252
판테놀,성분,2022-11-28,5.27912
판테놀,성분,2022-12-05,5.50384
판테놀,성분,2022-12-12,4.91394
판테놀,성분,2022-12-19,4.59371
판테놀,성분,2022-12-26,4.78286
판테놀,성분,2023-01-02,5.50197
판테놀,성분,2023-01-09,5.02256
판테놀,성분,2023-01-16,4.65739
판테놀,성분,2023-01-23,5.25852
판테놀,성분,2023-01-30,6.0076
판테놀,성분,2023-02-06,5.87651
판테놀,성분,2023-02-13,5.43268
판테놀,성분,2023-02-20,5.64055
판테놀,성분,2023-02-27,5.91209
판테놀,성분,2023-03-06,5.16863
판테놀,성분,2023-03-13,5.34092
판테놀,성분,2023-03-20,5.58811
판테놀,성분,2023-03-27,9.96273
판테놀,성분,2023-04-03,10.44214
판테놀,성분,2023-04-10,7.63122
판테놀,성분,2023-04-17,6.15367
판테놀,성분,2023-04-24,5.53006
판테놀,성분,2023-05-01,5.07125
판테놀,성분,2023-05-08,6.0488
판테놀,성분,2023-05-15,5.51695
판테놀,성분,2023-05-22,5.8634
판테놀,성분,2023-05-29,5.55066
판테놀,성분,2023-06-05,5.27912
판테놀,성분,2023-06-12,4.80907
판테놀,성분,2023-06-19,4.59371
판테놀,성분,2023-06-26,4.58997
판테놀,성분,2023-07-03,4.76038
판테놀,성분,2023-07-10,4.82406
판테놀,성분,2023-07-17,4.93642
판테놀,성분,2023-07-24,5.03192
판테놀,성분,2023-07-31,5.26976
판테놀,성분,2023-08-07,5.32032
판테놀,성분,2023-08-14,5.56002
판테놀,성분,2023-08-21,5.67426
판테놀,성분,2023-08-28,6.58252
판테놀,성분,2023-09-04,6.95144
판테놀,성분,2023-09-11,5.55815
판테놀,성분,2023-09-18,5.21732
판테놀,성분,2023-09-25,5.11807
판테놀,성분,2023-10-02,6.5357
판테놀,성분,2023-10-09,5.97202
판테놀,성분,2023-10-16,6.75855
판테놀,성분,2023-10-23,7.23609
판테놀,성분,2023-10-30,6.95893
판테놀,성분,2023-11-06,6.56379
판테놀,성분,2023-11-13,7.22485
판테놀,성분,2023-11-20,7.20987
판테놀,성분,2023-11-27,8.41026
판테놀,성분,2023-12-04,7.61999
판테놀,성분,2023-12-11,6.19487
판테놀,성분,2023-12-18,6.64806
판테놀,성분,2023-12-25,6.0488
판테놀,성분,2024-01-01,6.20049
판테놀,성분,2024-01-08,7.23047
판테놀,성분,2024-01-15,7.63871
판테놀,성분,2024-01-22,7.88591
판테놀,성분,2024-01-29,8.43648
판테놀,성분,2024-02-05,9.27358
판테놀,성분,2024-02-12,9.92715
판테놀,성분,2024-02-19,8.57693
판테놀,성분,2024-02-26,8.2436
판테놀,성분,2024-03-04,8.30914
판테놀,성분,2024-03-11,7.57317
판테놀,성분,2024-03-18,7.45332
판테놀,성분,2024-03-25,7.18178
판테놀,성분,2024-04-01,7.27354
판테놀,성분,2024-04-08,7.19676
판테놀,성분,2024-04-15,7.18927
판테놀,성분,2024-04-22,6.99076
판테놀,성분,2024-04-29,6.73608
판테놀,성분,2024-05-06,6.80162
판테놀,성분,2024-05-13,6.86904
판테놀,성분,2024-05-20,6.93271
판테놀,성분,2024-05-27,7.29788
판테놀,성분,2024-06-03,7.37466
판테놀,성분,2024-06-10,6.67802
판테놀,성분,2024-06-17,6.42708
판테놀,성분,2024-06-24,5.98138
판테놀,성분,2024-07-01,6.17427
판테놀,성분,2024-07-08,5.89711
판테놀,성분,2024-07-15,7.39339
판테놀,성분,2024-07-22,6.36716
판테놀,성분,2024-07-29,6.19299
판테놀,성분,2024-08-05,6.60686
판테놀,성분,2024-08-12,6.38214
판테놀,성분,2024-08-19,6.62746
판테놀,성분,2024-08-26,6.82784
판테놀,성분,2024-09-02,6.62746
판테놀,성분,2024-09-09,6.40274
판테놀,성분,2024-09-16,5.75666
판테놀,성분,2024-09-23,6.70986
판테놀,성분,2024-09-30,6.68364
판테놀,성분,2024-10-07,6.66679
판테놀,성분,2024-10-14,6.35405
판테놀,성분,2024-10-21,6.39337
판테놀,성분,2024-10-28,6.34094
판테놀,성분,2024-11-04,7.26418
판테놀,성분,2024-11-11,7.17803
판테놀,성분,2024-11-18,7.44208
판테놀,성분,2024-11-25,7.19676
판테놀,성분,2024-12-02,7.84658
판테놀,성분,2024-12-09,8.59192
판테놀,성분,2024-12-16,8.32412
판테놀,성분,2024-12-23,7.50575
판테놀,성분,2024-12-30,7.13121
판테놀,성분,2025-01-06,8.04883
판테놀,성분,2025-01-13,8.41963
판테놀,성분,2025-01-20,8.07693
판테놀,성분,2025-01-27,8.09565
판테놀,성분,2025-02-03,9.67059
판테놀,성분,2025-02-10,8.91215
판테놀,성분,2025-02-17,8.58443
판테놀,성분,2025-02-24,9.03387
판테놀,성분,2025-03-03,8.13872
판테놀,성분,2025-03-10,7.39526
판테놀,성분,2025-03-17,7.27916
판테놀,성분,2025-03-24,6.693
판테놀,성분,2025-03-31,7.208
판테놀,성분,2025-04-07,7.75482
판테놀,성분,2025-04-14,9.06384
판테놀,성분,2025-04-21,7.12934
판테놀,성분,2025-04-28,7.05256
판테놀,성분,2025-05-05,7.28665
판테놀,성분,2025-05-12,6.56566
판테놀,성분,2025-05-19,6.1855
판테놀,성분,2025-05-26,6.4533
판테놀,성분,2025-06-02,7.18927
판테놀,성분,2025-06-09,8.37094
판테놀,성분,2025-06-16,6.44768
판테놀,성분,2025-06-23,6.14992
판테놀,성분,2025-06-30,6.07314
판테놀,성분,2025-07-07,6.32596
판테놀,성분,2025-07-14,6.25667
판테놀,성분,2025-07-21,6.33532
판테놀,성분,2025-07-28,6.84095
판테놀,성분,2025-08-04,6.54319
판테놀,성분,2025-08-11,5.77538
판테놀,성분,2025-08-18,6.64431
판테놀,성분,2025-08-25,6.30348
판테놀,성분,2025-09-01,5.8222
판테놀,성분,2025-09-08,5.4177
판테놀,성분,2025-09-15,5.85778
판테놀,성분,2025-09-22,6.04318
판테놀,성분,2025-09-29,5.17425
판테놀,성분,2025-10-06,5.94018
판테놀,성분,2025-10-13,5.89711
판테놀,성분,2025-10-20,6.29599
판테놀,성분,2025-10-27,8.1406
판테놀,성분,2025-11-03,7.42335
판테놀,성분,2025-11-10,6.78851
판테놀,성분,2025-11-17,7.34657
판테놀,성분,2025-11-24,6.85218
판테놀,성분,2025-12-01,6.98889
판테놀,성분,2025-12-08,6.95144
판테놀,성분,2025-12-15,6.49263
판테놀,성분,2025-12-22,5.68175
판테놀,성분,2025-12-29,6.84844
판테놀,성분,2026-01-05,7.6949
판테놀,성분,2026-01-12,7.1668
판테놀,성분,2026-01-19,7.56381
판테놀,성분,2026-01-26,7.64246
판테놀,성분,2026-02-02,7.04507
판테놀,성분,2026-02-09,6.49263
판테놀,성분,2026-02-16,6.69675
판테놀,성분,2026-02-23,6.9196
판테놀,성분,2026-03-02,6.57315
판테놀,성분,2026-03-09,6.48888
판테놀,성분,2026-03-16,6.16865
판테놀,성분,2026-03-23,6.1443
판테놀,성분,2026-03-30,5.80909
판테놀,성분,2026-04-06,6.07689
판테놀,성분,2026-04-13,7.9964
판테놀,성분,2026-04-20,7.08252
판테놀,성분,2026-04-27,6.63682
판테놀,성분,2026-05-04,6.5975
판테놀,성분,2026-05-11,6.90275
판테놀,성분,2026-05-18,6.3503
판테놀,성분,2026-05-25,5.82407
판테놀,성분,2026-06-01,6.1312
판테놀,성분,2026-06-08,5.56939
판테놀,성분,2026-06-15,5.32594
판테놀,성분,2026-06-22,5.57501
판테놀,성분,2026-06-29,5.11058
판테놀,성분,2026-07-06,4.98885
판테놀,성분,2026-07-13,4.52817
판테놀,성분,2026-07-20,4.82967
판테놀,성분,2026-07-27,4.83529
판테놀,성분,2026-08-03,5.07687
판테놀,성분,2026-08-10,4.81469
판테놀,성분,2026-08-17,5.04691
판테놀,성분,2026-08-24,5.03005
판테놀,성분,2026-08-31,5.47763
판테놀,성분,2026-09-07,5.88213
판테놀,성분,2026-09-14,6.01883
판테놀,성분,2026-09-21,5.46264
판테놀,성분,2026-09-28,0.92698
펩타이드,성분,2020-12-28,4.93829
펩타이드,성분,2021-01-04,5.46826
펩타이드,성분,2021-01-11,6.3709
펩타이드,성분,2021-01-18,6.48701
펩타이드,성분,2021-01-25,6.76417
펩타이드,성분,2021-02-01,5.3147
펩타이드,성분,2021-02-08,4.32779
펩타이드,성분,2021-02-15,5.98887
펩타이드,성분,2021-02-22,5.63119
펩타이드,성분,2021-03-01,5.20609
펩타이드,성분,2021-03-08,5.3971
펩타이드,성분,2021-03-15,5.21732
펩타이드,성분,2021-03-22,5.24167
펩타이드,성분,2021-03-29,5.22856
펩타이드,성분,2021-04-05,5.14429
펩타이드,성분,2021-04-12,5.53568
펩타이드,성분,2021-04-19,5.34092
펩타이드,성분,2021-04-26,4.663
펩타이드,성분,2021-05-03,4.03752
펩타이드,성분,2021-05-10,4.44577
펩타이드,성분,2021-05-17,3.81467
펩타이드,성분,2021-05-24,4.73978
펩타이드,성분,2021-05-31,4.52068
펩타이드,성분,2021-06-07,4.53566
펩타이드,성분,2021-06-14,3.957
펩타이드,성분,2021-06-21,4.28285
펩타이드,성분,2021-06-28,3.76411
펩타이드,성분,2021-07-05,3.81093
펩타이드,성분,2021-07-12,3.93265
펩타이드,성분,2021-07-19,3.5937
펩타이드,성분,2021-07-26,3.79969
펩타이드,성분,2021-08-02,3.88022
펩타이드,성분,2021-08-09,4.11243
펩타이드,성분,2021-08-16,4.50195
펩타이드,성분,2021-08-23,4.51132
펩타이드,성분,2021-08-30,4.96638
펩타이드,성분,2021-09-06,4.70795
펩타이드,성분,2021-09-13,4.00943
펩타이드,성분,2021-09-20,5.56377
펩타이드,성분,2021-09-27,4.24165
펩타이드,성분,2021-10-04,4.25663
펩타이드,성분,2021-10-11,4.44764
펩타이드,성분,2021-10-18,4.72106
펩타이드,성분,2021-10-25,4.42517
펩타이드,성분,2021-11-01,4.23603
펩타이드,성분,2021-11-08,4.15738
펩타이드,성분,2021-11-15,4.29034
펩타이드,성분,2021-11-22,4.0731
펩타이드,성분,2021-11-29,4.06936
펩타이드,성분,2021-12-06,4.13678
펩타이드,성분,2021-12-13,3.99632
펩타이드,성분,2021-12-20,5.18174
펩타이드,성분,2021-12-27,4.03565
펩타이드,성분,2022-01-03,4.77349
펩타이드,성분,2022-01-10,5.04129
펩타이드,성분,2022-01-17,5.21545
펩타이드,성분,2022-01-24,4.30906
펩타이드,성분,2022-01-31,4.19858
펩타이드,성분,2022-02-07,4.85589
펩타이드,성분,2022-02-14,5.1087
펩타이드,성분,2022-02-21,4.68548
펩타이드,성분,2022-02-28,4.14989
펩타이드,성분,2022-03-07,4.31281
펩타이드,성분,2022-03-14,5.25852
펩타이드,성분,2022-03-21,4.97387
펩타이드,성분,2022-03-28,5.17238
펩타이드,성분,2022-04-04,5.1499
펩타이드,성분,2022-04-11,5.3765
펩타이드,성분,2022-04-18,5.09934
펩타이드,성분,2022-04-25,5.04129
펩타이드,성분,2022-05-02,3.62553
펩타이드,성분,2022-05-09,4.00382
펩타이드,성분,2022-05-16,4.21918
펩타이드,성분,2022-05-23,4.14801
펩타이드,성분,2022-05-30,3.90644
펩타이드,성분,2022-06-06,4.4233
펩타이드,성분,2022-06-13,4.72855
펩타이드,성분,2022-06-20,3.86898
펩타이드,성분,2022-06-27,3.67984
펩타이드,성분,2022-07-04,3.52815
펩타이드,성분,2022-07-11,3.68171
펩타이드,성분,2022-07-18,3.88209
펩타이드,성분,2022-07-25,3.5525
펩타이드,성분,2022-08-01,3.26785
펩타이드,성분,2022-08-08,3.85587
펩타이드,성분,2022-08-15,3.66111
펩타이드,성분,2022-08-22,3.87085
펩타이드,성분,2022-08-29,4.20981
펩타이드,성분,2022-09-05,3.29781
펩타이드,성분,2022-09-12,4.34465
펩타이드,성분,2022-09-19,4.88398
펩타이드,성분,2022-09-26,4.40644
펩타이드,성분,2022-10-03,4.79784
펩타이드,성분,2022-10-10,4.89522
펩타이드,성분,2022-10-17,4.72855
펩타이드,성분,2022-10-24,4.31094
펩타이드,성분,2022-10-31,4.24914
펩타이드,성분,2022-11-07,4.25288
펩타이드,성분,2022-11-14,4.54315
펩타이드,성분,2022-11-21,4.57873
펩타이드,성분,2022-11-28,4.35401
펩타이드,성분,2022-12-05,4.79596
펩타이드,성분,2022-12-12,4.86525
펩타이드,성분,2022-12-19,4.08809
펩타이드,성분,2022-12-26,3.71167
펩타이드,성분,2023-01-02,3.98696
펩타이드,성분,2023-01-09,4.14614
펩타이드,성분,2023-01-16,3.6892
펩타이드,성분,2023-01-23,4.11805
펩타이드,성분,2023-01-30,4.64615
펩타이드,성분,2023-02-06,4.52817
펩타이드,성분,2023-02-13,4.59184
펩타이드,성분,2023-02-20,4.7454
펩타이드,성분,2023-02-27,4.19296
펩타이드,성분,2023-03-06,4.70233
펩타이드,성분,2023-03-13,5.07312
펩타이드,성분,2023-03-20,4.69109
펩타이드,성분,2023-03-27,4.79596
펩타이드,성분,2023-04-03,5.73044
펩타이드,성분,2023-04-10,5.70797
펩타이드,성분,2023-04-17,5.26976
펩타이드,성분,2023-04-24,5.58062
펩타이드,성분,2023-05-01,4.52068
펩타이드,성분,2023-05-08,4.57686
펩타이드,성분,2023-05-15,4.68922
펩타이드,성분,2023-05-22,4.67237
펩타이드,성분,2023-05-29,4.25101
펩타이드,성분,2023-06-05,4.40083
펩타이드,성분,2023-06-12,4.26412
펩타이드,성분,2023-06-19,4.55813
펩타이드,성분,2023-06-26,4.04876
펩타이드,성분,2023-07-03,3.7098
펩타이드,성분,2023-07-10,3.79782
펩타이드,성분,2023-07-17,3.84276
펩타이드,성분,2023-07-24,3.22103
펩타이드,성분,2023-07-31,3.13863
펩타이드,성분,2023-08-07,3.97572
펩타이드,성분,2023-08-14,3.60119
펩타이드,성분,2023-08-21,4.74915
펩타이드,성분,2023-08-28,4.18359
펩타이드,성분,2023-09-04,4.94391
펩타이드,성분,2023-09-11,4.29408
펩타이드,성분,2023-09-18,3.53377
펩타이드,성분,2023-09-25,2.98507
펩타이드,성분,2023-10-02,3.50381
펩타이드,성분,2023-10-09,4.06
펩타이드,성분,2023-10-16,4.2791
펩타이드,성분,2023-10-23,4.09558
펩타이드,성분,2023-10-30,3.79969
펩타이드,성분,2023-11-06,3.97198
펩타이드,성분,2023-11-13,4.22292
펩타이드,성분,2023-11-20,4.15176
펩타이드,성분,2023-11-27,4.08809
펩타이드,성분,2023-12-04,4.67611
펩타이드,성분,2023-12-11,3.77722
펩타이드,성분,2023-12-18,3.63115
펩타이드,성분,2023-12-25,3.83153
펩타이드,성분,2024-01-01,3.73977
펩타이드,성분,2024-01-08,4.28472
펩타이드,성분,2024-01-15,3.70606
펩타이드,성분,2024-01-22,3.96074
펩타이드,성분,2024-01-29,4.01692
펩타이드,성분,2024-02-05,3.4289
펩타이드,성분,2024-02-12,4.09932
펩타이드,성분,2024-02-19,3.98696
펩타이드,성분,2024-02-26,4.14427
펩타이드,성분,2024-03-04,3.87273
펩타이드,성분,2024-03-11,4.33903
펩타이드,성분,2024-03-18,4.24352
펩타이드,성분,2024-03-25,3.8746
펩타이드,성분,2024-04-01,4.04501
펩타이드,성분,2024-04-08,4.16112
펩타이드,성분,2024-04-15,4.71357
펩타이드,성분,2024-04-22,4.20419
펩타이드,성분,2024-04-29,3.35586
펩타이드,성분,2024-05-06,3.70044
펩타이드,성분,2024-05-13,3.68546
펩타이드,성분,2024-05-20,4.23977
펩타이드,성분,2024-05-27,4.53753
펩타이드,성분,2024-06-03,3.8746
펩타이드,성분,2024-06-10,3.79407
펩타이드,성분,2024-06-17,4.2791
펩타이드,성분,2024-06-24,4.33715
펩타이드,성분,2024-07-01,3.80906
펩타이드,성분,2024-07-08,3.75849
펩타이드,성분,2024-07-15,3.75475
펩타이드,성분,2024-07-22,3.68171
펩타이드,성분,2024-07-29,3.34837
펩타이드,성분,2024-08-05,3.31466
펩타이드,성분,2024-08-12,3.03189
펩타이드,성분,2024-08-19,3.39332
펩타이드,성분,2024-08-26,5.20609
펩타이드,성분,2024-09-02,3.5731
펩타이드,성분,2024-09-09,3.55062
펩타이드,성분,2024-09-16,3.12739
펩타이드,성분,2024-09-23,4.67049
펩타이드,성분,2024-09-30,3.60306
펩타이드,성분,2024-10-07,4.16112
펩타이드,성분,2024-10-14,4.9308
펩타이드,성분,2024-10-21,3.79595
펩타이드,성분,2024-10-28,3.75287
펩타이드,성분,2024-11-04,4.1555
펩타이드,성분,2024-11-11,4.22292
펩타이드,성분,2024-11-18,4.07872
펩타이드,성분,2024-11-25,4.01131
펩타이드,성분,2024-12-02,4.0188
펩타이드,성분,2024-12-09,3.97572
펩타이드,성분,2024-12-16,3.93827
펩타이드,성분,2024-12-23,3.66111
펩타이드,성분,2024-12-30,3.54688
펩타이드,성분,2025-01-06,3.98322
펩타이드,성분,2025-01-13,4.14801
펩타이드,성분,2025-01-20,4.30532
펩타이드,성분,2025-01-27,4.02254
펩타이드,성분,2025-02-03,4.5469
펩타이드,성분,2025-02-10,4.00382
펩타이드,성분,2025-02-17,3.95513
펩타이드,성분,2025-02-24,3.86711
펩타이드,성분,2025-03-03,3.88396
펩타이드,성분,2025-03-10,4.41019
펩타이드,성분,2025-03-17,3.5319
펩타이드,성분,2025-03-24,3.70231
펩타이드,성분,2025-03-31,3.6274
펩타이드,성분,2025-04-07,3.67609
펩타이드,성분,2025-04-14,4.14427
펩타이드,성분,2025-04-21,3.65362
펩타이드,성분,2025-04-28,3.12365
펩타이드,성분,2025-05-05,3.64613
펩타이드,성분,2025-05-12,5.58062
펩타이드,성분,2025-05-19,4.12929
펩타이드,성분,2025-05-26,4.09558
펩타이드,성분,2025-06-02,3.21167
펩타이드,성분,2025-06-09,3.5862
펩타이드,성분,2025-06-16,3.23601
펩타이드,성분,2025-06-23,3.33339
펩타이드,성분,2025-06-30,2.83338
펩타이드,성분,2025-07-07,3.09556
펩타이드,성분,2025-07-14,3.48133
펩타이드,성분,2025-07-21,3.3465
펩타이드,성분,2025-07-28,2.96822
펩타이드,성분,2025-08-04,3.10679
펩타이드,성분,2025-08-11,3.23601
펩타이드,성분,2025-08-18,3.47759
펩타이드,성분,2025-08-25,3.5862
펩타이드,성분,2025-09-01,3.09743
펩타이드,성분,2025-09-08,3.20979
펩타이드,성분,2025-09-15,3.10492
펩타이드,성분,2025-09-22,3.13114
펩타이드,성분,2025-09-29,2.49255
펩타이드,성분,2025-10-06,2.22288
펩타이드,성분,2025-10-13,2.97009
펩타이드,성분,2025-10-20,2.99631
펩타이드,성분,2025-10-27,2.85211
펩타이드,성분,2025-11-03,2.78095
펩타이드,성분,2025-11-10,2.56559
펩타이드,성분,2025-11-17,2.91203
펩타이드,성분,2025-11-24,6.46641
펩타이드,성분,2025-12-01,5.34654
펩타이드,성분,2025-12-08,3.44201
펩타이드,성분,2025-12-15,2.70229
펩타이드,성분,2025-12-22,2.37457
펩타이드,성분,2025-12-29,2.43262
펩타이드,성분,2026-01-05,2.97009
펩타이드,성분,2026-01-12,2.73038
펩타이드,성분,2026-01-19,3.13114
펩타이드,성분,2026-01-26,2.83525
펩타이드,성분,2026-02-02,3.17983
펩타이드,성분,2026-02-09,2.61428
펩타이드,성분,2026-02-16,2.37832
펩타이드,성분,2026-02-23,2.76035
펩타이드,성분,2026-03-02,2.7566
펩타이드,성분,2026-03-09,3.09556
펩타이드,성분,2026-03-16,3.85587
펩타이드,성분,2026-03-23,3.35399
펩타이드,성분,2026-03-30,3.6274
펩타이드,성분,2026-04-06,4.4439
펩타이드,성분,2026-04-13,4.1967
펩타이드,성분,2026-04-20,3.72291
펩타이드,성분,2026-04-27,3.39894
펩타이드,성분,2026-05-04,2.97758
펩타이드,성분,2026-05-11,3.23227
펩타이드,성분,2026-05-18,3.75475
펩타이드,성분,2026-05-25,7.82037
펩타이드,성분,2026-06-01,5.59186
펩타이드,성분,2026-06-08,3.72853
펩타이드,성분,2026-06-15,3.35774
펩타이드,성분,2026-06-22,2.81278
펩타이드,성분,2026-06-29,3.97198
펩타이드,성분,2026-07-06,3.04874
펩타이드,성분,2026-07-13,2.6124
펩타이드,성분,2026-07-20,4.42704
펩타이드,성분,2026-07-27,2.77346
펩타이드,성분,2026-08-03,3.10305
펩타이드,성분,2026-08-10,3.36523
펩타이드,성분,2026-08-17,2.40641
펩타이드,성분,2026-08-24,2.7978
펩타이드,성분,2026-08-31,3.24725
펩타이드,성분,2026-09-07,2.50566
펩타이드,성분,2026-09-14,7.38216
펩타이드,성분,2026-09-21,4.52255
펩타이드,성분,2026-09-28,0.64982
히알루론산,성분,2020-12-28,22.93863
히알루론산,성분,2021-01-04,23.13151
히알루론산,성분,2021-01-11,28.01176
히알루론산,성분,2021-01-18,25.41807
히알루론산,성분,2021-01-25,23.77198
히알루론산,성분,2021-02-01,22.86746
히알루론산,성분,2021-02-08,18.86364
히알루론산,성분,2021-02-15,22.16333
히알루론산,성분,2021-02-22,20.05093
히알루론산,성분,2021-03-01,19.30373
히알루론산,성분,2021-03-08,18.54903
히알루론산,성분,2021-03-15,20.50412
히알루론산,성분,2021-03-22,19.90861
히알루론산,성분,2021-03-29,18.40296
히알루론산,성분,2021-04-05,20.55094
히알루론산,성분,2021-04-12,20.09213
히알루론산,성분,2021-04-19,22.89743
히알루론산,성분,2021-04-26,19.285
히알루론산,성분,2021-05-03,19.75692
히알루론산,성분,2021-05-10,22.59218
히알루론산,성분,2021-05-17,20.82436
히알루론산,성분,2021-05-24,22.94237
히알루론산,성분,2021-05-31,20.95732
히알루론산,성분,2021-06-07,21.56781
히알루론산,성분,2021-06-14,18.87488
히알루론산,성분,2021-06-21,19.96666
히알루론산,성분,2021-06-28,18.90484
히알루론산,성분,2021-07-05,18.23816
히알루론산,성분,2021-07-12,19.95542
히알루론산,성분,2021-07-19,19.1614
히알루론산,성분,2021-07-26,20.77005
히알루론산,성분,2021-08-02,17.16324
히알루론산,성분,2021-08-09,20.79065
히알루론산,성분,2021-08-16,19.67639
히알루론산,성분,2021-08-23,23.38246
히알루론산,성분,2021-08-30,18.75503
히알루론산,성분,2021-09-06,20.88054
히알루론산,성분,2021-09-13,20.26067
히알루론산,성분,2021-09-20,18.26438
히알루론산,성분,2021-09-27,23.04162
히알루론산,성분,2021-10-04,20.98915
히알루론산,성분,2021-10-11,19.45354
히알루론산,성분,2021-10-18,20.03782
히알루론산,성분,2021-10-25,20.0397
히알루론산,성분,2021-11-01,17.7419
히알루론산,성분,2021-11-08,17.9891
히알루론산,성분,2021-11-15,20.94983
히알루론산,성분,2021-11-22,17.32991
히알루론산,성분,2021-11-29,17.22316
히알루론산,성분,2021-12-06,18.27375
히알루론산,성분,2021-12-13,16.81679
히알루론산,성분,2021-12-20,15.48718
히알루론산,성분,2021-12-27,16.02651
히알루론산,성분,2022-01-03,19.71947
히알루론산,성분,2022-01-10,19.52096
히알루론산,성분,2022-01-17,18.56214
히알루론산,성분,2022-01-24,15.97595
히알루론산,성분,2022-01-31,17.45351
히알루론산,성분,2022-02-07,17.91419
히알루론산,성분,2022-02-14,18.13142
히알루론산,성분,2022-02-21,19.28875
히알루론산,성분,2022-02-28,17.61456
히알루론산,성분,2022-03-07,16.94413
히알루론산,성분,2022-03-14,17.01342
히알루론산,성분,2022-03-21,16.71005
히알루론산,성분,2022-03-28,16.31116
히알루론산,성분,2022-04-04,16.06397
히알루론산,성분,2022-04-11,17.45163
히알루론산,성분,2022-04-18,18.23629
히알루론산,성분,2022-04-25,16.83739
히알루론산,성분,2022-05-02,16.22315
히알루론산,성분,2022-05-09,16.89357
히알루론산,성분,2022-05-16,18.12018
히알루론산,성분,2022-05-23,16.16696
히알루론산,성분,2022-05-30,15.82052
히알루론산,성분,2022-06-06,15.94973
히알루론산,성분,2022-06-13,17.21193
히알루론산,성분,2022-06-20,19.11271
히알루론산,성분,2022-06-27,16.24562
히알루론산,성분,2022-07-04,15.13324
히알루론산,성분,2022-07-11,13.97404
히알루론산,성분,2022-07-18,13.46279
히알루론산,성분,2022-07-25,17.49283
히알루론산,성분,2022-08-01,14.107
히알루론산,성분,2022-08-08,14.79802
히알루론산,성분,2022-08-15,15.12387
히알루론산,성분,2022-08-22,16.24374
히알루론산,성분,2022-08-29,15.82052
히알루론산,성분,2022-09-05,13.04893
히알루론산,성분,2022-09-12,15.96846
히알루론산,성분,2022-09-19,16.02651
히알루론산,성분,2022-09-26,17.29807
히알루론산,성분,2022-10-03,14.93099
히알루론산,성분,2022-10-10,16.18569
히알루론산,성분,2022-10-17,17.84303
히알루론산,성분,2022-10-24,16.8299
히알루론산,성분,2022-10-31,17.41418
히알루론산,성분,2022-11-07,19.35242
히알루론산,성분,2022-11-14,19.82059
히알루론산,성분,2022-11-21,18.38049
히알루론산,성분,2022-11-28,17.55463
히알루론산,성분,2022-12-05,19.45729
히알루론산,성분,2022-12-12,16.83739
히알루론산,성분,2022-12-19,15.82426
히알루론산,성분,2022-12-26,17.1108
히알루론산,성분,2023-01-02,19.12582
히알루론산,성분,2023-01-09,17.28122
히알루론산,성분,2023-01-16,17.56212
히알루론산,성분,2023-01-23,19.55654
히알루론산,성분,2023-01-30,19.79999
히알루론산,성분,2023-02-06,18.6127
히알루론산,성분,2023-02-13,16.92541
히알루론산,성분,2023-02-20,17.08646
히알루론산,성분,2023-02-27,18.39547
히알루론산,성분,2023-03-06,16.4591
히알루론산,성분,2023-03-13,17.82243
히알루론산,성분,2023-03-20,19.66328
히알루론산,성분,2023-03-27,17.99471
히알루론산,성분,2023-04-03,21.17268
히알루론산,성분,2023-04-10,19.93108
히알루론산,성분,2023-04-17,19.47976
히알루론산,성분,2023-04-24,19.59774
히알루론산,성분,2023-05-01,18.00595
히알루론산,성분,2023-05-08,17.50594
히알루론산,성분,2023-05-15,16.21565
히알루론산,성분,2023-05-22,16.16509
히알루론산,성분,2023-05-29,15.87857
히알루론산,성분,2023-06-05,15.96097
히알루론산,성분,2023-06-12,15.66696
히알루론산,성분,2023-06-19,15.44785
히알루론산,성분,2023-06-26,15.02462
히알루론산,성분,2023-07-03,14.19314
히알루론산,성분,2023-07-10,14.33734
히알루론산,성분,2023-07-17,13.78864
히알루론산,성분,2023-07-24,12.73432
히알루론산,성분,2023-07-31,12.74181
히알루론산,성분,2023-08-07,13.54707
히알루론산,성분,2023-08-14,14.09202
히알루론산,성분,2023-08-21,14.61263
히알루론산,성분,2023-08-28,15.22125
히알루론산,성분,2023-09-04,16.3224
히알루론산,성분,2023-09-11,18.78686
히알루론산,성분,2023-09-18,15.33174
히알루론산,성분,2023-09-25,12.12382
히알루론산,성분,2023-10-02,16.58083
히알루론산,성분,2023-10-09,17.52654
히알루론산,성분,2023-10-16,26.71211
히알루론산,성분,2023-10-23,19.1408
히알루론산,성분,2023-10-30,22.57907
히알루론산,성분,2023-11-06,25.25328
히알루론산,성분,2023-11-13,18.14078
히알루론산,성분,2023-11-20,17.13515
히알루론산,성분,2023-11-27,26.35255
히알루론산,성분,2023-12-04,17.73254
히알루론산,성분,2023-12-11,21.82999
히알루론산,성분,2023-12-18,15.32238
히알루론산,성분,2023-12-25,32.37326
히알루론산,성분,2024-01-01,18.61083
히알루론산,성분,2024-01-08,18.93293
히알루론산,성분,2024-01-15,25.87314
히알루론산,성분,2024-01-22,33.00998
히알루론산,성분,2024-01-29,25.46864
히알루론산,성분,2024-02-05,19.6689
히알루론산,성분,2024-02-12,22.04722
히알루론산,성분,2024-02-19,25.74767
히알루론산,성분,2024-02-26,20.43109
히알루론산,성분,2024-03-04,36.29468
히알루론산,성분,2024-03-11,20.82248
히알루론산,성분,2024-03-18,18.71196
히알루론산,성분,2024-03-25,19.35616
히알루론산,성분,2024-04-01,21.82625
히알루론산,성분,2024-04-08,22.06408
히알루론산,성분,2024-04-15,18.91421
히알루론산,성분,2024-04-22,17.92355
히알루론산,성분,2024-04-29,15.76246
히알루론산,성분,2024-05-06,25.30384
히알루론산,성분,2024-05-13,21.07342
히알루론산,성분,2024-05-20,15.99842
히알루론산,성분,2024-05-27,16.42914
히알루론산,성분,2024-06-03,14.62761
히알루론산,성분,2024-06-10,15.01526
히알루론산,성분,2024-06-17,23.82628
히알루론산,성분,2024-06-24,15.31489
히알루론산,성분,2024-07-01,13.65568
히알루론산,성분,2024-07-08,10.81855
히알루론산,성분,2024-07-15,11.97587
히알루론산,성분,2024-07-22,12.38974
히알루론산,성분,2024-07-29,12.19873
히알루론산,성분,2024-08-05,22.17082
히알루론산,성분,2024-08-12,12.73244
히알루론산,성분,2024-08-19,14.40101
히알루론산,성분,2024-08-26,11.82606
히알루론산,성분,2024-09-02,12.27551
히알루론산,성분,2024-09-09,15.78119
히알루론산,성분,2024-09-16,12.0564
히알루론산,성분,2024-09-23,14.74933
히알루론산,성분,2024-09-30,20.49851
히알루론산,성분,2024-10-07,15.42912
히알루론산,성분,2024-10-14,14.19502
히알루론산,성분,2024-10-21,16.13513
히알루론산,성분,2024-10-28,15.23811
히알루론산,성분,2024-11-04,20.33371
히알루론산,성분,2024-11-11,17.09208
히알루론산,성분,2024-11-18,16.63701
히알루론산,성분,2024-11-25,14.97968
히알루론산,성분,2024-12-02,15.11638
히알루론산,성분,2024-12-09,14.55457
히알루론산,성분,2024-12-16,15.37107
히알루론산,성분,2024-12-23,36.71791
히알루론산,성분,2024-12-30,24.20082
히알루론산,성분,2025-01-06,18.44603
히알루론산,성분,2025-01-13,17.43103
히알루론산,성분,2025-01-20,20.59963
히알루론산,성분,2025-01-27,16.60892
히알루론산,성분,2025-02-03,22.09779
히알루론산,성분,2025-02-10,24.3188
히알루론산,성분,2025-02-17,19.25129
히알루론산,성분,2025-02-24,19.20635
히알루론산,성분,2025-03-03,16.91417
히알루론산,성분,2025-03-10,24.21955
히알루론산,성분,2025-03-17,21.89179
히알루론산,성분,2025-03-24,15.51152
히알루론산,성분,2025-03-31,14.07891
히알루론산,성분,2025-04-07,21.4386
히알루론산,성분,2025-04-14,17.50969
히알루론산,성분,2025-04-21,17.461
히알루론산,성분,2025-04-28,14.18191
히알루론산,성분,2025-05-05,21.37305
히알루론산,성분,2025-05-12,13.86542
히알루론산,성분,2025-05-19,13.62385
히알루론산,성분,2025-05-26,19.53407
히알루론산,성분,2025-06-02,19.88614
히알루론산,성분,2025-06-09,17.03402
히알루론산,성분,2025-06-16,12.6463
히알루론산,성분,2025-06-23,13.4141
히알루론산,성분,2025-06-30,11.42718
히알루론산,성분,2025-07-07,14.64072
히알루론산,성분,2025-07-14,11.91033
히알루론산,성분,2025-07-21,11.62194
히알루론산,성분,2025-07-28,11.69684
히알루론산,성분,2025-08-04,12.41783
히알루론산,성분,2025-08-11,20.16704
히알루론산,성분,2025-08-18,14.30925
히알루론산,성분,2025-08-25,12.00397
히알루론산,성분,2025-09-01,18.167
히알루론산,성분,2025-09-08,15.60141
히알루론산,성분,2025-09-15,11.16874
히알루론산,성분,2025-09-22,13.60137
히알루론산,성분,2025-09-29,13.32796
히알루론산,성분,2025-10-06,16.03026
히알루론산,성분,2025-10-13,16.2194
히알루론산,성분,2025-10-20,11.46088
히알루론산,성분,2025-10-27,15.18005
히알루론산,성분,2025-11-03,15.91415
히알루론산,성분,2025-11-10,16.97971
히알루론산,성분,2025-11-17,20.7045
히알루론산,성분,2025-11-24,17.60145
히알루론산,성분,2025-12-01,17.19133
히알루론산,성분,2025-12-08,13.49276
히알루론산,성분,2025-12-15,15.10702
히알루론산,성분,2025-12-22,23.07908
히알루론산,성분,2025-12-29,14.12198
히알루론산,성분,2026-01-05,17.17822
히알루론산,성분,2026-01-12,14.53023
히알루론산,성분,2026-01-19,14.4085
히알루론산,성분,2026-01-26,22.16146
히알루론산,성분,2026-02-02,30.54551
히알루론산,성분,2026-02-09,19.97041
히알루론산,성분,2026-02-16,24.71956
히알루론산,성분,2026-02-23,15.92726
히알루론산,성분,2026-03-02,24.66151
히알루론산,성분,2026-03-09,13.38976
히알루론산,성분,2026-03-16,12.97964
히알루론산,성분,2026-03-23,13.17627
히알루론산,성분,2026-03-30,14.70814
히알루론산,성분,2026-04-06,12.47214
히알루론산,성분,2026-04-13,17.34302
히알루론산,성분,2026-04-20,15.24934
히알루론산,성분,2026-04-27,12.59948
히알루론산,성분,2026-05-04,15.06582
히알루론산,성분,2026-05-11,15.04148
히알루론산,성분,2026-05-18,14.82612
히알루론산,성분,2026-05-25,13.53208
히알루론산,성분,2026-06-01,13.47965
히알루론산,성분,2026-06-08,17.22878
히알루론산,성분,2026-06-15,16.00779
히알루론산,성분,2026-06-22,14.95908
히알루론산,성분,2026-06-29,10.28109
히알루론산,성분,2026-07-06,11.49834
히알루론산,성분,2026-07-13,17.97599
히알루론산,성분,2026-07-20,17.41043
히알루론산,성분,2026-07-27,14.69315
히알루론산,성분,2026-08-03,15.11264
히알루론산,성분,2026-08-10,10.03764
히알루론산,성분,2026-08-17,14.30363
히알루론산,성분,2026-08-24,12.0976
히알루론산,성분,2026-08-31,12.12944
히알루론산,성분,2026-09-07,14.24183
히알루론산,성분,2026-09-14,14.65383
히알루론산,성분,2026-09-21,18.11457
히알루론산,성분,2026-09-28,2.33712
세라마이드,성분,2020-12-28,6.68909
세라마이드,성분,2021-01-04,6.98057
세라마이드,성분,2021-01-11,5.05734
세라마이드,성분,2021-01-18,5.55313
세라마이드,성분,2021-01-25,4.251
세라마이드,성분,2021-02-01,5.27118
세라마이드,성분,2021-02-08,3.73341
세라마이드,성분,2021-02-15,6.38944
세라마이드,성분,2021-02-22,7.19714
세라마이드,성분,2021-03-01,5.57901
세라마이드,성분,2021-03-08,13.70644
세라마이드,성분,2021-03-15,8.77986
세라마이드,성분,2021-03-22,4.44577
세라마이드,성분,2021-03-29,5.57084
세라마이드,성분,2021-04-05,3.95815
세라마이드,성분,2021-04-12,5.71521
세라마이드,성분,2021-04-19,4.11888
세라마이드,성분,2021-04-26,5.34746
세라마이드,성분,2021-05-03,3.65305
세라마이드,성분,2021-05-10,3.92819
세라마이드,성분,2021-05-17,8.55103
세라마이드,성분,2021-05-24,4.66915
세라마이드,성분,2021-05-31,3.72252
세라마이드,성분,2021-06-07,4.61603
세라마이드,성분,2021-06-14,4.17472
세라마이드,성분,2021-06-21,4.13113
세라마이드,성분,2021-06-28,4.01672
세라마이드,성분,2021-07-05,4.47029
세라마이드,성분,2021-07-12,3.65986
세라마이드,성분,2021-07-19,3.75384
세라마이드,성분,2021-07-26,3.92819
세라마이드,성분,2021-08-02,4.44577
세라마이드,성분,2021-08-09,5.9672
세라마이드,성분,2021-08-16,8.56057
세라마이드,성분,2021-08-23,5.99852
세라마이드,성분,2021-08-30,6.00125
세라마이드,성분,2021-09-06,4.33272
세라마이드,성분,2021-09-13,4.32046
세라마이드,성분,2021-09-20,3.69391
세라마이드,성분,2021-09-27,4.53703
세라마이드,성분,2021-10-04,6.46026
세라마이드,성분,2021-10-11,5.79694
세라마이드,성분,2021-10-18,4.82987
세라마이드,성분,2021-10-25,4.93067
세라마이드,성분,2021-11-01,5.0587
세라마이드,성분,2021-11-08,4.41717
세라마이드,성분,2021-11-15,3.78108
세라마이드,성분,2021-11-22,3.47598
세라마이드,성분,2021-11-29,3.67212
세라마이드,성분,2021-12-06,3.49505
세라마이드,성분,2021-12-13,3.14909
세라마이드,성분,2021-12-20,3.95543
세라마이드,성분,2021-12-27,3.53455
세라마이드,성분,2022-01-03,3.64352
세라마이드,성분,2022-01-10,4.36269
세라마이드,성분,2022-01-17,4.56972
세라마이드,성분,2022-01-24,4.87891
세라마이드,성분,2022-01-31,3.53727
세라마이드,성분,2022-02-07,3.90231
세라마이드,성분,2022-02-14,4.36405
세라마이드,성분,2022-02-21,5.30115
세라마이드,성분,2022-02-28,5.28753
세라마이드,성분,2022-03-07,3.89822
세라마이드,성분,2022-03-14,3.43784
세라마이드,성분,2022-03-21,3.20766
세라마이드,성분,2022-03-28,4.69367
세라마이드,성분,2022-04-04,6.96559
세라마이드,성분,2022-04-11,8.56329
세라마이드,성분,2022-04-18,9.17758
세라마이드,성분,2022-04-25,5.96311
세라마이드,성분,2022-05-02,16.96722
세라마이드,성분,2022-05-09,10.45928
세라마이드,성분,2022-05-16,9.85725
세라마이드,성분,2022-05-23,7.76103
세라마이드,성분,2022-05-30,7.98578
세라마이드,성분,2022-06-06,8.30314
세라마이드,성분,2022-06-13,5.83371
세라마이드,성분,2022-06-20,8.36988
세라마이드,성분,2022-06-27,5.50954
세라마이드,성분,2022-07-04,7.26661
세라마이드,성분,2022-07-11,8.08793
세라마이드,성분,2022-07-18,7.57307
세라마이드,성분,2022-07-25,6.62235
세라마이드,성분,2022-08-01,4.36677
세라마이드,성분,2022-08-08,7.36059
세라마이드,성분,2022-08-15,8.37805
세라마이드,성분,2022-08-22,7.9776
세라마이드,성분,2022-08-29,8.028
세라마이드,성분,2022-09-05,6.40033
세라마이드,성분,2022-09-12,8.6096
세라마이드,성분,2022-09-19,5.67027
세라마이드,성분,2022-09-26,11.44542
세라마이드,성분,2022-10-03,5.99989
세라마이드,성분,2022-10-10,8.35762
세라마이드,성분,2022-10-17,14.05105
세라마이드,성분,2022-10-24,9.66111
세라마이드,성분,2022-10-31,8.46931
세라마이드,성분,2022-11-07,9.47996
세라마이드,성분,2022-11-14,8.79075
세라마이드,성분,2022-11-21,10.21139
세라마이드,성분,2022-11-28,8.57146
세라마이드,성분,2022-12-05,5.97946
세라마이드,성분,2022-12-12,6.24506
세라마이드,성분,2022-12-19,11.46176
세라마이드,성분,2022-12-26,8.54967
세라마이드,성분,2023-01-02,12.66583
세라마이드,성분,2023-01-09,5.24394
세라마이드,성분,2023-01-16,4.28232
세라마이드,성분,2023-01-23,4.97698
세라마이드,성분,2023-01-30,4.1897
세라마이드,성분,2023-02-06,4.25917
세라마이드,성분,2023-02-13,7.07319
세라마이드,성분,2023-02-20,7.40145
세라마이드,성분,2023-02-27,4.44441
세라마이드,성분,2023-03-06,4.54248
세라마이드,성분,2023-03-13,4.61467
세라마이드,성분,2023-03-20,4.04396
세라마이드,성분,2023-03-27,6.01214
세라마이드,성분,2023-04-03,4.68277
세라마이드,성분,2023-04-10,3.935
세라마이드,성분,2023-04-17,3.61355
세라마이드,성분,2023-04-24,3.25397
세라마이드,성분,2023-05-01,3.40243
세라마이드,성분,2023-05-08,3.53727
세라마이드,성분,2023-05-15,3.35476
세라마이드,성분,2023-05-22,2.94614
세라마이드,성분,2023-05-29,2.79359
세라마이드,성분,2023-06-05,2.71459
세라마이드,성분,2023-06-12,2.76771
세라마이드,성분,2023-06-19,2.55114
세라마이드,성분,2023-06-26,2.66828
세라마이드,성분,2023-07-03,2.55795
세라마이드,성분,2023-07-10,2.54705
세라마이드,성분,2023-07-17,2.34956
세라마이드,성분,2023-07-24,2.30324
세라마이드,성분,2023-07-31,2.33593
세라마이드,성분,2023-08-07,2.33866
세라마이드,성분,2023-08-14,2.39587
세라마이드,성분,2023-08-21,2.88893
세라마이드,성분,2023-08-28,2.8685
세라마이드,성분,2023-09-04,2.77724
세라마이드,성분,2023-09-11,2.52254
세라마이드,성분,2023-09-18,2.513
세라마이드,성분,2023-09-25,2.02402
세라마이드,성분,2023-10-02,2.85897
세라마이드,성분,2023-10-09,2.74864
세라마이드,성분,2023-10-16,3.06872
세라마이드,성분,2023-10-23,3.79198
세라마이드,성분,2023-10-30,3.42014
세라마이드,성분,2023-11-06,2.96248
세라마이드,성분,2023-11-13,3.31253
세라마이드,성분,2023-11-20,3.36838
세라마이드,성분,2023-11-27,3.36157
세라마이드,성분,2023-12-04,3.12729
세라마이드,성분,2023-12-11,2.72548
세라마이드,성분,2023-12-18,3.21719
세라마이드,성분,2023-12-25,2.50074
세라마이드,성분,2024-01-01,2.84671
세라마이드,성분,2024-01-08,2.85352
세라마이드,성분,2024-01-15,2.88621
세라마이드,성분,2024-01-22,3.00743
세라마이드,성분,2024-01-29,3.00062
세라마이드,성분,2024-02-05,2.75817
세라마이드,성분,2024-02-12,3.06464
세라마이드,성분,2024-02-19,2.70369
세라마이드,성분,2024-02-26,2.61652
세라마이드,성분,2024-03-04,2.74592
세라마이드,성분,2024-03-11,2.62061
세라마이드,성분,2024-03-18,2.48985
세라마이드,성분,2024-03-25,2.3768
세라마이드,성분,2024-04-01,2.33866
세라마이드,성분,2024-04-08,2.51436
세라마이드,성분,2024-04-15,2.70097
세라마이드,성분,2024-04-22,2.33321
세라마이드,성분,2024-04-29,2.02538
세라마이드,성분,2024-05-06,2.45035
세라마이드,성분,2024-05-13,2.38224
세라마이드,성분,2024-05-20,2.2869
세라마이드,성분,2024-05-27,2.17657
세라마이드,성분,2024-06-03,2.10847
세라마이드,성분,2024-06-10,2.20926
세라마이드,성분,2024-06-17,1.99542
세라마이드,성분,2024-06-24,2.12345
세라마이드,성분,2024-07-01,1.96273
세라마이드,성분,2024-07-08,1.89463
세라마이드,성분,2024-07-15,1.80882
세라마이드,성분,2024-07-22,1.87283
세라마이드,성분,2024-07-29,1.85513
세라마이드,성분,2024-08-05,1.86057
세라마이드,성분,2024-08-12,1.80882
세라마이드,성분,2024-08-19,2.18747
세라마이드,성분,2024-08-26,2.34138
세라마이드,성분,2024-09-02,2.05535
세라마이드,성분,2024-09-09,2.03492
세라마이드,성분,2024-09-16,2.06897
세라마이드,성분,2024-09-23,2.94478
세라마이드,성분,2024-09-30,2.46805
세라마이드,성분,2024-10-07,2.53207
세라마이드,성분,2024-10-14,2.19973
세라마이드,성분,2024-10-21,2.31006
세라마이드,성분,2024-10-28,2.40676
세라마이드,성분,2024-11-04,2.55931
세라마이드,성분,2024-11-11,2.36318
세라마이드,성분,2024-11-18,2.46533
세라마이드,성분,2024-11-25,2.54161
세라마이드,성분,2024-12-02,3.07962
세라마이드,성분,2024-12-09,4.12432
세라마이드,성분,2024-12-16,2.80721
세라마이드,성분,2024-12-23,2.39587
세라마이드,성분,2024-12-30,2.26511
세라마이드,성분,2025-01-06,2.41493
세라마이드,성분,2025-01-13,2.72276
세라마이드,성분,2025-01-20,2.39042
세라마이드,성분,2025-01-27,2.18066
세라마이드,성분,2025-02-03,2.56749
세라마이드,성분,2025-02-10,2.46805
세라마이드,성분,2025-02-17,2.30869
세라마이드,성분,2025-02-24,2.3659
세라마이드,성분,2025-03-03,2.26647
세라마이드,성분,2025-03-10,1.86194
세라마이드,성분,2025-03-17,2.06488
세라마이드,성분,2025-03-24,1.94502
세라마이드,성분,2025-03-31,2.10575
세라마이드,성분,2025-04-07,1.9423
세라마이드,성분,2025-04-14,1.90688
세라마이드,성분,2025-04-21,1.78566
세라마이드,성분,2025-04-28,1.64537
세라마이드,성분,2025-05-05,1.78838
세라마이드,성분,2025-05-12,1.77068
세라마이드,성분,2025-05-19,1.80064
세라마이드,성분,2025-05-26,1.61813
세라마이드,성분,2025-06-02,1.54049
세라마이드,성분,2025-06-09,1.5473
세라마이드,성분,2025-06-16,1.35933
세라마이드,성분,2025-06-23,1.35933
세라마이드,성분,2025-06-30,1.43289
세라마이드,성분,2025-07-07,1.45332
세라마이드,성분,2025-07-14,1.53232
세라마이드,성분,2025-07-21,1.49963
세라마이드,성분,2025-07-28,1.4792
세라마이드,성분,2025-08-04,2.11937
세라마이드,성분,2025-08-11,1.47511
세라마이드,성분,2025-08-18,1.3784
세라마이드,성분,2025-08-25,1.53504
세라마이드,성분,2025-09-01,1.64537
세라마이드,성분,2025-09-08,1.50099
세라마이드,성분,2025-09-15,1.58952
세라마이드,성분,2025-09-22,1.46966
세라마이드,성분,2025-09-29,1.30621
세라마이드,성분,2025-10-06,1.44242
세라마이드,성분,2025-10-13,1.63583
세라마이드,성분,2025-10-20,1.78157
세라마이드,성분,2025-10-27,1.94911
세라마이드,성분,2025-11-03,2.34411
세라마이드,성분,2025-11-10,1.95592
세라마이드,성분,2025-11-17,2.11528
세라마이드,성분,2025-11-24,2.22288
세라마이드,성분,2025-12-01,2.26647
세라마이드,성분,2025-12-08,1.90688
세라마이드,성분,2025-12-15,1.91914
세라마이드,성분,2025-12-22,1.63039
세라마이드,성분,2025-12-29,1.74888
세라마이드,성분,2026-01-05,2.04445
세라마이드,성분,2026-01-12,2.08259
세라마이드,성분,2026-01-19,3.30845
세라마이드,성분,2026-01-26,2.67917
세라마이드,성분,2026-02-02,2.63423
세라마이드,성분,2026-02-09,2.118
세라마이드,성분,2026-02-16,1.9423
세라마이드,성분,2026-02-23,1.90688
세라마이드,성분,2026-03-02,1.9028
세라마이드,성분,2026-03-09,3.28802
세라마이드,성분,2026-03-16,2.1003
세라마이드,성분,2026-03-23,1.75297
세라마이드,성분,2026-03-30,1.73118
세라마이드,성분,2026-04-06,1.63175
세라마이드,성분,2026-04-13,1.73526
세라마이드,성분,2026-04-20,1.71347
세라마이드,성분,2026-04-27,1.57182
세라마이드,성분,2026-05-04,1.59361
세라마이드,성분,2026-05-11,2.19156
세라마이드,성분,2026-05-18,1.35116
세라마이드,성분,2026-05-25,1.34299
세라마이드,성분,2026-06-01,1.34163
세라마이드,성분,2026-06-08,1.48328
세라마이드,성분,2026-06-15,1.26671
세라마이드,성분,2026-06-22,1.26535
세라마이드,성분,2026-06-29,1.10871
세라마이드,성분,2026-07-06,1.10054
세라마이드,성분,2026-07-13,1.05423
세라마이드,성분,2026-07-20,1.21223
세라마이드,성분,2026-07-27,1.11144
세라마이드,성분,2026-08-03,1.12642
세라마이드,성분,2026-08-10,1.1809
세라마이드,성분,2026-08-17,1.21768
세라마이드,성분,2026-08-24,1.24356
세라마이드,성분,2026-08-31,1.62085
세라마이드,성분,2026-09-07,1.6154
세라마이드,성분,2026-09-14,1.92187
세라마이드,성분,2026-09-21,1.48328
세라마이드,성분,2026-09-28,0.21793
레티놀,성분,2020-12-28,3.31798
레티놀,성분,2021-01-04,3.84783
레티놀,성분,2021-01-11,4.33681
레티놀,성분,2021-01-18,4.18698
레티놀,성분,2021-01-25,5.54496
레티놀,성분,2021-02-01,5.45097
레티놀,성분,2021-02-08,4.53022
레티놀,성분,2021-02-15,4.84213
레티놀,성분,2021-02-22,3.89141
레티놀,성분,2021-03-01,3.46781
레티놀,성분,2021-03-08,3.92819
레티놀,성분,2021-03-15,3.54681
레티놀,성분,2021-03-22,3.68438
레티놀,성분,2021-03-29,3.60538
레티놀,성분,2021-04-05,4.34089
레티놀,성분,2021-04-12,4.1216
레티놀,성분,2021-04-19,3.81377
레티놀,성분,2021-04-26,3.72796
레티놀,성분,2021-05-03,3.59312
레티놀,성분,2021-05-10,3.41741
레티놀,성분,2021-05-17,3.44329
레티놀,성분,2021-05-24,3.90912
레티놀,성분,2021-05-31,3.75657
레티놀,성분,2021-06-07,3.7552
레티놀,성분,2021-06-14,3.30981
레티놀,성분,2021-06-21,3.38472
레티놀,성분,2021-06-28,3.37383
레티놀,성분,2021-07-05,3.73477
레티놀,성분,2021-07-12,4.12569
레티놀,성분,2021-07-19,4.15701
레티놀,성분,2021-07-26,3.43376
레티놀,성분,2021-08-02,3.30436
레티놀,성분,2021-08-09,3.32888
레티놀,성분,2021-08-16,3.55634
레티놀,성분,2021-08-23,3.619
레티놀,성분,2021-08-30,4.35996
레티놀,성분,2021-09-06,4.43624
레티놀,성분,2021-09-13,4.72499
레티놀,성분,2021-09-20,4.41444
레티놀,성분,2021-09-27,5.35291
레티놀,성분,2021-10-04,5.91952
레티놀,성분,2021-10-11,6.28864
레티놀,성분,2021-10-18,5.1091
레티놀,성분,2021-10-25,4.64736
레티놀,성분,2021-11-01,4.60922
레티놀,성분,2021-11-08,4.39674
레티놀,성분,2021-11-15,3.87507
레티놀,성분,2021-11-22,3.81922
레티놀,성분,2021-11-29,3.79334
레티놀,성분,2021-12-06,3.63671
레티놀,성분,2021-12-13,3.46509
레티놀,성분,2021-12-20,3.26622
레티놀,성분,2021-12-27,3.85191
레티놀,성분,2022-01-03,4.81625
레티놀,성분,2022-01-10,5.69206
레티놀,성분,2022-01-17,5.18265
레티놀,성분,2022-01-24,5.01648
레티놀,성분,2022-01-31,9.47179
레티놀,성분,2022-02-07,5.99444
레티놀,성분,2022-02-14,5.68116
레티놀,성분,2022-02-21,5.25211
레티놀,성분,2022-02-28,5.35427
레티놀,성분,2022-03-07,4.94837
레티놀,성분,2022-03-14,5.18673
레티놀,성분,2022-03-21,4.9007
레티놀,성분,2022-03-28,4.77539
레티놀,성분,2022-04-04,4.57789
레티놀,성분,2022-04-11,4.87346
레티놀,성분,2022-04-18,5.39785
레티놀,성분,2022-04-25,5.11591
레티놀,성분,2022-05-02,5.55177
레티놀,성분,2022-05-09,5.20308
레티놀,성분,2022-05-16,4.62693
레티놀,성분,2022-05-23,4.53294
레티놀,성분,2022-05-30,4.42534
레티놀,성분,2022-06-06,4.44305
레티놀,성분,2022-06-13,4.04532
레티놀,성분,2022-06-20,3.62036
레티놀,성분,2022-06-27,3.88051
레티놀,성분,2022-07-04,3.83829
레티놀,성분,2022-07-11,4.59832
레티놀,성분,2022-07-18,4.85711
레티놀,성분,2022-07-25,4.08482
레티놀,성분,2022-08-01,4.23601
레티놀,성분,2022-08-08,4.98651
레티놀,성분,2022-08-15,4.60649
레티놀,성분,2022-08-22,4.75087
레티놀,성분,2022-08-29,5.03554
레티놀,성분,2022-09-05,4.29458
레티놀,성분,2022-09-12,4.90887
레티놀,성분,2022-09-19,5.12544
레티놀,성분,2022-09-26,4.81489
레티놀,성분,2022-10-03,4.9007
레티놀,성분,2022-10-10,5.06551
레티놀,성분,2022-10-17,4.75768
레티놀,성분,2022-10-24,5.39649
레티놀,성분,2022-10-31,5.72884
레티놀,성분,2022-11-07,6.18921
레티놀,성분,2022-11-14,5.94268
레티놀,성분,2022-11-21,6.24506
레티놀,성분,2022-11-28,5.25756
레티놀,성분,2022-12-05,8.25274
레티놀,성분,2022-12-12,8.5592
레티놀,성분,2022-12-19,6.53109
레티놀,성분,2022-12-26,6.83074
레티놀,성분,2023-01-02,9.7156
레티놀,성분,2023-01-09,8.26364
레티놀,성분,2023-01-16,7.7011
레티놀,성분,2023-01-23,8.40938
레티놀,성분,2023-01-30,8.57555
레티놀,성분,2023-02-06,8.69269
레티놀,성분,2023-02-13,8.33174
레티놀,성분,2023-02-20,7.59214
레티놀,성분,2023-02-27,8.29496
레티놀,성분,2023-03-06,8.33446
레티놀,성분,2023-03-13,9.59982
레티놀,성분,2023-03-20,8.32765
레티놀,성분,2023-03-27,8.48293
레티놀,성분,2023-04-03,8.75807
레티놀,성분,2023-04-10,8.4121
레티놀,성분,2023-04-17,8.17783
레티놀,성분,2023-04-24,7.74197
레티놀,성분,2023-05-01,9.18167
레티놀,성분,2023-05-08,8.59734
레티놀,성분,2023-05-15,7.73924
레티놀,성분,2023-05-22,8.90925
레티놀,성분,2023-05-29,9.78234
레티놀,성분,2023-06-05,9.02775
레티놀,성분,2023-06-12,10.21684
레티놀,성분,2023-06-19,10.43204
레티놀,성분,2023-06-26,8.98417
레티놀,성분,2023-07-03,8.93922
레티놀,성분,2023-07-10,9.07543
레티놀,성분,2023-07-17,8.09338
레티놀,성분,2023-07-24,7.41916
레티놀,성분,2023-07-31,7.83322
레티놀,성분,2023-08-07,8.84524
레티놀,성분,2023-08-14,8.95012
레티놀,성분,2023-08-21,9.39824
레티놀,성분,2023-08-28,11.02999
레티놀,성분,2023-09-04,10.69901
레티놀,성분,2023-09-11,8.70222
레티놀,성분,2023-09-18,9.0332
레티놀,성분,2023-09-25,7.99803
레티놀,성분,2023-10-02,10.4552
레티놀,성분,2023-10-09,10.00844
레티놀,성분,2023-10-16,9.96213
레티놀,성분,2023-10-23,10.45383
레티놀,성분,2023-10-30,11.85812
레티놀,성분,2023-11-06,11.40319
레티놀,성분,2023-11-13,10.66359
레티놀,성분,2023-11-20,11.04088
레티놀,성분,2023-11-27,11.6865
레티놀,성분,2023-12-04,11.18118
레티놀,성분,2023-12-11,11.64564
레티놀,성분,2023-12-18,10.38709
레티놀,성분,2023-12-25,12.81157
레티놀,성분,2024-01-01,13.69963
레티놀,성분,2024-01-08,12.47922
레티놀,성분,2024-01-15,11.9739
레티놀,성분,2024-01-22,13.31689
레티놀,성분,2024-01-29,12.83881
레티놀,성분,2024-02-05,12.1891
레티놀,성분,2024-02-12,14.65035
레티놀,성분,2024-02-19,14.24854
레티놀,성분,2024-02-26,12.8497
레티놀,성분,2024-03-04,12.87695
레티놀,성분,2024-03-11,10.69083
레티놀,성분,2024-03-18,10.75076
레티놀,성분,2024-03-25,13.29782
레티놀,성분,2024-04-01,9.58756
레티놀,성분,2024-04-08,10.95644
레티놀,성분,2024-04-15,10.56689
레티놀,성분,2024-04-22,11.78321
레티놀,성분,2024-04-29,11.77776
레티놀,성분,2024-05-06,12.76389
레티놀,성분,2024-05-13,12.43155
레티놀,성분,2024-05-20,13.7868
레티놀,성분,2024-05-27,12.43428
레티놀,성분,2024-06-03,11.43452
레티놀,성분,2024-06-10,10.61183
레티놀,성분,2024-06-17,10.91013
레티놀,성분,2024-06-24,10.22365
레티놀,성분,2024-07-01,10.23454
레티놀,성분,2024-07-08,10.00163
레티놀,성분,2024-07-15,10.36666
레티놀,성분,2024-07-22,9.66111
레티놀,성분,2024-07-29,10.25361
레티놀,성분,2024-08-05,10.83657
레티놀,성분,2024-08-12,11.40047
레티놀,성분,2024-08-19,11.23021
레티놀,성분,2024-08-26,11.50671
레티놀,성분,2024-09-02,11.52578
레티놀,성분,2024-09-09,9.69789
레티놀,성분,2024-09-16,10.38573
레티놀,성분,2024-09-23,16.62807
레티놀,성분,2024-09-30,10.46609
레티놀,성분,2024-10-07,13.16979
레티놀,성분,2024-10-14,20.26342
레티놀,성분,2024-10-21,12.59772
레티놀,성분,2024-10-28,12.79795
레티놀,성분,2024-11-04,12.43836
레티놀,성분,2024-11-11,11.17709
레티놀,성분,2024-11-18,10.65133
레티놀,성분,2024-11-25,12.52826
레티놀,성분,2024-12-02,10.68675
레티놀,성분,2024-12-09,10.4157
레티놀,성분,2024-12-16,11.04361
레티놀,성분,2024-12-23,10.02342
레티놀,성분,2024-12-30,14.68713
레티놀,성분,2025-01-06,12.64948
레티놀,성분,2025-01-13,13.60837
레티놀,성분,2025-01-20,13.70917
레티놀,성분,2025-01-27,13.7977
레티놀,성분,2025-02-03,18.43008
레티놀,성분,2025-02-10,17.06393
레티놀,성분,2025-02-17,17.68231
레티놀,성분,2025-02-24,14.89008
레티놀,성분,2025-03-03,14.00337
레티놀,성분,2025-03-10,11.79819
레티놀,성분,2025-03-17,12.15369
레티놀,성분,2025-03-24,11.15938
레티놀,성분,2025-03-31,10.92238
레티놀,성분,2025-04-07,11.51624
레티놀,성분,2025-04-14,12.82927
레티놀,성분,2025-04-21,11.16483
레티놀,성분,2025-04-28,10.36939
레티놀,성분,2025-05-05,11.57209
레티놀,성분,2025-05-12,10.62954
레티놀,성분,2025-05-19,10.53283
레티놀,성분,2025-05-26,11.43452
레티놀,성분,2025-06-02,10.65814
레티놀,성분,2025-06-09,10.50559
레티놀,성분,2025-06-16,9.64204
레티놀,성분,2025-06-23,9.24977
레티놀,성분,2025-06-30,9.48949
레티놀,성분,2025-07-07,9.26339
레티놀,성분,2025-07-14,9.83954
레티놀,성분,2025-07-21,9.8232
레티놀,성분,2025-07-28,11.14985
레티놀,성분,2025-08-04,9.61617
레티놀,성분,2025-08-11,10.84338
레티놀,성분,2025-08-18,10.77664
레티놀,성분,2025-08-25,10.86518
레티놀,성분,2025-09-01,10.71263
레티놀,성분,2025-09-08,9.15851
레티놀,성분,2025-09-15,10.26723
레티놀,성분,2025-09-22,8.31131
레티놀,성분,2025-09-29,7.96534
레티놀,성분,2025-10-06,8.41483
레티놀,성분,2025-10-13,10.68675
레티놀,성분,2025-10-20,9.32332
레티놀,성분,2025-10-27,8.98144
레티놀,성분,2025-11-03,10.55463
레티놀,성분,2025-11-10,10.85292
레티놀,성분,2025-11-17,9.57122
레티놀,성분,2025-11-24,8.94875
레티놀,성분,2025-12-01,11.36914
레티놀,성분,2025-12-08,10.19096
레티놀,성분,2025-12-15,8.09746
레티놀,성분,2025-12-22,10.51513
레티놀,성분,2025-12-29,9.11084
레티놀,성분,2026-01-05,9.82592
레티놀,성분,2026-01-12,9.18575
레티놀,성분,2026-01-19,9.77825
레티놀,성분,2026-01-26,10.88425
레티놀,성분,2026-02-02,9.92808
레티놀,성분,2026-02-09,8.94467
레티놀,성분,2026-02-16,9.19801
레티놀,성분,2026-02-23,8.77441
레티놀,성분,2026-03-02,8.52243
레티놀,성분,2026-03-09,8.30722
레티놀,성분,2026-03-16,8.15195
레티놀,성분,2026-03-23,8.21733
레티놀,성분,2026-03-30,8.85069
레티놀,성분,2026-04-06,9.42684
레티놀,성분,2026-04-13,8.93377
레티놀,성분,2026-04-20,8.84251
레티놀,성분,2026-04-27,9.09994
레티놀,성분,2026-05-04,10.58595
레티놀,성분,2026-05-11,11.26699
레티놀,성분,2026-05-18,10.1787
레티놀,성분,2026-05-25,10.07518
레티놀,성분,2026-06-01,10.21684
레티놀,성분,2026-06-08,8.90244
레티놀,성분,2026-06-15,8.07703
레티놀,성분,2026-06-22,9.05227
레티놀,성분,2026-06-29,8.91062
레티놀,성분,2026-07-06,8.37941
레티놀,성분,2026-07-13,8.36579
레티놀,성분,2026-07-20,7.87681
레티놀,성분,2026-07-27,8.14514
레티놀,성분,2026-08-03,8.29633
레티놀,성분,2026-08-10,8.62731
레티놀,성분,2026-08-17,7.61393
레티놀,성분,2026-08-24,8.07022
레티놀,성분,2026-08-31,10.03704
레티놀,성분,2026-09-07,9.30425
레티놀,성분,2026-09-14,8.86839
레티놀,성분,2026-09-21,8.58781
레티놀,성분,2026-09-28,1.32528
아하 성분,성분,2020-12-28,0.08172
아하 성분,성분,2021-01-04,0.06537
아하 성분,성분,2021-01-11,0.06674
아하 성분,성분,2021-01-18,0.06537
아하 성분,성분,2021-01-25,0.06265
아하 성분,성분,2021-02-01,0.08717
아하 성분,성분,2021-02-08,0.06674
아하 성분,성분,2021-02-15,0.07763
아하 성분,성분,2021-02-22,0.09262
아하 성분,성분,2021-03-01,0.06129
아하 성분,성분,2021-03-08,0.06674
아하 성분,성분,2021-03-15,0.04767
아하 성분,성분,2021-03-22,0.06537
아하 성분,성분,2021-03-29,0.09806
아하 성분,성분,2021-04-05,0.07491
아하 성분,성분,2021-04-12,0.08717
아하 성분,성분,2021-04-19,0.08444
아하 성분,성분,2021-04-26,0.06401
아하 성분,성분,2021-05-03,0.07899
아하 성분,성분,2021-05-10,0.08308
아하 성분,성분,2021-05-17,0.06537
아하 성분,성분,2021-05-24,0.05584
아하 성분,성분,2021-05-31,0.07082
아하 성분,성분,2021-06-07,0.06401
아하 성분,성분,2021-06-14,0.0967
아하 성분,성분,2021-06-21,0.08717
아하 성분,성분,2021-06-28,0.07082
아하 성분,성분,2021-07-05,0.05175
아하 성분,성분,2021-07-12,0.09943
아하 성분,성분,2021-07-19,0.07763
아하 성분,성분,2021-07-26,0.08581
아하 성분,성분,2021-08-02,0.08172
아하 성분,성분,2021-08-09,0.07491
아하 성분,성분,2021-08-16,0.06401
아하 성분,성분,2021-08-23,0.09534
아하 성분,성분,2021-08-30,0.07491
아하 성분,성분,2021-09-06,0.04903
아하 성분,성분,2021-09-13,0.08036
아하 성분,성분,2021-09-20,0.07491
아하 성분,성분,2021-09-27,0.07491
아하 성분,성분,2021-10-04,0.07763
아하 성분,성분,2021-10-11,0.08036
아하 성분,성분,2021-10-18,0.1076
아하 성분,성분,2021-10-25,0.08581
아하 성분,성분,2021-11-01,0.10896
아하 성분,성분,2021-11-08,0.14574
아하 성분,성분,2021-11-15,0.11713
아하 성분,성분,2021-11-22,0.11032
아하 성분,성분,2021-11-29,0.11986
아하 성분,성분,2021-12-06,0.10624
아하 성분,성분,2021-12-13,0.08444
아하 성분,성분,2021-12-20,0.09534
아하 성분,성분,2021-12-27,0.12939
아하 성분,성분,2022-01-03,0.09262
아하 성분,성분,2022-01-10,0.09943
아하 성분,성분,2022-01-17,0.09534
아하 성분,성분,2022-01-24,0.10215
아하 성분,성분,2022-01-31,0.09125
아하 성분,성분,2022-02-07,0.11713
아하 성분,성분,2022-02-14,0.09534
아하 성분,성분,2022-02-21,0.09398
아하 성분,성분,2022-02-28,0.10215
아하 성분,성분,2022-03-07,0.08444
아하 성분,성분,2022-03-14,0.08853
아하 성분,성분,2022-03-21,0.1471
아하 성분,성분,2022-03-28,0.0967
아하 성분,성분,2022-04-04,0.09534
아하 성분,성분,2022-04-11,0.10487
아하 성분,성분,2022-04-18,0.09398
아하 성분,성분,2022-04-25,0.11577
아하 성분,성분,2022-05-02,0.0681
아하 성분,성분,2022-05-09,0.08308
아하 성분,성분,2022-05-16,0.12803
아하 성분,성분,2022-05-23,0.14029
아하 성분,성분,2022-05-30,0.11713
아하 성분,성분,2022-06-06,0.11305
아하 성분,성분,2022-06-13,0.08853
아하 성분,성분,2022-06-20,0.13893
아하 성분,성분,2022-06-27,0.10079
아하 성분,성분,2022-07-04,0.11441
아하 성분,성분,2022-07-11,0.08853
아하 성분,성분,2022-07-18,0.09125
아하 성분,성분,2022-07-25,0.12394
아하 성분,성분,2022-08-01,0.12258
아하 성분,성분,2022-08-08,0.11168
아하 성분,성분,2022-08-15,0.10896
아하 성분,성분,2022-08-22,0.10896
아하 성분,성분,2022-08-29,0.09125
아하 성분,성분,2022-09-05,0.10079
아하 성분,성분,2022-09-12,0.09262
아하 성분,성분,2022-09-19,0.10215
아하 성분,성분,2022-09-26,0.10624
아하 성분,성분,2022-10-03,0.04086
아하 성분,성분,2022-10-10,0.06537
아하 성분,성분,2022-10-17,0.08172
아하 성분,성분,2022-10-24,0.05856
아하 성분,성분,2022-10-31,0.04767
아하 성분,성분,2022-11-07,0.07627
아하 성분,성분,2022-11-14,0.08172
아하 성분,성분,2022-11-21,0.0681
아하 성분,성분,2022-11-28,0.07218
아하 성분,성분,2022-12-05,0.08172
아하 성분,성분,2022-12-12,0.10896
아하 성분,성분,2022-12-19,0.07082
아하 성분,성분,2022-12-26,0.07899
아하 성분,성분,2023-01-02,0.05993
아하 성분,성분,2023-01-09,0.10215
아하 성분,성분,2023-01-16,0.06537
아하 성분,성분,2023-01-23,0.08989
아하 성분,성분,2023-01-30,0.13756
아하 성분,성분,2023-02-06,0.10896
아하 성분,성분,2023-02-13,0.10215
아하 성분,성분,2023-02-20,0.09125
아하 성분,성분,2023-02-27,0.07082
아하 성분,성분,2023-03-06,0.06401
아하 성분,성분,2023-03-13,0.06401
아하 성분,성분,2023-03-20,0.08444
아하 성분,성분,2023-03-27,0.08717
아하 성분,성분,2023-04-03,0.10624
아하 성분,성분,2023-04-10,0.07899
아하 성분,성분,2023-04-17,0.08444
아하 성분,성분,2023-04-24,0.08036
아하 성분,성분,2023-05-01,0.07218
아하 성분,성분,2023-05-08,0.09398
아하 성분,성분,2023-05-15,0.09262
아하 성분,성분,2023-05-22,0.06129
아하 성분,성분,2023-05-29,0.1076
아하 성분,성분,2023-06-05,0.07218
아하 성분,성분,2023-06-12,0.11441
아하 성분,성분,2023-06-19,0.09943
아하 성분,성분,2023-06-26,0.06946
아하 성분,성분,2023-07-03,0.07763
아하 성분,성분,2023-07-10,0.13075
아하 성분,성분,2023-07-17,0.07082
아하 성분,성분,2023-07-24,0.06401
아하 성분,성분,2023-07-31,0.07899
아하 성분,성분,2023-08-07,0.08989
아하 성분,성분,2023-08-14,0.09398
아하 성분,성분,2023-08-21,0.09943
아하 성분,성분,2023-08-28,0.06674
아하 성분,성분,2023-09-04,0.09398
아하 성분,성분,2023-09-11,0.08989
아하 성분,성분,2023-09-18,0.08989
아하 성분,성분,2023-09-25,0.06401
아하 성분,성분,2023-10-02,0.09806
아하 성분,성분,2023-10-09,0.09806
아하 성분,성분,2023-10-16,0.07899
아하 성분,성분,2023-10-23,0.09534
아하 성분,성분,2023-10-30,0.08581
아하 성분,성분,2023-11-06,0.11032
아하 성분,성분,2023-11-13,0.08036
아하 성분,성분,2023-11-20,0.06401
아하 성분,성분,2023-11-27,0.08581
아하 성분,성분,2023-12-04,0.08853
아하 성분,성분,2023-12-11,0.08853
아하 성분,성분,2023-12-18,0.06401
아하 성분,성분,2023-12-25,0.04222
아하 성분,성분,2024-01-01,0.07627
아하 성분,성분,2024-01-08,0.07763
아하 성분,성분,2024-01-15,0.05856
아하 성분,성분,2024-01-22,0.08581
아하 성분,성분,2024-01-29,0.07627
아하 성분,성분,2024-02-05,0.06129
아하 성분,성분,2024-02-12,0.08308
아하 성분,성분,2024-02-19,0.08308
아하 성분,성분,2024-02-26,0.12667
아하 성분,성분,2024-03-04,0.09943
아하 성분,성분,2024-03-11,0.07491
아하 성분,성분,2024-03-18,0.10215
아하 성분,성분,2024-03-25,0.06265
아하 성분,성분,2024-04-01,0.08717
아하 성분,성분,2024-04-08,0.09125
아하 성분,성분,2024-04-15,0.11168
아하 성분,성분,2024-04-22,0.18115
아하 성분,성분,2024-04-29,0.10896
아하 성분,성분,2024-05-06,0.14982
아하 성분,성분,2024-05-13,0.10624
아하 성분,성분,2024-05-20,0.12122
아하 성분,성분,2024-05-27,0.12803
아하 성분,성분,2024-06-03,0.11577
아하 성분,성분,2024-06-10,0.10351
아하 성분,성분,2024-06-17,0.09534
아하 성분,성분,2024-06-24,0.07082
아하 성분,성분,2024-07-01,0.12394
아하 성분,성분,2024-07-08,0.09534
아하 성분,성분,2024-07-15,0.09806
아하 성분,성분,2024-07-22,0.08036
아하 성분,성분,2024-07-29,0.08989
아하 성분,성분,2024-08-05,0.10487
아하 성분,성분,2024-08-12,0.09534
아하 성분,성분,2024-08-19,0.07491
아하 성분,성분,2024-08-26,0.08444
아하 성분,성분,2024-09-02,0.0967
아하 성분,성분,2024-09-09,0.11032
아하 성분,성분,2024-09-16,0.06401
아하 성분,성분,2024-09-23,0.08717
아하 성분,성분,2024-09-30,0.07218
아하 성분,성분,2024-10-07,0.07763
아하 성분,성분,2024-10-14,0.14574
아하 성분,성분,2024-10-21,0.0681
아하 성분,성분,2024-10-28,0.09262
아하 성분,성분,2024-11-04,0.07899
아하 성분,성분,2024-11-11,0.06265
아하 성분,성분,2024-11-18,0.0572
아하 성분,성분,2024-11-25,0.07082
아하 성분,성분,2024-12-02,0.06129
아하 성분,성분,2024-12-09,0.05039
아하 성분,성분,2024-12-16,0.04494
아하 성분,성분,2024-12-23,0.01906
아하 성분,성분,2024-12-30,0.05039
아하 성분,성분,2025-01-06,0.06946
아하 성분,성분,2025-01-13,0.08444
아하 성분,성분,2025-01-20,0.06674
아하 성분,성분,2025-01-27,0.06674
아하 성분,성분,2025-02-03,0.07355
아하 성분,성분,2025-02-10,0.07082
아하 성분,성분,2025-02-17,0.10079
아하 성분,성분,2025-02-24,0.07627
아하 성분,성분,2025-03-03,0.08308
아하 성분,성분,2025-03-10,0.09398
아하 성분,성분,2025-03-17,0.08172
아하 성분,성분,2025-03-24,0.06946
아하 성분,성분,2025-03-31,0.07627
아하 성분,성분,2025-04-07,0.07355
아하 성분,성분,2025-04-14,0.0681
아하 성분,성분,2025-04-21,0.05584
아하 성분,성분,2025-04-28,0.05993
아하 성분,성분,2025-05-05,0.06674
아하 성분,성분,2025-05-12,0.07218
아하 성분,성분,2025-05-19,0.06129
아하 성분,성분,2025-05-26,0.05856
아하 성분,성분,2025-06-02,0.04494
아하 성분,성분,2025-06-09,0.04222
아하 성분,성분,2025-06-16,0.07218
아하 성분,성분,2025-06-23,0.07763
아하 성분,성분,2025-06-30,0.05856
아하 성분,성분,2025-07-07,0.0681
아하 성분,성분,2025-07-14,0.07082
아하 성분,성분,2025-07-21,0.06401
아하 성분,성분,2025-07-28,0.07899
아하 성분,성분,2025-08-04,0.09125
아하 성분,성분,2025-08-11,0.08989
아하 성분,성분,2025-08-18,0.05856
아하 성분,성분,2025-08-25,0.08308
아하 성분,성분,2025-09-01,0.07355
아하 성분,성분,2025-09-08,0.07355
아하 성분,성분,2025-09-15,0.08581
아하 성분,성분,2025-09-22,0.03813
아하 성분,성분,2025-09-29,0.04767
아하 성분,성분,2025-10-06,0.08717
아하 성분,성분,2025-10-13,0.06946
아하 성분,성분,2025-10-20,0.05993
아하 성분,성분,2025-10-27,0.03813
아하 성분,성분,2025-11-03,0.07082
아하 성분,성분,2025-11-10,0.04631
아하 성분,성분,2025-11-17,0.03268
아하 성분,성분,2025-11-24,0.03949
아하 성분,성분,2025-12-01,0.05584
아하 성분,성분,2025-12-08,0.03541
아하 성분,성분,2025-12-15,0.05448
아하 성분,성분,2025-12-22,0.0286
아하 성분,성분,2025-12-29,0.00681
아하 성분,성분,2026-01-05,0.02179
아하 성분,성분,2026-01-12,0.04903
아하 성분,성분,2026-01-19,0.03268
아하 성분,성분,2026-01-26,0.0286
아하 성분,성분,2026-02-02,0.03405
아하 성분,성분,2026-02-09,0.02315
아하 성분,성분,2026-02-16,0.02724
아하 성분,성분,2026-02-23,0.04767
아하 성분,성분,2026-03-02,0.01362
아하 성분,성분,2026-03-09,0.06129
아하 성분,성분,2026-03-16,0.05312
아하 성분,성분,2026-03-23,0.03949
아하 성분,성분,2026-03-30,0.03132
아하 성분,성분,2026-04-06,0.05175
아하 성분,성분,2026-04-13,0.03268
아하 성분,성분,2026-04-20,0.05175
아하 성분,성분,2026-04-27,0.0177
아하 성분,성분,2026-05-04,0.03132
아하 성분,성분,2026-05-11,0.03132
아하 성분,성분,2026-05-18,0.03268
아하 성분,성분,2026-05-25,0.02179
아하 성분,성분,2026-06-01,0.03132
아하 성분,성분,2026-06-08,0.00817
아하 성분,성분,2026-06-15,0.02451
아하 성분,성분,2026-06-22,0.03405
아하 성분,성분,2026-06-29,0.02587
아하 성분,성분,2026-07-06,0.02587
아하 성분,성분,2026-07-13,0.02451
아하 성분,성분,2026-07-20,0.02451
아하 성분,성분,2026-07-27,0.00817
아하 성분,성분,2026-08-10,0.00681
아하 성분,성분,2026-08-17,0.01634
아하 성분,성분,2026-08-24,0.03949
아하 성분,성분,2026-08-31,0.0286
아하 성분,성분,2026-09-07,0.00681
아하 성분,성분,2026-09-14,0.04086
아하 성분,성분,2026-09-21,0.01634
아하 성분,성분,2026-09-28,0.00681
살리실산,성분,2020-12-28,2.90528
살리실산,성분,2021-01-04,2.62333
살리실산,성분,2021-01-11,2.65057
살리실산,성분,2021-01-18,2.8685
살리실산,성분,2021-01-25,2.63695
살리실산,성분,2021-02-01,2.54842
살리실산,성분,2021-02-08,2.23787
살리실산,성분,2021-02-15,2.52662
살리실산,성분,2021-02-22,3.04421
살리실산,성분,2021-03-01,2.75954
살리실산,성분,2021-03-08,3.34386
살리실산,성분,2021-03-15,3.4501
살리실산,성분,2021-03-22,3.39834
살리실산,성분,2021-03-29,3.62853
살리실산,성분,2021-04-05,3.89141
살리실산,성분,2021-04-12,3.31117
살리실산,성분,2021-04-19,3.47053
살리실산,성분,2021-04-26,3.30981
살리실산,성분,2021-05-03,3.06328
살리실산,성분,2021-05-10,3.80424
살리실산,성분,2021-05-17,3.73477
살리실산,성분,2021-05-24,3.82467
살리실산,성분,2021-05-31,3.77155
살리실산,성분,2021-06-07,3.7947
살리실산,성분,2021-06-14,3.77019
살리실산,성분,2021-06-21,3.04557
살리실산,성분,2021-06-28,2.94069
살리실산,성분,2021-07-05,3.42831
살리실산,성분,2021-07-12,3.72796
살리실산,성분,2021-07-19,3.18041
살리실산,성분,2021-07-26,3.11231
살리실산,성분,2021-08-02,3.23626
살리실산,성분,2021-08-09,3.32615
살리실산,성분,2021-08-16,3.45146
살리실산,성분,2021-08-23,3.35884
살리실산,성분,2021-08-30,2.99517
살리실산,성분,2021-09-06,3.57677
살리실산,성분,2021-09-13,3.23898
살리실산,성분,2021-09-20,2.86714
살리실산,성분,2021-09-27,3.224
살리실산,성분,2021-10-04,3.33433
살리실산,성분,2021-10-11,3.46781
살리실산,성분,2021-10-18,3.24034
살리실산,성분,2021-10-25,3.1736
살리실산,성분,2021-11-01,3.14772
살리실산,성분,2021-11-08,3.18859
살리실산,성분,2021-11-15,2.9475
살리실산,성분,2021-11-22,2.98428
살리실산,성분,2021-11-29,3.06736
살리실산,성분,2021-12-06,3.12185
살리실산,성분,2021-12-13,2.59473
살리실산,성분,2021-12-20,4.81898
살리실산,성분,2021-12-27,4.09027
살리실산,성분,2022-01-03,4.28505
살리실산,성분,2022-01-10,3.43784
살리실산,성분,2022-01-17,2.6928
살리실산,성분,2022-01-24,2.45171
살리실산,성분,2022-01-31,2.94478
살리실산,성분,2022-02-07,2.92162
살리실산,성분,2022-02-14,2.57566
살리실산,성분,2022-02-21,2.36181
살리실산,성분,2022-02-28,2.49121
살리실산,성분,2022-03-07,2.73638
살리실산,성분,2022-03-14,2.94341
살리실산,성분,2022-03-21,2.87259
살리실산,성분,2022-03-28,3.34931
살리실산,성분,2022-04-04,3.2526
살리실산,성분,2022-04-11,3.41196
살리실산,성분,2022-04-18,3.01288
살리실산,성분,2022-04-25,2.89847
살리실산,성분,2022-05-02,2.70369
살리실산,성분,2022-05-09,3.54272
살리실산,성분,2022-05-16,3.93091
살리실산,성분,2022-05-23,3.77155
살리실산,성분,2022-05-30,3.83148
살리실산,성분,2022-06-06,3.95543
살리실산,성분,2022-06-13,3.36157
살리실산,성분,2022-06-20,3.15317
살리실산,성분,2022-06-27,2.44626
살리실산,성분,2022-07-04,2.88076
살리실산,성분,2022-07-11,3.26486
살리실산,성분,2022-07-18,2.84943
살리실산,성분,2022-07-25,2.7895
살리실산,성분,2022-08-01,3.19403
살리실산,성분,2022-08-08,3.09188
살리실산,성분,2022-08-15,3.05647
살리실산,성분,2022-08-22,2.99109
살리실산,성분,2022-08-29,2.77452
살리실산,성분,2022-09-05,2.71867
살리실산,성분,2022-09-12,3.39426
살리실산,성분,2022-09-19,3.53727
살리실산,성분,2022-09-26,4.24146
살리실산,성분,2022-10-03,4.98379
살리실산,성분,2022-10-10,3.25397
살리실산,성분,2022-10-17,3.84646
살리실산,성분,2022-10-24,3.13683
살리실산,성분,2022-10-31,2.88893
살리실산,성분,2022-11-07,2.87804
살리실산,성분,2022-11-14,2.70505
살리실산,성분,2022-11-21,3.05238
살리실산,성분,2022-11-28,2.78405
살리실산,성분,2022-12-05,2.57157
살리실산,성분,2022-12-12,2.22016
살리실산,성분,2022-12-19,2.14797
살리실산,성분,2022-12-26,1.90961
살리실산,성분,2023-01-02,2.17112
살리실산,성분,2023-01-09,3.32479
살리실산,성분,2023-01-16,2.60017
살리실산,성분,2023-01-23,2.5743
살리실산,성분,2023-01-30,2.42855
살리실산,성분,2023-02-06,2.69552
살리실산,성분,2023-02-13,2.66692
살리실산,성분,2023-02-20,2.59881
살리실산,성분,2023-02-27,2.39042
살리실산,성분,2023-03-06,3.10414
살리실산,성분,2023-03-13,3.3534
살리실산,성분,2023-03-20,3.32752
살리실산,성분,2023-03-27,3.10414
살리실산,성분,2023-04-03,3.11503
살리실산,성분,2023-04-10,3.3316
살리실산,성분,2023-04-17,2.95567
살리실산,성분,2023-04-24,2.59881
살리실산,성분,2023-05-01,2.81129
살리실산,성분,2023-05-08,3.08779
살리실산,성분,2023-05-15,3.28121
살리실산,성분,2023-05-22,3.13274
살리실산,성분,2023-05-29,3.22264
살리실산,성분,2023-06-05,3.48007
살리실산,성분,2023-06-12,3.33841
살리실산,성분,2023-06-19,2.829
살리실산,성분,2023-06-26,2.32231
살리실산,성분,2023-07-03,2.65738
살리실산,성분,2023-07-10,3.0374
살리실산,성분,2023-07-17,3.145
살리실산,성분,2023-07-24,3.62036
살리실산,성분,2023-07-31,2.80312
살리실산,성분,2023-08-07,3.303
살리실산,성분,2023-08-14,3.11231
살리실산,성분,2023-08-21,3.05647
살리실산,성분,2023-08-28,3.20084
살리실산,성분,2023-09-04,3.52229
살리실산,성분,2023-09-11,3.08371
살리실산,성분,2023-09-18,2.9475
살리실산,성분,2023-09-25,2.64648
살리실산,성분,2023-10-02,2.89029
살리실산,성분,2023-10-09,2.9475
살리실산,성분,2023-10-16,3.91865
살리실산,성분,2023-10-23,3.49505
살리실산,성분,2023-10-30,3.68165
살리실산,성분,2023-11-06,3.32615
살리실산,성분,2023-11-13,2.95976
살리실산,성분,2023-11-20,3.16271
살리실산,성분,2023-11-27,4.8612
살리실산,성분,2023-12-04,4.77675
살리실산,성분,2023-12-11,2.72548
살리실산,성분,2023-12-18,2.75817
살리실산,성분,2023-12-25,2.62469
살리실산,성분,2024-01-01,2.74864
살리실산,성분,2024-01-08,3.21447
살리실산,성분,2024-01-15,3.66122
살리실산,성분,2024-01-22,3.19676
살리실산,성분,2024-01-29,2.72276
살리실산,성분,2024-02-05,2.48849
살리실산,성분,2024-02-12,2.71186
살리실산,성분,2024-02-19,2.70778
살리실산,성분,2024-02-26,2.91617
살리실산,성분,2024-03-04,2.82764
살리실산,성분,2024-03-11,3.36021
살리실산,성분,2024-03-18,3.51957
살리실산,성분,2024-03-25,3.18041
살리실산,성분,2024-04-01,3.37928
살리실산,성분,2024-04-08,3.40379
살리실산,성분,2024-04-15,3.29347
살리실산,성분,2024-04-22,3.59176
살리실산,성분,2024-04-29,4.47982
살리실산,성분,2024-05-06,4.01127
살리실산,성분,2024-05-13,3.64352
살리실산,성분,2024-05-20,3.88051
살리실산,성분,2024-05-27,4.13931
살리실산,성분,2024-06-03,3.85327
살리실산,성분,2024-06-10,4.14884
살리실산,성분,2024-06-17,3.59857
살리실산,성분,2024-06-24,3.44602
살리실산,성분,2024-07-01,5.50001
살리실산,성분,2024-07-08,4.2905
살리실산,성분,2024-07-15,4.07393
살리실산,성분,2024-07-22,3.50322
살리실산,성분,2024-07-29,3.60402
살리실산,성분,2024-08-05,3.54953
살리실산,성분,2024-08-12,4.04669
살리실산,성분,2024-08-19,4.15293
살리실산,성분,2024-08-26,3.75929
살리실산,성분,2024-09-02,4.03851
살리실산,성분,2024-09-09,5.88139
살리실산,성분,2024-09-16,4.03715
살리실산,성분,2024-09-23,3.66803
살리실산,성분,2024-09-30,3.0374
살리실산,성분,2024-10-07,3.23626
살리실산,성분,2024-10-14,3.15862
살리실산,성분,2024-10-21,2.96793
살리실산,성분,2024-10-28,2.95431
살리실산,성분,2024-11-04,3.28257
살리실산,성분,2024-11-11,2.81266
살리실산,성분,2024-11-18,2.8685
살리실산,성분,2024-11-25,2.86714
살리실산,성분,2024-12-02,2.59609
살리실산,성분,2024-12-09,2.47759
살리실산,성분,2024-12-16,2.26647
살리실산,성분,2024-12-23,2.42174
살리실산,성분,2024-12-30,2.18066
살리실산,성분,2025-01-06,2.32095
살리실산,성분,2025-01-13,2.62878
살리실산,성분,2025-01-20,2.55523
살리실산,성분,2025-01-27,3.04148
살리실산,성분,2025-02-03,2.76498
살리실산,성분,2025-02-10,2.60426
살리실산,성분,2025-02-17,2.59473
살리실산,성분,2025-02-24,2.50347
살리실산,성분,2025-03-03,2.77861
살리실산,성분,2025-03-10,3.54136
살리실산,성분,2025-03-17,3.37791
살리실산,성분,2025-03-24,3.77836
살리실산,성분,2025-03-31,3.47053
살리실산,성분,2025-04-07,3.68983
살리실산,성분,2025-04-14,3.38745
살리실산,성분,2025-04-21,2.9189
살리실산,성분,2025-04-28,2.62742
살리실산,성분,2025-05-05,3.41878
살리실산,성분,2025-05-12,3.18722
살리실산,성분,2025-05-19,3.14636
살리실산,성분,2025-05-26,3.19676
살리실산,성분,2025-06-02,2.91754
살리실산,성분,2025-06-09,3.1845
살리실산,성분,2025-06-16,2.98155
살리실산,성분,2025-06-23,2.49802
살리실산,성분,2025-06-30,2.66692
살리실산,성분,2025-07-07,2.64512
살리실산,성분,2025-07-14,2.73229
살리실산,성분,2025-07-21,2.5239
살리실산,성분,2025-07-28,2.5525
살리실산,성분,2025-08-04,2.62061
살리실산,성분,2025-08-11,2.59609
살리실산,성분,2025-08-18,2.9475
살리실산,성분,2025-08-25,2.82083
살리실산,성분,2025-09-01,2.77452
살리실산,성분,2025-09-08,3.18586
살리실산,성분,2025-09-15,2.84126
살리실산,성분,2025-09-22,2.40676
살리실산,성분,2025-09-29,2.5348
살리실산,성분,2025-10-06,2.88348
살리실산,성분,2025-10-13,2.76498
살리실산,성분,2025-10-20,2.41766
살리실산,성분,2025-10-27,2.39587
살리실산,성분,2025-11-03,2.26511
살리실산,성분,2025-11-10,2.09621
살리실산,성분,2025-11-17,2.26238
살리실산,성분,2025-11-24,2.41902
살리실산,성분,2025-12-01,2.17249
살리실산,성분,2025-12-08,2.05399
살리실산,성분,2025-12-15,2.00087
살리실산,성분,2025-12-22,1.7162
살리실산,성분,2025-12-29,1.77749
살리실산,성분,2026-01-05,2.67236
살리실산,성분,2026-01-12,1.98588
살리실산,성분,2026-01-19,2.12345
살리실산,성분,2026-01-26,1.99542
살리실산,성분,2026-02-02,2.5348
살리실산,성분,2026-02-09,2.1289
살리실산,성분,2026-02-16,2.51845
살리실산,성분,2026-02-23,2.36318
살리실산,성분,2026-03-02,2.42174
살리실산,성분,2026-03-09,2.47486
살리실산,성분,2026-03-16,2.94341
살리실산,성분,2026-03-23,2.5743
살리실산,성분,2026-03-30,3.06055
살리실산,성분,2026-04-06,2.96793
살리실산,성분,2026-04-13,2.9761
살리실산,성분,2026-04-20,2.87531
살리실산,성분,2026-04-27,2.87259
살리실산,성분,2026-05-04,2.513
살리실산,성분,2026-05-11,2.46669
살리실산,성분,2026-05-18,2.55386
살리실산,성분,2026-05-25,2.8576
살리실산,성분,2026-06-01,3.01833
살리실산,성분,2026-06-08,3.22809
살리실산,성분,2026-06-15,3.41741
살리실산,성분,2026-06-22,2.97338
살리실산,성분,2026-06-29,2.87531
살리실산,성분,2026-07-06,2.94478
살리실산,성분,2026-07-13,2.94069
살리실산,성분,2026-07-20,5.44689
살리실산,성분,2026-07-27,6.37173
살리실산,성분,2026-08-03,4.15429
살리실산,성분,2026-08-10,3.51821
살리실산,성분,2026-08-17,5.86368
살리실산,성분,2026-08-24,4.43079
살리실산,성분,2026-08-31,4.89525
살리실산,성분,2026-09-07,4.06984
살리실산,성분,2026-09-14,5.00558
살리실산,성분,2026-09-21,4.73453
살리실산,성분,2026-09-28,0.72325
콜라겐,성분,2020-12-28,88.35299
콜라겐,성분,2021-01-04,87.89942
콜라겐,성분,2021-01-11,100
콜라겐,성분,2021-01-18,97.83431
콜라겐,성분,2021-01-25,93.67185
콜라겐,성분,2021-02-01,97.63137
콜라겐,성분,2021-02-08,75.70078
콜라겐,성분,2021-02-15,95.36353
콜라겐,성분,2021-02-22,83.04502
콜라겐,성분,2021-03-01,94.23029
콜라겐,성분,2021-03-08,84.82252
콜라겐,성분,2021-03-15,85.86313
콜라겐,성분,2021-03-22,91.01037
콜라겐,성분,2021-03-29,79.34702
콜라겐,성분,2021-04-05,80.83031
콜라겐,성분,2021-04-12,91.0812
콜라겐,성분,2021-04-19,81.19262
콜라겐,성분,2021-04-26,85.30877
콜라겐,성분,2021-05-03,86.27584
콜라겐,성분,2021-05-10,82.40485
콜라겐,성분,2021-05-17,78.0231
콜라겐,성분,2021-05-24,76.33822
콜라겐,성분,2021-05-31,74.7378
콜라겐,성분,2021-06-07,74.39592
콜라겐,성분,2021-06-14,68.85641
콜라겐,성분,2021-06-21,75.67762
콜라겐,성분,2021-06-28,68.53768
콜라겐,성분,2021-07-05,76.43084
콜라겐,성분,2021-07-12,72.43727
콜라겐,성분,2021-07-19,74.65199
콜라겐,성분,2021-07-26,78.66735
콜라겐,성분,2021-08-02,71.02481
콜라겐,성분,2021-08-09,74.26244
콜라겐,성분,2021-08-16,74.81952
콜라겐,성분,2021-08-23,84.18916
콜라겐,성분,2021-08-30,82.55604
콜라겐,성분,2021-09-06,86.61227
콜라겐,성분,2021-09-13,74.84268
콜라겐,성분,2021-09-20,69.47342
콜라겐,성분,2021-09-27,75.20635
콜라겐,성분,2021-10-04,72.37325
콜라겐,성분,2021-10-11,69.38352
콜라겐,성분,2021-10-18,64.47056
콜라겐,성분,2021-10-25,72.76962
콜라겐,성분,2021-11-01,64.66806
콜라겐,성분,2021-11-08,61.41954
콜라겐,성분,2021-11-15,55.39649
콜라겐,성분,2021-11-22,49.17322
콜라겐,성분,2021-11-29,54.52477
콜라겐,성분,2021-12-06,53.29347
콜라겐,성분,2021-12-13,58.97055
콜라겐,성분,2021-12-20,54.77811
콜라겐,성분,2021-12-27,58.01438
콜라겐,성분,2022-01-03,69.00078
콜라겐,성분,2022-01-10,76.75501
콜라겐,성분,2022-01-17,72.46451
콜라겐,성분,2022-01-24,65.50028
콜라겐,성분,2022-01-31,64.9432
콜라겐,성분,2022-02-07,76.90893
콜라겐,성분,2022-02-14,74.95437
콜라겐,성분,2022-02-21,72.73148
콜라겐,성분,2022-02-28,65.28916
콜라겐,성분,2022-03-07,61.84723
콜라겐,성분,2022-03-14,54.60513
콜라겐,성분,2022-03-21,57.06638
콜라겐,성분,2022-03-28,56.606
콜라겐,성분,2022-04-04,53.12321
콜라겐,성분,2022-04-11,50.83222
콜라겐,성분,2022-04-18,56.82666
콜라겐,성분,2022-04-25,54.84622
콜라겐,성분,2022-05-02,57.79509
콜라겐,성분,2022-05-09,61.05314
콜라겐,성분,2022-05-16,55.52316
콜라겐,성분,2022-05-23,59.69925
콜라겐,성분,2022-05-30,51.60314
콜라겐,성분,2022-06-06,57.40826
콜라겐,성분,2022-06-13,56.37037
콜라겐,성분,2022-06-20,53.24034
콜라겐,성분,2022-06-27,49.60363
콜라겐,성분,2022-07-04,49.81339
콜라겐,성분,2022-07-11,49.72213
콜라겐,성분,2022-07-18,51.67533
콜라겐,성분,2022-07-25,49.71396
콜라겐,성분,2022-08-01,43.71679
콜라겐,성분,2022-08-08,49.00433
콜라겐,성분,2022-08-15,50.93846
콜라겐,성분,2022-08-22,50.32008
콜라겐,성분,2022-08-29,49.77934
콜라겐,성분,2022-09-05,36.05519
콜라겐,성분,2022-09-12,46.54444
콜라겐,성분,2022-09-19,39.52572
콜라겐,성분,2022-09-26,39.42493
콜라겐,성분,2022-10-03,40.787
콜라겐,성분,2022-10-10,44.32019
콜라겐,성분,2022-10-17,46.59347
콜라겐,성분,2022-10-24,52.35637
콜라겐,성분,2022-10-31,48.97981
콜라겐,성분,2022-11-07,44.41553
콜라겐,성분,2022-11-14,44.88
콜라겐,성분,2022-11-21,47.93374
콜라겐,성분,2022-11-28,42.30978
콜라겐,성분,2022-12-05,43.11749
콜라겐,성분,2022-12-12,45.98599
콜라겐,성분,2022-12-19,38.56411
콜라겐,성분,2022-12-26,39.75591
콜라겐,성분,2023-01-02,54.46075
콜라겐,성분,2023-01-09,56.35811
콜라겐,성분,2023-01-16,49.05336
콜라겐,성분,2023-01-23,46.60982
콜라겐,성분,2023-01-30,50.71372
콜라겐,성분,2023-02-06,54.31365
콜라겐,성분,2023-02-13,50.63472
콜라겐,성분,2023-02-20,53.0551
콜라겐,성분,2023-02-27,62.49284
콜라겐,성분,2023-03-06,59.09041
콜라겐,성분,2023-03-13,91.39448
콜라겐,성분,2023-03-20,56.84028
콜라겐,성분,2023-03-27,58.53196
콜라겐,성분,2023-04-03,47.19414
콜라겐,성분,2023-04-10,50.74777
콜라겐,성분,2023-04-17,44.37876
콜라겐,성분,2023-04-24,51.82925
콜라겐,성분,2023-05-01,52.43809
콜라겐,성분,2023-05-08,49.30943
콜라겐,성분,2023-05-15,48.183
콜라겐,성분,2023-05-22,45.12381
콜라겐,성분,2023-05-29,49.95232
콜라겐,성분,2023-06-05,42.11909
콜라겐,성분,2023-06-12,41.47892
콜라겐,성분,2023-06-19,42.72794
콜라겐,성분,2023-06-26,43.36402
콜라겐,성분,2023-07-03,43.01806
콜라겐,성분,2023-07-10,42.70751
콜라겐,성분,2023-07-17,38.9128
콜라겐,성분,2023-07-24,38.38431
콜라겐,성분,2023-07-31,38.78068
콜라겐,성분,2023-08-07,39.08714
콜라겐,성분,2023-08-14,38.26037
콜라겐,성분,2023-08-21,42.3234
콜라겐,성분,2023-08-28,35.67108
콜라겐,성분,2023-09-04,36.55643
콜라겐,성분,2023-09-11,36.79751
콜라겐,성분,2023-09-18,40.29529
콜라겐,성분,2023-09-25,26.53436
콜라겐,성분,2023-10-02,33.95761
콜라겐,성분,2023-10-09,38.46331
콜라겐,성분,2023-10-16,42.5209
콜라겐,성분,2023-10-23,39.94933
콜라겐,성분,2023-10-30,38.97545
콜라겐,성분,2023-11-06,34.45067
콜라겐,성분,2023-11-13,36.92146
콜라겐,성분,2023-11-20,37.25789
콜라겐,성분,2023-11-27,35.76643
콜라겐,성분,2023-12-04,36.13146
콜라겐,성분,2023-12-11,34.13059
콜라겐,성분,2023-12-18,31.62167
콜라겐,성분,2023-12-25,34.40436
콜라겐,성분,2024-01-01,35.20253
콜라겐,성분,2024-01-08,44.50407
콜라겐,성분,2024-01-15,37.5017
콜라겐,성분,2024-01-22,37.80135
콜라겐,성분,2024-01-29,42.86278
콜라겐,성분,2024-02-05,30.45574
콜라겐,성분,2024-02-12,32.70042
콜라겐,성분,2024-02-19,30.92702
콜라겐,성분,2024-02-26,36.97322
콜라겐,성분,2024-03-04,34.53648
콜라겐,성분,2024-03-11,32.72903
콜라겐,성분,2024-03-18,35.35781
콜라겐,성분,2024-03-25,35.62069
콜라겐,성분,2024-04-01,35.30196
콜라겐,성분,2024-04-08,44.79964
콜라겐,성분,2024-04-15,41.33318
콜라겐,성분,2024-04-22,35.36462
콜라겐,성분,2024-04-29,37.15573
콜라겐,성분,2024-05-06,35.21752
콜라겐,성분,2024-05-13,33.91811
콜라겐,성분,2024-05-20,35.44634
콜라겐,성분,2024-05-27,36.5033
콜라겐,성분,2024-06-03,36.06744
콜라겐,성분,2024-06-10,36.48151
콜라겐,성분,2024-06-17,34.87972
콜라겐,성분,2024-06-24,34.06657
콜라겐,성분,2024-07-01,33.20166
콜라겐,성분,2024-07-08,31.71293
콜라겐,성분,2024-07-15,34.24092
콜라겐,성분,2024-07-22,34.87019
콜라겐,성분,2024-07-29,36.5033
콜라겐,성분,2024-08-05,32.88839
콜라겐,성분,2024-08-12,29.60581
콜라겐,성분,2024-08-19,31.20488
콜라겐,성분,2024-08-26,31.71565
콜라겐,성분,2024-09-02,30.17788
콜라겐,성분,2024-09-09,33.13765
콜라겐,성분,2024-09-16,42.0469
콜라겐,성분,2024-09-23,35.60162
콜라겐,성분,2024-09-30,32.94015
콜라겐,성분,2024-10-07,33.5449
콜라겐,성분,2024-10-14,44.13086
콜라겐,성분,2024-10-21,34.31174
콜라겐,성분,2024-10-28,30.65596
콜라겐,성분,2024-11-04,29.22307
콜라겐,성분,2024-11-11,31.4051
콜라겐,성분,2024-11-18,31.84777
콜라겐,성분,2024-11-25,30.32226
콜라겐,성분,2024-12-02,35.35509
콜라겐,성분,2024-12-09,45.38396
콜라겐,성분,2024-12-16,39.92072
콜라겐,성분,2024-12-23,38.81337
콜라겐,성분,2024-12-30,30.74586
콜라겐,성분,2025-01-06,38.17728
콜라겐,성분,2025-01-13,37.72099
콜라겐,성분,2025-01-20,33.3978
콜라겐,성분,2025-01-27,26.38589
콜라겐,성분,2025-02-03,39.70824
콜라겐,성분,2025-02-10,37.45675
콜라겐,성분,2025-02-17,39.32005
콜라겐,성분,2025-02-24,35.6956
콜라겐,성분,2025-03-03,31.63256
콜라겐,성분,2025-03-10,33.16761
콜라겐,성분,2025-03-17,29.7679
콜라겐,성분,2025-03-24,29.5595
콜라겐,성분,2025-03-31,26.85989
콜라겐,성분,2025-04-07,28.90026
콜라겐,성분,2025-04-14,28.5039
콜라겐,성분,2025-04-21,25.24176
콜라겐,성분,2025-04-28,25.67626
콜라겐,성분,2025-05-05,24.22975
콜라겐,성분,2025-05-12,24.58797
콜라겐,성분,2025-05-19,26.14753
콜라겐,성분,2025-05-26,27.16227
콜라겐,성분,2025-06-02,22.89765
콜라겐,성분,2025-06-09,26.99474
콜라겐,성분,2025-06-16,25.14097
콜라겐,성분,2025-06-23,25.06742
콜라겐,성분,2025-06-30,23.96823
콜라겐,성분,2025-07-07,24.73644
콜라겐,성분,2025-07-14,24.18752
콜라겐,성분,2025-07-21,22.77098
콜라겐,성분,2025-07-28,25.11918
콜라겐,성분,2025-08-04,23.21229
콜라겐,성분,2025-08-11,21.73445
콜라겐,성분,2025-08-18,25.19409
콜라겐,성분,2025-08-25,22.46043
콜라겐,성분,2025-09-01,24.88218
콜라겐,성분,2025-09-08,21.7576
콜라겐,성분,2025-09-15,23.77073
콜라겐,성분,2025-09-22,23.90013
콜라겐,성분,2025-09-29,19.55514
콜라겐,성분,2025-10-06,18.67934
콜라겐,성분,2025-10-13,24.15211
콜라겐,성분,2025-10-20,23.86608
콜라겐,성분,2025-10-27,22.8241
콜라겐,성분,2025-11-03,22.23432
콜라겐,성분,2025-11-10,23.33896
콜라겐,성분,2025-11-17,24.52668
콜라겐,성분,2025-11-24,24.77049
콜라겐,성분,2025-12-01,24.09627
콜라겐,성분,2025-12-08,23.17415
콜라겐,성분,2025-12-15,23.34849
콜라겐,성분,2025-12-22,25.28126
콜라겐,성분,2025-12-29,26.48941
콜라겐,성분,2026-01-05,26.42812
콜라겐,성분,2026-01-12,24.83042
콜라겐,성분,2026-01-19,27.46601
콜라겐,성분,2026-01-26,25.22133
콜라겐,성분,2026-02-02,27.09008
콜라겐,성분,2026-02-09,21.47565
콜라겐,성분,2026-02-16,20.59031
콜라겐,성분,2026-02-23,23.55144
콜라겐,성분,2026-03-02,22.42774
콜라겐,성분,2026-03-09,22.5871
콜라겐,성분,2026-03-16,22.93579
콜라겐,성분,2026-03-23,22.6157
콜라겐,성분,2026-03-30,23.17551
콜라겐,성분,2026-04-06,24.11806
콜라겐,성분,2026-04-13,22.30651
콜라겐,성분,2026-04-20,21.334
콜라겐,성분,2026-04-27,20.36285
콜라겐,성분,2026-05-04,19.05799
콜라겐,성분,2026-05-11,16.97676
콜라겐,성분,2026-05-18,17.06529
콜라겐,성분,2026-05-25,16.82966
콜라겐,성분,2026-06-01,17.10615
콜라겐,성분,2026-06-08,17.97243
콜라겐,성분,2026-06-15,16.28211
콜라겐,성분,2026-06-22,17.84031
콜라겐,성분,2026-06-29,17.98469
콜라겐,성분,2026-07-06,15.80266
콜라겐,성분,2026-07-13,14.08646
콜라겐,성분,2026-07-20,14.68032
콜라겐,성분,2026-07-27,17.95063
콜라겐,성분,2026-08-03,15.89256
콜라겐,성분,2026-08-10,15.6719
콜라겐,성분,2026-08-17,15.21833
콜라겐,성분,2026-08-24,14.87237
콜라겐,성분,2026-08-31,17.72045
콜라겐,성분,2026-09-07,17.44258
콜라겐,성분,2026-09-14,20.73061
콜라겐,성분,2026-09-21,15.6828
콜라겐,성분,2026-09-28,2.61788
스쿠알란,성분,2020-12-28,2.45881
스쿠알란,성분,2021-01-04,2.99975
스쿠알란,성분,2021-01-11,3.16367
스쿠알란,성분,2021-01-18,2.67191
스쿠알란,성분,2021-01-25,2.80304
스쿠알란,성분,2021-02-01,3.28661
스쿠알란,성분,2021-02-08,2.38505
스쿠알란,성분,2021-02-15,2.95057
스쿠알란,성분,2021-02-22,2.4834
스쿠알란,성분,2021-03-01,2.6965
스쿠알란,성분,2021-03-08,2.98336
스쿠알란,성분,2021-03-15,2.64732
스쿠알란,성분,2021-03-22,2.92598
스쿠알란,성분,2021-03-29,3.25383
스쿠알란,성분,2021-04-05,2.71289
스쿠알란,성분,2021-04-12,2.96696
스쿠알란,성분,2021-04-19,3.0981
스쿠알란,성분,2021-04-26,2.41783
스쿠알란,성분,2021-05-03,2.31948
스쿠알란,성분,2021-05-10,2.45061
스쿠알란,성분,2021-05-17,2.28669
스쿠알란,성분,2021-05-24,3.0981
스쿠알란,성분,2021-05-31,2.55716
스쿠알란,성분,2021-06-07,2.91779
스쿠알란,성분,2021-06-14,2.60634
스쿠알란,성분,2021-06-21,2.36865
스쿠알란,성분,2021-06-28,2.885
스쿠알란,성분,2021-07-05,3.22104
스쿠알란,성분,2021-07-12,3.05712
스쿠알란,성분,2021-07-19,2.77846
스쿠알란,성분,2021-07-26,2.71289
스쿠알란,성분,2021-08-02,2.59814
스쿠알란,성분,2021-08-09,5.77821
스쿠알란,성분,2021-08-16,3.06532
스쿠알란,성분,2021-08-23,3.07351
스쿠알란,성분,2021-08-30,3.36038
스쿠알란,성분,2021-09-06,3.3194
스쿠알란,성분,2021-09-13,3.15547
스쿠알란,성분,2021-09-20,2.81944
스쿠알란,성분,2021-09-27,3.22924
스쿠알란,성분,2021-10-04,3.07351
스쿠알란,성분,2021-10-11,3.77837
스쿠알란,성분,2021-10-18,4.01606
스쿠알란,성분,2021-10-25,4.49963
스쿠알란,성분,2021-11-01,3.86033
스쿠알란,성분,2021-11-08,3.89312
스쿠알란,성분,2021-11-15,3.78657
스쿠알란,성분,2021-11-22,3.48332
스쿠알란,성분,2021-11-29,8.10589
스쿠알란,성분,2021-12-06,4.92582
스쿠알란,성분,2021-12-13,3.58986
스쿠알란,성분,2021-12-20,2.97516
스쿠알란,성분,2021-12-27,3.16367
스쿠알란,성분,2022-01-03,4.43406
스쿠알란,성분,2022-01-10,4.08163
스쿠알란,성분,2022-01-17,3.36857
스쿠알란,성분,2022-01-24,3.33579
스쿠알란,성분,2022-01-31,3.5243
스쿠알란,성분,2022-02-07,4.41767
스쿠알란,성분,2022-02-14,13.09728
스쿠알란,성분,2022-02-21,6.6306
스쿠알란,성분,2022-02-28,3.69641
스쿠알란,성분,2022-03-07,3.58167
스쿠알란,성분,2022-03-14,3.32759
스쿠알란,성분,2022-03-21,3.55708
스쿠알란,성분,2022-03-28,3.22104
스쿠알란,성분,2022-04-04,2.98336
스쿠알란,성분,2022-04-11,3.06532
스쿠알란,성분,2022-04-18,3.82755
스쿠알란,성분,2022-04-25,4.12261
스쿠알란,성분,2022-05-02,3.0981
스쿠알란,성분,2022-05-09,2.74567
스쿠알란,성분,2022-05-16,2.95877
스쿠알란,성분,2022-05-23,3.12269
스쿠알란,성분,2022-05-30,3.14728
스쿠알란,성분,2022-06-06,3.41775
스쿠알란,성분,2022-06-13,5.96672
스쿠알란,성분,2022-06-20,4.06524
스쿠알란,성분,2022-06-27,2.71289
스쿠알란,성분,2022-07-04,6.07327
스쿠알란,성분,2022-07-11,3.22104
스쿠알란,성분,2022-07-18,2.95877
스쿠알란,성분,2022-07-25,2.2703
스쿠알란,성분,2022-08-01,2.62273
스쿠알란,성분,2022-08-08,2.46701
스쿠알란,성분,2022-08-15,2.4834
스쿠알란,성분,2022-08-22,2.84402
스쿠알란,성분,2022-08-29,3.27022
스쿠알란,성분,2022-09-05,2.54897
스쿠알란,성분,2022-09-12,2.43422
스쿠알란,성분,2022-09-19,2.87681
스쿠알란,성분,2022-09-26,2.79485
스쿠알란,성분,2022-10-03,3.08991
스쿠알란,성분,2022-10-10,2.72108
스쿠알란,성분,2022-10-17,3.21285
스쿠알란,성분,2022-10-24,2.86042
스쿠알란,성분,2022-10-31,3.28661
스쿠알란,성분,2022-11-07,2.9014
스쿠알란,성분,2022-11-14,3.04073
스쿠알란,성분,2022-11-21,2.93418
스쿠알란,성분,2022-11-28,2.98336
스쿠알란,성분,2022-12-05,3.17187
스쿠알란,성분,2022-12-12,3.79477
스쿠알란,성분,2022-12-19,3.13089
스쿠알란,성분,2022-12-26,2.67191
스쿠알란,성분,2023-01-02,3.61445
스쿠알란,성분,2023-01-09,3.15547
스쿠알란,성분,2023-01-16,2.81944
스쿠알란,성분,2023-01-23,3.5161
스쿠알란,성분,2023-01-30,3.45873
스쿠알란,성분,2023-02-06,3.57347
스쿠알란,성분,2023-02-13,3.721
스쿠알란,성분,2023-02-20,3.3194
스쿠알란,성분,2023-02-27,3.64724
스쿠알란,성분,2023-03-06,8.22063
스쿠알란,성분,2023-03-13,6.69617
스쿠알란,성분,2023-03-20,5.14711
스쿠알란,성분,2023-03-27,6.35193
스쿠알란,성분,2023-04-03,6.65519
스쿠알란,성분,2023-04-10,8.57306
스쿠알란,성분,2023-04-17,7.27809
스쿠알란,성분,2023-04-24,8.22063
스쿠알란,성분,2023-05-01,8.10589
스쿠알란,성분,2023-05-08,7.14695
스쿠알란,성분,2023-05-15,7.38464
스쿠알란,성분,2023-05-22,7.91738
스쿠알란,성분,2023-05-29,8.02393
스쿠알란,성분,2023-06-05,6.50766
스쿠알란,성분,2023-06-12,8.16326
스쿠알란,성분,2023-06-19,7.77805
스쿠알란,성분,2023-06-26,6.04868
스쿠알란,성분,2023-07-03,6.8437
스쿠알란,성분,2023-07-10,9.16318
스쿠알란,성분,2023-07-17,7.94197
스쿠알란,성분,2023-07-24,7.31087
스쿠알란,성분,2023-07-31,9.62216
스쿠알란,성분,2023-08-07,16.48225
스쿠알란,성분,2023-08-14,14.7283
스쿠알란,성분,2023-08-21,13.30218
스쿠알란,성분,2023-08-28,13.2694
스쿠알란,성분,2023-09-04,12.26948
스쿠알란,성분,2023-09-11,9.3271
스쿠알란,성분,2023-09-18,8.47471
스쿠알란,성분,2023-09-25,7.61412
스쿠알란,성분,2023-10-02,9.24514
스쿠알란,성분,2023-10-09,8.31899
스쿠알란,성분,2023-10-16,10.19588
스쿠알란,성분,2023-10-23,9.62216
스쿠알란,성분,2023-10-30,10.43357
스쿠알란,성분,2023-11-06,9.96639
스쿠알란,성분,2023-11-13,8.35177
스쿠알란,성분,2023-11-20,10.88435
스쿠알란,성분,2023-11-27,11.79411
스쿠알란,성분,2023-12-04,10.49094
스쿠알란,성분,2023-12-11,8.68781
스쿠알란,성분,2023-12-18,8.32718
스쿠알란,성분,2023-12-25,7.50758
스쿠알란,성분,2024-01-01,8.21244
스쿠알란,성분,2024-01-08,7.76165
스쿠알란,성분,2024-01-15,8.42553
스쿠알란,성분,2024-01-22,9.56478
스쿠알란,성분,2024-01-29,8.78616
스쿠알란,성분,2024-02-05,7.52397
스쿠알란,성분,2024-02-12,9.04843
스쿠알란,성분,2024-02-19,8.04852
스쿠알란,성분,2024-02-26,8.68781
스쿠알란,성분,2024-03-04,9.02385
스쿠알란,성분,2024-03-11,7.40103
스쿠알란,성분,2024-03-18,7.2453
스쿠알란,성분,2024-03-25,7.60593
스쿠알란,성분,2024-04-01,6.88468
스쿠알란,성분,2024-04-08,7.94197
스쿠알란,성분,2024-04-15,8.04032
스쿠알란,성분,2024-04-22,7.44201
스쿠알란,성분,2024-04-29,6.95024
스쿠알란,성분,2024-05-06,7.05679
스쿠알란,성분,2024-05-13,7.49118
스쿠알란,성분,2024-05-20,6.54044
스쿠알란,성분,2024-05-27,7.70428
스쿠알란,성분,2024-06-03,7.99114
스쿠알란,성분,2024-06-10,6.96664
스쿠알란,성분,2024-06-17,6.09786
스쿠알란,성분,2024-06-24,6.18801
스쿠알란,성분,2024-07-01,5.90115
스쿠알란,성분,2024-07-08,6.27817
스쿠알란,성분,2024-07-15,6.07327
스쿠알란,성분,2024-07-22,5.44217
스쿠알란,성분,2024-07-29,5.65527
스쿠알란,성분,2024-08-05,6.06507
스쿠알란,성분,2024-08-12,6.05688
스쿠알란,성분,2024-08-19,6.71256
스쿠알란,성분,2024-08-26,7.43381
스쿠알란,성분,2024-09-02,7.82722
스쿠알란,성분,2024-09-09,6.2208
스쿠알란,성분,2024-09-16,6.26178
스쿠알란,성분,2024-09-23,7.42562
스쿠알란,성분,2024-09-30,6.34374
스쿠알란,성분,2024-10-07,6.26178
스쿠알란,성분,2024-10-14,6.12244
스쿠알란,성분,2024-10-21,6.36833
스쿠알란,성분,2024-10-28,7.2535
스쿠알란,성분,2024-11-04,7.40103
스쿠알란,성분,2024-11-11,6.8273
스쿠알란,성분,2024-11-18,7.15515
스쿠알란,성분,2024-11-25,6.76174
스쿠알란,성분,2024-12-02,7.78624
스쿠알란,성분,2024-12-09,6.69617
스쿠알란,성분,2024-12-16,6.6306
스쿠알란,성분,2024-12-23,5.47496
스쿠알란,성분,2024-12-30,5.86837
스쿠알란,성분,2025-01-06,7.22071
스쿠알란,성분,2025-01-13,7.56495
스쿠알란,성분,2025-01-20,8.32718
스쿠알란,성분,2025-01-27,7.33546
스쿠알란,성분,2025-02-03,8.4911
스쿠알란,성분,2025-02-10,7.32726
스쿠알란,성분,2025-02-17,7.54036
스쿠알란,성분,2025-02-24,7.00762
스쿠알란,성분,2025-03-03,7.26989
스쿠알란,성분,2025-03-10,6.37652
스쿠알란,성분,2025-03-17,6.53225
스쿠알란,성분,2025-03-24,5.3848
스쿠알란,성분,2025-03-31,6.49946
스쿠알란,성분,2025-04-07,6.67978
스쿠알란,성분,2025-04-14,5.69625
스쿠알란,성분,2025-04-21,5.66347
스쿠알란,성분,2025-04-28,4.49963
스쿠알란,성분,2025-05-05,4.99959
스쿠알란,성분,2025-05-12,4.91762
스쿠알란,성분,2025-05-19,5.1717
스쿠알란,성분,2025-05-26,5.27005
스쿠알란,성분,2025-06-02,7.17973
스쿠알란,성분,2025-06-09,5.45856
스쿠알란,성분,2025-06-16,4.71272
스쿠알란,성분,2025-06-23,4.49143
스쿠알란,성분,2025-06-30,5.86017
스쿠알란,성분,2025-07-07,4.89304
스쿠알란,성분,2025-07-14,4.557
스쿠알란,성분,2025-07-21,4.28653
스쿠알란,성분,2025-07-28,4.36029
스쿠알란,성분,2025-08-04,5.60609
스쿠알란,성분,2025-08-11,4.80288
스쿠알란,성분,2025-08-18,5.23727
스쿠알란,성분,2025-08-25,5.72903
스쿠알란,성분,2025-09-01,5.95852
스쿠알란,성분,2025-09-08,4.72092
스쿠알란,성분,2025-09-15,3.99967
스쿠알란,성분,2025-09-22,4.24555
스쿠알란,성분,2025-09-29,4.17178
스쿠알란,성분,2025-10-06,3.99147
스쿠알란,성분,2025-10-13,4.40127
스쿠알란,성분,2025-10-20,4.66355
스쿠알란,성분,2025-10-27,5.00778
스쿠알란,성분,2025-11-03,5.28645
스쿠알란,성분,2025-11-10,4.80288
스쿠알란,성분,2025-11-17,5.24547
스쿠알란,성분,2025-11-24,5.56511
스쿠알란,성분,2025-12-01,5.76182
스쿠알란,성분,2025-12-08,5.57331
스쿠알란,성분,2025-12-15,4.48323
스쿠알란,성분,2025-12-22,4.1308
스쿠알란,성분,2025-12-29,4.42586
스쿠알란,성분,2026-01-05,5.36841
스쿠알란,성분,2026-01-12,4.9586
스쿠알란,성분,2026-01-19,5.78641
스쿠알란,성분,2026-01-26,5.50774
스쿠알란,성분,2026-02-02,6.49946
스쿠알란,성분,2026-02-09,5.57331
스쿠알란,성분,2026-02-16,4.82747
스쿠알란,성분,2026-02-23,4.9586
스쿠알란,성분,2026-03-02,5.18809
스쿠알란,성분,2026-03-09,4.23735
스쿠알란,성분,2026-03-16,4.45045
스쿠알란,성분,2026-03-23,4.15539
스쿠알란,성분,2026-03-30,4.63076
스쿠알란,성분,2026-04-06,4.25374
스쿠알란,성분,2026-04-13,3.90951
스쿠알란,성분,2026-04-20,4.77829
스쿠알란,성분,2026-04-27,5.33562
스쿠알란,성분,2026-05-04,4.7619
스쿠알란,성분,2026-05-11,5.07335
스쿠알란,성분,2026-05-18,5.40119
스쿠알란,성분,2026-05-25,3.74559
스쿠알란,성분,2026-06-01,5.13892
스쿠알란,성분,2026-06-08,4.63896
스쿠알란,성분,2026-06-15,3.88492
스쿠알란,성분,2026-06-22,3.721
스쿠알란,성분,2026-06-29,3.29481
스쿠알란,성분,2026-07-06,3.14728
스쿠알란,성분,2026-07-13,2.54897
스쿠알란,성분,2026-07-20,2.75387
스쿠알란,성분,2026-07-27,2.81944
스쿠알란,성분,2026-08-03,2.77846
스쿠알란,성분,2026-08-10,2.91779
스쿠알란,성분,2026-08-17,2.61453
스쿠알란,성분,2026-08-24,4.06524
스쿠알란,성분,2026-08-31,4.51602
스쿠알란,성분,2026-09-07,3.3194
스쿠알란,성분,2026-09-14,2.97516
스쿠알란,성분,2026-09-21,2.66371
스쿠알란,성분,2026-09-28,0.53274
병풀추출물,성분,2020-12-28,18.27719
병풀추출물,성분,2021-01-04,21.07204
병풀추출물,성분,2021-01-11,41.64412
병풀추출물,성분,2021-01-18,70.45324
병풀추출물,성분,2021-01-25,33.32513
병풀추출물,성분,2021-02-01,23.12925
병풀추출물,성분,2021-02-08,19.16236
병풀추출물,성분,2021-02-15,20.3262
병풀추출물,성분,2021-02-22,17.88378
병풀추출물,성분,2021-03-01,17.17072
병풀추출물,성분,2021-03-08,16.96582
병풀추출물,성분,2021-03-15,17.64609
병풀추출물,성분,2021-03-22,16.23637
병풀추출물,성분,2021-03-29,14.44963
병풀추출물,성분,2021-04-05,15.1299
병풀추출물,성분,2021-04-12,28.12064
병풀추출물,성분,2021-04-19,19.44102
병풀추출물,성분,2021-04-26,17.18711
병풀추출물,성분,2021-05-03,19.9
병풀추출물,성분,2021-05-10,17.36742
병풀추출물,성분,2021-05-17,13.82673
병풀추출물,성분,2021-05-24,24.63732
병풀추출물,성분,2021-05-31,58.21653
병풀추출물,성분,2021-06-07,24.03901
병풀추출물,성분,2021-06-14,18.09687
병풀추출물,성분,2021-06-21,16.7937
병풀추출물,성분,2021-06-28,22.27686
병풀추출물,성분,2021-07-05,22.8014
병풀추출물,성분,2021-07-12,17.43299
병풀추출물,성분,2021-07-19,18.19522
병풀추출물,성분,2021-07-26,24.42422
병풀추출물,성분,2021-08-02,27.71903
병풀추출물,성분,2021-08-09,17.74444
병풀추출물,성분,2021-08-16,18.17883
병풀추출물,성분,2021-08-23,28.21899
병풀추출물,성분,2021-08-30,20.99827
병풀추출물,성분,2021-09-06,14.90041
병풀추출물,성분,2021-09-13,16.62978
병풀추출물,성분,2021-09-20,14.925
병풀추출물,성분,2021-09-27,17.89197
병풀추출물,성분,2021-10-04,16.23637
병풀추출물,성분,2021-10-11,17.81821
병풀추출물,성분,2021-10-18,28.44848
병풀추출물,성분,2021-10-25,20.1049
병풀추출물,성분,2021-11-01,19.54757
병풀추출물,성분,2021-11-08,19.38365
병풀추출물,성분,2021-11-15,16.62158
병풀추출물,성분,2021-11-22,15.72002
병풀추출물,성분,2021-11-29,14.97418
병풀추출물,성분,2021-12-06,19.09679
병풀추출물,성분,2021-12-13,21.30972
병풀추출물,성분,2021-12-20,17.63789
병풀추출물,성분,2021-12-27,14.507
병풀추출물,성분,2022-01-03,16.1708
병풀추출물,성분,2022-01-10,16.65437
병풀추출물,성분,2022-01-17,18.13785
병풀추출물,성분,2022-01-24,14.52339
병풀추출물,성분,2022-01-31,16.09704
병풀추출물,성분,2022-02-07,15.40857
병풀추출물,성분,2022-02-14,15.61347
병풀추출물,성분,2022-02-21,23.4325
병풀추출물,성분,2022-02-28,19.87542
병풀추출물,성분,2022-03-07,19.26891
병풀추출물,성분,2022-03-14,25.52249
병풀추출물,성분,2022-03-21,20.15408
병풀추출물,성분,2022-03-28,13.24481
병풀추출물,성분,2022-04-04,15.19547
병풀추출물,성분,2022-04-11,13.72838
병풀추출물,성분,2022-04-18,13.15465
병풀추출물,성분,2022-04-25,13.66281
병풀추출물,성분,2022-05-02,13.31858
병풀추출물,성분,2022-05-09,18.69518
병풀추출물,성분,2022-05-16,13.30218
병풀추출물,성분,2022-05-23,14.62175
병풀추출물,성분,2022-05-30,14.87582
병풀추출물,성분,2022-06-06,13.49069
병풀추출물,성분,2022-06-13,14.07261
병풀추출물,성분,2022-06-20,13.57265
병풀추출물,성분,2022-06-27,12.08917
병풀추출물,성분,2022-07-04,12.77764
병풀추출물,성분,2022-07-11,13.85132
병풀추출물,성분,2022-07-18,19.62134
병풀추출물,성분,2022-07-25,19.04761
병풀추출물,성분,2022-08-01,18.23621
병풀추출물,성분,2022-08-08,19.95738
병풀추출물,성분,2022-08-15,21.80149
병풀추출물,성분,2022-08-22,18.15424
병풀추출물,성분,2022-08-29,16.04786
병풀추출물,성분,2022-09-05,10.38439
병풀추출물,성분,2022-09-12,11.57282
병풀추출물,성분,2022-09-19,10.69584
병풀추출물,성분,2022-09-26,12.24489
병풀추출물,성분,2022-10-03,10.97451
병풀추출물,성분,2022-10-10,11.27776
병풀추출물,성분,2022-10-17,10.66306
병풀추출물,성분,2022-10-24,11.49905
병풀추출물,성분,2022-10-31,11.22039
병풀추출물,성분,2022-11-07,12.75305
병풀추출물,성분,2022-11-14,12.76124
병풀추출물,성분,2022-11-21,12.40881
병풀추출물,성분,2022-11-28,12.09736
병풀추출물,성분,2022-12-05,12.08917
병풀추출물,성분,2022-12-12,10.34341
병풀추출물,성분,2022-12-19,9.35169
병풀추출물,성분,2022-12-26,9.23694
병풀추출물,성분,2023-01-02,11.1958
병풀추출물,성분,2023-01-09,10.90894
병풀추출물,성분,2023-01-16,10.22866
병풀추출물,성분,2023-01-23,10.60568
병풀추출물,성분,2023-01-30,12.52356
병풀추출물,성분,2023-02-06,13.56446
병풀추출물,성분,2023-02-13,13.02352
병풀추출물,성분,2023-02-20,13.10548
병풀추출물,성분,2023-02-27,14.90041
병풀추출물,성분,2023-03-06,16.54782
병풀추출물,성분,2023-03-13,17.99852
병풀추출물,성분,2023-03-20,13.84312
병풀추출물,성분,2023-03-27,15.01516
병풀추출물,성분,2023-04-03,15.16269
병풀추출물,성분,2023-04-10,15.84296
병풀추출물,성분,2023-04-17,15.93312
병풀추출물,성분,2023-04-24,14.7283
병풀추출물,성분,2023-05-01,12.78583
병풀추출물,성분,2023-05-08,13.4825
병풀추출물,성분,2023-05-15,13.51528
병풀추출물,성분,2023-05-22,13.82673
병풀추출물,성분,2023-05-29,13.96606
병풀추출물,성분,2023-06-05,13.58085
병풀추출물,성분,2023-06-12,14.53979
병풀추출물,성분,2023-06-19,14.15457
병풀추출물,성분,2023-06-26,13.44152
병풀추출물,성분,2023-07-03,13.71199
병풀추출물,성분,2023-07-10,13.35136
병풀추출물,성분,2023-07-17,12.40062
병풀추출물,성분,2023-07-24,13.10548
병풀추출물,성분,2023-07-31,13.17924
병풀추출물,성분,2023-08-07,13.52348
병풀추출물,성분,2023-08-14,15.5561
병풀추출물,성분,2023-08-21,15.90033
병풀추출물,성분,2023-08-28,16.28555
병풀추출물,성분,2023-09-04,14.91681
병풀추출물,성분,2023-09-11,13.02352
병풀추출물,성분,2023-09-18,12.04819
병풀추출물,성분,2023-09-25,9.35988
병풀추출물,성분,2023-10-02,12.81042
병풀추출물,성분,2023-10-09,12.92517
병풀추출물,성분,2023-10-16,11.85968
병풀추출물,성분,2023-10-23,13.4825
병풀추출물,성분,2023-10-30,13.8841
병풀추출물,성분,2023-11-06,13.13007
병풀추출물,성분,2023-11-13,12.76944
병풀추출물,성분,2023-11-20,12.6547
병풀추출물,성분,2023-11-27,12.54815
병풀추출물,성분,2023-12-04,12.44979
병풀추출물,성분,2023-12-11,10.59749
병풀추출물,성분,2023-12-18,10.09753
병풀추출물,성분,2023-12-25,11.43348
병풀추출물,성분,2024-01-01,12.94156
병풀추출물,성분,2024-01-08,12.54815
병풀추출물,성분,2024-01-15,12.87599
병풀추출물,성분,2024-01-22,13.66281
병풀추출물,성분,2024-01-29,14.26112
병풀추출물,성분,2024-02-05,12.16293
병풀추출물,성분,2024-02-12,14.22834
병풀추출물,성분,2024-02-19,13.72018
병풀추출물,성분,2024-02-26,18.98205
병풀추출물,성분,2024-03-04,18.21162
병풀추출물,성분,2024-03-11,14.86763
병풀추출물,성분,2024-03-18,15.17088
병풀추출물,성분,2024-03-25,15.58069
병풀추출물,성분,2024-04-01,14.44963
병풀추출물,성분,2024-04-08,14.61355
병풀추출물,성분,2024-04-15,14.52339
병풀추출물,성분,2024-04-22,13.79395
병풀추출물,성분,2024-04-29,14.63814
병풀추출물,성분,2024-05-06,13.53167
병풀추출물,성분,2024-05-13,14.29391
병풀추출물,성분,2024-05-20,14.24473
병풀추출물,성분,2024-05-27,15.08892
병풀추출물,성분,2024-06-03,12.06458
병풀추출물,성분,2024-06-10,11.1958
병풀추출물,성분,2024-06-17,9.99098
병풀추출물,성분,2024-06-24,10.94992
병풀추출물,성분,2024-07-01,9.69592
병풀추출물,성분,2024-07-08,9.72051
병풀추출물,성분,2024-07-15,10.32702
병풀추출물,성분,2024-07-22,9.54839
병풀추출물,성분,2024-07-29,9.5238
병풀추출물,성분,2024-08-05,9.65494
병풀추출물,성분,2024-08-12,9.82706
병풀추출물,성분,2024-08-19,10.31882
병풀추출물,성분,2024-08-26,10.08933
병풀추출물,성분,2024-09-02,10.39259
병풀추출물,성분,2024-09-09,9.18777
병풀추출물,성분,2024-09-16,9.35988
병풀추출물,성분,2024-09-23,9.92541
병풀추출물,성분,2024-09-30,8.63044
병풀추출물,성분,2024-10-07,9.06483
병풀추출물,성분,2024-10-14,9.36808
병풀추출물,성분,2024-10-21,8.4911
병풀추출물,성분,2024-10-28,7.97475
병풀추출물,성분,2024-11-04,9.15498
병풀추출물,성분,2024-11-11,8.93369
병풀추출물,성분,2024-11-18,8.84353
병풀추출물,성분,2024-11-25,8.80255
병풀추출물,성분,2024-12-02,9.20416
병풀추출물,성분,2024-12-09,7.68789
병풀추출물,성분,2024-12-16,8.46651
병풀추출물,성분,2024-12-23,7.90099
병풀추출물,성분,2024-12-30,7.49118
병풀추출물,성분,2025-01-06,7.89279
병풀추출물,성분,2025-01-13,8.95828
병풀추출물,성분,2025-01-20,9.47463
병풀추출물,성분,2025-01-27,9.59757
병풀추출물,성분,2025-02-03,10.08114
병풀추출물,성분,2025-02-10,10.7696
병풀추출물,성분,2025-02-17,8.98287
병풀추출물,성분,2025-02-24,8.75338
병풀추출물,성분,2025-03-03,9.50741
병풀추출물,성분,2025-03-10,10.31882
병풀추출물,성분,2025-03-17,8.53208
병풀추출물,성분,2025-03-24,7.53216
병풀추출물,성분,2025-03-31,7.4584
병풀추출물,성분,2025-04-07,7.76985
병풀추출물,성분,2025-04-14,9.3271
병풀추출물,성분,2025-04-21,9.50741
병풀추출물,성분,2025-04-28,8.20424
병풀추출물,성분,2025-05-05,7.20432
병풀추출물,성분,2025-05-12,7.79444
병풀추출물,성분,2025-05-19,7.17973
병풀추출물,성분,2025-05-26,7.32726
병풀추출물,성분,2025-06-02,7.79444
병풀추출물,성분,2025-06-09,8.16326
병풀추출물,성분,2025-06-16,6.53225
병풀추출물,성분,2025-06-23,5.78641
병풀추출물,성분,2025-06-30,5.99131
병풀추출물,성분,2025-07-07,5.47496
병풀추출물,성분,2025-07-14,5.7946
병풀추출물,성분,2025-07-21,5.51594
병풀추출물,성분,2025-07-28,5.08155
병풀추출물,성분,2025-08-04,5.35202
병풀추출물,성분,2025-08-11,4.69633
병풀추출물,성분,2025-08-18,4.73731
병풀추출물,성분,2025-08-25,4.50782
병풀추출물,성분,2025-09-01,5.53233
병풀추출물,성분,2025-09-08,5.11433
병풀추출물,성분,2025-09-15,5.08974
병풀추출물,성분,2025-09-22,4.25374
병풀추출물,성분,2025-09-29,3.63084
병풀추출물,성분,2025-10-06,4.63896
병풀추출물,성분,2025-10-13,4.47504
병풀추출물,성분,2025-10-20,4.67994
병풀추출물,성분,2025-10-27,5.3848
병풀추출물,성분,2025-11-03,5.1799
병풀추출물,성분,2025-11-10,5.01598
병풀추출물,성분,2025-11-17,4.43406
병풀추출물,성분,2025-11-24,4.63896
병풀추출물,성분,2025-12-01,4.44225
병풀추출물,성분,2025-12-08,4.58978
병풀추출물,성분,2025-12-15,4.49963
병풀추출물,성분,2025-12-22,3.5079
병풀추출물,성분,2025-12-29,3.74559
병풀추출물,성분,2026-01-05,4.02426
병풀추출물,성분,2026-01-12,4.41767
병풀추출물,성분,2026-01-19,6.13884
병풀추출물,성분,2026-01-26,5.30284
병풀추출물,성분,2026-02-02,4.43406
병풀추출물,성분,2026-02-09,4.12261
병풀추출물,성분,2026-02-16,6.19621
병풀추출물,성분,2026-02-23,5.32743
병풀추출물,성분,2026-03-02,6.16342
병풀추출물,성분,2026-03-09,6.66338
병풀추출물,성분,2026-03-16,6.49946
병풀추출물,성분,2026-03-23,5.85197
병풀추출물,성분,2026-03-30,5.22907
병풀추출물,성분,2026-04-06,5.33562
병풀추출물,성분,2026-04-13,4.17178
병풀추출물,성분,2026-04-20,4.40947
병풀추출물,성분,2026-04-27,4.139
병풀추출물,성분,2026-05-04,3.9259
병풀추출물,성분,2026-05-11,3.96688
병풀추출물,성분,2026-05-18,4.93402
병풀추출물,성분,2026-05-25,5.56511
병풀추출물,성분,2026-06-01,5.82739
병풀추출물,성분,2026-06-08,5.70445
병풀추출물,성분,2026-06-15,5.44217
병풀추출물,성분,2026-06-22,5.15531
병풀추출물,성분,2026-06-29,7.2453
병풀추출물,성분,2026-07-06,4.42586
병풀추출물,성분,2026-07-13,5.07335
병풀추출물,성분,2026-07-20,3.80296
병풀추출물,성분,2026-07-27,3.95049
병풀추출물,성분,2026-08-03,5.23727
병풀추출물,성분,2026-08-10,6.33554
병풀추출물,성분,2026-08-17,5.3766
병풀추출물,성분,2026-08-24,5.33562
병풀추출물,성분,2026-08-31,4.93402
병풀추출물,성분,2026-09-07,3.74559
병풀추출물,성분,2026-09-14,5.03237
병풀추출물,성분,2026-09-21,4.49963
병풀추출물,성분,2026-09-28,0.85238
엑소좀,성분,2020-12-28,12.81042
엑소좀,성분,2021-01-04,15.05614
엑소좀,성분,2021-01-11,15.77739
엑소좀,성분,2021-01-18,17.56413
엑소좀,성분,2021-01-25,15.48233
엑소좀,성분,2021-02-01,16.63798
엑소좀,성분,2021-02-08,12.24489
엑소좀,성분,2021-02-15,16.30194
엑소좀,성분,2021-02-22,14.67092
엑소좀,성분,2021-03-01,17.58872
엑소좀,성분,2021-03-08,18.40013
엑소좀,성분,2021-03-15,19.56397
엑소좀,성분,2021-03-22,20.21145
엑소좀,성분,2021-03-29,21.58019
엑소좀,성분,2021-04-05,20.35079
엑소좀,성분,2021-04-12,20.54749
엑소좀,성분,2021-04-19,21.18678
엑소좀,성분,2021-04-26,20.93271
엑소좀,성분,2021-05-03,20.03934
엑소좀,성분,2021-05-10,21.96541
엑소좀,성분,2021-05-17,20.04753
엑소좀,성분,2021-05-24,27.11253
엑소좀,성분,2021-05-31,26.79288
엑소좀,성분,2021-06-07,27.84198
엑소좀,성분,2021-06-14,25.34218
엑소좀,성분,2021-06-21,24.8832
엑소좀,성분,2021-06-28,25.26022
엑소좀,성분,2021-07-05,31.3253
엑소좀,성분,2021-07-12,28.98942
엑소좀,성분,2021-07-19,28.2026
엑소좀,성분,2021-07-26,36.84943
엑소좀,성분,2021-08-02,28.44848
엑소좀,성분,2021-08-09,36.33308
엑소좀,성분,2021-08-16,28.32554
엑소좀,성분,2021-08-23,29.4484
엑소좀,성분,2021-08-30,33.93984
엑소좀,성분,2021-09-06,28.66978
엑소좀,성분,2021-09-13,28.74354
엑소좀,성분,2021-09-20,21.84247
엑소좀,성분,2021-09-27,30.2844
엑소좀,성분,2021-10-04,26.7519
엑소좀,성분,2021-10-11,25.63724
엑소좀,성분,2021-10-18,27.67805
엑소좀,성분,2021-10-25,27.49774
엑소좀,성분,2021-11-01,30.38275
엑소좀,성분,2021-11-08,27.76821
엑소좀,성분,2021-11-15,30.66142
엑소좀,성분,2021-11-22,30.83353
엑소좀,성분,2021-11-29,31.18596
엑소좀,성분,2021-12-06,31.17777
엑소좀,성분,2021-12-13,28.91566
엑소좀,성분,2021-12-20,26.27653
엑소좀,성분,2021-12-27,28.39931
엑소좀,성분,2022-01-03,35.91508
엑소좀,성분,2022-01-10,35.41512
엑소좀,성분,2022-01-17,33.64478
엑소좀,성분,2022-01-24,34.2185
엑소좀,성분,2022-01-31,29.48119
엑소좀,성분,2022-02-07,35.36595
엑소좀,성분,2022-02-14,30.75157
엑소좀,성분,2022-02-21,35.03811
엑소좀,성분,2022-02-28,40.6606
엑소좀,성분,2022-03-07,36.02163
엑소좀,성분,2022-03-14,33.57921
엑소좀,성분,2022-03-21,36.03802
엑소좀,성분,2022-03-28,35.81673
엑소좀,성분,2022-04-04,42.16047
엑소좀,성분,2022-04-11,39.01319
엑소좀,성분,2022-04-18,37.66904
엑소좀,성분,2022-04-25,40.33275
엑소좀,성분,2022-05-02,35.06269
엑소좀,성분,2022-05-09,42.29981
엑소좀,성분,2022-05-16,41.55397
엑소좀,성분,2022-05-23,39.71805
엑소좀,성분,2022-05-30,37.27563
엑소좀,성분,2022-06-06,34.0054
엑소좀,성분,2022-06-13,38.34111
엑소좀,성분,2022-06-20,37.09532
엑소좀,성분,2022-06-27,35.16105
엑소좀,성분,2022-07-04,34.87419
엑소좀,성분,2022-07-11,34.2267
엑소좀,성분,2022-07-18,38.89845
엑소좀,성분,2022-07-25,36.43963
엑소좀,성분,2022-08-01,40.36554
엑소좀,성분,2022-08-08,49.14351
엑소좀,성분,2022-08-15,63.34726
엑소좀,성분,2022-08-22,51.97934
엑소좀,성분,2022-08-29,54.73321
엑소좀,성분,2022-09-05,44.50454
엑소좀,성분,2022-09-12,51.60232
엑소좀,성분,2022-09-19,49.66805
엑소좀,성분,2022-09-26,49.9959
엑소좀,성분,2022-10-03,100
엑소좀,성분,2022-10-10,53.93
엑소좀,성분,2022-10-17,55.35611
엑소좀,성분,2022-10-24,56.32325
엑소좀,성분,2022-10-31,48.66814
엑소좀,성분,2022-11-07,52.08589
엑소좀,성분,2022-11-14,49.97131
엑소좀,성분,2022-11-21,52.40554
엑소좀,성분,2022-11-28,47.88951
엑소좀,성분,2022-12-05,47.48791
엑소좀,성분,2022-12-12,44.06196
엑소좀,성분,2022-12-19,39.45578
엑소좀,성분,2022-12-26,42.09491
엑소좀,성분,2023-01-02,57.54446
엑소좀,성분,2023-01-09,61.06876
엑소좀,성분,2023-01-16,60.80649
엑소좀,성분,2023-01-23,59.26563
엑소좀,성분,2023-01-30,68.49438
엑소좀,성분,2023-02-06,62.83911
엑소좀,성분,2023-02-13,62.15064
엑소좀,성분,2023-02-20,73.31366
엑소좀,성분,2023-02-27,56.2167
엑소좀,성분,2023-03-06,60.87205
엑소좀,성분,2023-03-13,81.06712
엑소좀,성분,2023-03-20,69.10089
엑소좀,성분,2023-03-27,66.74043
엑소좀,성분,2023-04-03,67.85509
엑소좀,성분,2023-04-10,68.07638
엑소좀,성분,2023-04-17,65.46184
엑소좀,성분,2023-04-24,58.88041
엑소좀,성분,2023-05-01,58.87222
엑소좀,성분,2023-05-08,55.41349
엑소좀,성분,2023-05-15,53.42185
엑소좀,성분,2023-05-22,51.15974
엑소좀,성분,2023-05-29,47.23383
엑소좀,성분,2023-06-05,46.31587
엑소좀,성분,2023-06-12,45.94705
엑소좀,성분,2023-06-19,44.93074
엑소좀,성분,2023-06-26,43.90623
엑소좀,성분,2023-07-03,50.01229
엑소좀,성분,2023-07-10,53.89722
엑소좀,성분,2023-07-17,55.61019
엑소좀,성분,2023-07-24,46.52897
엑소좀,성분,2023-07-31,51.60232
엑소좀,성분,2023-08-07,44.32423
엑소좀,성분,2023-08-14,42.62765
엑소좀,성분,2023-08-21,47.60265
엑소좀,성분,2023-08-28,46.6765
엑소좀,성분,2023-09-04,47.34038
엑소좀,성분,2023-09-11,44.47176
엑소좀,성분,2023-09-18,44.77501
엑소좀,성분,2023-09-25,33.43988
엑소좀,성분,2023-10-02,37.5379
엑소좀,성분,2023-10-09,39.62789
엑소좀,성분,2023-10-16,42.16867
엑소좀,성분,2023-10-23,42.79977
엑소좀,성분,2023-10-30,43.25055
엑소좀,성분,2023-11-06,44.84058
엑소좀,성분,2023-11-13,47.52889
엑소좀,성분,2023-11-20,47.61085
엑소좀,성분,2023-11-27,45.73395
엑소좀,성분,2023-12-04,47.52069
엑소좀,성분,2023-12-11,44.63568
엑소좀,성분,2023-12-18,49.14351
엑소좀,성분,2023-12-25,49.50413
엑소좀,성분,2024-01-01,49.68445
엑소좀,성분,2024-01-08,60.00327
엑소좀,성분,2024-01-15,58.89681
엑소좀,성분,2024-01-22,57.92967
엑소좀,성분,2024-01-29,57.34775
엑소좀,성분,2024-02-05,48.90582
엑소좀,성분,2024-02-12,51.4466
엑소좀,성분,2024-02-19,52.56126
엑소좀,성분,2024-02-26,48.85665
엑소좀,성분,2024-03-04,52.73338
엑소좀,성분,2024-03-11,56.10195
엑소좀,성분,2024-03-18,54.84796
엑소좀,성분,2024-03-25,52.52028
엑소좀,성분,2024-04-01,52.40554
엑소좀,성분,2024-04-08,50.10245
엑소좀,성분,2024-04-15,50.71715
엑소좀,성분,2024-04-22,48.71731
엑소좀,성분,2024-04-29,48.25014
엑소좀,성분,2024-05-06,45.68477
엑소좀,성분,2024-05-13,44.93893
엑소좀,성분,2024-05-20,46.70928
엑소좀,성분,2024-05-27,48.31571
엑소좀,성분,2024-06-03,43.1358
엑소좀,성분,2024-06-10,50.02049
엑소좀,성분,2024-06-17,48.04524
엑소좀,성분,2024-06-24,49.75002
엑소좀,성분,2024-07-01,56.05278
엑소좀,성분,2024-07-08,52.09409
엑소좀,성분,2024-07-15,45.53725
엑소좀,성분,2024-07-22,48.25833
엑소좀,성분,2024-07-29,47.53708
엑소좀,성분,2024-08-05,53.20875
엑소좀,성분,2024-08-12,46.43881
엑소좀,성분,2024-08-19,48.58618
엑소좀,성분,2024-08-26,49.70904
엑소좀,성분,2024-09-02,49.85656
엑소좀,성분,2024-09-09,52.71699
엑소좀,성분,2024-09-16,41.20973
엑소좀,성분,2024-09-23,51.42201
엑소좀,성분,2024-09-30,52.79895
엑소좀,성분,2024-10-07,50.24178
엑소좀,성분,2024-10-14,48.55339
엑소좀,성분,2024-10-21,47.32398
엑소좀,성분,2024-10-28,50.42209
엑소좀,성분,2024-11-04,46.63552
엑소좀,성분,2024-11-11,46.77485
엑소좀,성분,2024-11-18,53.58577
엑소좀,성분,2024-11-25,52.51208
엑소좀,성분,2024-12-02,50.6106
엑소좀,성분,2024-12-09,51.73346
엑소좀,성분,2024-12-16,52.32358
엑소좀,성분,2024-12-23,46.59454
엑소좀,성분,2024-12-30,49.03696
엑소좀,성분,2025-01-06,53.43004
엑소좀,성분,2025-01-13,57.11007
엑소좀,성분,2025-01-20,61.41299
엑소좀,성분,2025-01-27,46.99614
엑소좀,성분,2025-02-03,56.58552
엑소좀,성분,2025-02-10,53.75788
엑소좀,성분,2025-02-17,52.50389
엑소좀,성분,2025-02-24,49.38939
엑소좀,성분,2025-03-03,46.74207
엑소좀,성분,2025-03-10,47.0945
엑소좀,성분,2025-03-17,54.51192
엑소좀,성분,2025-03-24,53.49561
엑소좀,성분,2025-03-31,48.79108
엑소좀,성분,2025-04-07,50.10245
엑소좀,성분,2025-04-14,50.15162
엑소좀,성분,2025-04-21,48.90582
엑소좀,성분,2025-04-28,47.13548
엑소좀,성분,2025-05-05,48.70912
엑소좀,성분,2025-05-12,52.38095
엑소좀,성분,2025-05-19,48.80747
엑소좀,성분,2025-05-26,43.67674
엑소좀,성분,2025-06-02,40.29177
엑소좀,성분,2025-06-09,43.25874
엑소좀,성분,2025-06-16,47.27481
엑소좀,성분,2025-06-23,44.29964
엑소좀,성분,2025-06-30,45.19301
엑소좀,성분,2025-07-07,48.79108
엑소좀,성분,2025-07-14,49.80739
엑소좀,성분,2025-07-21,49.50413
엑소좀,성분,2025-07-28,45.61101
엑소좀,성분,2025-08-04,43.08663
엑소좀,성분,2025-08-11,43.42267
엑소좀,성분,2025-08-18,43.83247
엑소좀,성분,2025-08-25,37.34939
엑소좀,성분,2025-09-01,42.24243
엑소좀,성분,2025-09-08,40.00491
엑소좀,성분,2025-09-15,38.82468
엑소좀,성분,2025-09-22,36.97237
엑소좀,성분,2025-09-29,31.78427
엑소좀,성분,2025-10-06,27.76001
엑소좀,성분,2025-10-13,37.751
엑소좀,성분,2025-10-20,36.82485
엑소좀,성분,2025-10-27,36.36587
엑소좀,성분,2025-11-03,33.45627
엑소좀,성분,2025-11-10,37.50512
엑소좀,성분,2025-11-17,42.83255
엑소좀,성분,2025-11-24,48.21735
엑소좀,성분,2025-12-01,35.07089
엑소좀,성분,2025-12-08,44.29145
엑소좀,성분,2025-12-15,33.50545
엑소좀,성분,2025-12-22,28.63699
엑소좀,성분,2025-12-29,29.15334
엑소좀,성분,2026-01-05,32.25965
엑소좀,성분,2026-01-12,29.48938
엑소좀,성분,2026-01-19,29.02221
엑소좀,성분,2026-01-26,29.6615
엑소좀,성분,2026-02-02,32.62847
엑소좀,성분,2026-02-09,31.19416
엑소좀,성분,2026-02-16,23.06368
엑소좀,성분,2026-02-23,31.89082
엑소좀,성분,2026-03-02,27.33382
엑소좀,성분,2026-03-09,31.48922
엑소좀,성분,2026-03-16,29.41562
엑소좀,성분,2026-03-23,32.48094
엑소좀,성분,2026-03-30,29.75165
엑소좀,성분,2026-04-06,25.87492
엑소좀,성분,2026-04-13,29.04679
엑소좀,성분,2026-04-20,27.29284
엑소좀,성분,2026-04-27,24.65371
엑소좀,성분,2026-05-04,25.88312
엑소좀,성분,2026-05-11,24.27669
엑소좀,성분,2026-05-18,21.59659
엑소좀,성분,2026-05-25,21.49004
엑소좀,성분,2026-06-01,20.63765
엑소좀,성분,2026-06-08,21.26874
엑소좀,성분,2026-06-15,26.5388
엑소좀,성분,2026-06-22,22.3998
엑소좀,성분,2026-06-29,20.7278
엑소좀,성분,2026-07-06,20.736
엑소좀,성분,2026-07-13,18.85091
엑소좀,성분,2026-07-20,20.1049
엑소좀,성분,2026-07-27,18.60503
엑소좀,성분,2026-08-03,17.12974
엑소좀,성분,2026-08-10,17.99852
엑소좀,성분,2026-08-17,17.09695
엑소좀,성분,2026-08-24,18.77714
엑소좀,성분,2026-08-31,18.17883
엑소좀,성분,2026-09-07,17.76083
엑소좀,성분,2026-09-14,17.77723
엑소좀,성분,2026-09-21,14.05622
엑소좀,성분,2026-09-28,2.99975
장미추출물,성분,2021-01-11,0.04098
장미추출물,성분,2021-02-01,0.10654
장미추출물,성분,2021-02-15,0.04917
장미추출물,성분,2021-03-01,0.04098
장미추출물,성분,2021-03-29,0.11474
장미추출물,성분,2021-04-05,0.05737
장미추출물,성분,2021-04-19,0.04098
장미추출물,성분,2021-04-26,0.13933
장미추출물,성분,2021-05-03,0.04917
장미추출물,성분,2021-05-24,0.04917
장미추출물,성분,2021-06-14,0.04917
장미추출물,성분,2021-07-26,0.04917
장미추출물,성분,2021-08-02,0.04917
장미추출물,성분,2021-08-09,0.17211
장미추출물,성분,2021-08-16,0.10654
장미추출물,성분,2021-08-23,0.29505
장미추출물,성분,2021-08-30,0.27046
장미추출물,성분,2021-09-20,0.05737
장미추출물,성분,2021-09-27,0.06556
장미추출물,성분,2021-10-04,0.04098
장미추출물,성분,2021-10-18,0.08196
장미추출물,성분,2021-10-25,0.04098
장미추출물,성분,2021-11-15,0.09835
장미추출물,성분,2021-11-22,0.04917
장미추출물,성분,2021-11-29,0.04917
장미추출물,성분,2021-12-06,0.04098
장미추출물,성분,2022-01-03,0.09015
장미추출물,성분,2022-01-10,0.04098
장미추출물,성분,2022-02-07,0.04098
장미추출물,성분,2022-02-21,0.05737
장미추출물,성분,2022-02-28,0.04098
장미추출물,성분,2022-04-11,0.04098
장미추출물,성분,2022-05-16,0.05737
장미추출물,성분,2022-05-23,0.04098
장미추출물,성분,2022-05-30,0.05737
장미추출물,성분,2022-06-06,0.04917
장미추출물,성분,2022-06-13,0.06556
장미추출물,성분,2022-07-11,0.04098
장미추출물,성분,2022-08-15,0.04098
장미추출물,성분,2022-09-12,0.04098
장미추출물,성분,2022-10-03,0.04098
장미추출물,성분,2022-10-17,0.04917
장미추출물,성분,2022-10-31,0.05737
장미추출물,성분,2022-11-07,0.06556
장미추출물,성분,2022-11-14,0.04098
장미추출물,성분,2023-04-10,0.06556
장미추출물,성분,2023-05-15,0.13933
장미추출물,성분,2023-05-22,0.04917
장미추출물,성분,2023-05-29,0.05737
장미추출물,성분,2023-06-12,0.04917
장미추출물,성분,2023-07-03,0.04098
장미추출물,성분,2023-09-04,0.05737
장미추출물,성분,2023-09-25,0.04917
장미추출물,성분,2023-12-04,0.04098
장미추출물,성분,2024-01-22,0.09015
장미추출물,성분,2024-03-18,0.04098
장미추출물,성분,2024-05-20,0.04098
장미추출물,성분,2024-05-27,0.04098
장미추출물,성분,2024-06-24,0.04098
장미추출물,성분,2024-07-15,0.13113
장미추출물,성분,2024-08-05,0.24588
장미추출물,성분,2024-08-12,0.13933
장미추출물,성분,2024-08-26,0.05737
장미추출물,성분,2024-10-14,0.05737
장미추출물,성분,2024-10-21,0.04098
장미추출물,성분,2024-11-04,0.09015
장미추출물,성분,2024-11-18,0.04917
장미추출물,성분,2024-12-23,0.26227
장미추출물,성분,2024-12-30,2.86861
장미추출물,성분,2025-01-06,0.35243
장미추출물,성분,2025-01-13,0.04917
장미추출물,성분,2025-02-10,0.04917
장미추출물,성분,2025-02-24,0.09015
장미추출물,성분,2025-03-10,0.04098
장미추출물,성분,2025-03-17,0.04098
장미추출물,성분,2025-03-31,0.09015
장미추출물,성분,2025-04-07,0.04098
장미추출물,성분,2025-05-12,0.04917
어성초,성분,2020-12-28,62.01131
어성초,성분,2021-01-04,68.11736
어성초,성분,2021-01-11,70.79747
어성초,성분,2021-01-18,58.79845
어성초,성분,2021-01-25,65.3389
어성초,성분,2021-02-01,57.38054
어성초,성분,2021-02-08,60.34751
어성초,성분,2021-02-15,65.58478
어성초,성분,2021-02-22,58.16736
어성초,성분,2021-03-01,64.0931
어성초,성분,2021-03-08,68.76485
어성초,성분,2021-03-15,62.42111
어성초,성분,2021-03-22,63.50299
어성초,성분,2021-03-29,59.60986
어성초,성분,2021-04-05,64.35538
어성초,성분,2021-04-12,73.73166
어성초,성분,2021-04-19,70.81386
어성초,성분,2021-04-26,64.62585
어성초,성분,2021-05-03,65.78149
어성초,성분,2021-05-10,72.49405
어성초,성분,2021-05-17,70.74829
어성초,성분,2021-05-24,72.99401
어성초,성분,2021-05-31,75.53479
어성초,성분,2021-06-07,76.28882
어성초,성분,2021-06-14,64.41275
어성초,성분,2021-06-21,65.28153
어성초,성분,2021-06-28,55.11843
어성초,성분,2021-07-05,68.67469
어성초,성분,2021-07-12,56.65929
어성초,성분,2021-07-19,73.10056
어성초,성분,2021-07-26,62.0277
어성초,성분,2021-08-02,63.31448
어성초,성분,2021-08-09,60.34751
어성초,성분,2021-08-16,62.2326
어성초,성분,2021-08-23,57.69199
어성초,성분,2021-08-30,57.68379
어성초,성분,2021-09-06,57.97885
어성초,성분,2021-09-13,48.57798
어성초,성분,2021-09-20,54.62666
어성초,성분,2021-09-27,53.01204
어성초,성분,2021-10-04,52.59404
어성초,성분,2021-10-11,49.17629
어성초,성분,2021-10-18,46.6601
어성초,성분,2021-10-25,49.56151
어성초,성분,2021-11-01,48.64355
어성초,성분,2021-11-08,44.10294
어성초,성분,2021-11-15,41.93098
어성초,성분,2021-11-22,39.09515
어성초,성분,2021-11-29,45.65199
어성초,성분,2021-12-06,44.1849
어성초,성분,2021-12-13,37.9477
어성초,성분,2021-12-20,38.55421
어성초,성분,2021-12-27,43.67674
어성초,성분,2022-01-03,41.37365
어성초,성분,2022-01-10,43.86525
어성초,성분,2022-01-17,41.6933
어성초,성분,2022-01-24,38.67715
어성초,성분,2022-01-31,47.38955
어성초,성분,2022-02-07,46.31587
어성초,성분,2022-02-14,45.57823
어성초,성분,2022-02-21,44.78321
어성초,성분,2022-02-28,81.05073
어성초,성분,2022-03-07,47.7174
어성초,성분,2022-03-14,47.93869
어성초,성분,2022-03-21,45.93885
어성초,성분,2022-03-28,50.52044
어성초,성분,2022-04-04,47.89771
어성초,성분,2022-04-11,52.11048
어성초,성분,2022-04-18,53.27432
어성초,성분,2022-04-25,53.53659
어성초,성분,2022-05-02,52.04491
어성초,성분,2022-05-09,56.6265
어성초,성분,2022-05-16,59.06892
어성초,성분,2022-05-23,56.74944
어성초,성분,2022-05-30,56.31505
어성초,성분,2022-06-06,57.29858
어성초,성분,2022-06-13,55.01188
어성초,성분,2022-06-20,48.34849
어성초,성분,2022-06-27,43.24235
어성초,성분,2022-07-04,46.21752
어성초,성분,2022-07-11,43.70133
어성초,성분,2022-07-18,43.01286
어성초,성분,2022-07-25,44.19309
어성초,성분,2022-08-01,46.31587
어성초,성분,2022-08-08,44.5865
어성초,성분,2022-08-15,44.00458
어성초,성분,2022-08-22,43.84886
어성초,성분,2022-08-29,43.92262
어성초,성분,2022-09-05,42.46373
어성초,성분,2022-09-12,47.89771
어성초,성분,2022-09-19,43.32431
어성초,성분,2022-09-26,40.4393
어성초,성분,2022-10-03,39.30005
어성초,성분,2022-10-10,38.88205
어성초,성분,2022-10-17,35.6774
어성초,성분,2022-10-24,36.34947
어성초,성분,2022-10-31,36.40685
어성초,성분,2022-11-07,36.11999
어성초,성분,2022-11-14,37.35759
어성초,성분,2022-11-21,42.17687
어성초,성분,2022-11-28,38.9968
어성초,성분,2022-12-05,37.41496
어성초,성분,2022-12-12,32.11212
어성초,성분,2022-12-19,30.81714
어성초,성분,2022-12-26,32.53012
어성초,성분,2023-01-02,34.73485
어성초,성분,2023-01-09,35.16924
어성초,성분,2023-01-16,33.01368
어성초,성분,2023-01-23,40.12785
어성초,성분,2023-01-30,38.25096
어성초,성분,2023-02-06,36.21014
어성초,성분,2023-02-13,35.89869
어성초,성분,2023-02-20,39.57052
어성초,성분,2023-02-27,39.50495
어성초,성분,2023-03-06,38.84927
어성초,성분,2023-03-13,38.56241
어성초,성분,2023-03-20,43.67674
어성초,성분,2023-03-27,42.33259
어성초,성분,2023-04-03,41.64412
어성초,성분,2023-04-10,46.39783
어성초,성분,2023-04-17,46.93057
어성초,성분,2023-04-24,47.03712
어성초,성분,2023-05-01,50.84829
어성초,성분,2023-05-08,52.02852
어성초,성분,2023-05-15,53.24973
어성초,성분,2023-05-22,55.04466
어성초,성분,2023-05-29,63.21612
어성초,성분,2023-06-05,63.28169
어성초,성분,2023-06-12,53.55298
어성초,성분,2023-06-19,47.06991
어성초,성분,2023-06-26,42.25883
어성초,성분,2023-07-03,41.50479
어성초,성분,2023-07-10,40.61962
어성초,성분,2023-07-17,38.13621
어성초,성분,2023-07-24,45.11925
어성초,성분,2023-07-31,63.72428
어성초,성분,2023-08-07,51.12695
어성초,성분,2023-08-14,53.20875
어성초,성분,2023-08-21,49.75002
어성초,성분,2023-08-28,50.70076
어성초,성분,2023-09-04,45.07827
어성초,성분,2023-09-11,43.18498
어성초,성분,2023-09-18,39.96393
어성초,성분,2023-09-25,38.14441
어성초,성분,2023-10-02,40.25079
어성초,성분,2023-10-09,38.89025
어성초,성분,2023-10-16,39.42299
어성초,성분,2023-10-23,33.46447
어성초,성분,2023-10-30,36.11999
어성초,성분,2023-11-06,32.72682
어성초,성분,2023-11-13,31.02204
어성초,성분,2023-11-20,34.74305
어성초,성분,2023-11-27,34.0054
어성초,성분,2023-12-04,34.29227
어성초,성분,2023-12-11,30.84173
어성초,성분,2023-12-18,29.94836
어성초,성분,2023-12-25,30.57946
어성초,성분,2024-01-01,36.3003
어성초,성분,2024-01-08,34.57093
어성초,성분,2024-01-15,34.6283
어성초,성분,2024-01-22,38.20178
어성초,성분,2024-01-29,32.93172
어성초,성분,2024-02-05,32.31702
어성초,성분,2024-02-12,42.29161
어성초,성분,2024-02-19,38.66896
어성초,성분,2024-02-26,40.80813
어성초,성분,2024-03-04,38.1608
어성초,성분,2024-03-11,36.10359
어성초,성분,2024-03-18,39.23448
어성초,성분,2024-03-25,40.4475
어성초,성분,2024-04-01,41.18514
어성초,성분,2024-04-08,40.31636
어성초,성분,2024-04-15,43.83247
어성초,성분,2024-04-22,45.02909
어성초,성분,2024-04-29,43.07843
어성초,성분,2024-05-06,45.25858
어성초,성분,2024-05-13,50.74993
어성초,성분,2024-05-20,50.79091
어성초,성분,2024-05-27,56.19211
어성초,성분,2024-06-03,53.15957
어성초,성분,2024-06-10,46.23391
어성초,성분,2024-06-17,48.77469
어성초,성분,2024-06-24,48.72551
어성초,성분,2024-07-01,39.1935
어성초,성분,2024-07-08,37.69363
어성초,성분,2024-07-15,34.58732
어성초,성분,2024-07-22,34.14474
어성초,성분,2024-07-29,32.17769
어성초,성분,2024-08-05,34.41521
어성초,성분,2024-08-12,35.19383
어성초,성분,2024-08-19,33.95623
어성초,성분,2024-08-26,34.96434
어성초,성분,2024-09-02,32.30063
어성초,성분,2024-09-09,28.28456
어성초,성분,2024-09-16,31.13679
어성초,성분,2024-09-23,33.67756
어성초,성분,2024-09-30,35.70199
어성초,성분,2024-10-07,32.26784
어성초,성분,2024-10-14,31.78427
어성초,성분,2024-10-21,30.02212
어성초,성분,2024-10-28,30.30079
어성초,성분,2024-11-04,30.17785
어성초,성분,2024-11-11,28.94025
어성초,성분,2024-11-18,28.07146
어성초,성분,2024-11-25,28.43209
어성초,성분,2024-12-02,27.96492
어성초,성분,2024-12-09,27.08794
어성초,성분,2024-12-16,27.52233
어성초,성분,2024-12-23,26.16998
어성초,성분,2024-12-30,27.25186
어성초,성분,2025-01-06,27.48135
어성초,성분,2025-01-13,28.09605
어성초,성분,2025-01-20,30.33357
어성초,성분,2025-01-27,31.65314
어성초,성분,2025-02-03,30.57946
어성초,성분,2025-02-10,30.62863
어성초,성분,2025-02-17,29.51397
어성초,성분,2025-02-24,30.61224
어성초,성분,2025-03-03,28.96483
어성초,성분,2025-03-10,30.10408
어성초,성분,2025-03-17,29.74346
어성초,성분,2025-03-24,26.5388
어성초,성분,2025-03-31,26.5552
어성초,성분,2025-04-07,26.81747
어성초,성분,2025-04-14,28.79272
어성초,성분,2025-04-21,32.11212
어성초,성분,2025-04-28,32.49733
어성초,성분,2025-05-05,33.5956
어성초,성분,2025-05-12,34.65289
어성초,성분,2025-05-19,36.55438
어성초,성분,2025-05-26,39.24268
어성초,성분,2025-06-02,41.50479
어성초,성분,2025-06-09,38.44766
어성초,성분,2025-06-16,32.89894
어성초,성분,2025-06-23,29.79263
어성초,성분,2025-06-30,28.15343
어성초,성분,2025-07-07,27.3666
어성초,성분,2025-07-14,26.39127
어성초,성분,2025-07-21,25.99786
어성초,성분,2025-07-28,25.3012
어성초,성분,2025-08-04,26.7437
어성초,성분,2025-08-11,26.76829
어성초,성분,2025-08-18,27.43217
어성초,성분,2025-08-25,28.30915
어성초,성분,2025-09-01,26.94861
어성초,성분,2025-09-08,26.31751
어성초,성분,2025-09-15,25.61265
어성초,성분,2025-09-22,24.13736
어성초,성분,2025-09-29,21.30153
어성초,성분,2025-10-06,25.04712
어성초,성분,2025-10-13,23.17023
어성초,성분,2025-10-20,21.40808
어성초,성분,2025-10-27,20.70322
어성초,성분,2025-11-03,21.7687
어성초,성분,2025-11-10,19.46561
어성초,성분,2025-11-17,18.38373
어성초,성분,2025-11-24,18.13785
어성초,성분,2025-12-01,18.22801
어성초,성분,2025-12-08,18.75256
어성초,성분,2025-12-15,18.35095
어성초,성분,2025-12-22,18.95746
어성초,성분,2025-12-29,20.64584
어성초,성분,2026-01-05,19.63773
어성초,성분,2026-01-12,21.1458
어성초,성분,2026-01-19,20.89992
어성초,성분,2026-01-26,20.81796
어성초,성분,2026-02-02,20.34259
어성초,성분,2026-02-09,18.09687
어성초,성분,2026-02-16,20.49831
어성초,성분,2026-02-23,20.20326
어성초,성분,2026-03-02,19.52298
어성초,성분,2026-03-09,18.43291
어성초,성분,2026-03-16,20.00655
어성초,성분,2026-03-23,17.80181
어성초,성분,2026-03-30,20.49012
어성초,성분,2026-04-06,21.49004
어성초,성분,2026-04-13,23.83411
어성초,성분,2026-04-20,26.38308
어성초,성분,2026-04-27,25.03073
어성초,성분,2026-05-04,25.0881
어성초,성분,2026-05-11,25.06351
어성초,성분,2026-05-18,27.21908
어성초,성분,2026-05-25,31.49741
어성초,성분,2026-06-01,29.91558
어성초,성분,2026-06-08,27.61249
어성초,성분,2026-06-15,23.07187
어성초,성분,2026-06-22,22.24407
어성초,성분,2026-06-29,21.28514
어성초,성분,2026-07-06,19.47381
어성초,성분,2026-07-13,18.58864
어성초,성분,2026-07-20,18.22801
어성초,성분,2026-07-27,17.19531
어성초,성분,2026-08-03,16.36751
어성초,성분,2026-08-10,16.44947
어성초,성분,2026-08-17,16.47405
어성초,성분,2026-08-24,16.89205
어성초,성분,2026-08-31,17.72805
어성초,성분,2026-09-07,15.40037
어성초,성분,2026-09-14,15.62167
어성초,성분,2026-09-21,15.30202
어성초,성분,2026-09-28,2.24571
알란토인,성분,2020-12-28,1.48045
알란토인,성분,2021-01-04,1.63168
알란토인,성분,2021-01-11,1.75108
알란토인,성분,2021-01-18,1.78822
알란토인,성분,2021-01-25,1.72454
알란토인,성분,2021-02-01,1.76965
알란토인,성분,2021-02-08,1.35045
알란토인,성분,2021-02-15,1.767
알란토인,성분,2021-02-22,1.84659
알란토인,성분,2021-03-01,1.77761
알란토인,성분,2021-03-08,1.80414
알란토인,성분,2021-03-15,1.87843
알란토인,성분,2021-03-22,1.83863
알란토인,성분,2021-03-29,1.75108
알란토인,성분,2021-04-05,1.74046
알란토인,성분,2021-04-12,1.75904
알란토인,성분,2021-04-19,1.61842
알란토인,성분,2021-04-26,1.4778
알란토인,성분,2021-05-03,1.6423
알란토인,성분,2021-05-10,3.02459
알란토인,성분,2021-05-17,2.30824
알란토인,성분,2021-05-24,2.00843
알란토인,성분,2021-05-31,1.9368
알란토인,성분,2021-06-07,2.05884
알란토인,성분,2021-06-14,1.88904
알란토인,성분,2021-06-21,2.21803
알란토인,성분,2021-06-28,1.71393
알란토인,성분,2021-07-05,1.78026
알란토인,성분,2021-07-12,1.88904
알란토인,성분,2021-07-19,1.94476
알란토인,성분,2021-07-26,1.84128
알란토인,성분,2021-08-02,1.57331
알란토인,성분,2021-08-09,1.66883
알란토인,성분,2021-08-16,1.76434
알란토인,성분,2021-08-23,2.09068
알란토인,성분,2021-08-30,1.54148
알란토인,성분,2021-09-06,1.73516
알란토인,성분,2021-09-13,2.24722
알란토인,성분,2021-09-20,2.87336
알란토인,성분,2021-09-27,2.25518
알란토인,성분,2021-10-04,1.88373
알란토인,성분,2021-10-11,2.45681
알란토인,성분,2021-10-18,2.3613
알란토인,성분,2021-10-25,2.22068
알란토인,성분,2021-11-01,2.62927
알란토인,성분,2021-11-08,2.2366
알란토인,성분,2021-11-15,1.98721
알란토인,성분,2021-11-22,1.87047
알란토인,성분,2021-11-29,1.8174
알란토인,성분,2021-12-06,1.71128
알란토인,성분,2021-12-13,1.63699
알란토인,성분,2021-12-20,1.37168
알란토인,성분,2021-12-27,1.37168
알란토인,성분,2022-01-03,1.66087
알란토인,성분,2022-01-10,1.58923
알란토인,성분,2022-01-17,1.73781
알란토인,성분,2022-01-24,1.65291
알란토인,성분,2022-01-31,1.46454
알란토인,성분,2022-02-07,1.69005
알란토인,성분,2022-02-14,1.6476
알란토인,성분,2022-02-21,1.73516
알란토인,성분,2022-02-28,1.62903
알란토인,성분,2022-03-07,1.69271
알란토인,성분,2022-03-14,1.70597
알란토인,성분,2022-03-21,1.79618
알란토인,성분,2022-03-28,1.63699
알란토인,성분,2022-04-04,1.7272
알란토인,성분,2022-04-11,1.52025
알란토인,성분,2022-04-18,1.75108
알란토인,성분,2022-04-25,1.61311
알란토인,성분,2022-05-02,1.58393
알란토인,성분,2022-05-09,1.8174
알란토인,성분,2022-05-16,1.7325
알란토인,성분,2022-05-23,1.7723
알란토인,성분,2022-05-30,1.65556
알란토인,성분,2022-06-06,1.88108
알란토인,성분,2022-06-13,1.74842
알란토인,성분,2022-06-20,1.51229
알란토인,성분,2022-06-27,1.41678
알란토인,성분,2022-07-04,1.70597
알란토인,성분,2022-07-11,1.5176
알란토인,성분,2022-07-18,1.38759
알란토인,성분,2022-07-25,1.33188
알란토인,성분,2022-08-01,1.3929
알란토인,성분,2022-08-08,1.49107
알란토인,성분,2022-08-15,1.62372
알란토인,성분,2022-08-22,1.57331
알란토인,성분,2022-08-29,1.5627
알란토인,성분,2022-09-05,4.51566
알란토인,성분,2022-09-12,1.61577
알란토인,성분,2022-09-19,1.58127
알란토인,성분,2022-09-26,1.69271
알란토인,성분,2022-10-03,1.57331
알란토인,성분,2022-10-10,1.62107
알란토인,성분,2022-10-17,1.76169
알란토인,성분,2022-10-24,1.69005
알란토인,성분,2022-10-31,1.58393
알란토인,성분,2022-11-07,1.77495
알란토인,성분,2022-11-14,1.80149
알란토인,성분,2022-11-21,1.57597
알란토인,성분,2022-11-28,1.57331
알란토인,성분,2022-12-05,1.71659
알란토인,성분,2022-12-12,1.58923
알란토인,성분,2022-12-19,1.47515
알란토인,성분,2022-12-26,1.36106
알란토인,성분,2023-01-02,1.56005
알란토인,성분,2023-01-09,1.47515
알란토인,성분,2023-01-16,1.45658
알란토인,성분,2023-01-23,1.41413
알란토인,성분,2023-01-30,1.53882
알란토인,성분,2023-02-06,1.45923
알란토인,성분,2023-02-13,1.65822
알란토인,성분,2023-02-20,1.99782
알란토인,성분,2023-02-27,1.95537
알란토인,성분,2023-03-06,1.97129
알란토인,성분,2023-03-13,1.75108
알란토인,성분,2023-03-20,1.88108
알란토인,성분,2023-03-27,1.91822
알란토인,성분,2023-04-03,1.80945
알란토인,성분,2023-04-10,2.04292
알란토인,성분,2023-04-17,1.897
알란토인,성분,2023-04-24,1.69005
알란토인,성분,2023-05-01,1.86516
알란토인,성분,2023-05-08,1.75108
알란토인,성분,2023-05-15,1.897
알란토인,성분,2023-05-22,1.95537
알란토인,성분,2023-05-29,1.65291
알란토인,성분,2023-06-05,1.86251
알란토인,성분,2023-06-12,1.87843
알란토인,성분,2023-06-19,1.51229
알란토인,성분,2023-06-26,1.76169
알란토인,성분,2023-07-03,1.61046
알란토인,성분,2023-07-10,1.63964
알란토인,성분,2023-07-17,1.62638
알란토인,성분,2023-07-24,1.69271
알란토인,성분,2023-07-31,1.41413
알란토인,성분,2023-08-07,1.59719
알란토인,성분,2023-08-14,1.64495
알란토인,성분,2023-08-21,1.69801
알란토인,성분,2023-08-28,1.88373
알란토인,성분,2023-09-04,1.77761
알란토인,성분,2023-09-11,1.78822
알란토인,성분,2023-09-18,1.62372
알란토인,성분,2023-09-25,1.19657
알란토인,성분,2023-10-02,1.62107
알란토인,성분,2023-10-09,1.7325
알란토인,성분,2023-10-16,1.61311
알란토인,성분,2023-10-23,1.63168
알란토인,성분,2023-10-30,1.75373
알란토인,성분,2023-11-06,1.58393
알란토인,성분,2023-11-13,1.56536
알란토인,성분,2023-11-20,1.61311
알란토인,성분,2023-11-27,1.69801
알란토인,성분,2023-12-04,1.63964
알란토인,성분,2023-12-11,1.50699
알란토인,성분,2023-12-18,1.438
알란토인,성분,2023-12-25,1.13554
알란토인,성분,2024-01-01,1.33453
알란토인,성분,2024-01-08,1.40617
알란토인,성분,2024-01-15,1.32922
알란토인,성분,2024-01-22,1.49107
알란토인,성분,2024-01-29,1.49637
알란토인,성분,2024-02-05,1.0984
알란토인,성분,2024-02-12,1.58923
알란토인,성분,2024-02-19,1.38494
알란토인,성분,2024-02-26,1.40086
알란토인,성분,2024-03-04,1.58923
알란토인,성분,2024-03-11,1.57331
알란토인,성분,2024-03-18,1.40351
알란토인,성분,2024-03-25,1.38494
알란토인,성분,2024-04-01,1.59189
알란토인,성분,2024-04-08,1.53086
알란토인,성분,2024-04-15,1.50964
알란토인,성분,2024-04-22,1.53617
알란토인,성분,2024-04-29,1.50964
알란토인,성분,2024-05-06,1.308
알란토인,성분,2024-05-13,1.41147
알란토인,성분,2024-05-20,1.5229
알란토인,성분,2024-05-27,1.58658
알란토인,성분,2024-06-03,1.38229
알란토인,성분,2024-06-10,1.60515
알란토인,성분,2024-06-17,1.59719
알란토인,성분,2024-06-24,1.50964
알란토인,성분,2024-07-01,1.33718
알란토인,성분,2024-07-08,1.51229
알란토인,성분,2024-07-15,1.37698
알란토인,성분,2024-07-22,1.17269
알란토인,성분,2024-07-29,1.20718
알란토인,성분,2024-08-05,1.38229
알란토인,성분,2024-08-12,1.1382
알란토인,성분,2024-08-19,1.33718
알란토인,성분,2024-08-26,1.28412
알란토인,성분,2024-09-02,1.30004
알란토인,성분,2024-09-09,1.32392
알란토인,성분,2024-09-16,1.00554
알란토인,성분,2024-09-23,1.51229
알란토인,성분,2024-09-30,1.27086
알란토인,성분,2024-10-07,1.36637
알란토인,성분,2024-10-14,1.37698
알란토인,성분,2024-10-21,1.36372
알란토인,성분,2024-10-28,1.30269
알란토인,성분,2024-11-04,1.39555
알란토인,성분,2024-11-11,1.57862
알란토인,성분,2024-11-18,1.25759
알란토인,성분,2024-11-25,1.4327
알란토인,성분,2024-12-02,1.22045
알란토인,성분,2024-12-09,1.28943
알란토인,성분,2024-12-16,1.19657
알란토인,성분,2024-12-23,1.12759
알란토인,성분,2024-12-30,1.08779
알란토인,성분,2025-01-06,1.24167
알란토인,성분,2025-01-13,1.39821
알란토인,성분,2025-01-20,1.42209
알란토인,성분,2025-01-27,1.38229
알란토인,성분,2025-02-03,1.68475
알란토인,성분,2025-02-10,1.41413
알란토인,성분,2025-02-17,1.4778
알란토인,성분,2025-02-24,1.54413
알란토인,성분,2025-03-03,1.59985
알란토인,성분,2025-03-10,1.70597
알란토인,성분,2025-03-17,1.73781
알란토인,성분,2025-03-24,1.57066
알란토인,성분,2025-03-31,1.55474
알란토인,성분,2025-04-07,1.45923
알란토인,성분,2025-04-14,1.32657
알란토인,성분,2025-04-21,1.4778
알란토인,성분,2025-04-28,1.52025
알란토인,성분,2025-05-05,1.30004
알란토인,성분,2025-05-12,1.23106
알란토인,성분,2025-05-19,1.31331
알란토인,성분,2025-05-26,1.16738
알란토인,성분,2025-06-02,0.99493
알란토인,성분,2025-06-09,1.09044
알란토인,성분,2025-06-16,1.09575
알란토인,성분,2025-06-23,1.1382
알란토인,성분,2025-06-30,1.53086
알란토인,성분,2025-07-07,1.67679
알란토인,성분,2025-07-14,1.61842
알란토인,성분,2025-07-21,1.30535
알란토인,성분,2025-07-28,1.01615
알란토인,성분,2025-08-04,1.11963
알란토인,성분,2025-08-11,0.90207
알란토인,성분,2025-08-18,1.00554
알란토인,성분,2025-08-25,1.04799
알란토인,성분,2025-09-01,0.90737
알란토인,성분,2025-09-08,0.90207
알란토인,성분,2025-09-15,0.89676
알란토인,성분,2025-09-22,0.93125
알란토인,성분,2025-09-29,3.1599
알란토인,성분,2025-10-06,1.33188
알란토인,성분,2025-10-13,1.36902
알란토인,성분,2025-10-20,1.42474
알란토인,성분,2025-10-27,1.01615
알란토인,성분,2025-11-03,1.26555
알란토인,성분,2025-11-10,1.10371
알란토인,성분,2025-11-17,1.07452
알란토인,성분,2025-11-24,0.9339
알란토인,성분,2025-12-01,0.96044
알란토인,성분,2025-12-08,1.09044
알란토인,성분,2025-12-15,1.38494
알란토인,성분,2025-12-22,0.7641
알란토인,성분,2025-12-29,0.77737
알란토인,성분,2026-01-05,0.77206
알란토인,성분,2026-01-12,1.23106
알란토인,성분,2026-01-19,1.4327
알란토인,성분,2026-01-26,1.56536
알란토인,성분,2026-02-02,1.66618
알란토인,성분,2026-02-09,1.00023
알란토인,성분,2026-02-16,0.70043
알란토인,성분,2026-02-23,0.81982
알란토인,성분,2026-03-02,0.9737
알란토인,성분,2026-03-09,0.98431
알란토인,성분,2026-03-16,0.8437
알란토인,성분,2026-03-23,0.86758
알란토인,성분,2026-03-30,0.72431
알란토인,성분,2026-04-06,0.92595
알란토인,성분,2026-04-13,0.89411
알란토인,성분,2026-04-20,0.75349
알란토인,성분,2026-04-27,0.63145
알란토인,성분,2026-05-04,0.62349
알란토인,성분,2026-05-11,0.67124
알란토인,성분,2026-05-18,0.74818
알란토인,성분,2026-05-25,0.72431
알란토인,성분,2026-06-01,0.69247
알란토인,성분,2026-06-08,0.68186
알란토인,성분,2026-06-15,0.65532
알란토인,성분,2026-06-22,0.72165
알란토인,성분,2026-06-29,0.76676
알란토인,성분,2026-07-06,0.56512
알란토인,성분,2026-07-13,0.62349
알란토인,성분,2026-07-20,0.54654
알란토인,성분,2026-07-27,0.57308
알란토인,성분,2026-08-03,0.52532
알란토인,성분,2026-08-10,0.48022
알란토인,성분,2026-08-17,0.53063
알란토인,성분,2026-08-24,0.5545
알란토인,성분,2026-08-31,0.61022
알란토인,성분,2026-09-07,0.60226
알란토인,성분,2026-09-14,0.53859
알란토인,성분,2026-09-21,0.3449
알란토인,성분,2026-09-28,0.11143
아데노신,성분,2020-12-28,3.48889
아데노신,성분,2021-01-04,4.2928
아데노신,성분,2021-01-11,3.9187
아데노신,성분,2021-01-18,3.7091
아데노신,성분,2021-01-25,3.56849
아데노신,성분,2021-02-01,3.50216
아데노신,성분,2021-02-08,2.79377
아데노신,성분,2021-02-15,3.84972
아데노신,성분,2021-02-22,3.40399
아데노신,성분,2021-03-01,3.73829
아데노신,성분,2021-03-08,4.43872
아데노신,성분,2021-03-15,4.43872
아데노신,성분,2021-03-22,4.54219
아데노신,성분,2021-03-29,4.56872
아데노신,성분,2021-04-05,5.07548
아데노신,성분,2021-04-12,5.87408
아데노신,성분,2021-04-19,5.5159
아데노신,성분,2021-04-26,4.89772
아데노신,성분,2021-05-03,3.9585
아데노신,성분,2021-05-10,4.51566
아데노신,성분,2021-05-17,4.25565
아데노신,성분,2021-05-24,4.35913
아데노신,성분,2021-05-31,4.56077
아데노신,성분,2021-06-07,4.94282
아데노신,성분,2021-06-14,4.59791
아데노신,성분,2021-06-21,3.66931
아데노신,성분,2021-06-28,3.56849
아데노신,성분,2021-07-05,3.58706
아데노신,성분,2021-07-12,23.95266
아데노신,성분,2021-07-19,6.50022
아데노신,성분,2021-07-26,3.90278
아데노신,성분,2021-08-02,4.03279
아데노신,성분,2021-08-09,7.66761
아데노신,성분,2021-08-16,5.48141
아데노신,성분,2021-08-23,5.05691
아데노신,성분,2021-08-30,4.92955
아데노신,성분,2021-09-06,5.31957
아데노신,성분,2021-09-13,4.54485
아데노신,성분,2021-09-20,4.75975
아데노신,성분,2021-09-27,4.87384
아데노신,성분,2021-10-04,6.89819
아데노신,성분,2021-10-11,7.49781
아데노신,성분,2021-10-18,6.41267
아데노신,성분,2021-10-25,7.40229
아데노신,성분,2021-11-01,8.13191
아데노신,성분,2021-11-08,5.8502
아데노신,성분,2021-11-15,4.84465
아데노신,성분,2021-11-22,4.43607
아데노신,성분,2021-11-29,4.77036
아데노신,성분,2021-12-06,5.04364
아데노신,성분,2021-12-13,4.83669
아데노신,성분,2021-12-20,4.02483
아데노신,성분,2021-12-27,3.87095
아데노신,성분,2022-01-03,4.68546
아데노신,성분,2022-01-10,4.82873
아데노신,성분,2022-01-17,4.43607
아데노신,성분,2022-01-24,3.49154
아데노신,성분,2022-01-31,3.06969
아데노신,성분,2022-02-07,4.36178
아데노신,성분,2022-02-14,4.85792
아데노신,성분,2022-02-21,4.21586
아데노신,성분,2022-02-28,3.62951
아데노신,성분,2022-03-07,4.47056
아데노신,성분,2022-03-14,4.54485
아데노신,성분,2022-03-21,4.10708
아데노신,성분,2022-03-28,4.40423
아데노신,성분,2022-04-04,5.28508
아데노신,성분,2022-04-11,5.62203
아데노신,성분,2022-04-18,5.92979
아데노신,성분,2022-04-25,4.81812
아데노신,성분,2022-05-02,3.88952
아데노신,성분,2022-05-09,4.54485
아데노신,성분,2022-05-16,4.31668
아데노신,성분,2022-05-23,4.5077
아데노신,성분,2022-05-30,4.21586
아데노신,성분,2022-06-06,4.52627
아데노신,성분,2022-06-13,4.92425
아데노신,성분,2022-06-20,3.83911
아데노신,성분,2022-06-27,3.67727
아데노신,성분,2022-07-04,3.97707
아데노신,성분,2022-07-11,4.03809
아데노신,성분,2022-07-18,5.63264
아데노신,성분,2022-07-25,5.45753
아데노신,성분,2022-08-01,5.84489
아데노신,성분,2022-08-08,6.37287
아데노신,성분,2022-08-15,6.03857
아데노신,성분,2022-08-22,3.74094
아데노신,성분,2022-08-29,4.0832
아데노신,성분,2022-09-05,3.57114
아데노신,성분,2022-09-12,4.47056
아데노신,성분,2022-09-19,4.29014
아데노신,성분,2022-09-26,4.77832
아데노신,성분,2022-10-03,4.65097
아데노신,성분,2022-10-10,4.83669
아데노신,성분,2022-10-17,5.11527
아데노신,성분,2022-10-24,4.65893
아데노신,성분,2022-10-31,4.26627
아데노신,성분,2022-11-07,4.53954
아데노신,성분,2022-11-14,4.64036
아데노신,성분,2022-11-21,4.49178
아데노신,성분,2022-11-28,4.55015
아데노신,성분,2022-12-05,4.44933
아데노신,성분,2022-12-12,4.55015
아데노신,성분,2022-12-19,4.17871
아데노신,성분,2022-12-26,3.75686
아데노신,성분,2023-01-02,4.23708
아데노신,성분,2023-01-09,4.19198
아데노신,성분,2023-01-16,4.02483
아데노신,성분,2023-01-23,4.51301
아데노신,성분,2023-01-30,4.15218
아데노신,성분,2023-02-06,4.38035
아데노신,성분,2023-02-13,3.87625
아데노신,성분,2023-02-20,3.64543
아데노신,성분,2023-02-27,4.14157
아데노신,성분,2023-03-06,4.6324
아데노신,성분,2023-03-13,5.44161
아데노신,성분,2023-03-20,5.36732
아데노신,성분,2023-03-27,6.40736
아데노신,성분,2023-04-03,8.88275
아데노신,성분,2023-04-10,11.62877
아데노신,성분,2023-04-17,8.69968
아데노신,성분,2023-04-24,6.52675
아데노신,성분,2023-05-01,5.28508
아데노신,성분,2023-05-08,5.78652
아데노신,성분,2023-05-15,5.32222
아데노신,성분,2023-05-22,5.39916
아데노신,성분,2023-05-29,5.63529
아데노신,성분,2023-06-05,6.24286
아데노신,성분,2023-06-12,7.29086
아데노신,성분,2023-06-19,5.431
아데노신,성분,2023-06-26,4.38831
아데노신,성분,2023-07-03,6.11551
아데노신,성분,2023-07-10,7.85068
아데노신,성분,2023-07-17,5.3912
아데노신,성분,2023-07-24,4.03544
아데노신,성분,2023-07-31,4.11504
아데노신,성분,2023-08-07,15.87912
아데노신,성분,2023-08-14,13.37454
아데노신,성분,2023-08-21,9.97585
아데노신,성분,2023-08-28,11.10875
아데노신,성분,2023-09-04,9.60441
아데노신,성분,2023-09-11,7.78435
아데노신,성분,2023-09-18,7.2829
아데노신,성분,2023-09-25,6.24552
아데노신,성분,2023-10-02,8.88541
아데노신,성분,2023-10-09,9.73176
아데노신,성분,2023-10-16,8.51131
아데노신,성분,2023-10-23,8.50866
아데노신,성분,2023-10-30,7.57475
아데노신,성분,2023-11-06,7.49781
아데노신,성분,2023-11-13,6.70717
아데노신,성분,2023-11-20,8.01252
아데노신,성분,2023-11-27,8.38661
아데노신,성분,2023-12-04,7.7021
아데노신,성분,2023-12-11,7.13698
아데노신,성분,2023-12-18,5.91653
아데노신,성분,2023-12-25,5.73611
아데노신,성분,2024-01-01,6.5639
아데노신,성분,2024-01-08,6.83186
아데노신,성분,2024-01-15,6.8186
아데노신,성분,2024-01-22,7.35188
아데노신,성분,2024-01-29,7.41556
아데노신,성분,2024-02-05,6.07306
아데노신,성분,2024-02-12,6.91146
아데노신,성분,2024-02-19,6.92473
아데노신,성분,2024-02-26,6.2296
아데노신,성분,2024-03-04,6.79472
아데노신,성분,2024-03-11,7.01228
아데노신,성분,2024-03-18,7.63842
아데노신,성분,2024-03-25,7.20861
아데노신,성분,2024-04-01,7.17677
아데노신,성분,2024-04-08,7.17943
아데노신,성분,2024-04-15,7.83476
아데노신,성분,2024-04-22,8.32824
아데노신,성분,2024-04-29,6.97779
아데노신,성분,2024-05-06,6.91942
아데노신,성분,2024-05-13,6.60369
아데노신,성분,2024-05-20,6.4445
아데노신,성분,2024-05-27,7.53495
아데노신,성분,2024-06-03,6.57716
아데노신,성분,2024-06-10,6.87697
아데노신,성분,2024-06-17,6.00408
아데노신,성분,2024-06-24,5.48672
아데노신,성분,2024-07-01,5.17364
아데노신,성분,2024-07-08,5.5159
아데노신,성분,2024-07-15,5.31957
아데노신,성분,2024-07-22,4.25565
아데노신,성분,2024-07-29,3.75155
아데노신,성분,2024-08-05,4.16279
아데노신,성분,2024-08-12,4.31933
아데노신,성분,2024-08-19,4.43341
아데노신,성분,2024-08-26,4.68016
아데노신,성분,2024-09-02,4.86057
아데노신,성분,2024-09-09,4.51301
아데노신,성분,2024-09-16,4.38035
아데노신,성분,2024-09-23,4.76771
아데노신,성분,2024-09-30,4.27422
아데노신,성분,2024-10-07,5.40447
아데노신,성분,2024-10-14,5.01976
아데노신,성분,2024-10-21,5.31957
아데노신,성분,2024-10-28,5.0967
아데노신,성분,2024-11-04,5.10466
아데노신,성분,2024-11-11,4.5077
아데노신,성분,2024-11-18,6.16327
아데노신,성분,2024-11-25,5.50794
아데노신,성분,2024-12-02,4.66954
아데노신,성분,2024-12-09,4.4228
아데노신,성분,2024-12-16,4.48648
아데노신,성분,2024-12-23,4.13626
아데노신,성분,2024-12-30,4.08054
아데노신,성분,2025-01-06,4.7173
아데노신,성분,2025-01-13,4.52627
아데노신,성분,2025-01-20,4.17341
아데노신,성분,2025-01-27,3.47297
아데노신,성분,2025-02-03,4.85527
아데노신,성분,2025-02-10,4.72791
아데노신,성분,2025-02-17,4.10177
아데노신,성분,2025-02-24,5.41243
아데노신,성분,2025-03-03,5.33018
아데노신,성분,2025-03-10,5.03833
아데노신,성분,2025-03-17,5.0914
아데노신,성분,2025-03-24,4.60587
아데노신,성분,2025-03-31,5.12854
아데노신,성분,2025-04-07,5.12589
아데노신,성분,2025-04-14,4.97731
아데노신,성분,2025-04-21,5.24528
아데노신,성분,2025-04-28,5.04629
아데노신,성분,2025-05-05,4.11504
아데노신,성분,2025-05-12,4.81812
아데노신,성분,2025-05-19,4.73587
아데노신,성분,2025-05-26,4.40954
아데노신,성분,2025-06-02,3.75155
아데노신,성분,2025-06-09,5.71223
아데노신,성분,2025-06-16,4.1283
아데노신,성분,2025-06-23,4.17606
아데노신,성분,2025-06-30,3.92401
아데노신,성분,2025-07-07,3.66931
아데노신,성분,2025-07-14,3.79666
아데노신,성분,2025-07-21,3.64808
아데노신,성분,2025-07-28,3.63747
아데노신,성분,2025-08-04,3.43318
아데노신,성분,2025-08-11,3.58706
아데노신,성분,2025-08-18,4.77567
아데노신,성분,2025-08-25,4.57668
아데노신,성분,2025-09-01,5.18426
아데노신,성분,2025-09-08,5.77591
아데노신,성분,2025-09-15,5.74142
아데노신,성분,2025-09-22,6.3596
아데노신,성분,2025-09-29,4.55811
아데노신,성분,2025-10-06,3.61094
아데노신,성분,2025-10-13,4.38566
아데노신,성분,2025-10-20,4.05136
아데노신,성분,2025-10-27,3.51012
아데노신,성분,2025-11-03,3.70114
아데노신,성분,2025-11-10,3.7887
아데노신,성분,2025-11-17,4.55811
아데노신,성분,2025-11-24,4.28484
아데노신,성분,2025-12-01,3.5791
아데노신,성분,2025-12-08,3.664
아데노신,성분,2025-12-15,3.4146
아데노신,성분,2025-12-22,3.26603
아데노신,성분,2025-12-29,3.31909
아데노신,성분,2026-01-05,3.42787
아데노신,성분,2026-01-12,3.58441
아데노신,성분,2026-01-19,4.14687
아데노신,성분,2026-01-26,3.59502
아데노신,성분,2026-02-02,4.34321
아데노신,성분,2026-02-09,4.58464
아데노신,성분,2026-02-16,6.87432
아데노신,성분,2026-02-23,4.72526
아데노신,성분,2026-03-02,4.43076
아데노신,성분,2026-03-09,4.79159
아데노신,성분,2026-03-16,4.56342
아데노신,성분,2026-03-23,4.2981
아데노신,성분,2026-03-30,3.62155
아데노신,성분,2026-04-06,4.06197
아데노신,성분,2026-04-13,4.5077
아데노신,성분,2026-04-20,3.7038
아데노신,성분,2026-04-27,3.04316
아데노신,성분,2026-05-04,3.29521
아데노신,성분,2026-05-11,5.27181
아데노신,성분,2026-05-18,7.64373
아데노신,성분,2026-05-25,5.63264
아데노신,성분,2026-06-01,4.82077
아데노신,성분,2026-06-08,5.06752
아데노신,성분,2026-06-15,3.48624
아데노신,성분,2026-06-22,3.52073
아데노신,성분,2026-06-29,2.58151
아데노신,성분,2026-07-06,3.88686
아데노신,성분,2026-07-13,3.03786
아데노신,성분,2026-07-20,3.4995
아데노신,성분,2026-07-27,2.75397
아데노신,성분,2026-08-03,3.7091
아데노신,성분,2026-08-10,3.54991
아데노신,성분,2026-08-17,2.98745
아데노신,성분,2026-08-24,5.39651
아데노신,성분,2026-08-31,3.86564
아데노신,성분,2026-09-07,3.47828
아데노신,성분,2026-09-14,4.44403
아데노신,성분,2026-09-21,6.9486
아데노신,성분,2026-09-28,0.52797
베타글루칸,성분,2020-12-28,9.30195
베타글루칸,성분,2021-01-04,9.61768
베타글루칸,성분,2021-01-11,7.69679
베타글루칸,성분,2021-01-18,8.07619
베타글루칸,성분,2021-01-25,8.15579
베타글루칸,성분,2021-02-01,7.15024
베타글루칸,성분,2021-02-08,7.55087
베타글루칸,성분,2021-02-15,9.95197
베타글루칸,성분,2021-02-22,20.38682
베타글루칸,성분,2021-03-01,26.10702
베타글루칸,성분,2021-03-08,34.30527
베타글루칸,성분,2021-03-15,11.46958
베타글루칸,성분,2021-03-22,11.97368
베타글루칸,성분,2021-03-29,8.88541
베타글루칸,성분,2021-04-05,8.82704
베타글루칸,성분,2021-04-12,15.27685
베타글루칸,성분,2021-04-19,25.92396
베타글루칸,성분,2021-04-26,15.4042
베타글루칸,성분,2021-05-03,31.73436
베타글루칸,성분,2021-05-10,100
베타글루칸,성분,2021-05-17,55.95234
베타글루칸,성분,2021-05-24,78.32639
베타글루칸,성분,2021-05-31,45.67403
베타글루칸,성분,2021-06-07,22.24403
베타글루칸,성분,2021-06-14,16.73609
베타글루칸,성분,2021-06-21,14.11212
베타글루칸,성분,2021-06-28,13.49393
베타글루칸,성분,2021-07-05,12.01613
베타글루칸,성분,2021-07-12,11.77469
베타글루칸,성분,2021-07-19,13.74598
베타글루칸,성분,2021-07-26,22.48812
베타글루칸,성분,2021-08-02,16.16035
베타글루칸,성분,2021-08-09,30.43166
베타글루칸,성분,2021-08-16,28.86365
베타글루칸,성분,2021-08-23,46.86795
베타글루칸,성분,2021-08-30,25.57109
베타글루칸,성분,2021-09-06,17.48428
베타글루칸,성분,2021-09-13,14.52336
베타글루칸,성분,2021-09-20,50.07561
베타글루칸,성분,2021-09-27,26.36703
베타글루칸,성분,2021-10-04,15.62707
베타글루칸,성분,2021-10-11,12.46982
베타글루칸,성분,2021-10-18,10.74261
베타글루칸,성분,2021-10-25,23.75102
베타글루칸,성분,2021-11-01,15.93749
베타글루칸,성분,2021-11-08,10.37382
베타글루칸,성분,2021-11-15,8.56703
베타글루칸,성분,2021-11-22,8.91724
베타글루칸,성분,2021-11-29,8.66254
베타글루칸,성분,2021-12-06,9.63094
베타글루칸,성분,2021-12-13,10.41097
베타글루칸,성분,2021-12-20,39.14462
베타글루칸,성분,2021-12-27,18.37308
베타글루칸,성분,2022-01-03,11.53591
베타글루칸,성분,2022-01-10,10.37648
베타글루칸,성분,2022-01-17,9.06317
베타글루칸,성분,2022-01-24,10.90711
베타글루칸,성분,2022-01-31,45.8173
베타글루칸,성분,2022-02-07,23.94205
베타글루칸,성분,2022-02-14,15.3591
베타글루칸,성분,2022-02-21,13.78313
베타글루칸,성분,2022-02-28,12.45655
베타글루칸,성분,2022-03-07,11.40325
베타글루칸,성분,2022-03-14,11.2361
베타글루칸,성분,2022-03-21,13.85741
베타글루칸,성분,2022-03-28,12.07715
베타글루칸,성분,2022-04-04,23.101
베타글루칸,성분,2022-04-11,13.87599
베타글루칸,성분,2022-04-18,14.0113
베타글루칸,성분,2022-04-25,18.4739
베타글루칸,성분,2022-05-02,11.32896
베타글루칸,성분,2022-05-09,16.37791
베타글루칸,성분,2022-05-16,28.61956
베타글루칸,성분,2022-05-23,20.59377
베타글루칸,성분,2022-05-30,11.5306
베타글루칸,성분,2022-06-06,11.06364
베타글루칸,성분,2022-06-13,11.08222
베타글루칸,성분,2022-06-20,11.2361
베타글루칸,성분,2022-06-27,11.0716
베타글루칸,성분,2022-07-04,10.75323
베타글루칸,성분,2022-07-11,10.26505
베타글루칸,성분,2022-07-18,10.16953
베타글루칸,성분,2022-07-25,10.28627
베타글루칸,성분,2022-08-01,10.12443
베타글루칸,성분,2022-08-08,10.23321
베타글루칸,성분,2022-08-15,11.72693
베타글루칸,성분,2022-08-22,29.7498
베타글루칸,성분,2022-08-29,22.24138
베타글루칸,성분,2022-09-05,12.23899
베타글루칸,성분,2022-09-12,17.06508
베타글루칸,성분,2022-09-19,16.06749
베타글루칸,성분,2022-09-26,12.60247
베타글루칸,성분,2022-10-03,10.25974
베타글루칸,성분,2022-10-10,9.73707
베타글루칸,성분,2022-10-17,9.36828
베타글루칸,성분,2022-10-24,9.02337
베타글루칸,성분,2022-10-31,15.11766
베타글루칸,성분,2022-11-07,15.52359
베타글루칸,성분,2022-11-14,9.75033
베타글루칸,성분,2022-11-21,21.72401
베타글루칸,성분,2022-11-28,13.26311
베타글루칸,성분,2022-12-05,10.67628
베타글루칸,성분,2022-12-12,10.42689
베타글루칸,성분,2022-12-19,8.81377
베타글루칸,성분,2022-12-26,10.69751
베타글루칸,성분,2023-01-02,10.57281
베타글루칸,성분,2023-01-09,12.02939
베타글루칸,성분,2023-01-16,9.57788
베타글루칸,성분,2023-01-23,9.15072
베타글루칸,성분,2023-01-30,18.99923
베타글루칸,성분,2023-02-06,12.62635
베타글루칸,성분,2023-02-13,11.30243
베타글루칸,성분,2023-02-20,12.90759
베타글루칸,성분,2023-02-27,10.83813
베타글루칸,성분,2023-03-06,11.78265
베타글루칸,성분,2023-03-13,12.80942
베타글루칸,성분,2023-03-20,19.81374
베타글루칸,성분,2023-03-27,11.91796
베타글루칸,성분,2023-04-03,10.53567
베타글루칸,성분,2023-04-10,20.88031
베타글루칸,성분,2023-04-17,15.94545
베타글루칸,성분,2023-04-24,15.52625
베타글루칸,성분,2023-05-01,11.39794
베타글루칸,성분,2023-05-08,11.21753
베타글루칸,성분,2023-05-15,10.70282
베타글루칸,성분,2023-05-22,9.51951
베타글루칸,성분,2023-05-29,9.42134
베타글루칸,성분,2023-06-05,9.87503
베타글루칸,성분,2023-06-12,9.49298
베타글루칸,성분,2023-06-19,8.86949
베타글루칸,성분,2023-06-26,8.93316
베타글루칸,성분,2023-07-03,8.93051
베타글루칸,성분,2023-07-10,11.69244
베타글루칸,성분,2023-07-17,8.48478
베타글루칸,성분,2023-07-24,8.66519
베타글루칸,성분,2023-07-31,7.76577
베타글루칸,성분,2023-08-07,17.11018
베타글루칸,성분,2023-08-14,11.62346
베타글루칸,성분,2023-08-21,9.37624
베타글루칸,성분,2023-08-28,8.81642
베타글루칸,성분,2023-09-04,9.87503
베타글루칸,성분,2023-09-11,13.81231
베타글루칸,성분,2023-09-18,10.37913
베타글루칸,성분,2023-09-25,7.01759
베타글루칸,성분,2023-10-02,9.77156
베타글루칸,성분,2023-10-09,8.8403
베타글루칸,성분,2023-10-16,9.55135
베타글루칸,성분,2023-10-23,24.63983
베타글루칸,성분,2023-10-30,10.74527
베타글루칸,성분,2023-11-06,11.93123
베타글루칸,성분,2023-11-13,26.45193
베타글루칸,성분,2023-11-20,12.94208
베타글루칸,성분,2023-11-27,10.41893
베타글루칸,성분,2023-12-04,9.0897
베타글루칸,성분,2023-12-11,9.02072
베타글루칸,성분,2023-12-18,8.40784
베타글루칸,성분,2023-12-25,7.57475
베타글루칸,성분,2024-01-01,9.54073
베타글루칸,성분,2024-01-08,10.03157
베타글루칸,성분,2024-01-15,12.74574
베타글루칸,성분,2024-01-22,9.05786
베타글루칸,성분,2024-01-29,9.05786
베타글루칸,성분,2024-02-05,6.96452
베타글루칸,성분,2024-02-12,7.76843
베타글루칸,성분,2024-02-19,9.51686
베타글루칸,성분,2024-02-26,9.14807
베타글루칸,성분,2024-03-04,10.31811
베타글루칸,성분,2024-03-11,8.82438
베타글루칸,성분,2024-03-18,8.94643
베타글루칸,성분,2024-03-25,9.06051
베타글루칸,성분,2024-04-01,9.12419
베타글루칸,성분,2024-04-08,9.27542
베타글루칸,성분,2024-04-15,11.03181
베타글루칸,성분,2024-04-22,9.04725
베타글루칸,성분,2024-04-29,8.27253
베타글루칸,성분,2024-05-06,8.2062
베타글루칸,성분,2024-05-13,8.00721
베타글루칸,성분,2024-05-20,8.57499
베타글루칸,성분,2024-05-27,8.19293
베타글루칸,성분,2024-06-03,6.72574
베타글루칸,성분,2024-06-10,6.41001
베타글루칸,성분,2024-06-17,7.15024
베타글루칸,성분,2024-06-24,7.29617
베타글루칸,성분,2024-07-01,7.10779
베타글루칸,성분,2024-07-08,8.2062
베타글루칸,성분,2024-07-15,7.04677
베타글루칸,성분,2024-07-22,6.96452
베타글루칸,성분,2024-07-29,9.66013
베타글루칸,성분,2024-08-05,12.4539
베타글루칸,성분,2024-08-12,9.64155
베타글루칸,성분,2024-08-19,9.36297
베타글루칸,성분,2024-08-26,9.44787
베타글루칸,성분,2024-09-02,8.95704
베타글루칸,성분,2024-09-09,7.45005
베타글루칸,성분,2024-09-16,6.46838
베타글루칸,성분,2024-09-23,8.14518
베타글루칸,성분,2024-09-30,7.09983
베타글루칸,성분,2024-10-07,7.52434
베타글루칸,성분,2024-10-14,8.29906
베타글루칸,성분,2024-10-21,8.43437
베타글루칸,성분,2024-10-28,7.37576
베타글루칸,성분,2024-11-04,8.18763
베타글루칸,성분,2024-11-11,9.06317
베타글루칸,성분,2024-11-18,9.2144
베타글루칸,성분,2024-11-25,8.55907
베타글루칸,성분,2024-12-02,6.57186
베타글루칸,성분,2024-12-09,7.917
베타글루칸,성분,2024-12-16,6.93268
베타글루칸,성분,2024-12-23,7.23249
베타글루칸,성분,2024-12-30,6.83717
베타글루칸,성분,2025-01-06,8.43172
베타글루칸,성분,2025-01-13,8.01517
베타글루칸,성분,2025-01-20,7.79231
베타글루칸,성분,2025-01-27,7.27229
베타글루칸,성분,2025-02-03,9.89095
베타글루칸,성분,2025-02-10,8.38927
베타글루칸,성분,2025-02-17,9.57257
베타글루칸,성분,2025-02-24,9.3895
베타글루칸,성분,2025-03-03,9.01276
베타글루칸,성분,2025-03-10,9.09235
베타글루칸,성분,2025-03-17,8.52723
베타글루칸,성분,2025-03-24,8.97296
베타글루칸,성분,2025-03-31,8.56437
베타글루칸,성분,2025-04-07,7.53495
베타글루칸,성분,2025-04-14,9.03664
베타글루칸,성분,2025-04-21,7.05208
베타글루칸,성분,2025-04-28,5.79183
베타글루칸,성분,2025-05-05,6.27736
베타글루칸,성분,2025-05-12,6.26409
베타글루칸,성분,2025-05-19,5.52651
베타글루칸,성분,2025-05-26,5.88734
베타글루칸,성분,2025-06-02,6.1447
베타글루칸,성분,2025-06-09,5.5557
베타글루칸,성분,2025-06-16,6.19776
베타글루칸,성분,2025-06-23,7.38372
베타글루칸,성분,2025-06-30,5.28242
베타글루칸,성분,2025-07-07,5.75468
베타글루칸,성분,2025-07-14,5.82897
베타글루칸,성분,2025-07-21,5.39386
베타글루칸,성분,2025-07-28,5.84754
베타글루칸,성분,2025-08-04,7.91435
베타글루칸,성분,2025-08-11,7.94619
베타글루칸,성분,2025-08-18,7.8268
베타글루칸,성분,2025-08-25,8.30436
베타글루칸,성분,2025-09-01,7.96211
베타글루칸,성분,2025-09-08,8.48213
베타글루칸,성분,2025-09-15,8.246
베타글루칸,성분,2025-09-22,10.15361
베타글루칸,성분,2025-09-29,7.30147
베타글루칸,성분,2025-10-06,7.41821
베타글루칸,성분,2025-10-13,7.54291
베타글루칸,성분,2025-10-20,6.67002
베타글루칸,성분,2025-10-27,6.61961
베타글루칸,성분,2025-11-03,5.9802
베타글루칸,성분,2025-11-10,6.04388
베타글루칸,성분,2025-11-17,5.45222
베타글루칸,성분,2025-11-24,6.88493
베타글루칸,성분,2025-12-01,8.60948
베타글루칸,성분,2025-12-08,10.2279
베타글루칸,성분,2025-12-15,6.10225
베타글루칸,성분,2025-12-22,5.43896
베타글루칸,성분,2025-12-29,6.66206
베타글루칸,성분,2026-01-05,6.21899
베타글루칸,성분,2026-01-12,10.2279
베타글루칸,성분,2026-01-19,6.3145
베타글루칸,성분,2026-01-26,8.13987
베타글루칸,성분,2026-02-02,9.81401
베타글루칸,성분,2026-02-09,6.36491
베타글루칸,성분,2026-02-16,4.71995
베타글루칸,성분,2026-02-23,6.27205
베타글루칸,성분,2026-03-02,7.14228
베타글루칸,성분,2026-03-09,7.69149
베타글루칸,성분,2026-03-16,5.60876
베타글루칸,성분,2026-03-23,6.26144
베타글루칸,성분,2026-03-30,6.609
베타글루칸,성분,2026-04-06,7.41291
베타글루칸,성분,2026-04-13,6.60369
베타글루칸,성분,2026-04-20,5.55304
베타글루칸,성분,2026-04-27,5.23997
베타글루칸,성분,2026-05-04,7.60393
베타글루칸,성분,2026-05-11,5.31426
베타글루칸,성분,2026-05-18,5.10466
베타글루칸,성분,2026-05-25,4.14953
베타글루칸,성분,2026-06-01,3.83911
베타글루칸,성분,2026-06-08,4.73587
베타글루칸,성분,2026-06-15,5.70958
베타글루칸,성분,2026-06-22,3.84707
베타글루칸,성분,2026-06-29,5.19752
베타글루칸,성분,2026-07-06,4.57403
베타글루칸,성분,2026-07-13,3.86829
베타글루칸,성분,2026-07-20,4.03544
베타글루칸,성분,2026-07-27,3.35093
베타글루칸,성분,2026-08-03,5.16303
베타글루칸,성분,2026-08-10,4.99323
베타글루칸,성분,2026-08-17,5.25854
베타글루칸,성분,2026-08-24,6.36756
베타글루칸,성분,2026-08-31,5.17364
베타글루칸,성분,2026-09-07,5.44957
베타글루칸,성분,2026-09-14,8.12395
베타글루칸,성분,2026-09-21,8.84561
베타글루칸,성분,2026-09-28,1.1382
트레할로스,성분,2020-12-28,1.54944
트레할로스,성분,2021-01-04,1.8572
트레할로스,성분,2021-01-11,2.22334
트레할로스,성분,2021-01-18,2.07211
트레할로스,성분,2021-01-25,2.03231
트레할로스,성분,2021-02-01,2.87336
트레할로스,성분,2021-02-08,1.68209
트레할로스,성분,2021-02-15,1.95272
트레할로스,성분,2021-02-22,1.86781
트레할로스,성분,2021-03-01,1.88373
트레할로스,성분,2021-03-08,1.87047
트레할로스,성분,2021-03-15,1.97659
트레할로스,성분,2021-03-22,1.96068
트레할로스,성분,2021-03-29,1.96863
트레할로스,성분,2021-04-05,2.06415
트레할로스,성분,2021-04-12,1.79883
트레할로스,성분,2021-04-19,1.90761
트레할로스,성분,2021-04-26,1.88108
트레할로스,성분,2021-05-03,1.75638
트레할로스,성분,2021-05-10,1.82536
트레할로스,성분,2021-05-17,1.61046
트레할로스,성분,2021-05-24,1.74577
트레할로스,성분,2021-05-31,1.70067
트레할로스,성분,2021-06-07,1.91292
트레할로스,성분,2021-06-14,1.62638
트레할로스,성분,2021-06-21,1.67148
트레할로스,성분,2021-06-28,1.46984
트레할로스,성분,2021-07-05,1.48841
트레할로스,성분,2021-07-12,1.59189
트레할로스,성분,2021-07-19,1.45658
트레할로스,성분,2021-07-26,1.34249
트레할로스,성분,2021-08-02,1.3929
트레할로스,성분,2021-08-09,1.47515
트레할로스,성분,2021-08-16,1.49903
트레할로스,성분,2021-08-23,1.61311
트레할로스,성분,2021-08-30,1.58127
트레할로스,성분,2021-09-06,1.38229
트레할로스,성분,2021-09-13,1.59985
트레할로스,성분,2021-09-20,0.98962
트레할로스,성분,2021-09-27,1.44862
트레할로스,성분,2021-10-04,1.9368
트레할로스,성분,2021-10-11,1.87312
트레할로스,성분,2021-10-18,1.5229
트레할로스,성분,2021-10-25,1.31861
트레할로스,성분,2021-11-01,1.26555
트레할로스,성분,2021-11-08,1.44331
트레할로스,성분,2021-11-15,1.36106
트레할로스,성분,2021-11-22,1.49107
트레할로스,성분,2021-11-29,1.42209
트레할로스,성분,2021-12-06,1.5229
트레할로스,성분,2021-12-13,1.55209
트레할로스,성분,2021-12-20,1.33984
트레할로스,성분,2021-12-27,1.30004
트레할로스,성분,2022-01-03,1.71659
트레할로스,성분,2022-01-10,1.57597
트레할로스,성분,2022-01-17,1.44066
트레할로스,성분,2022-01-24,1.40617
트레할로스,성분,2022-01-31,1.10105
트레할로스,성분,2022-02-07,1.70332
트레할로스,성분,2022-02-14,1.59189
트레할로스,성분,2022-02-21,1.62638
트레할로스,성분,2022-02-28,1.4725
트레할로스,성분,2022-03-07,1.3929
트레할로스,성분,2022-03-14,1.6025
트레할로스,성분,2022-03-21,1.45923
트레할로스,성분,2022-03-28,1.43004
트레할로스,성분,2022-04-04,1.52556
트레할로스,성분,2022-04-11,1.61046
트레할로스,성분,2022-04-18,1.58923
트레할로스,성분,2022-04-25,1.33718
트레할로스,성분,2022-05-02,1.23902
트레할로스,성분,2022-05-09,1.4778
트레할로스,성분,2022-05-16,1.56801
트레할로스,성분,2022-05-23,1.32127
트레할로스,성분,2022-05-30,1.35045
트레할로스,성분,2022-06-06,1.41147
트레할로스,성분,2022-06-13,1.34249
트레할로스,성분,2022-06-20,1.33188
트레할로스,성분,2022-06-27,1.36902
트레할로스,성분,2022-07-04,1.31861
트레할로스,성분,2022-07-11,1.32657
트레할로스,성분,2022-07-18,1.45923
트레할로스,성분,2022-07-25,1.25228
트레할로스,성분,2022-08-01,1.07983
트레할로스,성분,2022-08-08,1.41678
트레할로스,성분,2022-08-15,1.32392
트레할로스,성분,2022-08-22,1.50964
트레할로스,성분,2022-08-29,1.46454
트레할로스,성분,2022-09-05,1.14881
트레할로스,성분,2022-09-12,1.31331
트레할로스,성분,2022-09-19,1.50964
트레할로스,성분,2022-09-26,1.43004
트레할로스,성분,2022-10-03,1.29208
트레할로스,성분,2022-10-10,1.31596
트레할로스,성분,2022-10-17,1.51495
트레할로스,성분,2022-10-24,1.45923
트레할로스,성분,2022-10-31,1.35045
트레할로스,성분,2022-11-07,1.51495
트레할로스,성분,2022-11-14,1.40086
트레할로스,성분,2022-11-21,1.56536
트레할로스,성분,2022-11-28,1.20983
트레할로스,성분,2022-12-05,1.39821
트레할로스,성분,2022-12-12,1.38229
트레할로스,성분,2022-12-19,1.23106
트레할로스,성분,2022-12-26,1.08513
트레할로스,성분,2023-01-02,1.28677
트레할로스,성분,2023-01-09,1.39555
트레할로스,성분,2023-01-16,1.16738
트레할로스,성분,2023-01-23,1.17269
트레할로스,성분,2023-01-30,1.5176
트레할로스,성분,2023-02-06,1.58923
트레할로스,성분,2023-02-13,1.31596
트레할로스,성분,2023-02-20,1.43004
트레할로스,성분,2023-02-27,1.20453
트레할로스,성분,2023-03-06,1.63964
트레할로스,성분,2023-03-13,1.56536
트레할로스,성분,2023-03-20,1.58923
트레할로스,성분,2023-03-27,1.63434
트레할로스,성분,2023-04-03,1.77495
트레할로스,성분,2023-04-10,1.75373
트레할로스,성분,2023-04-17,1.67413
트레할로스,성분,2023-04-24,1.62903
트레할로스,성분,2023-05-01,1.37433
트레할로스,성분,2023-05-08,1.65291
트레할로스,성분,2023-05-15,1.4778
트레할로스,성분,2023-05-22,1.52821
트레할로스,성분,2023-05-29,1.36106
트레할로스,성분,2023-06-05,1.40086
트레할로스,성분,2023-06-12,1.54413
트레할로스,성분,2023-06-19,1.23902
트레할로스,성분,2023-06-26,1.5176
트레할로스,성분,2023-07-03,1.56005
트레할로스,성분,2023-07-10,1.62903
트레할로스,성분,2023-07-17,1.36902
트레할로스,성분,2023-07-24,1.26024
트레할로스,성분,2023-07-31,1.09044
트레할로스,성분,2023-08-07,1.24963
트레할로스,성분,2023-08-14,1.28943
트레할로스,성분,2023-08-21,1.38229
트레할로스,성분,2023-08-28,1.41678
트레할로스,성분,2023-09-04,1.50168
트레할로스,성분,2023-09-11,1.51495
트레할로스,성분,2023-09-18,1.41147
트레할로스,성분,2023-09-25,0.94186
트레할로스,성분,2023-10-02,1.23371
트레할로스,성분,2023-10-09,1.29208
트레할로스,성분,2023-10-16,1.5627
트레할로스,성분,2023-10-23,1.71128
트레할로스,성분,2023-10-30,1.65291
트레할로스,성분,2023-11-06,1.61311
트레할로스,성분,2023-11-13,1.4778
트레할로스,성분,2023-11-20,1.49903
트레할로스,성분,2023-11-27,1.40882
트레할로스,성분,2023-12-04,1.54413
트레할로스,성분,2023-12-11,1.3531
트레할로스,성분,2023-12-18,1.32392
트레할로스,성분,2023-12-25,1.03738
트레할로스,성분,2024-01-01,1.23371
트레할로스,성분,2024-01-08,1.53617
트레할로스,성분,2024-01-15,1.6025
트레할로스,성분,2024-01-22,1.53086
트레할로스,성분,2024-01-29,1.48841
트레할로스,성분,2024-02-05,1.23902
트레할로스,성분,2024-02-12,1.36902
트레할로스,성분,2024-02-19,1.67148
트레할로스,성분,2024-02-26,1.35576
트레할로스,성분,2024-03-04,1.55474
트레할로스,성분,2024-03-11,1.64495
트레할로스,성분,2024-03-18,1.69536
트레할로스,성분,2024-03-25,1.69801
트레할로스,성분,2024-04-01,6.26144
트레할로스,성분,2024-04-08,3.84972
트레할로스,성분,2024-04-15,2.11456
트레할로스,성분,2024-04-22,2.15966
트레할로스,성분,2024-04-29,1.70067
트레할로스,성분,2024-05-06,1.58393
트레할로스,성분,2024-05-13,1.53882
트레할로스,성분,2024-05-20,1.48841
트레할로스,성분,2024-05-27,1.59985
트레할로스,성분,2024-06-03,1.76434
트레할로스,성분,2024-06-10,2.60274
트레할로스,성분,2024-06-17,2.28171
트레할로스,성분,2024-06-24,1.71659
트레할로스,성분,2024-07-01,1.59454
트레할로스,성분,2024-07-08,2.29763
트레할로스,성분,2024-07-15,3.97707
트레할로스,성분,2024-07-22,1.66618
트레할로스,성분,2024-07-29,1.53617
트레할로스,성분,2024-08-05,1.62107
트레할로스,성분,2024-08-12,1.72189
트레할로스,성분,2024-08-19,1.86781
트레할로스,성분,2024-08-26,1.70863
트레할로스,성분,2024-09-02,1.58393
트레할로스,성분,2024-09-09,1.4778
트레할로스,성분,2024-09-16,1.20718
트레할로스,성분,2024-09-23,1.53352
트레할로스,성분,2024-09-30,1.43535
트레할로스,성분,2024-10-07,1.42209
트레할로스,성분,2024-10-14,1.54148
트레할로스,성분,2024-10-21,1.67148
트레할로스,성분,2024-10-28,1.51229
트레할로스,성분,2024-11-04,1.6025
트레할로스,성분,2024-11-11,1.45127
트레할로스,성분,2024-11-18,1.57066
트레할로스,성분,2024-11-25,6.76023
트레할로스,성분,2024-12-02,7.4527
트레할로스,성분,2024-12-09,1.97925
트레할로스,성분,2024-12-16,1.55209
트레할로스,성분,2024-12-23,1.31861
트레할로스,성분,2024-12-30,1.28412
트레할로스,성분,2025-01-06,1.75638
트레할로스,성분,2025-01-13,1.56536
트레할로스,성분,2025-01-20,1.53352
트레할로스,성분,2025-01-27,1.03472
트레할로스,성분,2025-02-03,1.67148
트레할로스,성분,2025-02-10,1.53617
트레할로스,성분,2025-02-17,1.36637
트레할로스,성분,2025-02-24,1.75904
트레할로스,성분,2025-03-03,2.22068
트레할로스,성분,2025-03-10,1.46984
트레할로스,성분,2025-03-17,1.50168
트레할로스,성분,2025-03-24,1.63699
트레할로스,성분,2025-03-31,1.55474
트레할로스,성분,2025-04-07,2.24987
트레할로스,성분,2025-04-14,1.67413
트레할로스,성분,2025-04-21,1.59985
트레할로스,성분,2025-04-28,1.36902
트레할로스,성분,2025-05-05,1.24167
트레할로스,성분,2025-05-12,1.57331
트레할로스,성분,2025-05-19,1.8572
트레할로스,성분,2025-05-26,1.23902
트레할로스,성분,2025-06-02,1.10105
트레할로스,성분,2025-06-09,1.43004
트레할로스,성분,2025-06-16,1.32922
트레할로스,성분,2025-06-23,1.41678
트레할로스,성분,2025-06-30,1.36106
트레할로스,성분,2025-07-07,1.42209
트레할로스,성분,2025-07-14,1.2682
트레할로스,성분,2025-07-21,1.24432
트레할로스,성분,2025-07-28,1.20718
트레할로스,성분,2025-08-04,1.25759
트레할로스,성분,2025-08-11,1.20983
트레할로스,성분,2025-08-18,1.308
트레할로스,성분,2025-08-25,1.20718
트레할로스,성분,2025-09-01,1.28412
트레할로스,성분,2025-09-08,1.23636
트레할로스,성분,2025-09-15,1.56801
트레할로스,성분,2025-09-22,1.32127
트레할로스,성분,2025-09-29,1.00554
트레할로스,성분,2025-10-06,0.98962
트레할로스,성분,2025-10-13,2.07211
트레할로스,성분,2025-10-20,1.26555
트레할로스,성분,2025-10-27,1.23106
트레할로스,성분,2025-11-03,1.32127
트레할로스,성분,2025-11-10,1.28943
트레할로스,성분,2025-11-17,1.50433
트레할로스,성분,2025-11-24,1.65556
트레할로스,성분,2025-12-01,1.66883
트레할로스,성분,2025-12-08,1.63699
트레할로스,성분,2025-12-15,1.50168
트레할로스,성분,2025-12-22,1.33984
트레할로스,성분,2025-12-29,1.41943
트레할로스,성분,2026-01-05,1.67944
트레할로스,성분,2026-01-12,1.79618
트레할로스,성분,2026-01-19,1.79353
트레할로스,성분,2026-01-26,1.65822
트레할로스,성분,2026-02-02,1.78026
트레할로스,성분,2026-02-09,1.71393
트레할로스,성분,2026-02-16,1.27616
트레할로스,성분,2026-02-23,2.21272
트레할로스,성분,2026-03-02,1.70863
트레할로스,성분,2026-03-09,1.66352
트레할로스,성분,2026-03-16,1.767
트레할로스,성분,2026-03-23,1.66618
트레할로스,성분,2026-03-30,1.66883
트레할로스,성분,2026-04-06,1.50964
트레할로스,성분,2026-04-13,1.70332
트레할로스,성분,2026-04-20,1.87312
트레할로스,성분,2026-04-27,2.02435
트레할로스,성분,2026-05-04,1.51495
트레할로스,성분,2026-05-11,1.76434
트레할로스,성분,2026-05-18,1.67148
트레할로스,성분,2026-05-25,1.71393
트레할로스,성분,2026-06-01,2.00578
트레할로스,성분,2026-06-08,2.1464
트레할로스,성분,2026-06-15,1.89965
트레할로스,성분,2026-06-22,1.87312
트레할로스,성분,2026-06-29,1.87047
트레할로스,성분,2026-07-06,1.62638
트레할로스,성분,2026-07-13,1.56801
트레할로스,성분,2026-07-20,1.54678
트레할로스,성분,2026-07-27,1.49107
트레할로스,성분,2026-08-03,1.54944
트레할로스,성분,2026-08-10,1.58658
트레할로스,성분,2026-08-17,1.86516
트레할로스,성분,2026-08-24,1.8121
트레할로스,성분,2026-08-31,1.76965
트레할로스,성분,2026-09-07,1.77495
트레할로스,성분,2026-09-14,1.69536
트레할로스,성분,2026-09-21,1.27616
트레할로스,성분,2026-09-28,0.24143
감초추출물,성분,2020-12-28,2.18619
감초추출물,성분,2021-01-04,3.03255
감초추출물,성분,2021-01-11,2.35069
감초추출물,성분,2021-01-18,2.14109
감초추출물,성분,2021-01-25,1.80149
감초추출물,성분,2021-02-01,1.82271
감초추출물,성분,2021-02-08,1.29739
감초추출물,성분,2021-02-15,1.46984
감초추출물,성분,2021-02-22,1.47515
감초추출물,성분,2021-03-01,1.36372
감초추출물,성분,2021-03-08,1.31861
감초추출물,성분,2021-03-15,1.32657
감초추출물,성분,2021-03-22,1.29739
감초추출물,성분,2021-03-29,1.27881
감초추출물,성분,2021-04-05,1.76965
감초추출물,성분,2021-04-12,1.28412
감초추출물,성분,2021-04-19,1.37168
감초추출물,성분,2021-04-26,1.18861
감초추출물,성분,2021-05-03,1.26024
감초추출물,성분,2021-05-10,1.31065
감초추출물,성분,2021-05-17,1.19391
감초추출물,성분,2021-05-24,1.41147
감초추출물,성분,2021-05-31,1.24167
감초추출물,성분,2021-06-07,1.14085
감초추출물,성분,2021-06-14,1.27351
감초추출물,성분,2021-06-21,1.24698
감초추출물,성분,2021-06-28,1.02677
감초추출물,성분,2021-07-05,1.08779
감초추출물,성분,2021-07-12,0.81186
감초추출물,성분,2021-07-19,0.91003
감초추출물,성분,2021-07-26,1.53617
감초추출물,성분,2021-08-02,0.87554
감초추출물,성분,2021-08-09,0.82513
감초추출물,성분,2021-08-16,0.91533
감초추출물,성분,2021-08-23,1.0533
감초추출물,성분,2021-08-30,1.22045
감초추출물,성분,2021-09-06,1.2284
감초추출물,성분,2021-09-13,1.10636
감초추출물,성분,2021-09-20,1.11167
감초추출물,성분,2021-09-27,1.89435
감초추출물,성분,2021-10-04,1.34249
감초추출물,성분,2021-10-11,1.45127
감초추출물,성분,2021-10-18,1.07983
감초추출물,성분,2021-10-25,1.14881
감초추출물,성분,2021-11-01,1.15146
감초추출물,성분,2021-11-08,0.9339
감초추출물,성분,2021-11-15,0.89941
감초추출물,성분,2021-11-22,0.81717
감초추출물,성분,2021-11-29,0.78002
감초추출물,성분,2021-12-06,0.80921
감초추출물,성분,2021-12-13,0.85431
감초추출물,성분,2021-12-20,0.7641
감초추출물,성분,2021-12-27,0.66328
감초추출물,성분,2022-01-03,0.78798
감초추출물,성분,2022-01-10,0.97901
감초추출물,성분,2022-01-17,1.02411
감초추출물,성분,2022-01-24,0.76145
감초추출물,성분,2022-01-31,0.68451
감초추출물,성분,2022-02-07,0.92064
감초추출물,성분,2022-02-14,0.79859
감초추출물,성분,2022-02-21,0.90472
감초추출물,성분,2022-02-28,0.75084
감초추출물,성분,2022-03-07,0.69512
감초추출물,성분,2022-03-14,0.7641
감초추출물,성분,2022-03-21,1.00819
감초추출물,성분,2022-03-28,0.92595
감초추출물,성분,2022-04-04,0.9339
감초추출물,성분,2022-04-11,0.84635
감초추출물,성분,2022-04-18,0.72696
감초추출물,성분,2022-04-25,0.74818
감초추출물,성분,2022-05-02,0.64471
감초추출물,성분,2022-05-09,0.83839
감초추출물,성분,2022-05-16,0.79594
감초추출물,성분,2022-05-23,0.98962
감초추출물,성분,2022-05-30,0.80921
감초추출물,성분,2022-06-06,0.76676
감초추출물,성분,2022-06-13,0.82778
감초추출물,성분,2022-06-20,0.82513
감초추출물,성분,2022-06-27,0.70043
감초추출물,성분,2022-07-04,0.56777
감초추출물,성분,2022-07-11,0.589
감초추출물,성분,2022-07-18,0.8039
감초추출물,성분,2022-07-25,0.61022
감초추출물,성분,2022-08-01,0.63675
감초추출물,성분,2022-08-08,0.74553
감초추출물,성분,2022-08-15,0.6341
감초추출물,성분,2022-08-22,1.13554
감초추출물,성분,2022-08-29,1.51229
감초추출물,성분,2022-09-05,0.51736
감초추출물,성분,2022-09-12,0.77206
감초추출물,성분,2022-09-19,0.87288
감초추출물,성분,2022-09-26,0.68186
감초추출물,성분,2022-10-03,0.68716
감초추출물,성분,2022-10-10,0.94452
감초추출물,성분,2022-10-17,1.07452
감초추출물,성분,2022-10-24,0.93921
감초추출물,성분,2022-10-31,0.8437
감초추출물,성분,2022-11-07,0.79329
감초추출물,성분,2022-11-14,0.67124
감초추출물,성분,2022-11-21,0.71635
감초추출물,성분,2022-11-28,0.68451
감초추출물,성분,2022-12-05,0.65267
감초추출물,성분,2022-12-12,0.86758
감초추출물,성분,2022-12-19,0.56246
감초추출물,성분,2022-12-26,0.71369
감초추출물,성분,2023-01-02,0.80655
감초추출물,성분,2023-01-09,0.72165
감초추출물,성분,2023-01-16,0.58104
감초추출물,성분,2023-01-23,0.71369
감초추출물,성분,2023-01-30,0.61022
감초추출물,성분,2023-02-06,0.66859
감초추출물,성분,2023-02-13,0.68981
감초추출물,성분,2023-02-20,0.57042
감초추출물,성분,2023-02-27,0.60491
감초추출물,성분,2023-03-06,0.68186
감초추출물,성분,2023-03-13,0.68981
감초추출물,성분,2023-03-20,0.70839
감초추출물,성분,2023-03-27,0.6394
감초추출물,성분,2023-04-03,0.75349
감초추출물,성분,2023-04-10,0.6792
감초추출물,성분,2023-04-17,0.65532
감초추출물,성분,2023-04-24,0.55981
감초추출물,성분,2023-05-01,0.49879
감초추출물,성분,2023-05-08,0.68981
감초추출물,성분,2023-05-15,0.64206
감초추출물,성분,2023-05-22,0.72431
감초추출물,성분,2023-05-29,0.66328
감초추출물,성분,2023-06-05,0.68981
감초추출물,성분,2023-06-12,0.6394
감초추출물,성분,2023-06-19,0.38736
감초추출물,성분,2023-06-26,0.46164
감초추출물,성분,2023-07-03,0.52267
감초추출물,성분,2023-07-10,0.48022
감초추출물,성분,2023-07-17,0.48552
감초추출물,성분,2023-07-24,0.45899
감초추출물,성분,2023-07-31,0.33429
감초추출물,성분,2023-08-07,0.48552
감초추출물,성분,2023-08-14,0.51471
감초추출물,성분,2023-08-21,0.48022
감초추출물,성분,2023-08-28,0.43777
감초추출물,성분,2023-09-04,0.58634
감초추출물,성분,2023-09-11,0.57838
감초추출물,성분,2023-09-18,0.52797
감초추출물,성분,2023-09-25,0.41919
감초추출물,성분,2023-10-02,0.48552
감초추출물,성분,2023-10-09,0.48287
감초추출물,성분,2023-10-16,0.55981
감초추출물,성분,2023-10-23,0.45103
감초추출물,성분,2023-10-30,0.51205
감초추출물,성분,2023-11-06,0.52797
감초추출물,성분,2023-11-13,0.53328
감초추출물,성분,2023-11-20,0.68186
감초추출물,성분,2023-11-27,3.56849
감초추출물,성분,2023-12-04,2.45151
감초추출물,성분,2023-12-11,2.79111
감초추출물,성분,2023-12-18,1.8174
감초추출물,성분,2023-12-25,2.09599
감초추출물,성분,2024-01-01,1.71659
감초추출물,성분,2024-01-08,1.23371
감초추출물,성분,2024-01-15,1.30535
감초추출물,성분,2024-01-22,1.18595
감초추출물,성분,2024-01-29,1.5229
감초추출물,성분,2024-02-05,0.9339
감초추출물,성분,2024-02-12,1.02942
감초추출물,성분,2024-02-19,0.99493
감초추출물,성분,2024-02-26,0.84635
감초추출물,성분,2024-03-04,1.19657
감초추출물,성분,2024-03-11,0.94452
감초추출물,성분,2024-03-18,1.09044
감초추출물,성분,2024-03-25,0.98431
감초추출물,성분,2024-04-01,1.1435
감초추출물,성분,2024-04-08,1.36372
감초추출물,성분,2024-04-15,1.27086
감초추출물,성분,2024-04-22,0.99758
감초추출물,성분,2024-04-29,1.10371
감초추출물,성분,2024-05-06,1.87577
감초추출물,성분,2024-05-13,1.38494
감초추출물,성분,2024-05-20,0.94982
감초추출물,성분,2024-05-27,1.02146
감초추출물,성분,2024-06-03,0.82247
감초추출물,성분,2024-06-10,0.83309
감초추출물,성분,2024-06-17,0.71104
감초추출물,성분,2024-06-24,0.69247
감초추출물,성분,2024-07-01,0.65532
감초추출물,성분,2024-07-08,0.47756
감초추출물,성분,2024-07-15,0.52267
감초추출물,성분,2024-07-22,0.64206
감초추출물,성분,2024-07-29,0.63145
감초추출물,성분,2024-08-05,0.57308
감초추출물,성분,2024-08-12,0.44838
감초추출물,성분,2024-08-19,0.54389
감초추출물,성분,2024-08-26,0.59695
감초추출물,성분,2024-09-02,0.54654
감초추출물,성분,2024-09-09,0.5094
감초추출물,성분,2024-09-16,0.33695
감초추출물,성분,2024-09-23,1.37698
감초추출물,성분,2024-09-30,0.67655
감초추출물,성분,2024-10-07,0.7641
감초추출물,성분,2024-10-14,0.85962
감초추출물,성분,2024-10-21,0.68716
감초추출물,성분,2024-10-28,0.49348
감초추출물,성분,2024-11-04,0.61553
감초추출물,성분,2024-11-11,0.62879
감초추출물,성분,2024-11-18,0.6394
감초추출물,성분,2024-11-25,0.61818
감초추출물,성분,2024-12-02,0.65267
감초추출물,성분,2024-12-09,0.589
감초추출물,성분,2024-12-16,0.6341
감초추출물,성분,2024-12-23,0.50409
감초추출물,성분,2024-12-30,0.54124
감초추출물,성분,2025-01-06,0.59961
감초추출물,성분,2025-01-13,0.70043
감초추출물,성분,2025-01-20,0.44307
감초추출물,성분,2025-01-27,0.45103
감초추출물,성분,2025-02-03,0.52797
감초추출물,성분,2025-02-10,0.56777
감초추출물,성분,2025-02-17,0.5094
감초추출물,성분,2025-02-24,0.57308
감초추출물,성분,2025-03-03,0.55185
감초추출물,성분,2025-03-10,0.4696
감초추출물,성분,2025-03-17,0.52001
감초추출물,성분,2025-03-24,0.67124
감초추출물,성분,2025-03-31,0.72961
감초추출물,성분,2025-04-07,0.65798
감초추출물,성분,2025-04-14,0.5545
감초추출물,성분,2025-04-21,0.5943
감초추출물,성분,2025-04-28,0.39001
감초추출물,성분,2025-05-05,0.57573
감초추출물,성분,2025-05-12,0.5545
감초추출물,성분,2025-05-19,0.60757
감초추출물,성분,2025-05-26,0.5545
감초추출물,성분,2025-06-02,0.43246
감초추출물,성분,2025-06-09,0.4245
감초추출물,성분,2025-06-16,0.32368
감초추출물,성분,2025-06-23,0.3396
감초추출물,성분,2025-06-30,0.31837
감초추출물,성분,2025-07-07,0.42185
감초추출물,성분,2025-07-14,0.45103
감초추출물,성분,2025-07-21,0.50144
감초추출물,성분,2025-07-28,0.39001
감초추출물,성분,2025-08-04,0.37674
감초추출물,성분,2025-08-11,0.39531
감초추출물,성분,2025-08-18,0.36348
감초추출물,성분,2025-08-25,0.32633
감초추출물,성분,2025-09-01,0.36613
감초추출물,성분,2025-09-08,0.38205
감초추출물,성분,2025-09-15,0.31041
감초추출물,성분,2025-09-22,0.31307
감초추출물,성분,2025-09-29,0.36878
감초추출물,성분,2025-10-06,0.3449
감초추출물,성분,2025-10-13,0.44572
감초추출물,성분,2025-10-20,0.36348
감초추출물,성분,2025-10-27,0.30511
감초추출물,성분,2025-11-03,0.39531
감초추출물,성분,2025-11-10,0.36348
감초추출물,성분,2025-11-17,0.33695
감초추출물,성분,2025-11-24,0.43246
감초추출물,성분,2025-12-01,0.39001
감초추출물,성분,2025-12-08,0.41389
감초추출물,성분,2025-12-15,0.42981
감초추출물,성분,2025-12-22,0.51736
감초추출물,성분,2025-12-29,0.41389
감초추출물,성분,2026-01-05,0.56512
감초추출물,성분,2026-01-12,0.41389
감초추출물,성분,2026-01-19,0.36348
감초추출물,성분,2026-01-26,0.36082
감초추출물,성분,2026-02-02,0.32368
감초추출물,성분,2026-02-09,0.26531
감초추출물,성분,2026-02-16,0.24143
감초추출물,성분,2026-02-23,0.32103
감초추출물,성분,2026-03-02,0.29715
감초추출물,성분,2026-03-09,0.4245
감초추출물,성분,2026-03-16,0.3449
감초추출물,성분,2026-03-23,0.33695
감초추출물,성분,2026-03-30,0.28654
감초추출물,성분,2026-04-06,0.27858
감초추출물,성분,2026-04-13,0.28388
감초추출물,성분,2026-04-20,0.24939
감초추출물,성분,2026-04-27,0.26796
감초추출물,성분,2026-05-04,0.2547
감초추출물,성분,2026-05-11,0.23347
감초추출물,성분,2026-05-18,0.22286
감초추출물,성분,2026-05-25,0.24674
감초추출물,성분,2026-06-01,0.19898
감초추출물,성분,2026-06-08,0.2998
감초추출물,성분,2026-06-15,0.28123
감초추출물,성분,2026-06-22,0.24674
감초추출물,성분,2026-06-29,0.19898
감초추출물,성분,2026-07-06,0.14592
감초추출물,성분,2026-07-13,0.13796
감초추출물,성분,2026-07-20,0.16449
감초추출물,성분,2026-07-27,0.12735
감초추출물,성분,2026-08-03,0.15122
감초추출물,성분,2026-08-10,0.15388
감초추출물,성분,2026-08-17,0.18837
감초추출물,성분,2026-08-24,0.14327
감초추출물,성분,2026-08-31,0.22817
감초추출물,성분,2026-09-07,0.16449
감초추출물,성분,2026-09-14,0.06102
감초추출물,성분,2026-09-21,0.10612
비타민E,성분,2020-12-28,19.88816
비타민E,성분,2021-01-04,23.76781
비타민E,성분,2021-01-11,33.38776
비타민E,성분,2021-01-18,32.97209
비타민E,성분,2021-01-25,24.65855
비타민E,성분,2021-02-01,21.60035
비타민E,성분,2021-02-08,18.51741
비타민E,성분,2021-02-15,23.95585
비타민E,성분,2021-02-22,23.06512
비타민E,성분,2021-03-01,21.47169
비타민E,성분,2021-03-08,24.6437
비타민E,성분,2021-03-15,23.03048
비타민E,성분,2021-03-22,22.36737
비타민E,성분,2021-03-29,19.88321
비타민E,성분,2021-04-05,21.13024
비타민E,성분,2021-04-12,22.50593
비타민E,성분,2021-04-19,22.79295
비타민E,성분,2021-04-26,21.69932
비타민E,성분,2021-05-03,19.61104
비타민E,성분,2021-05-10,19.93764
비타민E,성분,2021-05-17,23.60451
비타민E,성분,2021-05-24,22.788
비타민E,성분,2021-05-31,21.69437
비타민E,성분,2021-06-07,24.17854
비타민E,성분,2021-06-14,19.34382
비타민E,성분,2021-06-21,20.21971
비타민E,성분,2021-06-28,17.93844
비타민E,성분,2021-07-05,18.16607
비타민E,성분,2021-07-12,17.99782
비타민E,성분,2021-07-19,17.35946
비타민E,성분,2021-07-26,19.91785
비타민E,성분,2021-08-02,17.39904
비타민E,성분,2021-08-09,19.07165
비타민E,성분,2021-08-16,18.68566
비타민E,성분,2021-08-23,31.20546
비타민E,성분,2021-08-30,19.86342
비타민E,성분,2021-09-06,20.59085
비타민E,성분,2021-09-13,20.29889
비타민E,성분,2021-09-20,18.33927
비타민E,성분,2021-09-27,18.2403
비타민E,성분,2021-10-04,16.50336
비타민E,성분,2021-10-11,17.59204
비타민E,성분,2021-10-18,17.58214
비타민E,성분,2021-10-25,16.61718
비타민E,성분,2021-11-01,16.35985
비타민E,성분,2021-11-08,19.47743
비타민E,성분,2021-11-15,20.35332
비타민E,성분,2021-11-22,17.76524
비타민E,성분,2021-11-29,18.51741
비타민E,성분,2021-12-06,19.80898
비타민E,성분,2021-12-13,21.46179
비타민E,성분,2021-12-20,18.92814
비타민E,성분,2021-12-27,16.39449
비타민E,성분,2022-01-03,20.27909
비타민E,성분,2022-01-10,21.80324
비타민E,성분,2022-01-17,22.60985
비타민E,성분,2022-01-24,19.28939
비타민E,성분,2022-01-31,20.096
비타민E,성분,2022-02-07,21.67458
비타민E,성분,2022-02-14,21.42715
비타민E,성분,2022-02-21,20.50178
비타민E,성분,2022-02-28,18.43329
비타민E,성분,2022-03-07,18.14627
비타민E,성분,2022-03-14,20.96694
비타민E,성분,2022-03-21,22.04077
비타민E,성분,2022-03-28,20.81353
비타민E,성분,2022-04-04,21.21931
비타민E,성분,2022-04-11,20.52652
비타민E,성분,2022-04-18,20.03167
비타민E,성분,2022-04-25,19.47743
비타민E,성분,2022-05-02,18.2304
비타민E,성분,2022-05-09,18.70546
비타민E,성분,2022-05-16,19.92775
비타민E,성분,2022-05-23,20.56116
비타민E,성분,2022-05-30,19.51207
비타민E,성분,2022-06-06,19.93764
비타민E,성분,2022-06-13,21.60035
비타민E,성분,2022-06-20,22.03582
비타민E,성분,2022-06-27,20.12569
비타민E,성분,2022-07-04,17.55245
비타민E,성분,2022-07-11,20.67498
비타민E,성분,2022-07-18,18.76484
비타민E,성분,2022-07-25,19.5764
비타민E,성분,2022-08-01,18.77969
비타민E,성분,2022-08-08,19.84857
비타민E,성분,2022-08-15,20.02672
비타민E,성분,2022-08-22,22.86718
비타민E,성분,2022-08-29,23.93606
비타민E,성분,2022-09-05,25.42557
비타민E,성분,2022-09-12,23.35213
비타민E,성분,2022-09-19,21.65479
비타민E,성분,2022-09-26,19.96239
비타민E,성분,2022-10-03,18.66587
비타민E,성분,2022-10-10,20.19992
비타민E,성분,2022-10-17,20.05146
비타민E,성분,2022-10-24,20.00692
비타민E,성분,2022-10-31,21.79829
비타민E,성분,2022-11-07,19.7595
비타민E,성분,2022-11-14,17.85431
비타민E,성분,2022-11-21,18.31947
비타민E,성분,2022-11-28,18.47288
비타민E,성분,2022-12-05,19.38836
비타민E,성분,2022-12-12,17.69596
비타민E,성분,2022-12-19,16.80522
비타민E,성분,2022-12-26,16.58749
비타민E,성분,2023-01-02,20.13558
비타민E,성분,2023-01-09,19.27949
비타민E,성분,2023-01-16,16.90914
비타민E,성분,2023-01-23,18.42339
비타민E,성분,2023-01-30,20.05146
비타민E,성분,2023-02-06,24.1241
비타민E,성분,2023-02-13,21.05106
비타민E,성분,2023-02-20,19.68032
비타민E,성분,2023-02-27,20.28404
비타민E,성분,2023-03-06,19.46753
비타민E,성분,2023-03-13,26.44002
비타민E,성분,2023-03-20,25.57897
비타민E,성분,2023-03-27,20.83333
비타민E,성분,2023-04-03,20.86797
비타민E,성분,2023-04-10,21.48159
비타민E,성분,2023-04-17,21.39746
비타민E,성분,2023-04-24,26.49445
비타민E,성분,2023-05-01,38.64311
비타민E,성분,2023-05-08,34.13004
비타민E,성분,2023-05-15,28.73119
비타민E,성분,2023-05-22,25.60372
비타민E,성분,2023-05-29,25.27216
비타민E,성분,2023-06-05,25.19299
비타민E,성분,2023-06-12,23.47585
비타민E,성분,2023-06-19,21.1055
비타민E,성분,2023-06-26,21.7587
비타민E,성분,2023-07-03,22.2882
비타민E,성분,2023-07-10,20.9125
비타민E,성분,2023-07-17,20.02672
비타민E,성분,2023-07-24,25.91053
비타민E,성분,2023-07-31,22.76326
비타민E,성분,2023-08-07,20.91745
비타민E,성분,2023-08-14,22.02593
비타민E,성분,2023-08-21,22.48119
비타민E,성분,2023-08-28,22.11005
비타민E,성분,2023-09-04,22.83749
비타민E,성분,2023-09-11,22.57521
비타민E,성분,2023-09-18,20.90261
비타민E,성분,2023-09-25,18.57185
비타민E,성분,2023-10-02,20.34342
비타민E,성분,2023-10-09,22.08036
비타민E,성분,2023-10-16,21.44695
비타민E,성분,2023-10-23,22.24861
비타민E,성분,2023-10-30,18.87866
비타민E,성분,2023-11-06,18.79453
비타민E,성분,2023-11-13,17.70091
비타민E,성분,2023-11-20,18.89845
비타민E,성분,2023-11-27,20.73931
비타민E,성분,2023-12-04,19.78919
비타민E,성분,2023-12-11,16.90419
비타민E,성분,2023-12-18,15.17715
비타민E,성분,2023-12-25,15.59778
비타민E,성분,2024-01-01,18.17102
비타민E,성분,2024-01-08,19.63083
비타민E,성분,2024-01-15,21.66468
비타민E,성분,2024-01-22,21.50138
비타민E,성분,2024-01-29,19.72486
비타민E,성분,2024-02-05,17.13677
비타민E,성분,2024-02-12,18.59164
비타민E,성분,2024-02-19,19.0568
비타민E,성분,2024-02-26,19.2498
비타민E,성분,2024-03-04,19.92775
비타민E,성분,2024-03-11,21.0857
비타민E,성분,2024-03-18,22.10015
비타민E,성분,2024-03-25,20.99663
비타민E,성분,2024-04-01,17.82462
비타민E,성분,2024-04-08,18.20071
비타민E,성분,2024-04-15,19.41805
비타민E,성분,2024-04-22,19.25475
비타민E,성분,2024-04-29,17.11698
비타민E,성분,2024-05-06,18.45803
비타민E,성분,2024-05-13,18.5768
비타민E,성분,2024-05-20,18.47783
비타민E,성분,2024-05-27,18.09184
비타민E,성분,2024-06-03,16.77553
비타민E,성분,2024-06-10,20.23456
비타민E,성분,2024-06-17,16.95368
비타민E,성분,2024-06-24,16.10748
비타민E,성분,2024-07-01,16.06294
비타민E,성분,2024-07-08,16.08273
비타민E,성분,2024-07-15,15.48396
비타민E,성분,2024-07-22,15.33551
비타민E,성분,2024-07-29,14.24683
비타민E,성분,2024-08-05,15.06828
비타민E,성분,2024-08-12,15.44932
비타민E,성분,2024-08-19,17.28028
비타민E,성분,2024-08-26,16.54295
비타민E,성분,2024-09-02,17.45843
비타민E,성분,2024-09-09,15.0089
비타민E,성분,2024-09-16,13.75197
비타민E,성분,2024-09-23,15.79077
비타민E,성분,2024-09-30,14.92973
비타민E,성분,2024-10-07,14.52395
비타민E,성분,2024-10-14,15.08808
비타민E,성분,2024-10-21,14.89014
비타민E,성분,2024-10-28,14.12311
비타민E,성분,2024-11-04,13.78661
비타민E,성분,2024-11-11,13.52929
비타민E,성분,2024-11-18,14.30621
비타민E,성분,2024-11-25,13.653
비타민E,성분,2024-12-02,15.04354
비타민E,성분,2024-12-09,13.36599
비타민E,성분,2024-12-16,14.58333
비타민E,성분,2024-12-23,11.93586
비타민E,성분,2024-12-30,15.0188
비타민E,성분,2025-01-06,14.83076
비타민E,성분,2025-01-13,15.86995
비타민E,성분,2025-01-20,14.90498
비타민E,성분,2025-01-27,13.53424
비타민E,성분,2025-02-03,17.42874
비타민E,성분,2025-02-10,16.75574
비타민E,성분,2025-02-17,16.84976
비타민E,성분,2025-02-24,17.63163
비타민E,성분,2025-03-03,17.68111
비타민E,성분,2025-03-10,16.19655
비타민E,성분,2025-03-17,16.2114
비타민E,성분,2025-03-24,16.04809
비타민E,성분,2025-03-31,16.73594
비타민E,성분,2025-04-07,14.76148
비타민E,성분,2025-04-14,14.3557
비타민E,성분,2025-04-21,13.98456
비타민E,성분,2025-04-28,12.89093
비타민E,성분,2025-05-05,13.13341
비타민E,성분,2025-05-12,13.76682
비타민E,성분,2025-05-19,12.65835
비타민E,성분,2025-05-26,13.34619
비타민E,성분,2025-06-02,13.4996
비타민E,성분,2025-06-09,16.51821
비타민E,성분,2025-06-16,13.33135
비타민E,성분,2025-06-23,13.05423
비타민E,성분,2025-06-30,14.93467
비타민E,성분,2025-07-07,13.87569
비타민E,성분,2025-07-14,14.37549
비타민E,성분,2025-07-21,11.88638
비타민E,성분,2025-07-28,11.84184
비타민E,성분,2025-08-04,12.63361
비타민E,성분,2025-08-11,13.31155
비타민E,성분,2025-08-18,15.57304
비타민E,성분,2025-08-25,13.96476
비타민E,성분,2025-09-01,14.86045
비타민E,성분,2025-09-08,13.97466
비타민E,성분,2025-09-15,14.33095
비타민E,성분,2025-09-22,13.12846
비타민E,성분,2025-09-29,11.31235
비타민E,성분,2025-10-06,11.26286
비타민E,성분,2025-10-13,13.06908
비타민E,성분,2025-10-20,13.18289
비타민E,성분,2025-10-27,12.1437
비타민E,성분,2025-11-03,13.4897
비타민E,성분,2025-11-10,12.94041
비타민E,성분,2025-11-17,11.58946
비타민E,성분,2025-11-24,13.11361
비타민E,성분,2025-12-01,12.69794
비타민E,성분,2025-12-08,12.13875
비타민E,성분,2025-12-15,10.7977
비타민E,성분,2025-12-22,10.36718
비타민E,성분,2025-12-29,11.18863
비타민E,성분,2026-01-05,11.36183
비타민E,성분,2026-01-12,10.74821
비타민E,성분,2026-01-19,10.4711
비타민E,성분,2026-01-26,10.41171
비타민E,성분,2026-02-02,10.71357
비타민E,성분,2026-02-09,10.03562
비타민E,성분,2026-02-16,9.49623
비타민E,성분,2026-02-23,10.07521
비타민E,성분,2026-03-02,9.1152
비타민E,성분,2026-03-09,10.51068
비타민E,성분,2026-03-16,9.57046
비타민E,성분,2026-03-23,9.64469
비타민E,성분,2026-03-30,8.82818
비타민E,성분,2026-04-06,10.7878
비타민E,성분,2026-04-13,9.31314
비타민E,성분,2026-04-20,8.97169
비타민E,성분,2026-04-27,8.24425
비타민E,성분,2026-05-04,9.00138
비타민E,성분,2026-05-11,8.49663
비타민E,성분,2026-05-18,8.0958
비타민E,성분,2026-05-25,7.35847
비타민E,성분,2026-06-01,6.923
비타민E,성분,2026-06-08,7.19022
비타민E,성분,2026-06-15,8.02157
비타민E,성분,2026-06-22,7.39311
비타민E,성분,2026-06-29,7.64053
비타민E,성분,2026-07-06,7.02692
비타민E,성분,2026-07-13,6.53701
비타민E,성분,2026-07-20,7.08135
비타민E,성분,2026-07-27,6.7498
비타민E,성분,2026-08-03,7.24465
비타민E,성분,2026-08-10,7.07145
비타민E,성분,2026-08-17,6.82403
비타민E,성분,2026-08-24,6.66072
비타민E,성분,2026-08-31,7.95724
비타민E,성분,2026-09-07,7.50197
비타민E,성분,2026-09-14,6.93784
비타민E,성분,2026-09-21,5.80958
비타민E,성분,2026-09-28,1.12826
시어버터,성분,2020-12-28,7.51187
시어버터,성분,2021-01-04,8.51148
시어버터,성분,2021-01-11,13.56888
시어버터,성분,2021-01-18,9.07561
시어버터,성분,2021-01-25,7.23475
시어버터,성분,2021-02-01,7.26444
시어버터,성분,2021-02-08,6.24505
시어버터,성분,2021-02-15,7.30403
시어버터,성분,2021-02-22,41.46377
시어버터,성분,2021-03-01,5.5473
시어버터,성분,2021-03-08,5.62648
시어버터,성분,2021-03-15,4.95348
시어버터,성분,2021-03-22,4.95348
시어버터,성분,2021-03-29,4.86441
시어버터,성분,2021-04-05,5.22565
시어버터,성분,2021-04-12,5.0673
시어버터,성분,2021-04-19,20.62549
시어버터,성분,2021-04-26,5.14647
시어버터,성분,2021-05-03,4.93368
시어버터,성분,2021-05-10,4.8842
시어버터,성분,2021-05-17,4.17656
시어버터,성분,2021-05-24,4.63677
시어버터,성분,2021-05-31,8.1057
시어버터,성분,2021-06-07,15.0287
시어버터,성분,2021-06-14,4.73079
시어버터,성분,2021-06-21,4.10233
시어버터,성분,2021-06-28,4.5279
시어버터,성분,2021-07-05,4.66152
시어버터,성분,2021-07-12,3.76088
시어버터,성분,2021-07-19,13.11856
시어버터,성분,2021-07-26,4.5576
시어버터,성분,2021-08-02,5.65122
시어버터,성분,2021-08-09,4.32996
시어버터,성분,2021-08-16,4.55265
시어버터,성분,2021-08-23,4.5576
시어버터,성분,2021-08-30,4.60213
시어버터,성분,2021-09-06,6.48752
시어버터,성분,2021-09-13,8.48673
시어버터,성분,2021-09-20,5.02276
시어버터,성분,2021-09-27,5.20585
시어버터,성분,2021-10-04,16.2114
시어버터,성분,2021-10-11,6.48752
시어버터,성분,2021-10-18,7.89291
시어버터,성분,2021-10-25,7.83847
시어버터,성분,2021-11-01,6.85866
시어버터,성분,2021-11-08,7.46733
시어버터,성분,2021-11-15,7.44754
시어버터,성분,2021-11-22,7.23475
시어버터,성분,2021-11-29,7.7692
시어버터,성분,2021-12-06,8.07106
시어버터,성분,2021-12-13,7.82858
시어버터,성분,2021-12-20,7.55641
시어버터,성분,2021-12-27,8.22446
시어버터,성분,2022-01-03,8.56591
시어버터,성분,2022-01-10,9.10035
시어버터,성분,2022-01-17,10.14449
시어버터,성분,2022-01-24,10.24841
시어버터,성분,2022-01-31,9.68428
시어버터,성분,2022-02-07,8.03147
시어버터,성분,2022-02-14,7.2397
시어버터,성분,2022-02-21,8.40756
시어버터,성분,2022-02-28,8.14034
시어버터,성분,2022-03-07,6.65577
시어버터,성분,2022-03-14,7.02197
시어버터,성분,2022-03-21,8.01662
시어버터,성분,2022-03-28,8.24425
시어버터,성분,2022-04-04,8.53622
시어버터,성분,2022-04-11,7.5762
시어버터,성분,2022-04-18,7.83353
시어버터,성분,2022-04-25,5.30482
시어버터,성분,2022-05-02,26.86559
시어버터,성분,2022-05-09,7.58115
시어버터,성분,2022-05-16,5.11183
시어버터,성분,2022-05-23,4.45863
시어버터,성분,2022-05-30,4.3646
시어버터,성분,2022-06-06,4.53285
시어버터,성분,2022-06-13,4.2211
시어버터,성분,2022-06-20,3.37984
시어버터,성분,2022-06-27,3.48871
시어버터,성분,2022-07-04,3.5382
시어버터,성분,2022-07-11,3.66191
시어버터,성분,2022-07-18,3.33036
시어버터,성분,2022-07-25,3.30562
시어버터,성분,2022-08-01,3.68171
시어버터,성분,2022-08-08,3.50356
시어버터,성분,2022-08-15,3.60748
시어버터,성분,2022-08-22,4.11718
시어버터,성분,2022-08-29,4.66646
시어버터,성분,2022-09-05,3.65696
시어버터,성분,2022-09-12,4.86441
시어버터,성분,2022-09-19,6.15102
시어버터,성분,2022-09-26,5.13657
시어버터,성분,2022-10-03,4.61698
시어버터,성분,2022-10-10,5.68586
시어버터,성분,2022-10-17,5.85411
시어버터,성분,2022-10-24,5.75019
시어버터,성분,2022-10-31,6.00752
시어버터,성분,2022-11-07,5.96298
시어버터,성분,2022-11-14,5.62153
시어버터,성분,2022-11-21,5.71555
시어버터,성분,2022-11-28,6.13123
시어버터,성분,2022-12-05,7.68507
시어버터,성분,2022-12-12,9.32304
시어버터,성분,2022-12-19,7.63558
시어버터,성분,2022-12-26,6.64588
시어버터,성분,2023-01-02,7.67022
시어버터,성분,2023-01-09,6.4034
시어버터,성분,2023-01-16,11.34699
시어버터,성분,2023-01-23,9.51603
시어버터,성분,2023-01-30,6.57165
시어버터,성분,2023-02-06,5.77988
시어버터,성분,2023-02-13,9.15479
시어버터,성분,2023-02-20,7.20506
시어버터,성분,2023-02-27,16.34006
시어버터,성분,2023-03-06,5.35431
시어버터,성분,2023-03-13,5.51761
시어버터,성분,2023-03-20,5.25534
시어버터,성분,2023-03-27,4.89904
시어버터,성분,2023-04-03,4.75554
시어버터,성분,2023-04-10,4.74564
시어버터,성분,2023-04-17,4.10233
시어버터,성분,2023-04-24,6.02731
시어버터,성분,2023-05-01,4.89904
시어버터,성분,2023-05-08,4.73574
시어버터,성분,2023-05-15,4.2211
시어버터,성분,2023-05-22,4.02315
시어버터,성분,2023-05-29,3.91429
시어버터,성분,2023-06-05,4.31017
시어버터,성분,2023-06-12,5.82937
시어버터,성분,2023-06-19,4.78028
시어버터,성분,2023-06-26,3.68665
시어버터,성분,2023-07-03,3.40459
시어버터,성분,2023-07-10,3.98851
시어버터,성분,2023-07-17,3.40954
시어버터,성분,2023-07-24,3.1918
시어버터,성분,2023-07-31,3.3749
시어버터,성분,2023-08-07,3.64212
시어버터,성분,2023-08-14,3.71634
시어버터,성분,2023-08-21,4.22604
시어버터,성분,2023-08-28,3.41448
시어버터,성분,2023-09-04,3.80542
시어버터,성분,2023-09-11,4.28543
시어버터,성분,2023-09-18,3.95882
시어버터,성분,2023-09-25,3.38974
시어버터,성분,2023-10-02,4.66646
시어버터,성분,2023-10-09,4.63677
시어버터,성분,2023-10-16,5.43844
시어버터,성분,2023-10-23,5.10193
시어버터,성분,2023-10-30,5.33452
시어버터,성분,2023-11-06,6.0768
시어버터,성분,2023-11-13,6.08174
시어버터,성분,2023-11-20,6.54196
시어버터,성분,2023-11-27,7.33372
시어버터,성분,2023-12-04,8.52137
시어버터,성분,2023-12-11,7.27929
시어버터,성분,2023-12-18,6.91805
시어버터,성분,2023-12-25,6.86856
시어버터,성분,2024-01-01,5.61658
시어버터,성분,2024-01-08,5.33452
시어버터,성분,2024-01-15,6.00752
시어버터,성분,2024-01-22,6.83392
시어버터,성분,2024-01-29,6.35886
시어버터,성분,2024-02-05,4.86935
시어버터,성분,2024-02-12,4.91884
시어버터,성분,2024-02-19,4.53285
시어버터,성분,2024-02-26,4.43388
시어버터,성분,2024-03-04,6.923
시어버터,성분,2024-03-11,5.56215
시어버터,성분,2024-03-18,7.70486
시어버터,성분,2024-03-25,5.78978
시어버터,성분,2024-04-01,5.13657
시어버터,성분,2024-04-08,4.84956
시어버터,성분,2024-04-15,5.84916
시어버터,성분,2024-04-22,6.923
시어버터,성분,2024-04-29,4.15676
시어버터,성분,2024-05-06,3.67676
시어버터,성분,2024-05-13,3.83511
시어버터,성분,2024-05-20,3.47882
시어버터,성분,2024-05-27,3.57779
시어버터,성분,2024-06-03,3.21159
시어버터,성분,2024-06-10,3.24623
시어버터,성분,2024-06-17,3.2017
시어버터,성분,2024-06-24,2.98891
시어버터,성분,2024-07-01,2.72664
시어버터,성분,2024-07-08,7.65538
시어버터,성분,2024-07-15,3.04829
시어버터,성분,2024-07-22,2.83551
시어버터,성분,2024-07-29,2.46437
시어버터,성분,2024-08-05,2.92953
시어버터,성분,2024-08-12,3.0384
시어버터,성분,2024-08-19,3.05324
시어버터,성분,2024-08-26,2.93448
시어버터,성분,2024-09-02,3.46892
시어버터,성분,2024-09-09,2.93942
시어버터,성분,2024-09-16,3.41448
시어버터,성분,2024-09-23,3.55799
시어버터,성분,2024-09-30,3.78562
시어버터,성분,2024-10-07,4.17161
시어버터,성분,2024-10-14,4.13202
시어버터,성분,2024-10-21,4.16171
시어버터,성분,2024-10-28,4.17656
시어버터,성분,2024-11-04,5.24544
시어버터,성분,2024-11-11,5.18606
시어버터,성분,2024-11-18,5.46318
시어버터,성분,2024-11-25,5.37905
시어버터,성분,2024-12-02,5.51266
시어버터,성분,2024-12-09,5.72545
시어버터,성분,2024-12-16,6.23515
시어버터,성분,2024-12-23,5.55225
시어버터,성분,2024-12-30,4.56749
시어버터,성분,2025-01-06,7.02197
시어버터,성분,2025-01-13,5.03266
시어버터,성분,2025-01-20,3.99346
시어버터,성분,2025-01-27,3.98851
시어버터,성분,2025-02-03,4.8941
시어버터,성분,2025-02-10,4.62193
시어버터,성분,2025-02-17,4.45368
시어버터,성분,2025-02-24,4.59224
시어버터,성분,2025-03-03,3.53325
시어버터,성분,2025-03-10,3.46892
시어버터,성분,2025-03-17,3.3749
시어버터,성분,2025-03-24,3.16706
시어버터,성분,2025-03-31,3.75593
시어버터,성분,2025-04-07,3.36995
시어버터,성분,2025-04-14,3.12747
시어버터,성분,2025-04-21,2.62767
시어버터,성분,2025-04-28,2.81076
시어버터,성분,2025-05-05,3.43923
시어버터,성분,2025-05-12,4.30027
시어버터,성분,2025-05-19,2.97901
시어버터,성분,2025-05-26,2.6821
시어버터,성분,2025-06-02,2.3555
시어버터,성분,2025-06-09,3.91429
시어버터,성분,2025-06-16,2.46931
시어버터,성분,2025-06-23,2.56828
시어버터,성분,2025-06-30,2.04869
시어버터,성분,2025-07-07,2.25653
시어버터,성분,2025-07-14,2.16745
시어버터,성분,2025-07-21,2.019
시어버터,성분,2025-07-28,2.07343
시어버터,성분,2025-08-04,2.13281
시어버터,성분,2025-08-11,6.47763
시어버터,성분,2025-08-18,2.53365
시어버터,성분,2025-08-25,2.71179
시어버터,성분,2025-09-01,2.45942
시어버터,성분,2025-09-08,2.61777
시어버터,성분,2025-09-15,2.6821
시어버터,성분,2025-09-22,3.65201
시어버터,성분,2025-09-29,3.37984
시어버터,성분,2025-10-06,4.3646
시어버터,성분,2025-10-13,3.90934
시어버터,성분,2025-10-20,3.92913
시어버터,성분,2025-10-27,4.30522
시어버터,성분,2025-11-03,4.23099
시어버터,성분,2025-11-10,4.32007
시어버터,성분,2025-11-17,5.49287
시어버터,성분,2025-11-24,4.14192
시어버터,성분,2025-12-01,4.32501
시어버터,성분,2025-12-08,4.63182
시어버터,성분,2025-12-15,3.99841
시어버터,성분,2025-12-22,5.24049
시어버터,성분,2025-12-29,4.64667
시어버터,성분,2026-01-05,5.86896
시어버터,성분,2026-01-12,11.20843
시어버터,성분,2026-01-19,4.82977
시어버터,성분,2026-01-26,4.711
시어버터,성분,2026-02-02,3.82521
시어버터,성분,2026-02-09,2.88004
시어버터,성분,2026-02-16,2.87509
시어버터,성분,2026-02-23,2.72664
시어버터,성분,2026-03-02,3.47882
시어버터,성분,2026-03-09,2.78107
시어버터,성분,2026-03-16,2.33076
시어버터,성분,2026-03-23,5.02771
시어버터,성분,2026-03-30,2.54354
시어버터,성분,2026-04-06,2.38519
시어버터,성분,2026-04-13,2.40993
시어버터,성분,2026-04-20,2.27632
시어버터,성분,2026-04-27,2.47921
시어버터,성분,2026-05-04,2.11797
시어버터,성분,2026-05-11,2.17735
시어버터,성분,2026-05-18,2.10807
시어버터,성분,2026-05-25,2.00415
시어버터,성분,2026-06-01,2.24663
시어버터,성분,2026-06-08,2.07343
시어버터,성분,2026-06-15,1.826
시어버터,성분,2026-06-22,1.92992
시어버터,성분,2026-06-29,1.92003
시어버터,성분,2026-07-06,1.826
시어버터,성분,2026-07-13,1.82106
시어버터,성분,2026-07-20,1.6726
시어버터,성분,2026-07-27,1.60827
시어버터,성분,2026-08-03,1.92992
시어버터,성분,2026-08-10,2.01405
시어버터,성분,2026-08-17,2.11302
시어버터,성분,2026-08-24,2.22684
시어버터,성분,2026-08-31,2.38519
시어버터,성분,2026-09-07,2.45942
시어버터,성분,2026-09-14,2.84045
시어버터,성분,2026-09-21,4.57739
시어버터,성분,2026-09-28,0.39093
비건,컨셉·클레임,2020-12-28,41.46377
비건,컨셉·클레임,2021-01-04,46.67953
비건,컨셉·클레임,2021-01-11,61.26286
비건,컨셉·클레임,2021-01-18,75.10391
비건,컨셉·클레임,2021-01-25,74.02019
비건,컨셉·클레임,2021-02-01,81.61619
비건,컨셉·클레임,2021-02-08,66.03325
비건,컨셉·클레임,2021-02-15,63.1433
비건,컨셉·클레임,2021-02-22,60.87193
비건,컨셉·클레임,2021-03-01,62.02988
비건,컨셉·클레임,2021-03-08,70.576
비건,컨셉·클레임,2021-03-15,71.7686
비건,컨셉·클레임,2021-03-22,79.14192
비건,컨셉·클레임,2021-03-29,69.08155
비건,컨셉·클레임,2021-04-05,62.87114
비건,컨셉·클레임,2021-04-12,61.22327
비건,컨셉·클레임,2021-04-19,57.48713
비건,컨셉·클레임,2021-04-26,60.1346
비건,컨셉·클레임,2021-05-03,65.09798
비건,컨셉·클레임,2021-05-10,57.11599
비건,컨셉·클레임,2021-05-17,54.93863
비건,컨셉·클레임,2021-05-24,64.00435
비건,컨셉·클레임,2021-05-31,63.80146
비건,컨셉·클레임,2021-06-07,56.13618
비건,컨셉·클레임,2021-06-14,83.20961
비건,컨셉·클레임,2021-06-21,100
비건,컨셉·클레임,2021-06-28,88.35114
비건,컨셉·클레임,2021-07-05,89.28642
비건,컨셉·클레임,2021-07-12,68.35411
비건,컨셉·클레임,2021-07-19,54.27553
비건,컨셉·클레임,2021-07-26,48.82224
비건,컨셉·클레임,2021-08-02,49.14885
비건,컨셉·클레임,2021-08-09,51.74188
비건,컨셉·클레임,2021-08-16,56.30938
비건,컨셉·클레임,2021-08-23,57.45249
비건,컨셉·클레임,2021-08-30,55.46813
비건,컨셉·클레임,2021-09-06,56.53206
비건,컨셉·클레임,2021-09-13,53.76088
비건,컨셉·클레임,2021-09-20,59.70407
비건,컨셉·클레임,2021-09-27,56.11144
비건,컨셉·클레임,2021-10-04,52.7019
비건,컨셉·클레임,2021-10-11,59.26365
비건,컨셉·클레임,2021-10-18,48.60946
비건,컨셉·클레임,2021-10-25,51.08867
비건,컨셉·클레임,2021-11-01,53.28087
비건,컨셉·클레임,2021-11-08,57.53661
비건,컨셉·클레임,2021-11-15,57.21496
비건,컨셉·클레임,2021-11-22,51.0095
비건,컨셉·클레임,2021-11-29,49.17359
비건,컨셉·클레임,2021-12-06,50.36124
비건,컨셉·클레임,2021-12-13,57.05661
비건,컨셉·클레임,2021-12-20,50.14845
비건,컨셉·클레임,2021-12-27,41.78048
비건,컨셉·클레임,2022-01-03,48.94101
비건,컨셉·클레임,2022-01-10,47.66923
비건,컨셉·클레임,2022-01-17,41.92893
비건,컨셉·클레임,2022-01-24,49.26761
비건,컨셉·클레임,2022-01-31,48.4511
비건,컨셉·클레임,2022-02-07,49.1241
비건,컨셉·클레임,2022-02-14,47.64944
비건,컨셉·클레임,2022-02-21,44.31413
비건,컨셉·클레임,2022-02-28,42.23079
비건,컨셉·클레임,2022-03-07,55.08214
비건,컨셉·클레임,2022-03-14,55.34441
비건,컨셉·클레임,2022-03-21,54.78028
비건,컨셉·클레임,2022-03-28,54.39429
비건,컨셉·클레임,2022-04-04,59.82284
비건,컨셉·클레임,2022-04-11,60.58491
비건,컨셉·클레임,2022-04-18,60.33254
비건,컨셉·클레임,2022-04-25,54.65162
비건,컨셉·클레임,2022-05-02,46.98634
비건,컨셉·클레임,2022-05-09,56.0669
비건,컨셉·클레임,2022-05-16,57.96714
비건,컨셉·클레임,2022-05-23,62.65835
비건,컨셉·클레임,2022-05-30,57.0764
비건,컨셉·클레임,2022-06-06,51.75673
비건,컨셉·클레임,2022-06-13,49.76741
비건,컨셉·클레임,2022-06-20,46.65973
비건,컨셉·클레임,2022-06-27,45.73931
비건,컨셉·클레임,2022-07-04,53.37984
비건,컨셉·클레임,2022-07-11,55.35431
비건,컨셉·클레임,2022-07-18,52.57323
비건,컨셉·클레임,2022-07-25,44.59619
비건,컨셉·클레임,2022-08-01,42.84936
비건,컨셉·클레임,2022-08-08,44.03701
비건,컨셉·클레임,2022-08-15,46.03622
비건,컨셉·클레임,2022-08-22,45.11084
비건,컨셉·클레임,2022-08-29,47.51088
비건,컨셉·클레임,2022-09-05,41.5281
비건,컨셉·클레임,2022-09-12,48.06512
비건,컨셉·클레임,2022-09-19,47.61975
비건,컨셉·클레임,2022-09-26,44.03206
비건,컨셉·클레임,2022-10-03,42.37925
비건,컨셉·클레임,2022-10-10,42.34461
비건,컨셉·클레임,2022-10-17,42.54255
비건,컨셉·클레임,2022-10-24,43.97763
비건,컨셉·클레임,2022-10-31,49.14885
비건,컨셉·클레임,2022-11-07,43.17102
비건,컨셉·클레임,2022-11-14,39.64766
비건,컨셉·클레임,2022-11-21,39.78622
비건,컨셉·클레임,2022-11-28,40.38004
비건,컨셉·클레임,2022-12-05,40.06828
비건,컨셉·클레임,2022-12-12,38.63321
비건,컨셉·클레임,2022-12-19,40.08313
비건,컨셉·클레임,2022-12-26,40.0188
비건,컨셉·클레임,2023-01-02,35.1049
비건,컨셉·클레임,2023-01-09,39.31611
비건,컨셉·클레임,2023-01-16,35.82739
비건,컨셉·클레임,2023-01-23,34.51108
비건,컨셉·클레임,2023-01-30,39.43982
비건,컨셉·클레임,2023-02-06,38.8262
비건,컨셉·클레임,2023-02-13,39.71199
비건,컨셉·클레임,2023-02-20,36.86163
비건,컨셉·클레임,2023-02-27,40.1821
비건,컨셉·클레임,2023-03-06,39.6823
비건,컨셉·클레임,2023-03-13,42.83946
비건,컨셉·클레임,2023-03-20,50.21278
비건,컨셉·클레임,2023-03-27,53.58273
비건,컨셉·클레임,2023-04-03,45.71456
비건,컨셉·클레임,2023-04-10,49.59916
비건,컨셉·클레임,2023-04-17,43.76979
비건,컨셉·클레임,2023-04-24,41.41923
비건,컨셉·클레임,2023-05-01,39.03404
비건,컨셉·클레임,2023-05-08,38.87074
비건,컨셉·클레임,2023-05-15,38.52434
비건,컨셉·클레임,2023-05-22,38.26702
비건,컨셉·클레임,2023-05-29,36.65874
비건,컨셉·클레임,2023-06-05,38.62331
비건,컨셉·클레임,2023-06-12,34.9416
비건,컨셉·클레임,2023-06-19,32.70981
비건,컨셉·클레임,2023-06-26,30.96298
비건,컨셉·클레임,2023-07-03,40.58293
비건,컨셉·클레임,2023-07-10,46.59045
비건,컨셉·클레임,2023-07-17,35.93626
비건,컨셉·클레임,2023-07-24,28.88954
비건,컨셉·클레임,2023-07-31,40.5186
비건,컨셉·클레임,2023-08-07,35.17418
비건,컨셉·클레임,2023-08-14,32.80384
비건,컨셉·클레임,2023-08-21,37.8365
비건,컨셉·클레임,2023-08-28,37.07937
비건,컨셉·클레임,2023-09-04,33.49663
비건,컨셉·클레임,2023-09-11,33.11559
비건,컨셉·클레임,2023-09-18,30.51266
비건,컨셉·클레임,2023-09-25,26.22723
비건,컨셉·클레임,2023-10-02,46.14014
비건,컨셉·클레임,2023-10-09,43.39865
비건,컨셉·클레임,2023-10-16,33.38281
비건,컨셉·클레임,2023-10-23,30.29988
비건,컨셉·클레임,2023-10-30,29.8743
비건,컨셉·클레임,2023-11-06,32.47228
비건,컨셉·클레임,2023-11-13,32.07145
비건,컨셉·클레임,2023-11-20,35.57501
비건,컨셉·클레임,2023-11-27,32.46239
비건,컨셉·클레임,2023-12-04,27.44457
비건,컨셉·클레임,2023-12-11,26.81116
비건,컨셉·클레임,2023-12-18,32.20011
비건,컨셉·클레임,2023-12-25,23.91627
비건,컨셉·클레임,2024-01-01,25.87094
비건,컨셉·클레임,2024-01-08,40.6819
비건,컨셉·클레임,2024-01-15,28.60748
비건,컨셉·클레임,2024-01-22,27.08828
비건,컨셉·클레임,2024-01-29,24.69813
비건,컨셉·클레임,2024-02-05,21.04612
비건,컨셉·클레임,2024-02-12,24.05482
비건,컨셉·클레임,2024-02-19,22.83254
비건,컨셉·클레임,2024-02-26,22.89687
비건,컨셉·클레임,2024-03-04,23.88163
비건,컨셉·클레임,2024-03-11,35.94121
비건,컨셉·클레임,2024-03-18,34.64964
비건,컨셉·클레임,2024-03-25,26.1728
비건,컨셉·클레임,2024-04-01,23.83709
비건,컨셉·클레임,2024-04-08,25.47011
비건,컨셉·클레임,2024-04-15,25.4899
비건,컨셉·클레임,2024-04-22,24.16369
비건,컨셉·클레임,2024-04-29,31.51722
비건,컨셉·클레임,2024-05-06,34.4517
비건,컨셉·클레임,2024-05-13,26.22228
비건,컨셉·클레임,2024-05-20,26.08867
비건,컨셉·클레임,2024-05-27,26.75178
비건,컨셉·클레임,2024-06-03,24.49524
비건,컨셉·클레임,2024-06-10,26.28661
비건,컨셉·클레임,2024-06-17,23.92121
비건,컨셉·클레임,2024-06-24,24.03998
비건,컨셉·클레임,2024-07-01,26.78147
비건,컨셉·클레임,2024-07-08,24.78226
비건,컨셉·클레임,2024-07-15,21.96159
비건,컨셉·클레임,2024-07-22,25.06927
비건,컨셉·클레임,2024-07-29,18.61144
비건,컨셉·클레임,2024-08-05,20.97684
비건,컨셉·클레임,2024-08-12,53.78562
비건,컨셉·클레임,2024-08-19,38.30661
비건,컨셉·클레임,2024-08-26,26.94972
비건,컨셉·클레임,2024-09-02,24.05977
비건,컨셉·클레임,2024-09-09,24.48535
비건,컨셉·클레임,2024-09-16,21.67953
비건,컨셉·클레임,2024-09-23,22.36243
비건,컨셉·클레임,2024-09-30,22.00118
비건,컨셉·클레임,2024-10-07,24.90102
비건,컨셉·클레임,2024-10-14,29.18151
비건,컨셉·클레임,2024-10-21,22.15954
비건,컨셉·클레임,2024-10-28,23.56987
비건,컨셉·클레임,2024-11-04,29.01821
비건,컨셉·클레임,2024-11-11,21.67953
비건,컨셉·클레임,2024-11-18,20.50673
비건,컨셉·클레임,2024-11-25,19.67042
비건,컨셉·클레임,2024-12-02,17.35451
비건,컨셉·클레임,2024-12-09,23.67379
비건,컨셉·클레임,2024-12-16,20.57106
비건,컨셉·클레임,2024-12-23,15.8749
비건,컨셉·클레임,2024-12-30,15.63242
비건,컨셉·클레임,2025-01-06,19.65063
비건,컨셉·클레임,2025-01-13,17.77019
비건,컨셉·클레임,2025-01-20,15.25633
비건,컨셉·클레임,2025-01-27,16.07284
비건,컨셉·클레임,2025-02-03,17.29513
비건,컨셉·클레임,2025-02-10,18.31452
비건,컨셉·클레임,2025-02-17,18.71041
비건,컨셉·클레임,2025-02-24,16.64687
비건,컨셉·클레임,2025-03-03,16.53305
비건,컨셉·클레임,2025-03-10,16.81512
비건,컨셉·클레임,2025-03-17,17.65142
비건,컨셉·클레임,2025-03-24,18.12648
비건,컨셉·클레임,2025-03-31,16.68151
비건,컨셉·클레임,2025-04-07,19.71496
비건,컨셉·클레임,2025-04-14,16.25098
비건,컨셉·클레임,2025-04-21,15.865
비건,컨셉·클레임,2025-04-28,14.86539
비건,컨셉·클레임,2025-05-05,15.07818
비건,컨셉·클레임,2025-05-12,15.73634
비건,컨셉·클레임,2025-05-19,14.92478
비건,컨셉·클레임,2025-05-26,14.39528
비건,컨셉·클레임,2025-06-02,13.71733
비건,컨셉·클레임,2025-06-09,15.17715
비건,컨셉·클레임,2025-06-16,14.11322
비건,컨셉·클레임,2025-06-23,13.3363
비건,컨셉·클레임,2025-06-30,13.12846
비건,컨셉·클레임,2025-07-07,13.02949
비건,컨셉·클레임,2025-07-14,13.40063
비건,컨셉·클레임,2025-07-21,11.25296
비건,컨셉·클레임,2025-07-28,11.87153
비건,컨셉·클레임,2025-08-04,12.22288
비건,컨셉·클레임,2025-08-11,11.68349
비건,컨셉·클레임,2025-08-18,12.28226
비건,컨셉·클레임,2025-08-25,11.91112
비건,컨셉·클레임,2025-09-01,11.75771
비건,컨셉·클레임,2025-09-08,11.634
비건,컨셉·클레임,2025-09-15,11.81215
비건,컨셉·클레임,2025-09-22,11.72307
비건,컨셉·클레임,2025-09-29,9.79809
비건,컨셉·클레임,2025-10-06,9.37252
비건,컨셉·클레임,2025-10-13,11.12925
비건,컨셉·클레임,2025-10-20,10.48099
비건,컨셉·클레임,2025-10-27,10.288
비건,컨셉·클레임,2025-11-03,10.70863
비건,컨셉·클레임,2025-11-10,9.39726
비건,컨셉·클레임,2025-11-17,9.45665
비건,컨셉·클레임,2025-11-24,10.1247
비건,컨셉·클레임,2025-12-01,11.45091
비건,컨셉·클레임,2025-12-08,9.46159
비건,컨셉·클레임,2025-12-15,9.43685
비건,컨셉·클레임,2025-12-22,8.04136
비건,컨셉·클레임,2025-12-29,8.65003
비건,컨셉·클레임,2026-01-05,8.93705
비건,컨셉·클레임,2026-01-12,8.72426
비건,컨셉·클레임,2026-01-19,8.68962
비건,컨셉·클레임,2026-01-26,7.7593
비건,컨셉·클레임,2026-02-02,7.54651
비건,컨셉·클레임,2026-02-09,7.49703
비건,컨셉·클레임,2026-02-16,6.9032
비건,컨셉·클레임,2026-02-23,6.95269
비건,컨셉·클레임,2026-03-02,6.923
비건,컨셉·클레임,2026-03-09,7.62074
비건,컨셉·클레임,2026-03-16,8.269
비건,컨셉·클레임,2026-03-23,12.76227
비건,컨셉·클레임,2026-03-30,8.28384
비건,컨셉·클레임,2026-04-06,7.81868
비건,컨셉·클레임,2026-04-13,8.0958
비건,컨셉·클레임,2026-04-20,7.83847
비건,컨셉·클레임,2026-04-27,7.01207
비건,컨셉·클레임,2026-05-04,6.70526
비건,컨셉·클레임,2026-05-11,7.29908
비건,컨셉·클레임,2026-05-18,7.09619
비건,컨셉·클레임,2026-05-25,6.99722
비건,컨셉·클레임,2026-06-01,6.85372
비건,컨셉·클레임,2026-06-08,6.67062
비건,컨셉·클레임,2026-06-15,6.25989
비건,컨셉·클레임,2026-06-22,6.33412
비건,컨셉·클레임,2026-06-29,6.22525
비건,컨셉·클레임,2026-07-06,7.21496
비건,컨셉·클레임,2026-07-13,7.4129
비건,컨셉·클레임,2026-07-20,5.9036
비건,컨셉·클레임,2026-07-27,5.28503
비건,컨셉·클레임,2026-08-03,6.08174
비건,컨셉·클레임,2026-08-10,6.13618
비건,컨셉·클레임,2026-08-17,7.19022
비건,컨셉·클레임,2026-08-24,6.88836
비건,컨셉·클레임,2026-08-31,6.52216
비건,컨셉·클레임,2026-09-07,6.45288
비건,컨셉·클레임,2026-09-14,6.62114
비건,컨셉·클레임,2026-09-21,6.14113
비건,컨셉·클레임,2026-09-28,0.8165
저자극,컨셉·클레임,2020-12-28,0.09402
저자극,컨셉·클레임,2021-01-04,0.27216
저자극,컨셉·클레임,2021-01-11,0.23258
저자극,컨셉·클레임,2021-01-18,0.30186
저자극,컨셉·클레임,2021-01-25,0.26722
저자극,컨셉·클레임,2021-02-01,0.17319
저자극,컨셉·클레임,2021-02-08,0.08412
저자극,컨셉·클레임,2021-02-15,0.29196
저자극,컨셉·클레임,2021-02-22,0.28206
저자극,컨셉·클레임,2021-03-01,0.3365
저자극,컨셉·클레임,2021-03-08,0.3266
저자극,컨셉·클레임,2021-03-15,0.3167
저자극,컨셉·클레임,2021-03-22,0.17814
저자극,컨셉·클레임,2021-03-29,0.28206
저자극,컨셉·클레임,2021-04-05,0.23752
저자극,컨셉·클레임,2021-04-12,0.25732
저자극,컨셉·클레임,2021-04-19,0.29691
저자극,컨셉·클레임,2021-04-26,0.24742
저자극,컨셉·클레임,2021-05-03,0.12866
저자극,컨셉·클레임,2021-05-10,0.17319
저자극,컨셉·클레임,2021-05-17,0.28701
저자극,컨셉·클레임,2021-05-24,0.29196
저자극,컨셉·클레임,2021-05-31,0.29196
저자극,컨셉·클레임,2021-06-07,0.27216
저자극,컨셉·클레임,2021-06-14,0.35134
저자극,컨셉·클레임,2021-06-21,0.23258
저자극,컨셉·클레임,2021-06-28,0.23258
저자극,컨셉·클레임,2021-07-05,0.17319
저자극,컨셉·클레임,2021-07-12,0.32165
저자극,컨셉·클레임,2021-07-19,0.18309
저자극,컨셉·클레임,2021-07-26,0.18804
저자극,컨셉·클레임,2021-08-02,0.20288
저자극,컨셉·클레임,2021-08-09,0.26227
저자극,컨셉·클레임,2021-08-16,0.19794
저자극,컨셉·클레임,2021-08-23,0.19794
저자극,컨셉·클레임,2021-08-30,0.18309
저자극,컨셉·클레임,2021-09-06,0.23752
저자극,컨셉·클레임,2021-09-13,0.18309
저자극,컨셉·클레임,2021-09-20,0.06927
저자극,컨셉·클레임,2021-09-27,0.13361
저자극,컨셉·클레임,2021-10-04,0.19794
저자극,컨셉·클레임,2021-10-11,0.19299
저자극,컨셉·클레임,2021-10-18,0.19299
저자극,컨셉·클레임,2021-10-25,0.12371
저자극,컨셉·클레임,2021-11-01,0.1534
저자극,컨셉·클레임,2021-11-08,0.16825
저자극,컨셉·클레임,2021-11-15,0.22763
저자극,컨셉·클레임,2021-11-22,0.13855
저자극,컨셉·클레임,2021-11-29,0.10886
저자극,컨셉·클레임,2021-12-06,0.06433
저자극,컨셉·클레임,2021-12-13,0.12371
저자극,컨셉·클레임,2021-12-20,0.14845
저자극,컨셉·클레임,2021-12-27,0.1534
저자극,컨셉·클레임,2022-01-03,0.19794
저자극,컨셉·클레임,2022-01-10,0.14845
저자극,컨셉·클레임,2022-01-17,0.16825
저자극,컨셉·클레임,2022-01-24,0.24247
저자극,컨셉·클레임,2022-01-31,0.08907
저자극,컨셉·클레임,2022-02-07,0.18309
저자극,컨셉·클레임,2022-02-14,0.19299
저자극,컨셉·클레임,2022-02-21,0.17319
저자극,컨셉·클레임,2022-02-28,0.09402
저자극,컨셉·클레임,2022-03-07,0.22763
저자극,컨셉·클레임,2022-03-14,0.07917
저자극,컨셉·클레임,2022-03-21,0.19794
저자극,컨셉·클레임,2022-03-28,0.18309
저자극,컨셉·클레임,2022-04-04,0.15835
저자극,컨셉·클레임,2022-04-11,0.3266
저자극,컨셉·클레임,2022-04-18,0.22763
저자극,컨셉·클레임,2022-04-25,0.27216
저자극,컨셉·클레임,2022-05-02,0.07917
저자극,컨셉·클레임,2022-05-09,0.63341
저자극,컨셉·클레임,2022-05-16,0.28206
저자극,컨셉·클레임,2022-05-23,0.24247
저자극,컨셉·클레임,2022-05-30,0.25237
저자극,컨셉·클레임,2022-06-06,0.26722
저자극,컨셉·클레임,2022-06-13,0.22268
저자극,컨셉·클레임,2022-06-20,0.3167
저자극,컨셉·클레임,2022-06-27,0.17814
저자극,컨셉·클레임,2022-07-04,0.24742
저자극,컨셉·클레임,2022-07-11,0.19794
저자극,컨셉·클레임,2022-07-18,0.16825
저자극,컨셉·클레임,2022-07-25,0.19794
저자극,컨셉·클레임,2022-08-01,0.10886
저자극,컨셉·클레임,2022-08-08,0.23258
저자극,컨셉·클레임,2022-08-15,0.32165
저자극,컨셉·클레임,2022-08-22,0.11876
저자극,컨셉·클레임,2022-08-29,0.20288
저자극,컨셉·클레임,2022-09-05,0.22268
저자극,컨셉·클레임,2022-09-12,0.07917
저자극,컨셉·클레임,2022-09-19,0.09897
저자극,컨셉·클레임,2022-09-26,0.13361
저자극,컨셉·클레임,2022-10-03,0.05938
저자극,컨셉·클레임,2022-10-10,0.1435
저자극,컨셉·클레임,2022-10-17,0.13855
저자극,컨셉·클레임,2022-10-24,0.18804
저자극,컨셉·클레임,2022-10-31,0.29196
저자극,컨셉·클레임,2022-11-07,0.35629
저자극,컨셉·클레임,2022-11-14,5.43349
저자극,컨셉·클레임,2022-11-21,2.59798
저자극,컨셉·클레임,2022-11-28,0.1633
저자극,컨셉·클레임,2022-12-05,0.25237
저자극,컨셉·클레임,2022-12-12,0.1534
저자극,컨셉·클레임,2022-12-19,0.12866
저자극,컨셉·클레임,2022-12-26,0.12371
저자극,컨셉·클레임,2023-01-02,0.18309
저자극,컨셉·클레임,2023-01-09,0.08412
저자극,컨셉·클레임,2023-01-16,0.08907
저자극,컨셉·클레임,2023-01-23,0.08907
저자극,컨셉·클레임,2023-01-30,0.19794
저자극,컨셉·클레임,2023-02-06,0.17814
저자극,컨셉·클레임,2023-02-13,0.20783
저자극,컨셉·클레임,2023-02-20,0.1633
저자극,컨셉·클레임,2023-02-27,0.11876
저자극,컨셉·클레임,2023-03-06,0.17319
저자극,컨셉·클레임,2023-03-13,0.32165
저자극,컨셉·클레임,2023-03-20,0.1534
저자극,컨셉·클레임,2023-03-27,0.22268
저자극,컨셉·클레임,2023-04-03,0.58392
저자극,컨셉·클레임,2023-04-10,0.1534
저자극,컨셉·클레임,2023-04-17,0.22763
저자극,컨셉·클레임,2023-04-24,0.18309
저자극,컨셉·클레임,2023-05-01,0.21773
저자극,컨셉·클레임,2023-05-08,0.17319
저자극,컨셉·클레임,2023-05-15,0.20288
저자극,컨셉·클레임,2023-05-22,0.19299
저자극,컨셉·클레임,2023-05-29,0.1435
저자극,컨셉·클레임,2023-06-05,0.1534
저자극,컨셉·클레임,2023-06-12,0.25732
저자극,컨셉·클레임,2023-06-19,0.17814
저자극,컨셉·클레임,2023-06-26,0.06927
저자극,컨셉·클레임,2023-07-03,0.15835
저자극,컨셉·클레임,2023-07-10,0.02969
저자극,컨셉·클레임,2023-07-17,0.12371
저자극,컨셉·클레임,2023-07-24,0.04948
저자극,컨셉·클레임,2023-07-31,0.18804
저자극,컨셉·클레임,2023-08-07,0.12866
저자극,컨셉·클레임,2023-08-14,0.05938
저자극,컨셉·클레임,2023-08-21,0.12371
저자극,컨셉·클레임,2023-08-28,0.18309
저자극,컨셉·클레임,2023-09-04,0.22268
저자극,컨셉·클레임,2023-09-18,0.11876
저자극,컨셉·클레임,2023-09-25,0.09402
저자극,컨셉·클레임,2023-10-02,0.02474
저자극,컨셉·클레임,2023-10-09,0.09897
저자극,컨셉·클레임,2023-10-16,0.12371
저자극,컨셉·클레임,2023-10-23,0.08907
저자극,컨셉·클레임,2023-10-30,0.12371
저자극,컨셉·클레임,2023-11-06,0.08412
저자극,컨셉·클레임,2023-11-13,0.11381
저자극,컨셉·클레임,2023-11-20,0.02474
저자극,컨셉·클레임,2023-11-27,0.02474
저자극,컨셉·클레임,2023-12-04,0.18309
저자극,컨셉·클레임,2023-12-11,0.12866
저자극,컨셉·클레임,2023-12-18,0.22268
저자극,컨셉·클레임,2023-12-25,0.08412
저자극,컨셉·클레임,2024-01-01,0.1534
저자극,컨셉·클레임,2024-01-08,0.23752
저자극,컨셉·클레임,2024-01-15,0.02474
저자극,컨셉·클레임,2024-01-22,0.10886
저자극,컨셉·클레임,2024-01-29,0.10391
저자극,컨셉·클레임,2024-02-05,0.08412
저자극,컨셉·클레임,2024-02-12,0.10886
저자극,컨셉·클레임,2024-02-19,0.13361
저자극,컨셉·클레임,2024-02-26,0.11381
저자극,컨셉·클레임,2024-03-04,0.11381
저자극,컨셉·클레임,2024-03-11,0.10886
저자극,컨셉·클레임,2024-03-18,0.05443
저자극,컨셉·클레임,2024-03-25,0.18309
저자극,컨셉·클레임,2024-04-01,0.1633
저자극,컨셉·클레임,2024-04-08,0.18309
저자극,컨셉·클레임,2024-04-15,0.08907
저자극,컨셉·클레임,2024-04-22,0.02474
저자극,컨셉·클레임,2024-04-29,0.12371
저자극,컨셉·클레임,2024-05-06,0.12866
저자극,컨셉·클레임,2024-05-20,0.10391
저자극,컨셉·클레임,2024-05-27,0.11876
저자극,컨셉·클레임,2024-06-03,0.11876
저자극,컨셉·클레임,2024-06-10,0.10391
저자극,컨셉·클레임,2024-06-17,0.14845
저자극,컨셉·클레임,2024-06-24,0.08412
저자극,컨셉·클레임,2024-07-01,0.15835
저자극,컨셉·클레임,2024-07-08,0.09402
저자극,컨셉·클레임,2024-07-15,2.13281
저자극,컨셉·클레임,2024-07-22,1.30146
저자극,컨셉·클레임,2024-07-29,1.27672
저자극,컨셉·클레임,2024-08-05,0.07917
저자극,컨셉·클레임,2024-08-12,0.02474
저자극,컨셉·클레임,2024-08-19,0.02474
저자극,컨셉·클레임,2024-08-26,0.02969
저자극,컨셉·클레임,2024-09-02,0.05443
저자극,컨셉·클레임,2024-09-09,0.08907
저자극,컨셉·클레임,2024-09-16,0.02474
저자극,컨셉·클레임,2024-09-23,0.02474
저자극,컨셉·클레임,2024-09-30,0.09897
저자극,컨셉·클레임,2024-10-07,0.07917
저자극,컨셉·클레임,2024-10-14,0.02474
저자극,컨셉·클레임,2024-10-28,0.07917
저자극,컨셉·클레임,2024-11-11,0.08412
저자극,컨셉·클레임,2024-11-18,0.11876
저자극,컨셉·클레임,2024-11-25,0.05938
저자극,컨셉·클레임,2024-12-02,0.08907
저자극,컨셉·클레임,2024-12-09,0.07422
저자극,컨셉·클레임,2024-12-30,0.02474
저자극,컨셉·클레임,2025-01-20,0.02969
저자극,컨셉·클레임,2025-01-27,0.02474
저자극,컨셉·클레임,2025-02-03,0.07422
저자극,컨셉·클레임,2025-02-10,0.10391
저자극,컨셉·클레임,2025-02-24,0.02969
저자극,컨셉·클레임,2025-03-03,0.10886
저자극,컨셉·클레임,2025-03-17,0.09897
저자극,컨셉·클레임,2025-03-31,0.04948
저자극,컨셉·클레임,2025-04-07,0.07422
저자극,컨셉·클레임,2025-04-14,0.02969
저자극,컨셉·클레임,2025-05-05,0.07917
저자극,컨셉·클레임,2025-05-12,0.02474
저자극,컨셉·클레임,2025-05-19,0.06433
저자극,컨셉·클레임,2025-06-02,0.07422
저자극,컨셉·클레임,2025-06-16,0.02474
저자극,컨셉·클레임,2025-06-30,0.02474
저자극,컨셉·클레임,2025-07-28,0.02474
저자극,컨셉·클레임,2025-08-04,0.02969
저자극,컨셉·클레임,2025-08-11,0.02474
저자극,컨셉·클레임,2025-08-18,0.04948
저자극,컨셉·클레임,2025-08-25,0.02474
저자극,컨셉·클레임,2025-09-01,0.03958
저자극,컨셉·클레임,2025-09-08,0.02474
저자극,컨셉·클레임,2025-09-15,0.02474
저자극,컨셉·클레임,2025-09-29,0.03958
저자극,컨셉·클레임,2025-10-06,0.02474
저자극,컨셉·클레임,2025-10-13,0.02474
저자극,컨셉·클레임,2025-10-20,0.06927
저자극,컨셉·클레임,2025-11-03,0.07917
저자극,컨셉·클레임,2025-11-10,0.04948
저자극,컨셉·클레임,2025-11-17,0.04948
저자극,컨셉·클레임,2025-11-24,0.02474
저자극,컨셉·클레임,2025-12-29,0.04948
저자극,컨셉·클레임,2026-02-09,0.02474
저자극,컨셉·클레임,2026-02-23,0.03463
저자극,컨셉·클레임,2026-03-09,0.02969
저자극,컨셉·클레임,2026-03-16,0.02474
저자극,컨셉·클레임,2026-04-13,0.02474
저자극,컨셉·클레임,2026-04-20,0.05443
저자극,컨셉·클레임,2026-05-11,0.02474
저자극,컨셉·클레임,2026-06-01,0.03463
저자극,컨셉·클레임,2026-08-24,0.03463
저자극,컨셉·클레임,2026-09-07,0.25732
저자극,컨셉·클레임,2026-09-14,0.3068
클린뷰티,컨셉·클레임,2020-12-28,1.5192
클린뷰티,컨셉·클레임,2021-01-04,2.79097
클린뷰티,컨셉·클레임,2021-01-11,3.32046
클린뷰티,컨셉·클레임,2021-01-18,2.65241
클린뷰티,컨셉·클레임,2021-01-25,2.45942
클린뷰티,컨셉·클레임,2021-02-01,2.63756
클린뷰티,컨셉·클레임,2021-02-08,1.36579
클린뷰티,컨셉·클레임,2021-02-15,2.45447
클린뷰티,컨셉·클레임,2021-02-22,2.32581
클린뷰티,컨셉·클레임,2021-03-01,2.07838
클린뷰티,컨셉·클레임,2021-03-08,2.71674
클린뷰티,컨셉·클레임,2021-03-15,3.27098
클린뷰티,컨셉·클레임,2021-03-22,3.12747
클린뷰티,컨셉·클레임,2021-03-29,3.26108
클린뷰티,컨셉·클레임,2021-04-05,4.59718
클린뷰티,컨셉·클레임,2021-04-12,3.92418
클린뷰티,컨셉·클레임,2021-04-19,2.92953
클린뷰티,컨셉·클레임,2021-04-26,2.81571
클린뷰티,컨셉·클레임,2021-05-03,3.25118
클린뷰티,컨셉·클레임,2021-05-10,2.73159
클린뷰티,컨셉·클레임,2021-05-17,3.06314
클린뷰티,컨셉·클레임,2021-05-24,9.92676
클린뷰티,컨셉·클레임,2021-05-31,2.87015
클린뷰티,컨셉·클레임,2021-06-07,2.80581
클린뷰티,컨셉·클레임,2021-06-14,3.15221
클린뷰티,컨셉·클레임,2021-06-21,2.31591
클린뷰티,컨셉·클레임,2021-06-28,2.30106
클린뷰티,컨셉·클레임,2021-07-05,2.29117
클린뷰티,컨셉·클레임,2021-07-12,2.3456
클린뷰티,컨셉·클레임,2021-07-19,2.00415
클린뷰티,컨셉·클레임,2021-07-26,2.13776
클린뷰티,컨셉·클레임,2021-08-02,1.92992
클린뷰티,컨셉·클레임,2021-08-09,4.2211
클린뷰티,컨셉·클레임,2021-08-16,1.90518
클린뷰티,컨셉·클레임,2021-08-23,2.97406
클린뷰티,컨셉·클레임,2021-08-30,7.46733
클린뷰티,컨셉·클레임,2021-09-06,2.73653
클린뷰티,컨셉·클레임,2021-09-13,2.57323
클린뷰티,컨셉·클레임,2021-09-20,1.93487
클린뷰티,컨셉·클레임,2021-09-27,2.3456
클린뷰티,컨셉·클레임,2021-10-04,2.1724
클린뷰티,컨셉·클레임,2021-10-11,2.12292
클린뷰티,컨셉·클레임,2021-10-18,2.27137
클린뷰티,컨셉·클레임,2021-10-25,2.53859
클린뷰티,컨셉·클레임,2021-11-01,2.32086
클린뷰티,컨셉·클레임,2021-11-08,2.41983
클린뷰티,컨셉·클레임,2021-11-15,2.44457
클린뷰티,컨셉·클레임,2021-11-22,2.48911
클린뷰티,컨셉·클레임,2021-11-29,2.72169
클린뷰티,컨셉·클레임,2021-12-06,2.3357
클린뷰티,컨셉·클레임,2021-12-13,2.3555
클린뷰티,컨셉·클레임,2021-12-20,2.29612
클린뷰티,컨셉·클레임,2021-12-27,1.59342
클린뷰티,컨셉·클레임,2022-01-03,1.6825
클린뷰티,컨셉·클레임,2022-01-10,2.09323
클린뷰티,컨셉·클레임,2022-01-17,1.82106
클린뷰티,컨셉·클레임,2022-01-24,1.82106
클린뷰티,컨셉·클레임,2022-01-31,1.18764
클린뷰티,컨셉·클레임,2022-02-07,1.84085
클린뷰티,컨셉·클레임,2022-02-14,1.9992
클린뷰티,컨셉·클레임,2022-02-21,1.64786
클린뷰티,컨셉·클레임,2022-02-28,1.65775
클린뷰티,컨셉·클레임,2022-03-07,2.65241
클린뷰티,컨셉·클레임,2022-03-14,3.21159
클린뷰티,컨셉·클레임,2022-03-21,3.42933
클린뷰티,컨셉·클레임,2022-03-28,2.89489
클린뷰티,컨셉·클레임,2022-04-04,2.66231
클린뷰티,컨셉·클레임,2022-04-11,2.66726
클린뷰티,컨셉·클레임,2022-04-18,2.48416
클린뷰티,컨셉·클레임,2022-04-25,2.45942
클린뷰티,컨셉·클레임,2022-05-02,2.15261
클린뷰티,컨셉·클레임,2022-05-09,2.06848
클린뷰티,컨셉·클레임,2022-05-16,2.40498
클린뷰티,컨셉·클레임,2022-05-23,2.38024
클린뷰티,컨셉·클레임,2022-05-30,2.24663
클린뷰티,컨셉·클레임,2022-06-06,1.88539
클린뷰티,컨셉·클레임,2022-06-13,1.62806
클린뷰티,컨셉·클레임,2022-06-20,1.89528
클린뷰티,컨셉·클레임,2022-06-27,1.54394
클린뷰티,컨셉·클레임,2022-07-04,1.55878
클린뷰티,컨셉·클레임,2022-07-11,1.54394
클린뷰티,컨셉·클레임,2022-07-18,1.23713
클린뷰티,컨셉·클레임,2022-07-25,1.72703
클린뷰티,컨셉·클레임,2022-08-01,1.67755
클린뷰티,컨셉·클레임,2022-08-08,1.57363
클린뷰티,컨셉·클레임,2022-08-15,1.61817
클린뷰티,컨셉·클레임,2022-08-22,1.31631
클린뷰티,컨셉·클레임,2022-08-29,1.63796
클린뷰티,컨셉·클레임,2022-09-05,1.39548
클린뷰티,컨셉·클레임,2022-09-12,1.96951
클린뷰티,컨셉·클레임,2022-09-19,2.45942
클린뷰티,컨셉·클레임,2022-09-26,2.07343
클린뷰티,컨셉·클레임,2022-10-03,1.6726
클린뷰티,컨셉·클레임,2022-10-10,1.73198
클린뷰티,컨셉·클레임,2022-10-17,1.62806
클린뷰티,컨셉·클레임,2022-10-24,1.46476
클린뷰티,컨셉·클레임,2022-10-31,1.80126
클린뷰티,컨셉·클레임,2022-11-07,1.80621
클린뷰티,컨셉·클레임,2022-11-14,1.83095
클린뷰티,컨셉·클레임,2022-11-21,2.25653
클린뷰티,컨셉·클레임,2022-11-28,1.5192
클린뷰티,컨셉·클레임,2022-12-05,1.31631
클린뷰티,컨셉·클레임,2022-12-12,6.70031
클린뷰티,컨셉·클레임,2022-12-19,1.02434
클린뷰티,컨셉·클레임,2022-12-26,1.10847
클린뷰티,컨셉·클레임,2023-01-02,1.13321
클린뷰티,컨셉·클레임,2023-01-09,1.08867
클린뷰티,컨셉·클레임,2023-01-16,1.15795
클린뷰티,컨셉·클레임,2023-01-23,0.92042
클린뷰티,컨셉·클레임,2023-01-30,1.09857
클린뷰티,컨셉·클레임,2023-02-06,1.10847
클린뷰티,컨셉·클레임,2023-02-13,1.26187
클린뷰티,컨셉·클레임,2023-02-20,2.19714
클린뷰티,컨셉·클레임,2023-02-27,1.55384
클린뷰티,컨셉·클레임,2023-03-06,1.97446
클린뷰티,컨셉·클레임,2023-03-13,1.88044
클린뷰티,컨셉·클레임,2023-03-20,1.57858
클린뷰티,컨셉·클레임,2023-03-27,1.90518
클린뷰티,컨셉·클레임,2023-04-03,1.8458
클린뷰티,컨셉·클레임,2023-04-10,1.90518
클린뷰티,컨셉·클레임,2023-04-17,1.46476
클린뷰티,컨셉·클레임,2023-04-24,1.33115
클린뷰티,컨셉·클레임,2023-05-01,1.27177
클린뷰티,컨셉·클레임,2023-05-08,1.75178
클린뷰티,컨셉·클레임,2023-05-15,1.89034
클린뷰티,컨셉·클레임,2023-05-22,1.80126
클린뷰티,컨셉·클레임,2023-05-29,1.54394
클린뷰티,컨셉·클레임,2023-06-05,1.39548
클린뷰티,컨셉·클레임,2023-06-12,2.66726
클린뷰티,컨셉·클레임,2023-06-19,1.24703
클린뷰티,컨셉·클레임,2023-06-26,0.96991
클린뷰티,컨셉·클레임,2023-07-03,1.35095
클린뷰티,컨셉·클레임,2023-07-10,1.47961
클린뷰티,컨셉·클레임,2023-07-17,1.28167
클린뷰티,컨셉·클레임,2023-07-24,1.36084
클린뷰티,컨셉·클레임,2023-07-31,1.23713
클린뷰티,컨셉·클레임,2023-08-07,1.38064
클린뷰티,컨셉·클레임,2023-08-14,0.96496
클린뷰티,컨셉·클레임,2023-08-21,1.42022
클린뷰티,컨셉·클레임,2023-08-28,1.27177
클린뷰티,컨셉·클레임,2023-09-04,2.15756
클린뷰티,컨셉·클레임,2023-09-11,4.68131
클린뷰티,컨셉·클레임,2023-09-18,1.43507
클린뷰티,컨셉·클레임,2023-09-25,0.99465
클린뷰티,컨셉·클레임,2023-10-02,0.95506
클린뷰티,컨셉·클레임,2023-10-09,1.36579
클린뷰티,컨셉·클레임,2023-10-16,1.22723
클린뷰티,컨셉·클레임,2023-10-23,1.21733
클린뷰티,컨셉·클레임,2023-10-30,1.25197
클린뷰티,컨셉·클레임,2023-11-06,1.40538
클린뷰티,컨셉·클레임,2023-11-13,1.26682
클린뷰티,컨셉·클레임,2023-11-20,1.23713
클린뷰티,컨셉·클레임,2023-11-27,1.24208
클린뷰티,컨셉·클레임,2023-12-04,1.16785
클린뷰티,컨셉·클레임,2023-12-11,1.63301
클린뷰티,컨셉·클레임,2023-12-18,0.78186
클린뷰티,컨셉·클레임,2023-12-25,0.53939
클린뷰티,컨셉·클레임,2024-01-01,0.53939
클린뷰티,컨셉·클레임,2024-01-08,0.78681
클린뷰티,컨셉·클레임,2024-01-15,0.80661
클린뷰티,컨셉·클레임,2024-01-22,0.84619
클린뷰티,컨셉·클레임,2024-01-29,0.83135
클린뷰티,컨셉·클레임,2024-02-05,0.58392
클린뷰티,컨셉·클레임,2024-02-12,0.94022
클린뷰티,컨셉·클레임,2024-02-19,0.82145
클린뷰티,컨셉·클레임,2024-02-26,0.68289
클린뷰티,컨셉·클레임,2024-03-04,0.96496
클린뷰티,컨셉·클레임,2024-03-11,0.85609
클린뷰티,컨셉·클레임,2024-03-18,1.21239
클린뷰티,컨셉·클레임,2024-03-25,0.98475
클린뷰티,컨셉·클레임,2024-04-01,1.10352
클린뷰티,컨셉·클레임,2024-04-08,1.05898
클린뷰티,컨셉·클레임,2024-04-15,1.06888
클린뷰티,컨셉·클레임,2024-04-22,1.03424
클린뷰티,컨셉·클레임,2024-04-29,0.71258
클린뷰티,컨셉·클레임,2024-05-06,0.92537
클린뷰티,컨셉·클레임,2024-05-13,1.14806
클린뷰티,컨셉·클레임,2024-05-20,1.13321
클린뷰티,컨셉·클레임,2024-05-27,1.07878
클린뷰티,컨셉·클레임,2024-06-03,0.79176
클린뷰티,컨셉·클레임,2024-06-10,0.82145
클린뷰티,컨셉·클레임,2024-06-17,0.78186
클린뷰티,컨셉·클레임,2024-06-24,0.6433
클린뷰티,컨셉·클레임,2024-07-01,0.82145
클린뷰티,컨셉·클레임,2024-07-08,0.70269
클린뷰티,컨셉·클레임,2024-07-15,0.75217
클린뷰티,컨셉·클레임,2024-07-22,0.59382
클린뷰티,컨셉·클레임,2024-07-29,0.84619
클린뷰티,컨셉·클레임,2024-08-05,0.78186
클린뷰티,컨셉·클레임,2024-08-12,0.63836
클린뷰티,컨셉·클레임,2024-08-19,1.03424
클린뷰티,컨셉·클레임,2024-08-26,1.1728
클린뷰티,컨셉·클레임,2024-09-02,0.90063
클린뷰티,컨셉·클레임,2024-09-09,0.71258
클린뷰티,컨셉·클레임,2024-09-16,0.77692
클린뷰티,컨셉·클레임,2024-09-23,1.04908
클린뷰티,컨셉·클레임,2024-09-30,0.9798
클린뷰티,컨셉·클레임,2024-10-07,0.80661
클린뷰티,컨셉·클레임,2024-10-14,0.98475
클린뷰티,컨셉·클레임,2024-10-21,0.90558
클린뷰티,컨셉·클레임,2024-10-28,0.93527
클린뷰티,컨셉·클레임,2024-11-04,0.90558
클린뷰티,컨셉·클레임,2024-11-11,0.9996
클린뷰티,컨셉·클레임,2024-11-18,0.65815
클린뷰티,컨셉·클레임,2024-11-25,2.14766
클린뷰티,컨셉·클레임,2024-12-02,0.69279
클린뷰티,컨셉·클레임,2024-12-09,0.56413
클린뷰티,컨셉·클레임,2024-12-16,0.58887
클린뷰티,컨셉·클레임,2024-12-23,0.33155
클린뷰티,컨셉·클레임,2024-12-30,0.48495
클린뷰티,컨셉·클레임,2025-01-06,0.95506
클린뷰티,컨셉·클레임,2025-01-13,0.76702
클린뷰티,컨셉·클레임,2025-01-20,0.48
클린뷰티,컨셉·클레임,2025-01-27,0.3266
클린뷰티,컨셉·클레임,2025-02-03,0.92042
클린뷰티,컨셉·클레임,2025-02-10,0.6631
클린뷰티,컨셉·클레임,2025-02-17,0.67794
클린뷰티,컨셉·클레임,2025-02-24,0.70764
클린뷰티,컨셉·클레임,2025-03-03,0.70269
클린뷰티,컨셉·클레임,2025-03-10,0.91547
클린뷰티,컨셉·클레임,2025-03-17,1.5093
클린뷰티,컨셉·클레임,2025-03-24,1.29156
클린뷰티,컨셉·클레임,2025-03-31,1.28167
클린뷰티,컨셉·클레임,2025-04-07,1.22723
클린뷰티,컨셉·클레임,2025-04-14,1.02434
클린뷰티,컨셉·클레임,2025-04-21,0.84125
클린뷰티,컨셉·클레임,2025-04-28,0.71258
클린뷰티,컨셉·클레임,2025-05-05,0.78186
클린뷰티,컨셉·클레임,2025-05-12,1.39053
클린뷰티,컨셉·클레임,2025-05-19,1.26187
클린뷰티,컨셉·클레임,2025-05-26,0.95506
클린뷰티,컨셉·클레임,2025-06-02,0.58887
클린뷰티,컨셉·클레임,2025-06-09,0.55423
클린뷰티,컨셉·클레임,2025-06-16,0.54928
클린뷰티,컨셉·클레임,2025-06-23,0.55918
클린뷰티,컨셉·클레임,2025-06-30,0.55918
클린뷰티,컨셉·클레임,2025-07-07,0.59382
클린뷰티,컨셉·클레임,2025-07-14,0.50475
클린뷰티,컨셉·클레임,2025-07-21,0.42062
클린뷰티,컨셉·클레임,2025-07-28,0.36124
클린뷰티,컨셉·클레임,2025-08-04,0.25237
클린뷰티,컨셉·클레임,2025-08-11,0.33155
클린뷰티,컨셉·클레임,2025-08-18,0.54928
클린뷰티,컨셉·클레임,2025-08-25,0.64825
클린뷰티,컨셉·클레임,2025-09-01,0.57897
클린뷰티,컨셉·클레임,2025-09-08,1.03919
클린뷰티,컨셉·클레임,2025-09-15,0.71258
클린뷰티,컨셉·클레임,2025-09-22,0.69774
클린뷰티,컨셉·클레임,2025-09-29,0.45031
클린뷰티,컨셉·클레임,2025-10-06,0.21773
클린뷰티,컨셉·클레임,2025-10-13,0.68289
클린뷰티,컨셉·클레임,2025-10-20,0.48495
클린뷰티,컨셉·클레임,2025-10-27,0.43547
클린뷰티,컨셉·클레임,2025-11-03,0.61361
클린뷰티,컨셉·클레임,2025-11-10,0.56413
클린뷰티,컨셉·클레임,2025-11-17,0.61856
클린뷰티,컨셉·클레임,2025-11-24,0.56413
클린뷰티,컨셉·클레임,2025-12-01,0.55423
클린뷰티,컨셉·클레임,2025-12-08,0.57403
클린뷰티,컨셉·클레임,2025-12-15,0.4998
클린뷰티,컨셉·클레임,2025-12-22,0.22268
클린뷰티,컨셉·클레임,2025-12-29,0.23258
클린뷰티,컨셉·클레임,2026-01-05,0.36124
클린뷰티,컨셉·클레임,2026-01-12,0.35134
클린뷰티,컨셉·클레임,2026-01-19,0.45526
클린뷰티,컨셉·클레임,2026-01-26,0.35134
클린뷰티,컨셉·클레임,2026-02-02,0.35134
클린뷰티,컨셉·클레임,2026-02-09,0.32165
클린뷰티,컨셉·클레임,2026-02-16,0.38103
클린뷰티,컨셉·클레임,2026-02-23,0.37608
클린뷰티,컨셉·클레임,2026-03-02,0.43052
클린뷰티,컨셉·클레임,2026-03-09,0.53444
클린뷰티,컨셉·클레임,2026-03-16,0.42062
클린뷰티,컨셉·클레임,2026-03-23,0.48
클린뷰티,컨셉·클레임,2026-03-30,0.48495
클린뷰티,컨셉·클레임,2026-04-06,0.35134
클린뷰티,컨셉·클레임,2026-04-13,0.4998
클린뷰티,컨셉·클레임,2026-04-20,0.39588
클린뷰티,컨셉·클레임,2026-04-27,0.30186
클린뷰티,컨셉·클레임,2026-05-04,0.34639
클린뷰티,컨셉·클레임,2026-05-11,0.61856
클린뷰티,컨셉·클레임,2026-05-18,0.4998
클린뷰티,컨셉·클레임,2026-05-25,0.45031
클린뷰티,컨셉·클레임,2026-06-01,0.46516
클린뷰티,컨셉·클레임,2026-06-08,0.3167
클린뷰티,컨셉·클레임,2026-06-15,0.20288
클린뷰티,컨셉·클레임,2026-06-22,0.21773
클린뷰티,컨셉·클레임,2026-06-29,0.18309
클린뷰티,컨셉·클레임,2026-07-06,0.19794
클린뷰티,컨셉·클레임,2026-07-13,0.22268
클린뷰티,컨셉·클레임,2026-07-20,0.18804
클린뷰티,컨셉·클레임,2026-07-27,0.18804
클린뷰티,컨셉·클레임,2026-08-03,0.22268
클린뷰티,컨셉·클레임,2026-08-10,0.11876
클린뷰티,컨셉·클레임,2026-08-17,0.13855
클린뷰티,컨셉·클레임,2026-08-24,0.14845
클린뷰티,컨셉·클레임,2026-08-31,0.22763
클린뷰티,컨셉·클레임,2026-09-07,0.08412
클린뷰티,컨셉·클레임,2026-09-14,0.18804
클린뷰티,컨셉·클레임,2026-09-21,0.04948
클린뷰티,컨셉·클레임,2026-09-28,0.05938
무향료,컨셉·클레임,2021-08-02,0.07478
무향료,컨셉·클레임,2021-11-08,0.04154
무향료,컨셉·클레임,2021-11-15,0.04985
무향료,컨셉·클레임,2024-02-12,0.04154
무향료,컨셉·클레임,2025-06-16,0.04985
크루얼티프리,컨셉·클레임,2020-12-28,1.63689
크루얼티프리,컨셉·클레임,2021-01-04,2.1936
크루얼티프리,컨셉·클레임,2021-01-11,2.01911
크루얼티프리,컨셉·클레임,2021-01-18,2.08558
크루얼티프리,컨셉·클레임,2021-01-25,1.94432
크루얼티프리,컨셉·클레임,2021-02-01,1.81138
크루얼티프리,컨셉·클레임,2021-02-08,1.67012
크루얼티프리,컨셉·클레임,2021-02-15,1.88616
크루얼티프리,컨셉·클레임,2021-02-22,1.68674
크루얼티프리,컨셉·클레임,2021-03-01,1.53718
크루얼티프리,컨셉·클레임,2021-03-08,2.02742
크루얼티프리,컨셉·클레임,2021-03-15,3.14914
크루얼티프리,컨셉·클레임,2021-03-22,3.30702
크루얼티프리,컨셉·클레임,2021-03-29,2.45118
크루얼티프리,컨셉·클레임,2021-04-05,3.1076
크루얼티프리,컨셉·클레임,2021-04-12,2.52596
크루얼티프리,컨셉·클레임,2021-04-19,3.17407
크루얼티프리,컨셉·클레임,2021-04-26,2.40132
크루얼티프리,컨셉·클레임,2021-05-03,2.22683
크루얼티프리,컨셉·클레임,2021-05-10,3.21562
크루얼티프리,컨셉·클레임,2021-05-17,3.31533
크루얼티프리,컨셉·클레임,2021-05-24,3.18238
크루얼티프리,컨셉·클레임,2021-05-31,3.02451
크루얼티프리,컨셉·클레임,2021-06-07,4.10469
크루얼티프리,컨셉·클레임,2021-06-14,4.78604
크루얼티프리,컨셉·클레임,2021-06-21,1.80307
크루얼티프리,컨셉·클레임,2021-06-28,2.16036
크루얼티프리,컨셉·클레임,2021-07-05,3.29871
크루얼티프리,컨셉·클레임,2021-07-12,2.38471
크루얼티프리,컨셉·클레임,2021-07-19,1.95263
크루얼티프리,컨셉·클레임,2021-07-26,1.75321
크루얼티프리,컨셉·클레임,2021-08-02,1.828
크루얼티프리,컨셉·클레임,2021-08-09,1.95263
크루얼티프리,컨셉·클레임,2021-08-16,1.53718
크루얼티프리,컨셉·클레임,2021-08-23,1.98587
크루얼티프리,컨셉·클레임,2021-08-30,2.15205
크루얼티프리,컨셉·클레임,2021-09-06,2.45118
크루얼티프리,컨셉·클레임,2021-09-13,2.60074
크루얼티프리,컨셉·클레임,2021-09-20,1.63689
크루얼티프리,컨셉·클레임,2021-09-27,2.40963
크루얼티프리,컨셉·클레임,2021-10-04,2.41794
크루얼티프리,컨셉·클레임,2021-10-11,2.69214
크루얼티프리,컨셉·클레임,2021-10-18,3.08267
크루얼티프리,컨셉·클레임,2021-10-25,3.07436
크루얼티프리,컨셉·클레임,2021-11-01,2.35147
크루얼티프리,컨셉·클레임,2021-11-08,2.21022
크루얼티프리,컨셉·클레임,2021-11-15,2.39302
크루얼티프리,컨셉·클레임,2021-11-22,2.94142
크루얼티프리,컨셉·클레임,2021-11-29,2.65891
크루얼티프리,컨셉·클레임,2021-12-06,2.78354
크루얼티프리,컨셉·클레임,2021-12-13,2.60074
크루얼티프리,컨셉·클레임,2021-12-20,2.55089
크루얼티프리,컨셉·클레임,2021-12-27,2.1936
크루얼티프리,컨셉·클레임,2022-01-03,2.45949
크루얼티프리,컨셉·클레임,2022-01-10,2.06896
크루얼티프리,컨셉·클레임,2022-01-17,2.3764
크루얼티프리,컨셉·클레임,2022-01-24,2.0108
크루얼티프리,컨셉·클레임,2022-01-31,2.04403
크루얼티프리,컨셉·클레임,2022-02-07,2.39302
크루얼티프리,컨셉·클레임,2022-02-14,1.96925
크루얼티프리,컨셉·클레임,2022-02-21,2.0108
크루얼티프리,컨셉·클레임,2022-02-28,2.23514
크루얼티프리,컨셉·클레임,2022-03-07,3.46489
크루얼티프리,컨셉·클레임,2022-03-14,2.06896
크루얼티프리,컨셉·클레임,2022-03-21,2.38471
크루얼티프리,컨셉·클레임,2022-03-28,2.64229
크루얼티프리,컨셉·클레임,2022-04-04,2.45118
크루얼티프리,컨셉·클레임,2022-04-11,2.15205
크루얼티프리,컨셉·클레임,2022-04-18,2.52596
크루얼티프리,컨셉·클레임,2022-04-25,1.96094
크루얼티프리,컨셉·클레임,2022-05-02,1.87785
크루얼티프리,컨셉·클레임,2022-05-09,3.0162
크루얼티프리,컨셉·클레임,2022-05-16,2.38471
크루얼티프리,컨셉·클레임,2022-05-23,3.09929
크루얼티프리,컨셉·클레임,2022-05-30,2.5592
크루얼티프리,컨셉·클레임,2022-06-06,2.38471
크루얼티프리,컨셉·클레임,2022-06-13,2.12712
크루얼티프리,컨셉·클레임,2022-06-20,1.62858
크루얼티프리,컨셉·클레임,2022-06-27,1.29621
크루얼티프리,컨셉·클레임,2022-07-04,1.48732
크루얼티프리,컨셉·클레임,2022-07-11,2.23514
크루얼티프리,컨셉·클레임,2022-07-18,1.42085
크루얼티프리,컨셉·클레임,2022-07-25,1.13834
크루얼티프리,컨셉·클레임,2022-08-01,1.24636
크루얼티프리,컨셉·클레임,2022-08-08,1.11341
크루얼티프리,컨셉·클레임,2022-08-15,1.52056
크루얼티프리,컨셉·클레임,2022-08-22,1.61196
크루얼티프리,컨셉·클레임,2022-08-29,1.71998
크루얼티프리,컨셉·클레임,2022-09-05,1.36269
크루얼티프리,컨셉·클레임,2022-09-12,1.81969
크루얼티프리,컨셉·클레임,2022-09-19,1.67012
크루얼티프리,컨셉·클레임,2022-09-26,2.06896
크루얼티프리,컨셉·클레임,2022-10-03,1.76983
크루얼티프리,컨셉·클레임,2022-10-10,2.09389
크루얼티프리,컨셉·클레임,2022-10-17,2.43456
크루얼티프리,컨셉·클레임,2022-10-24,2.60074
크루얼티프리,컨셉·클레임,2022-10-31,2.75862
크루얼티프리,컨셉·클레임,2022-11-07,2.48442
크루얼티프리,컨셉·클레임,2022-11-14,2.09389
크루얼티프리,컨셉·클레임,2022-11-21,2.57582
크루얼티프리,컨셉·클레임,2022-11-28,2.30992
크루얼티프리,컨셉·클레임,2022-12-05,1.93601
크루얼티프리,컨셉·클레임,2022-12-12,1.6452
크루얼티프리,컨셉·클레임,2022-12-19,1.4624
크루얼티프리,컨셉·클레임,2022-12-26,1.29621
크루얼티프리,컨셉·클레임,2023-01-02,1.58703
크루얼티프리,컨셉·클레임,2023-01-09,1.72829
크루얼티프리,컨셉·클레임,2023-01-16,1.27129
크루얼티프리,컨셉·클레임,2023-01-23,1.17989
크루얼티프리,컨셉·클레임,2023-01-30,3.75571
크루얼티프리,컨셉·클레임,2023-02-06,1.95263
크루얼티프리,컨셉·클레임,2023-02-13,1.32945
크루얼티프리,컨셉·클레임,2023-02-20,1.21312
크루얼티프리,컨셉·클레임,2023-02-27,1.31283
크루얼티프리,컨셉·클레임,2023-03-06,1.58703
크루얼티프리,컨셉·클레임,2023-03-13,2.09389
크루얼티프리,컨셉·클레임,2023-03-20,2.13543
크루얼티프리,컨셉·클레임,2023-03-27,1.97756
크루얼티프리,컨셉·클레임,2023-04-03,2.33485
크루얼티프리,컨셉·클레임,2023-04-10,1.72829
크루얼티프리,컨셉·클레임,2023-04-17,1.43747
크루얼티프리,컨셉·클레임,2023-04-24,2.00249
크루얼티프리,컨셉·클레임,2023-05-01,2.00249
크루얼티프리,컨셉·클레임,2023-05-08,2.75862
크루얼티프리,컨셉·클레임,2023-05-15,2.84171
크루얼티프리,컨셉·클레임,2023-05-22,3.37349
크루얼티프리,컨셉·클레임,2023-05-29,2.06896
크루얼티프리,컨셉·클레임,2023-06-05,2.30992
크루얼티프리,컨셉·클레임,2023-06-12,2.04403
크루얼티프리,컨셉·클레임,2023-06-19,1.25467
크루얼티프리,컨셉·클레임,2023-06-26,1.13003
크루얼티프리,컨셉·클레임,2023-07-03,1.99418
크루얼티프리,컨셉·클레임,2023-07-10,1.80307
크루얼티프리,컨셉·클레임,2023-07-17,1.47071
크루얼티프리,컨셉·클레임,2023-07-24,1.4624
크루얼티프리,컨셉·클레임,2023-07-31,1.10511
크루얼티프리,컨셉·클레임,2023-08-07,0.98878
크루얼티프리,컨셉·클레임,2023-08-14,1.9194
크루얼티프리,컨셉·클레임,2023-08-21,1.96925
크루얼티프리,컨셉·클레임,2023-08-28,1.29621
크루얼티프리,컨셉·클레임,2023-09-04,1.42085
크루얼티프리,컨셉·클레임,2023-09-11,1.59534
크루얼티프리,컨셉·클레임,2023-09-18,1.74491
크루얼티프리,컨셉·클레임,2023-09-25,1.08849
크루얼티프리,컨셉·클레임,2023-10-02,1.28791
크루얼티프리,컨셉·클레임,2023-10-09,1.59534
크루얼티프리,컨셉·클레임,2023-10-16,2.98296
크루얼티프리,컨셉·클레임,2023-10-23,3.59783
크루얼티프리,컨셉·클레임,2023-10-30,1.86123
크루얼티프리,컨셉·클레임,2023-11-06,1.95263
크루얼티프리,컨셉·클레임,2023-11-13,2.0108
크루얼티프리,컨셉·클레임,2023-11-20,1.9194
크루얼티프리,컨셉·클레임,2023-11-27,1.68674
크루얼티프리,컨셉·클레임,2023-12-04,1.62027
크루얼티프리,컨셉·클레임,2023-12-11,1.54549
크루얼티프리,컨셉·클레임,2023-12-18,1.44578
크루얼티프리,컨셉·클레임,2023-12-25,0.72289
크루얼티프리,컨셉·클레임,2024-01-01,0.66472
크루얼티프리,컨셉·클레임,2024-01-08,0.68965
크루얼티프리,컨셉·클레임,2024-01-15,1.34607
크루얼티프리,컨셉·클레임,2024-01-22,0.96385
크루얼티프리,컨셉·클레임,2024-01-29,0.68134
크루얼티프리,컨셉·클레임,2024-02-05,0.74781
크루얼티프리,컨셉·클레임,2024-02-12,0.914
크루얼티프리,컨셉·클레임,2024-02-19,0.96385
크루얼티프리,컨셉·클레임,2024-02-26,0.68965
크루얼티프리,컨셉·클레임,2024-03-04,1.02201
크루얼티프리,컨셉·클레임,2024-03-11,1.47901
크루얼티프리,컨셉·클레임,2024-03-18,1.83631
크루얼티프리,컨셉·클레임,2024-03-25,1.54549
크루얼티프리,컨셉·클레임,2024-04-01,1.31283
크루얼티프리,컨셉·클레임,2024-04-08,1.32114
크루얼티프리,컨셉·클레임,2024-04-15,1.29621
크루얼티프리,컨셉·클레임,2024-04-22,0.80598
크루얼티프리,컨셉·클레임,2024-04-29,1.0968
크루얼티프리,컨셉·클레임,2024-05-06,1.94432
크루얼티프리,컨셉·클레임,2024-05-13,1.2796
크루얼티프리,컨셉·클레임,2024-05-20,1.67012
크루얼티프리,컨셉·클레임,2024-05-27,1.59534
크루얼티프리,컨셉·클레임,2024-06-03,1.22143
크루얼티프리,컨셉·클레임,2024-06-10,1.65351
크루얼티프리,컨셉·클레임,2024-06-17,1.20481
크루얼티프리,컨셉·클레임,2024-06-24,0.88907
크루얼티프리,컨셉·클레임,2024-07-01,0.94723
크루얼티프리,컨셉·클레임,2024-07-08,1.26298
크루얼티프리,컨셉·클레임,2024-07-15,0.90569
크루얼티프리,컨셉·클레임,2024-07-22,0.48192
크루얼티프리,컨셉·클레임,2024-07-29,0.54009
크루얼티프리,컨셉·클레임,2024-08-05,0.43207
크루얼티프리,컨셉·클레임,2024-08-12,0.50685
크루얼티프리,컨셉·클레임,2024-08-19,0.9223
크루얼티프리,컨셉·클레임,2024-08-26,0.94723
크루얼티프리,컨셉·클레임,2024-09-02,1.17989
크루얼티프리,컨셉·클레임,2024-09-09,1.08018
크루얼티프리,컨셉·클레임,2024-09-16,1.08018
크루얼티프리,컨셉·클레임,2024-09-23,1.31283
크루얼티프리,컨셉·클레임,2024-09-30,1.0968
크루얼티프리,컨셉·클레임,2024-10-07,1.14665
크루얼티프리,컨셉·클레임,2024-10-14,1.24636
크루얼티프리,컨셉·클레임,2024-10-21,1.68674
크루얼티프리,컨셉·클레임,2024-10-28,1.49563
크루얼티프리,컨셉·클레임,2024-11-04,1.06356
크루얼티프리,컨셉·클레임,2024-11-11,1.03863
크루얼티프리,컨셉·클레임,2024-11-18,1.38761
크루얼티프리,컨셉·클레임,2024-11-25,0.94723
크루얼티프리,컨셉·클레임,2024-12-02,0.95554
크루얼티프리,컨셉·클레임,2024-12-09,0.76443
크루얼티프리,컨셉·클레임,2024-12-16,1.03032
크루얼티프리,컨셉·클레임,2024-12-23,0.52347
크루얼티프리,컨셉·클레임,2024-12-30,0.40714
크루얼티프리,컨셉·클레임,2025-01-06,0.49023
크루얼티프리,컨셉·클레임,2025-01-13,0.5484
크루얼티프리,컨셉·클레임,2025-01-20,0.33236
크루얼티프리,컨셉·클레임,2025-01-27,0.2825
크루얼티프리,컨셉·클레임,2025-02-03,0.4653
크루얼티프리,컨셉·클레임,2025-02-10,0.34067
크루얼티프리,컨셉·클레임,2025-02-17,0.51516
크루얼티프리,컨셉·클레임,2025-02-24,0.51516
크루얼티프리,컨셉·클레임,2025-03-03,0.41545
크루얼티프리,컨셉·클레임,2025-03-10,1.03032
크루얼티프리,컨셉·클레임,2025-03-17,1.11341
크루얼티프리,컨셉·클레임,2025-03-24,1.1882
크루얼티프리,컨셉·클레임,2025-03-31,1.17158
크루얼티프리,컨셉·클레임,2025-04-07,1.32945
크루얼티프리,컨셉·클레임,2025-04-14,1.02201
크루얼티프리,컨셉·클레임,2025-04-21,0.98047
크루얼티프리,컨셉·클레임,2025-04-28,0.60656
크루얼티프리,컨셉·클레임,2025-05-05,0.85583
크루얼티프리,컨셉·클레임,2025-05-12,1.5538
크루얼티프리,컨셉·클레임,2025-05-19,1.2796
크루얼티프리,컨셉·클레임,2025-05-26,1.81969
크루얼티프리,컨셉·클레임,2025-06-02,0.72289
크루얼티프리,컨셉·클레임,2025-06-09,2.88325
크루얼티프리,컨셉·클레임,2025-06-16,1.06356
크루얼티프리,컨셉·클레임,2025-06-23,0.93061
크루얼티프리,컨셉·클레임,2025-06-30,1.11341
크루얼티프리,컨셉·클레임,2025-07-07,1.37931
크루얼티프리,컨셉·클레임,2025-07-14,1.23805
크루얼티프리,컨셉·클레임,2025-07-21,0.53178
크루얼티프리,컨셉·클레임,2025-07-28,0.50685
크루얼티프리,컨셉·클레임,2025-08-04,0.44869
크루얼티프리,컨셉·클레임,2025-08-11,0.7312
크루얼티프리,컨셉·클레임,2025-08-18,1.17158
크루얼티프리,컨셉·클레임,2025-08-25,0.68134
크루얼티프리,컨셉·클레임,2025-09-01,0.86414
크루얼티프리,컨셉·클레임,2025-09-08,0.71458
크루얼티프리,컨셉·클레임,2025-09-15,1.02201
크루얼티프리,컨셉·클레임,2025-09-22,0.58163
크루얼티프리,컨셉·클레임,2025-09-29,0.39052
크루얼티프리,컨셉·클레임,2025-10-06,0.14125
크루얼티프리,컨셉·클레임,2025-10-13,0.70627
크루얼티프리,컨셉·클레임,2025-10-20,0.99709
크루얼티프리,컨셉·클레임,2025-10-27,0.72289
크루얼티프리,컨셉·클레임,2025-11-03,0.4653
크루얼티프리,컨셉·클레임,2025-11-10,0.76443
크루얼티프리,컨셉·클레임,2025-11-17,0.93892
크루얼티프리,컨셉·클레임,2025-11-24,0.8309
크루얼티프리,컨셉·클레임,2025-12-01,0.44869
크루얼티프리,컨셉·클레임,2025-12-08,0.57332
크루얼티프리,컨셉·클레임,2025-12-15,0.5484
크루얼티프리,컨셉·클레임,2025-12-22,0.20772
크루얼티프리,컨셉·클레임,2025-12-29,0.05816
크루얼티프리,컨셉·클레임,2026-01-05,0.457
크루얼티프리,컨셉·클레임,2026-01-12,0.11632
크루얼티프리,컨셉·클레임,2026-01-19,0.15787
크루얼티프리,컨셉·클레임,2026-01-26,0.14125
크루얼티프리,컨셉·클레임,2026-02-02,0.14956
크루얼티프리,컨셉·클레임,2026-02-09,0.0997
크루얼티프리,컨셉·클레임,2026-02-23,0.0997
크루얼티프리,컨셉·클레임,2026-03-09,0.20772
크루얼티프리,컨셉·클레임,2026-03-16,0.11632
크루얼티프리,컨셉·클레임,2026-03-23,0.1828
크루얼티프리,컨셉·클레임,2026-03-30,0.86414
크루얼티프리,컨셉·클레임,2026-04-06,0.68134
크루얼티프리,컨셉·클레임,2026-04-13,0.39883
크루얼티프리,컨셉·클레임,2026-04-20,0.2742
크루얼티프리,컨셉·클레임,2026-04-27,0.23265
크루얼티프리,컨셉·클레임,2026-05-04,0.67303
크루얼티프리,컨셉·클레임,2026-05-11,0.84752
크루얼티프리,컨셉·클레임,2026-05-18,1.0054
크루얼티프리,컨셉·클레임,2026-05-25,0.79767
크루얼티프리,컨셉·클레임,2026-06-01,0.88076
크루얼티프리,컨셉·클레임,2026-06-08,0.90569
크루얼티프리,컨셉·클레임,2026-06-15,0.65641
크루얼티프리,컨셉·클레임,2026-06-22,0.54009
크루얼티프리,컨셉·클레임,2026-06-29,0.32405
크루얼티프리,컨셉·클레임,2026-07-06,0.70627
크루얼티프리,컨셉·클레임,2026-07-13,0.58994
크루얼티프리,컨셉·클레임,2026-07-20,0.08309
크루얼티프리,컨셉·클레임,2026-07-27,0.0914
크루얼티프리,컨셉·클레임,2026-08-03,0.15787
크루얼티프리,컨셉·클레임,2026-08-10,0.25758
크루얼티프리,컨셉·클레임,2026-08-17,0.33236
크루얼티프리,컨셉·클레임,2026-08-24,0.19941
크루얼티프리,컨셉·클레임,2026-08-31,0.26589
크루얼티프리,컨셉·클레임,2026-09-07,0.26589
크루얼티프리,컨셉·클레임,2026-09-14,0.2825
크루얼티프리,컨셉·클레임,2026-09-21,0.19941
크루얼티프리,컨셉·클레임,2026-09-28,0.04985
더마코스메틱,컨셉·클레임,2020-12-28,4.61985
더마코스메틱,컨셉·클레임,2021-01-04,4.23764
더마코스메틱,컨셉·클레임,2021-01-11,5.17656
더마코스메틱,컨셉·클레임,2021-01-18,5.23473
더마코스메틱,컨셉·클레임,2021-01-25,100
더마코스메틱,컨셉·클레임,2021-02-01,24.74449
더마코스메틱,컨셉·클레임,2021-02-08,18.56252
더마코스메틱,컨셉·클레임,2021-02-15,11.94017
더마코스메틱,컨셉·클레임,2021-02-22,7.93518
더마코스메틱,컨셉·클레임,2021-03-01,11.62442
더마코스메틱,컨셉·클레임,2021-03-08,7.02118
더마코스메틱,컨셉·클레임,2021-03-15,7.37847
더마코스메틱,컨셉·클레임,2021-03-22,6.87162
더마코스메틱,컨셉·클레임,2021-03-29,27.27877
더마코스메틱,컨셉·클레임,2021-04-05,6.04071
더마코스메틱,컨셉·클레임,2021-04-12,4.15454
더마코스메틱,컨셉·클레임,2021-04-19,4.98545
더마코스메틱,컨셉·클레임,2021-04-26,5.26796
더마코스메틱,컨셉·클레임,2021-05-03,3.89696
더마코스메틱,컨셉·클레임,2021-05-10,4.83589
더마코스메틱,컨셉·클레임,2021-05-17,4.96884
더마코스메틱,컨셉·클레임,2021-05-24,4.99376
더마코스메틱,컨셉·클레임,2021-05-31,5.61695
더마코스메틱,컨셉·클레임,2021-06-07,6.93809
더마코스메틱,컨셉·클레임,2021-06-14,4.80265
더마코스메틱,컨셉·클레임,2021-06-21,5.1184
더마코스메틱,컨셉·클레임,2021-06-28,3.92189
더마코스메틱,컨셉·클레임,2021-07-05,4.69464
더마코스메틱,컨셉·클레임,2021-07-12,11.13419
더마코스메틱,컨셉·클레임,2021-07-19,5.01869
더마코스메틱,컨셉·클레임,2021-07-26,4.40382
더마코스메틱,컨셉·클레임,2021-08-02,3.40673
더마코스메틱,컨셉·클레임,2021-08-09,15.45492
더마코스메틱,컨셉·클레임,2021-08-16,3.66431
더마코스메틱,컨셉·클레임,2021-08-23,4.10469
더마코스메틱,컨셉·클레임,2021-08-30,5.18487
더마코스메틱,컨셉·클레임,2021-09-06,6.88824
더마코스메틱,컨셉·클레임,2021-09-13,4.55338
더마코스메틱,컨셉·클레임,2021-09-20,3.05774
더마코스메틱,컨셉·클레임,2021-09-27,5.58371
더마코스메틱,컨셉·클레임,2021-10-04,4.8442
더마코스메틱,컨셉·클레임,2021-10-11,4.45367
더마코스메틱,컨셉·클레임,2021-10-18,4.50353
더마코스메틱,컨셉·클레임,2021-10-25,4.42874
더마코스메틱,컨셉·클레임,2021-11-01,4.81927
더마코스메틱,컨셉·클레임,2021-11-08,4.99376
더마코스메틱,컨셉·클레임,2021-11-15,3.85542
더마코스메틱,컨셉·클레임,2021-11-22,3.80556
더마코스메틱,컨셉·클레임,2021-11-29,5.78313
더마코스메틱,컨셉·클레임,2021-12-06,3.9302
더마코스메틱,컨셉·클레임,2021-12-13,3.26547
더마코스메틱,컨셉·클레임,2021-12-20,3.57291
더마코스메틱,컨셉·클레임,2021-12-27,3.3818
더마코스메틱,컨셉·클레임,2022-01-03,3.89696
더마코스메틱,컨셉·클레임,2022-01-10,3.82218
더마코스메틱,컨셉·클레임,2022-01-17,3.94682
더마코스메틱,컨셉·클레임,2022-01-24,3.24885
더마코스메틱,컨셉·클레임,2022-01-31,3.08267
더마코스메틱,컨셉·클레임,2022-02-07,3.91358
더마코스메틱,컨셉·클레임,2022-02-14,4.27087
더마코스메틱,컨셉·클레임,2022-02-21,3.95513
더마코스메틱,컨셉·클레임,2022-02-28,4.03822
더마코스메틱,컨셉·클레임,2022-03-07,3.46489
더마코스메틱,컨셉·클레임,2022-03-14,4.95222
더마코스메틱,컨셉·클레임,2022-03-21,4.07976
더마코스메틱,컨셉·클레임,2022-03-28,3.69754
더마코스메틱,컨셉·클레임,2022-04-04,3.35687
더마코스메틱,컨셉·클레임,2022-04-11,4.98545
더마코스메틱,컨셉·클레임,2022-04-18,5.3012
더마코스메틱,컨셉·클레임,2022-04-25,3.53967
더마코스메틱,컨셉·클레임,2022-05-02,2.67552
더마코스메틱,컨셉·클레임,2022-05-09,3.45658
더마코스메틱,컨셉·클레임,2022-05-16,4.21271
더마코스메틱,컨셉·클레임,2022-05-23,4.58662
더마코스메틱,컨셉·클레임,2022-05-30,3.22393
더마코스메틱,컨셉·클레임,2022-06-06,3.00789
더마코스메틱,컨셉·클레임,2022-06-13,3.67262
더마코스메틱,컨셉·클레임,2022-06-20,3.97174
더마코스메틱,컨셉·클레임,2022-06-27,3.04943
더마코스메틱,컨셉·클레임,2022-07-04,3.05774
더마코스메틱,컨셉·클레임,2022-07-11,3.58122
더마코스메틱,컨셉·클레임,2022-07-18,2.75031
더마코스메틱,컨셉·클레임,2022-07-25,2.99958
더마코스메틱,컨셉·클레임,2022-08-01,6.3066
더마코스메틱,컨셉·클레임,2022-08-08,3.23223
더마코스메틱,컨셉·클레임,2022-08-15,3.37349
더마코스메틱,컨셉·클레임,2022-08-22,3.19069
더마코스메틱,컨셉·클레임,2022-08-29,3.25716
더마코스메틱,컨셉·클레임,2022-09-05,2.53427
더마코스메틱,컨셉·클레임,2022-09-12,2.95803
더마코스메틱,컨셉·클레임,2022-09-19,3.00789
더마코스메틱,컨셉·클레임,2022-09-26,3.37349
더마코스메틱,컨셉·클레임,2022-10-03,3.1076
더마코스메틱,컨셉·클레임,2022-10-10,4.52845
더마코스메틱,컨셉·클레임,2022-10-17,4.90236
더마코스메틱,컨셉·클레임,2022-10-24,2.99127
더마코스메틱,컨셉·클레임,2022-10-31,3.45658
더마코스메틱,컨셉·클레임,2022-11-07,4.00498
더마코스메틱,컨셉·클레임,2022-11-14,3.2904
더마코스메틱,컨셉·클레임,2022-11-21,3.656
더마코스메틱,컨셉·클레임,2022-11-28,4.69464
더마코스메틱,컨셉·클레임,2022-12-05,4.52014
더마코스메틱,컨셉·클레임,2022-12-12,2.98296
더마코스메틱,컨셉·클레임,2022-12-19,3.53136
더마코스메틱,컨셉·클레임,2022-12-26,2.50934
더마코스메틱,컨셉·클레임,2023-01-02,3.13253
더마코스메틱,컨셉·클레임,2023-01-09,3.63938
더마코스메틱,컨셉·클레임,2023-01-16,3.24885
더마코스메틱,컨셉·클레임,2023-01-23,3.28209
더마코스메틱,컨셉·클레임,2023-01-30,3.87203
더마코스메틱,컨셉·클레임,2023-02-06,3.50643
더마코스메틱,컨셉·클레임,2023-02-13,4.56169
더마코스메틱,컨셉·클레임,2023-02-20,3.3818
더마코스메틱,컨셉·클레임,2023-02-27,3.41503
더마코스메틱,컨셉·클레임,2023-03-06,4.01329
더마코스메틱,컨셉·클레임,2023-03-13,3.89696
더마코스메틱,컨셉·클레임,2023-03-20,4.76942
더마코스메틱,컨셉·클레임,2023-03-27,4.86082
더마코스메틱,컨셉·클레임,2023-04-03,3.19069
더마코스메틱,컨셉·클레임,2023-04-10,2.93311
더마코스메틱,컨셉·클레임,2023-04-17,3.58953
더마코스메틱,컨셉·클레임,2023-04-24,3.17407
더마코스메틱,컨셉·클레임,2023-05-01,3.30702
더마코스메틱,컨셉·클레임,2023-05-08,3.35687
더마코스메틱,컨셉·클레임,2023-05-15,3.34025
더마코스메틱,컨셉·클레임,2023-05-22,3.54798
더마코스메틱,컨셉·클레임,2023-05-29,3.39011
더마코스메틱,컨셉·클레임,2023-06-05,3.90527
더마코스메틱,컨셉·클레임,2023-06-12,6.19027
더마코스메틱,컨셉·클레임,2023-06-19,3.52305
더마코스메틱,컨셉·클레임,2023-06-26,3.40673
더마코스메틱,컨셉·클레임,2023-07-03,6.43124
더마코스메틱,컨셉·클레임,2023-07-10,4.26256
더마코스메틱,컨셉·클레임,2023-07-17,3.52305
더마코스메틱,컨셉·클레임,2023-07-24,6.68882
더마코스메틱,컨셉·클레임,2023-07-31,3.54798
더마코스메틱,컨셉·클레임,2023-08-07,3.14083
더마코스메틱,컨셉·클레임,2023-08-14,3.51474
더마코스메틱,컨셉·클레임,2023-08-21,3.99667
더마코스메틱,컨셉·클레임,2023-08-28,4.43705
더마코스메틱,컨셉·클레임,2023-09-04,3.84711
더마코스메틱,컨셉·클레임,2023-09-11,3.44827
더마코스메틱,컨셉·클레임,2023-09-18,2.80847
더마코스메틱,컨셉·클레임,2023-09-25,2.47611
더마코스메틱,컨셉·클레임,2023-10-02,3.55629
더마코스메틱,컨셉·클레임,2023-10-09,2.93311
더마코스메틱,컨셉·클레임,2023-10-16,3.73078
더마코스메틱,컨셉·클레임,2023-10-23,4.03822
더마코스메틱,컨셉·클레임,2023-10-30,3.07436
더마코스메틱,컨셉·클레임,2023-11-06,3.95513
더마코스메틱,컨셉·클레임,2023-11-13,4.01329
더마코스메틱,컨셉·클레임,2023-11-20,3.83049
더마코스메틱,컨셉·클레임,2023-11-27,3.93851
더마코스메틱,컨셉·클레임,2023-12-04,3.52305
더마코스메틱,컨셉·클레임,2023-12-11,3.48982
더마코스메틱,컨셉·클레임,2023-12-18,3.70585
더마코스메틱,컨셉·클레임,2023-12-25,2.49272
더마코스메틱,컨셉·클레임,2024-01-01,3.9302
더마코스메틱,컨셉·클레임,2024-01-08,4.06314
더마코스메틱,컨셉·클레임,2024-01-15,4.09638
더마코스메틱,컨셉·클레임,2024-01-22,5.12671
더마코스메틱,컨셉·클레임,2024-01-29,4.09638
더마코스메틱,컨셉·클레임,2024-02-05,3.07436
더마코스메틱,컨셉·클레임,2024-02-12,4.02991
더마코스메틱,컨셉·클레임,2024-02-19,3.66431
더마코스메틱,컨셉·클레임,2024-02-26,3.5646
더마코스메틱,컨셉·클레임,2024-03-04,4.09638
더마코스메틱,컨셉·클레임,2024-03-11,3.99667
더마코스메틱,컨셉·클레임,2024-03-18,3.63938
더마코스메틱,컨셉·클레임,2024-03-25,4.86913
더마코스메틱,컨셉·클레임,2024-04-01,3.5646
더마코스메틱,컨셉·클레임,2024-04-08,3.52305
더마코스메틱,컨셉·클레임,2024-04-15,3.43165
더마코스메틱,컨셉·클레임,2024-04-22,3.23223
더마코스메틱,컨셉·클레임,2024-04-29,2.73369
더마코스메틱,컨셉·클레임,2024-05-06,3.34025
더마코스메틱,컨셉·클레임,2024-05-13,2.89987
더마코스메틱,컨셉·클레임,2024-05-20,4.06314
더마코스메틱,컨셉·클레임,2024-05-27,4.30411
더마코스메틱,컨셉·클레임,2024-06-03,3.76402
더마코스메틱,컨셉·클레임,2024-06-10,4.10469
더마코스메틱,컨셉·클레임,2024-06-17,3.66431
더마코스메틱,컨셉·클레임,2024-06-24,3.33194
더마코스메틱,컨셉·클레임,2024-07-01,3.90527
더마코스메틱,컨셉·클레임,2024-07-08,2.76692
더마코스메틱,컨셉·클레임,2024-07-15,3.48982
더마코스메틱,컨셉·클레임,2024-07-22,3.22393
더마코스메틱,컨셉·클레임,2024-07-29,2.4678
더마코스메틱,컨셉·클레임,2024-08-05,2.94142
더마코스메틱,컨셉·클레임,2024-08-12,2.89156
더마코스메틱,컨셉·클레임,2024-08-19,5.10178
더마코스메틱,컨셉·클레임,2024-08-26,4.04653
더마코스메틱,컨셉·클레임,2024-09-02,3.35687
더마코스메틱,컨셉·클레임,2024-09-09,2.60905
더마코스메틱,컨셉·클레임,2024-09-16,2.16867
더마코스메틱,컨셉·클레임,2024-09-23,6.36476
더마코스메틱,컨셉·클레임,2024-09-30,2.6506
더마코스메틱,컨셉·클레임,2024-10-07,2.38471
더마코스메틱,컨셉·클레임,2024-10-14,3.24885
더마코스메틱,컨셉·클레임,2024-10-21,2.52596
더마코스메틱,컨셉·클레임,2024-10-28,3.09098
더마코스메틱,컨셉·클레임,2024-11-04,3.59783
더마코스메틱,컨셉·클레임,2024-11-11,3.21562
더마코스메틱,컨셉·클레임,2024-11-18,2.90818
더마코스메틱,컨셉·클레임,2024-11-25,3.04943
더마코스메틱,컨셉·클레임,2024-12-02,3.45658
더마코스메틱,컨셉·클레임,2024-12-09,3.199
더마코스메틱,컨셉·클레임,2024-12-16,2.81678
더마코스메틱,컨셉·클레임,2024-12-23,2.38471
더마코스메틱,컨셉·클레임,2024-12-30,2.00249
더마코스메틱,컨셉·클레임,2025-01-06,2.89987
더마코스메틱,컨셉·클레임,2025-01-13,2.99127
더마코스메틱,컨셉·클레임,2025-01-20,2.38471
더마코스메틱,컨셉·클레임,2025-01-27,1.83631
더마코스메틱,컨셉·클레임,2025-02-03,3.85542
더마코스메틱,컨셉·클레임,2025-02-10,3.5646
더마코스메틱,컨셉·클레임,2025-02-17,3.16576
더마코스메틱,컨셉·클레임,2025-02-24,2.80847
더마코스메틱,컨셉·클레임,2025-03-03,2.99127
더마코스메틱,컨셉·클레임,2025-03-10,2.64229
더마코스메틱,컨셉·클레임,2025-03-17,2.94972
더마코스메틱,컨셉·클레임,2025-03-24,3.04943
더마코스메틱,컨셉·클레임,2025-03-31,2.42625
더마코스메틱,컨셉·클레임,2025-04-07,3.0162
더마코스메틱,컨셉·클레임,2025-04-14,2.60905
더마코스메틱,컨셉·클레임,2025-04-21,2.33485
더마코스메틱,컨셉·클레임,2025-04-28,2.42625
더마코스메틱,컨셉·클레임,2025-05-05,2.59243
더마코스메틱,컨셉·클레임,2025-05-12,3.8388
더마코스메틱,컨셉·클레임,2025-05-19,2.94142
더마코스메틱,컨셉·클레임,2025-05-26,3.03282
더마코스메틱,컨셉·클레임,2025-06-02,4.12962
더마코스메틱,컨셉·클레임,2025-06-09,3.48982
더마코스메틱,컨셉·클레임,2025-06-16,3.2904
더마코스메틱,컨셉·클레임,2025-06-23,2.60905
더마코스메틱,컨셉·클레임,2025-06-30,4.40382
더마코스메틱,컨셉·클레임,2025-07-07,3.30702
더마코스메틱,컨셉·클레임,2025-07-14,3.36518
더마코스메틱,컨셉·클레임,2025-07-21,4.74449
더마코스메틱,컨셉·클레임,2025-07-28,3.22393
더마코스메틱,컨셉·클레임,2025-08-04,2.93311
더마코스메틱,컨셉·클레임,2025-08-11,2.90818
더마코스메틱,컨셉·클레임,2025-08-18,2.99958
더마코스메틱,컨셉·클레임,2025-08-25,3.03282
더마코스메틱,컨셉·클레임,2025-09-01,3.03282
더마코스메틱,컨셉·클레임,2025-09-08,2.44287
더마코스메틱,컨셉·클레임,2025-09-15,2.8334
더마코스메틱,컨셉·클레임,2025-09-22,2.50934
더마코스메틱,컨셉·클레임,2025-09-29,2.35978
더마코스메틱,컨셉·클레임,2025-10-06,1.52887
더마코스메틱,컨셉·클레임,2025-10-13,2.41794
더마코스메틱,컨셉·클레임,2025-10-20,2.66722
더마코스메틱,컨셉·클레임,2025-10-27,2.85002
더마코스메틱,컨셉·클레임,2025-11-03,2.99958
더마코스메틱,컨셉·클레임,2025-11-10,3.42334
더마코스메틱,컨셉·클레임,2025-11-17,3.86373
더마코스메틱,컨셉·클레임,2025-11-24,3.656
더마코스메틱,컨셉·클레임,2025-12-01,3.4732
더마코스메틱,컨셉·클레임,2025-12-08,2.35978
더마코스메틱,컨셉·클레임,2025-12-15,2.45118
더마코스메틱,컨셉·클레임,2025-12-22,2.14374
더마코스메틱,컨셉·클레임,2025-12-29,2.13543
더마코스메틱,컨셉·클레임,2026-01-05,3.15745
더마코스메틱,컨셉·클레임,2026-01-12,3.91358
더마코스메틱,컨셉·클레임,2026-01-19,2.59243
더마코스메틱,컨셉·클레임,2026-01-26,2.89156
더마코스메틱,컨셉·클레임,2026-02-02,3.22393
더마코스메틱,컨셉·클레임,2026-02-09,3.09929
더마코스메틱,컨셉·클레임,2026-02-16,2.16867
더마코스메틱,컨셉·클레임,2026-02-23,2.99127
더마코스메틱,컨셉·클레임,2026-03-02,2.41794
더마코스메틱,컨셉·클레임,2026-03-09,3.72247
더마코스메틱,컨셉·클레임,2026-03-16,2.51765
더마코스메틱,컨셉·클레임,2026-03-23,2.75862
더마코스메틱,컨셉·클레임,2026-03-30,2.95803
더마코스메틱,컨셉·클레임,2026-04-06,2.66722
더마코스메틱,컨셉·클레임,2026-04-13,2.9248
더마코스메틱,컨셉·클레임,2026-04-20,3.80556
더마코스메틱,컨셉·클레임,2026-04-27,2.95803
더마코스메틱,컨셉·클레임,2026-05-04,3.64769
더마코스메틱,컨셉·클레임,2026-05-11,3.24054
더마코스메틱,컨셉·클레임,2026-05-18,3.34025
더마코스메틱,컨셉·클레임,2026-05-25,2.64229
더마코스메틱,컨셉·클레임,2026-06-01,3.02451
더마코스메틱,컨셉·클레임,2026-06-08,3.09929
더마코스메틱,컨셉·클레임,2026-06-15,7.04611
더마코스메틱,컨셉·클레임,2026-06-22,4.87744
더마코스메틱,컨셉·클레임,2026-06-29,3.43996
더마코스메틱,컨셉·클레임,2026-07-06,2.38471
더마코스메틱,컨셉·클레임,2026-07-13,2.36809
더마코스메틱,컨셉·클레임,2026-07-20,3.04113
더마코스메틱,컨셉·클레임,2026-07-27,4.42874
더마코스메틱,컨셉·클레임,2026-08-03,2.3764
더마코스메틱,컨셉·클레임,2026-08-10,2.55089
더마코스메틱,컨셉·클레임,2026-08-17,2.23514
더마코스메틱,컨셉·클레임,2026-08-24,2.58412
더마코스메틱,컨셉·클레임,2026-08-31,2.23514
더마코스메틱,컨셉·클레임,2026-09-07,2.45949
더마코스메틱,컨셉·클레임,2026-09-14,2.65891
더마코스메틱,컨셉·클레임,2026-09-21,1.828
더마코스메틱,컨셉·클레임,2026-09-28,0.66472
논코메도제닉,컨셉·클레임,2020-12-28,5.5754
논코메도제닉,컨셉·클레임,2021-01-04,6.51433
논코메도제닉,컨셉·클레임,2021-01-11,6.9464
논코메도제닉,컨셉·클레임,2021-01-18,5.97424
논코메도제닉,컨셉·클레임,2021-01-25,5.20149
논코메도제닉,컨셉·클레임,2021-02-01,5.45076
논코메도제닉,컨셉·클레임,2021-02-08,5.51724
논코메도제닉,컨셉·클레임,2021-02-15,5.89115
논코메도제닉,컨셉·클레임,2021-02-22,4.96053
논코메도제닉,컨셉·클레임,2021-03-01,4.74449
논코메도제닉,컨셉·클레임,2021-03-08,5.44245
논코메도제닉,컨셉·클레임,2021-03-15,6.13211
논코메도제닉,컨셉·클레임,2021-03-22,5.74158
논코메도제닉,컨셉·클레임,2021-03-29,5.51724
논코메도제닉,컨셉·클레임,2021-04-05,5.71665
논코메도제닉,컨셉·클레임,2021-04-12,5.50893
논코메도제닉,컨셉·클레임,2021-04-19,4.76942
논코메도제닉,컨셉·클레임,2021-04-26,4.2958
논코메도제닉,컨셉·클레임,2021-05-03,4.7528
논코메도제닉,컨셉·클레임,2021-05-10,5.18487
논코메도제닉,컨셉·클레임,2021-05-17,4.94391
논코메도제닉,컨셉·클레임,2021-05-24,4.7528
논코메도제닉,컨셉·클레임,2021-05-31,5.01869
논코메도제닉,컨셉·클레임,2021-06-07,4.86082
논코메도제닉,컨셉·클레임,2021-06-14,5.55047
논코메도제닉,컨셉·클레임,2021-06-21,4.53676
논코메도제닉,컨셉·클레임,2021-06-28,4.92729
논코메도제닉,컨셉·클레임,2021-07-05,5.56709
논코메도제닉,컨셉·클레임,2021-07-12,5.17656
논코메도제닉,컨셉·클레임,2021-07-19,5.09347
논코메도제닉,컨셉·클레임,2021-07-26,4.92729
논코메도제닉,컨셉·클레임,2021-08-02,4.87744
논코메도제닉,컨셉·클레임,2021-08-09,5.27627
논코메도제닉,컨셉·클레임,2021-08-16,5.81636
논코메도제닉,컨셉·클레임,2021-08-23,6.70544
논코메도제닉,컨셉·클레임,2021-08-30,4.73618
논코메도제닉,컨셉·클레임,2021-09-06,4.50353
논코메도제닉,컨셉·클레임,2021-09-13,4.81927
논코메도제닉,컨셉·클레임,2021-09-20,3.73909
논코메도제닉,컨셉·클레임,2021-09-27,4.09638
논코메도제닉,컨셉·클레임,2021-10-04,4.03822
논코메도제닉,컨셉·클레임,2021-10-11,4.51184
논코메도제닉,컨셉·클레임,2021-10-18,4.55338
논코메도제닉,컨셉·클레임,2021-10-25,4.64478
논코메도제닉,컨셉·클레임,2021-11-01,4.22933
논코메도제닉,컨셉·클레임,2021-11-08,4.79434
논코메도제닉,컨셉·클레임,2021-11-15,3.71416
논코메도제닉,컨셉·클레임,2021-11-22,3.78063
논코메도제닉,컨셉·클레임,2021-11-29,5.43415
논코메도제닉,컨셉·클레임,2021-12-06,3.8388
논코메도제닉,컨셉·클레임,2021-12-13,3.58953
논코메도제닉,컨셉·클레임,2021-12-20,3.28209
논코메도제닉,컨셉·클레임,2021-12-27,3.48982
논코메도제닉,컨셉·클레임,2022-01-03,4.19609
논코메도제닉,컨셉·클레임,2022-01-10,5.59202
논코메도제닉,컨셉·클레임,2022-01-17,4.97714
논코메도제닉,컨셉·클레임,2022-01-24,4.02991
논코메도제닉,컨셉·클레임,2022-01-31,5.04362
논코메도제닉,컨셉·클레임,2022-02-07,5.99085
논코메도제닉,컨셉·클레임,2022-02-14,4.67802
논코메도제닉,컨셉·클레임,2022-02-21,4.86082
논코메도제닉,컨셉·클레임,2022-02-28,5.45076
논코메도제닉,컨셉·클레임,2022-03-07,5.20149
논코메도제닉,컨셉·클레임,2022-03-14,5.17656
논코메도제닉,컨셉·클레임,2022-03-21,4.97714
논코메도제닉,컨셉·클레임,2022-03-28,7.51142
논코메도제닉,컨셉·클레임,2022-04-04,8.64977
논코메도제닉,컨셉·클레임,2022-04-11,5.14333
논코메도제닉,컨셉·클레임,2022-04-18,5.55878
논코메도제닉,컨셉·클레임,2022-04-25,5.55878
논코메도제닉,컨셉·클레임,2022-05-02,5.3926
논코메도제닉,컨셉·클레임,2022-05-09,4.58662
논코메도제닉,컨셉·클레임,2022-05-16,5.31782
논코메도제닉,컨셉·클레임,2022-05-23,5.20149
논코메도제닉,컨셉·클레임,2022-05-30,5.06024
논코메도제닉,컨셉·클레임,2022-06-06,4.83589
논코메도제닉,컨셉·클레임,2022-06-13,4.47029
논코메도제닉,컨셉·클레임,2022-06-20,4.81927
논코메도제닉,컨셉·클레임,2022-06-27,4.71956
논코메도제닉,컨셉·클레임,2022-07-04,4.82758
논코메도제닉,컨셉·클레임,2022-07-11,4.31242
논코메도제닉,컨셉·클레임,2022-07-18,4.12962
논코메도제닉,컨셉·클레임,2022-07-25,6.43124
논코메도제닉,컨셉·클레임,2022-08-01,5.98255
논코메도제닉,컨셉·클레임,2022-08-08,6.13211
논코메도제닉,컨셉·클레임,2022-08-15,5.71665
논코메도제닉,컨셉·클레임,2022-08-22,5.22642
논코메도제닉,컨셉·클레임,2022-08-29,4.99376
논코메도제닉,컨셉·클레임,2022-09-05,4.09638
논코메도제닉,컨셉·클레임,2022-09-12,5.54216
논코메도제닉,컨셉·클레임,2022-09-19,5.25965
논코메도제닉,컨셉·클레임,2022-09-26,5.26796
논코메도제닉,컨셉·클레임,2022-10-03,3.93851
논코메도제닉,컨셉·클레임,2022-10-10,3.85542
논코메도제닉,컨셉·클레임,2022-10-17,4.04653
논코메도제닉,컨셉·클레임,2022-10-24,4.19609
논코메도제닉,컨셉·클레임,2022-10-31,4.35396
논코메도제닉,컨셉·클레임,2022-11-07,4.96884
논코메도제닉,컨셉·클레임,2022-11-14,4.61985
논코메도제닉,컨셉·클레임,2022-11-21,4.25425
논코메도제닉,컨셉·클레임,2022-11-28,4.02991
논코메도제닉,컨셉·클레임,2022-12-05,4.0216
논코메도제닉,컨셉·클레임,2022-12-12,3.60614
논코메도제닉,컨셉·클레임,2022-12-19,3.45658
논코메도제닉,컨셉·클레임,2022-12-26,3.40673
논코메도제닉,컨셉·클레임,2023-01-02,4.42044
논코메도제닉,컨셉·클레임,2023-01-09,4.62816
논코메도제닉,컨셉·클레임,2023-01-16,4.82758
논코메도제닉,컨셉·클레임,2023-01-23,5.06855
논코메도제닉,컨셉·클레임,2023-01-30,4.34565
논코메도제닉,컨셉·클레임,2023-02-06,5.46738
논코메도제닉,컨셉·클레임,2023-02-13,4.73618
논코메도제닉,컨셉·클레임,2023-02-20,5.44245
논코메도제닉,컨셉·클레임,2023-02-27,5.59202
논코메도제닉,컨셉·클레임,2023-03-06,4.76111
논코메도제닉,컨셉·클레임,2023-03-13,4.99376
논코메도제닉,컨셉·클레임,2023-03-20,5.21811
논코메도제닉,컨셉·클레임,2023-03-27,4.71125
논코메도제닉,컨셉·클레임,2023-04-03,4.45367
논코메도제닉,컨셉·클레임,2023-04-10,4.62816
논코메도제닉,컨셉·클레임,2023-04-17,3.82218
논코메도제닉,컨셉·클레임,2023-04-24,4.36227
논코메도제닉,컨셉·클레임,2023-05-01,4.113
논코메도제닉,컨셉·클레임,2023-05-08,3.8388
논코메도제닉,컨셉·클레임,2023-05-15,3.80556
논코메도제닉,컨셉·클레임,2023-05-22,3.3818
논코메도제닉,컨셉·클레임,2023-05-29,3.95513
논코메도제닉,컨셉·클레임,2023-06-05,5.58371
논코메도제닉,컨셉·클레임,2023-06-12,8.20938
논코메도제닉,컨셉·클레임,2023-06-19,3.89696
논코메도제닉,컨셉·클레임,2023-06-26,4.10469
논코메도제닉,컨셉·클레임,2023-07-03,5.13502
논코메도제닉,컨셉·클레임,2023-07-10,4.28749
논코메도제닉,컨셉·클레임,2023-07-17,3.87203
논코메도제닉,컨셉·클레임,2023-07-24,3.73078
논코메도제닉,컨셉·클레임,2023-07-31,4.0216
논코메도제닉,컨셉·클레임,2023-08-07,4.41213
논코메도제닉,컨셉·클레임,2023-08-14,3.98836
논코메도제닉,컨셉·클레임,2023-08-21,3.84711
논코메도제닉,컨셉·클레임,2023-08-28,4.15454
논코메도제닉,컨셉·클레임,2023-09-04,3.49813
논코메도제닉,컨셉·클레임,2023-09-11,3.67262
논코메도제닉,컨셉·클레임,2023-09-18,3.63938
논코메도제닉,컨셉·클레임,2023-09-25,2.36809
논코메도제닉,컨셉·클레임,2023-10-02,3.05774
논코메도제닉,컨셉·클레임,2023-10-09,3.53136
논코메도제닉,컨셉·클레임,2023-10-16,3.45658
논코메도제닉,컨셉·클레임,2023-10-23,3.80556
논코메도제닉,컨셉·클레임,2023-10-30,3.45658
논코메도제닉,컨셉·클레임,2023-11-06,3.31533
논코메도제닉,컨셉·클레임,2023-11-13,3.32363
논코메도제닉,컨셉·클레임,2023-11-20,3.36518
논코메도제닉,컨셉·클레임,2023-11-27,3.36518
논코메도제닉,컨셉·클레임,2023-12-04,3.39011
논코메도제닉,컨셉·클레임,2023-12-11,2.56751
논코메도제닉,컨셉·클레임,2023-12-18,2.80016
논코메도제닉,컨셉·클레임,2023-12-25,2.33485
논코메도제닉,컨셉·클레임,2024-01-01,3.199
논코메도제닉,컨셉·클레임,2024-01-08,3.23223
논코메도제닉,컨셉·클레임,2024-01-15,3.30702
논코메도제닉,컨셉·클레임,2024-01-22,3.60614
논코메도제닉,컨셉·클레임,2024-01-29,4.04653
논코메도제닉,컨셉·클레임,2024-02-05,2.99958
논코메도제닉,컨셉·클레임,2024-02-12,4.0216
논코메도제닉,컨셉·클레임,2024-02-19,3.70585
논코메도제닉,컨셉·클레임,2024-02-26,3.79725
논코메도제닉,컨셉·클레임,2024-03-04,4.17116
논코메도제닉,컨셉·클레임,2024-03-11,3.41503
논코메도제닉,컨셉·클레임,2024-03-18,3.656
논코메도제닉,컨셉·클레임,2024-03-25,3.8388
논코메도제닉,컨셉·클레임,2024-04-01,3.58122
논코메도제닉,컨셉·클레임,2024-04-08,4.10469
논코메도제닉,컨셉·클레임,2024-04-15,4.36227
논코메도제닉,컨셉·클레임,2024-04-22,3.69754
논코메도제닉,컨셉·클레임,2024-04-29,3.66431
논코메도제닉,컨셉·클레임,2024-05-06,3.89696
논코메도제닉,컨셉·클레임,2024-05-13,4.17947
논코메도제닉,컨셉·클레임,2024-05-20,4.74449
논코메도제닉,컨셉·클레임,2024-05-27,4.86082
논코메도제닉,컨셉·클레임,2024-06-03,3.60614
논코메도제닉,컨셉·클레임,2024-06-10,4.01329
논코메도제닉,컨셉·클레임,2024-06-17,3.73909
논코메도제닉,컨셉·클레임,2024-06-24,3.33194
논코메도제닉,컨셉·클레임,2024-07-01,3.77233
논코메도제닉,컨셉·클레임,2024-07-08,3.93851
논코메도제닉,컨셉·클레임,2024-07-15,5.37598
논코메도제닉,컨셉·클레임,2024-07-22,4.85251
논코메도제닉,컨셉·클레임,2024-07-29,4.81096
논코메도제닉,컨셉·클레임,2024-08-05,5.61695
논코메도제닉,컨셉·클레임,2024-08-12,5.55878
논코메도제닉,컨셉·클레임,2024-08-19,6.61404
논코메도제닉,컨셉·클레임,2024-08-26,6.34815
논코메도제닉,컨셉·클레임,2024-09-02,4.89405
논코메도제닉,컨셉·클레임,2024-09-09,3.06605
논코메도제닉,컨셉·클레임,2024-09-16,2.89156
논코메도제닉,컨셉·클레임,2024-09-23,3.5646
논코메도제닉,컨셉·클레임,2024-09-30,3.30702
논코메도제닉,컨셉·클레임,2024-10-07,3.09098
논코메도제닉,컨셉·클레임,2024-10-14,2.75862
논코메도제닉,컨셉·클레임,2024-10-21,2.90818
논코메도제닉,컨셉·클레임,2024-10-28,2.99127
논코메도제닉,컨셉·클레임,2024-11-04,3.36518
논코메도제닉,컨셉·클레임,2024-11-11,3.41503
논코메도제닉,컨셉·클레임,2024-11-18,3.25716
논코메도제닉,컨셉·클레임,2024-11-25,3.54798
논코메도제닉,컨셉·클레임,2024-12-02,3.29871
논코메도제닉,컨셉·클레임,2024-12-09,2.75031
논코메도제닉,컨셉·클레임,2024-12-16,2.62567
논코메도제닉,컨셉·클레임,2024-12-23,2.35978
논코메도제닉,컨셉·클레임,2024-12-30,2.36809
논코메도제닉,컨셉·클레임,2025-01-06,3.36518
논코메도제닉,컨셉·클레임,2025-01-13,2.47611
논코메도제닉,컨셉·클레임,2025-01-20,2.06896
논코메도제닉,컨셉·클레임,2025-01-27,1.90278
논코메도제닉,컨셉·클레임,2025-02-03,2.21852
논코메도제닉,컨셉·클레임,2025-02-10,2.45118
논코메도제닉,컨셉·클레임,2025-02-17,2.76692
논코메도제닉,컨셉·클레임,2025-02-24,2.51765
논코메도제닉,컨셉·클레임,2025-03-03,2.68383
논코메도제닉,컨셉·클레임,2025-03-10,2.03572
논코메도제닉,컨셉·클레임,2025-03-17,2.71707
논코메도제닉,컨셉·클레임,2025-03-24,3.04113
논코메도제닉,컨셉·클레임,2025-03-31,2.60905
논코메도제닉,컨셉·클레임,2025-04-07,4.17116
논코메도제닉,컨셉·클레임,2025-04-14,6.42293
논코메도제닉,컨셉·클레임,2025-04-21,5.85791
논코메도제닉,컨셉·클레임,2025-04-28,5.45076
논코메도제닉,컨셉·클레임,2025-05-05,5.55047
논코메도제닉,컨셉·클레임,2025-05-12,6.855
논코메도제닉,컨셉·클레임,2025-05-19,6.63066
논코메도제닉,컨셉·클레임,2025-05-26,7.46987
논코메도제닉,컨셉·클레임,2025-06-02,8.52513
논코메도제닉,컨셉·클레임,2025-06-09,7.83547
논코메도제닉,컨셉·클레임,2025-06-16,6.68882
논코메도제닉,컨셉·클레임,2025-06-23,6.92147
논코메도제닉,컨셉·클레임,2025-06-30,8.92397
논코메도제닉,컨셉·클레임,2025-07-07,7.34524
논코메도제닉,컨셉·클레임,2025-07-14,7.52804
논코메도제닉,컨셉·클레임,2025-07-21,8.98213
논코메도제닉,컨셉·클레임,2025-07-28,8.94889
논코메도제닉,컨셉·클레임,2025-08-04,9.66348
논코메도제닉,컨셉·클레임,2025-08-11,8.10968
논코메도제닉,컨셉·클레임,2025-08-18,10.40299
논코메도제닉,컨셉·클레임,2025-08-25,13.02866
논코메도제닉,컨셉·클레임,2025-09-01,11.20066
논코메도제닉,컨셉·클레임,2025-09-08,9.88782
논코메도제닉,컨셉·클레임,2025-09-15,9.08184
논코메도제닉,컨셉·클레임,2025-09-22,8.11798
논코메도제닉,컨셉·클레임,2025-09-29,7.26215
논코메도제닉,컨셉·클레임,2025-10-06,8.07644
논코메도제닉,컨셉·클레임,2025-10-13,8.45866
논코메도제닉,컨셉·클레임,2025-10-20,7.65267
논코메도제닉,컨셉·클레임,2025-10-27,8.33402
논코메도제닉,컨셉·클레임,2025-11-03,8.52513
논코메도제닉,컨셉·클레임,2025-11-10,6.58911
논코메도제닉,컨셉·클레임,2025-11-17,6.398
논코메도제닉,컨셉·클레임,2025-11-24,6.38138
논코메도제닉,컨셉·클레임,2025-12-01,6.99626
논코메도제닉,컨셉·클레임,2025-12-08,5.55878
논코메도제닉,컨셉·클레임,2025-12-15,4.81927
논코메도제닉,컨셉·클레임,2025-12-22,4.87744
논코메도제닉,컨셉·클레임,2025-12-29,5.35105
논코메도제닉,컨셉·클레임,2026-01-05,5.83298
논코메도제닉,컨셉·클레임,2026-01-12,5.82467
논코메도제닉,컨셉·클레임,2026-01-19,5.77482
논코메도제닉,컨셉·클레임,2026-01-26,5.83298
논코메도제닉,컨셉·클레임,2026-02-02,6.02409
논코메도제닉,컨셉·클레임,2026-02-09,5.95762
논코메도제닉,컨셉·클레임,2026-02-16,5.52555
논코메도제닉,컨셉·클레임,2026-02-23,6.78853
논코메도제닉,컨셉·클레임,2026-03-02,6.45616
논코메도제닉,컨셉·클레임,2026-03-09,5.96593
논코메도제닉,컨셉·클레임,2026-03-16,5.23473
논코메도제닉,컨셉·클레임,2026-03-23,5.85791
논코메도제닉,컨셉·클레임,2026-03-30,6.07395
논코메도제닉,컨셉·클레임,2026-04-06,5.83298
논코메도제닉,컨셉·클레임,2026-04-13,6.58911
논코메도제닉,컨셉·클레임,2026-04-20,6.05733
논코메도제닉,컨셉·클레임,2026-04-27,5.6668
논코메도제닉,컨셉·클레임,2026-05-04,6.43955
논코메도제닉,컨셉·클레임,2026-05-11,6.05733
논코메도제닉,컨셉·클레임,2026-05-18,5.25135
논코메도제닉,컨셉·클레임,2026-05-25,6.98795
논코메도제닉,컨셉·클레임,2026-06-01,6.54756
논코메도제닉,컨셉·클레임,2026-06-08,5.58371
논코메도제닉,컨셉·클레임,2026-06-15,5.52555
논코메도제닉,컨셉·클레임,2026-06-22,5.01869
논코메도제닉,컨셉·클레임,2026-06-29,5.47569
논코메도제닉,컨셉·클레임,2026-07-06,5.484
논코메도제닉,컨셉·클레임,2026-07-13,5.19318
논코메도제닉,컨셉·클레임,2026-07-20,4.98545
논코메도제닉,컨셉·클레임,2026-07-27,5.484
논코메도제닉,컨셉·클레임,2026-08-03,5.65018
논코메도제닉,컨셉·클레임,2026-08-10,5.50062
논코메도제닉,컨셉·클레임,2026-08-17,4.57831
논코메도제닉,컨셉·클레임,2026-08-24,4.36227
논코메도제닉,컨셉·클레임,2026-08-31,4.97714
논코메도제닉,컨셉·클레임,2026-09-07,4.72787
논코메도제닉,컨셉·클레임,2026-09-14,4.32904
논코메도제닉,컨셉·클레임,2026-09-21,3.91358
논코메도제닉,컨셉·클레임,2026-09-28,0.78936
자연유래 성분,컨셉·클레임,2020-12-28,0.17449
자연유래 성분,컨셉·클레임,2021-01-04,0.20772
자연유래 성분,컨셉·클레임,2021-01-11,0.35729
자연유래 성분,컨셉·클레임,2021-01-18,0.81429
자연유래 성분,컨셉·클레임,2021-01-25,0.39052
자연유래 성분,컨셉·클레임,2021-02-01,0.1911
자연유래 성분,컨셉·클레임,2021-02-08,0.16618
자연유래 성분,컨셉·클레임,2021-02-15,0.24096
자연유래 성분,컨셉·클레임,2021-02-22,0.07478
자연유래 성분,컨셉·클레임,2021-03-01,0.61487
자연유래 성분,컨셉·클레임,2021-03-08,0.31574
자연유래 성분,컨셉·클레임,2021-03-15,0.2742
자연유래 성분,컨셉·클레임,2021-03-22,0.10801
자연유래 성분,컨셉·클레임,2021-03-29,0.14956
자연유래 성분,컨셉·클레임,2021-04-05,0.04985
자연유래 성분,컨셉·클레임,2021-04-12,0.2742
자연유래 성분,컨셉·클레임,2021-04-19,0.58994
자연유래 성분,컨셉·클레임,2021-04-26,0.34067
자연유래 성분,컨셉·클레임,2021-05-03,0.2825
자연유래 성분,컨셉·클레임,2021-05-10,0.2742
자연유래 성분,컨셉·클레임,2021-05-17,0.1828
자연유래 성분,컨셉·클레임,2021-05-24,0.10801
자연유래 성분,컨셉·클레임,2021-05-31,0.21603
자연유래 성분,컨셉·클레임,2021-06-07,0.14956
자연유래 성분,컨셉·클레임,2021-06-14,0.2742
자연유래 성분,컨셉·클레임,2021-06-21,0.38221
자연유래 성분,컨셉·클레임,2021-06-28,0.10801
자연유래 성분,컨셉·클레임,2021-07-05,0.25758
자연유래 성분,컨셉·클레임,2021-07-12,0.17449
자연유래 성분,컨셉·클레임,2021-07-19,1.02201
자연유래 성분,컨셉·클레임,2021-07-26,0.08309
자연유래 성분,컨셉·클레임,2021-08-02,0.25758
자연유래 성분,컨셉·클레임,2021-08-09,0.14125
자연유래 성분,컨셉·클레임,2021-08-16,0.04985
자연유래 성분,컨셉·클레임,2021-08-23,0.14956
자연유래 성분,컨셉·클레임,2021-08-30,0.34898
자연유래 성분,컨셉·클레임,2021-09-06,0.04154
자연유래 성분,컨셉·클레임,2021-09-13,0.3656
자연유래 성분,컨셉·클레임,2021-09-20,0.12463
자연유래 성분,컨셉·클레임,2021-09-27,0.26589
자연유래 성분,컨셉·클레임,2021-10-04,0.08309
자연유래 성분,컨셉·클레임,2021-10-11,0.25758
자연유래 성분,컨셉·클레임,2021-10-18,0.14125
자연유래 성분,컨셉·클레임,2021-10-25,0.14956
자연유래 성분,컨셉·클레임,2021-11-01,0.22434
자연유래 성분,컨셉·클레임,2021-11-08,0.22434
자연유래 성분,컨셉·클레임,2021-11-22,0.04985
자연유래 성분,컨셉·클레임,2021-11-29,0.0914
자연유래 성분,컨셉·클레임,2021-12-06,0.11632
자연유래 성분,컨셉·클레임,2021-12-13,0.34067
자연유래 성분,컨셉·클레임,2021-12-20,0.1828
자연유래 성분,컨셉·클레임,2021-12-27,0.05816
자연유래 성분,컨셉·클레임,2022-01-03,0.0997
자연유래 성분,컨셉·클레임,2022-01-10,0.38221
자연유래 성분,컨셉·클레임,2022-01-17,0.11632
자연유래 성분,컨셉·클레임,2022-01-24,0.1828
자연유래 성분,컨셉·클레임,2022-01-31,0.05816
자연유래 성분,컨셉·클레임,2022-02-07,0.30743
자연유래 성분,컨셉·클레임,2022-02-14,0.20772
자연유래 성분,컨셉·클레임,2022-02-21,0.20772
자연유래 성분,컨셉·클레임,2022-03-07,0.14956
자연유래 성분,컨셉·클레임,2022-03-14,0.1911
자연유래 성분,컨셉·클레임,2022-03-21,0.20772
자연유래 성분,컨셉·클레임,2022-03-28,0.1828
자연유래 성분,컨셉·클레임,2022-04-04,0.11632
자연유래 성분,컨셉·클레임,2022-04-11,0.13294
자연유래 성분,컨셉·클레임,2022-04-18,0.1911
자연유래 성분,컨셉·클레임,2022-04-25,0.1911
자연유래 성분,컨셉·클레임,2022-05-02,0.04154
자연유래 성분,컨셉·클레임,2022-05-09,0.15787
자연유래 성분,컨셉·클레임,2022-05-16,0.1911
자연유래 성분,컨셉·클레임,2022-05-23,0.10801
자연유래 성분,컨셉·클레임,2022-05-30,0.17449
자연유래 성분,컨셉·클레임,2022-06-06,0.11632
자연유래 성분,컨셉·클레임,2022-06-13,0.14125
자연유래 성분,컨셉·클레임,2022-06-20,0.04154
자연유래 성분,컨셉·클레임,2022-06-27,0.13294
자연유래 성분,컨셉·클레임,2022-07-04,0.0997
자연유래 성분,컨셉·클레임,2022-07-11,0.23265
자연유래 성분,컨셉·클레임,2022-07-18,0.12463
자연유래 성분,컨셉·클레임,2022-07-25,0.14956
자연유래 성분,컨셉·클레임,2022-08-08,0.17449
자연유래 성분,컨셉·클레임,2022-08-15,0.29081
자연유래 성분,컨셉·클레임,2022-08-22,0.16618
자연유래 성분,컨셉·클레임,2022-09-05,0.21603
자연유래 성분,컨셉·클레임,2022-09-12,0.05816
자연유래 성분,컨셉·클레임,2022-09-19,0.14956
자연유래 성분,컨셉·클레임,2022-09-26,0.29912
자연유래 성분,컨셉·클레임,2022-10-03,0.17449
자연유래 성분,컨셉·클레임,2022-10-10,0.08309
자연유래 성분,컨셉·클레임,2022-10-17,0.04154
자연유래 성분,컨셉·클레임,2022-10-24,0.08309
자연유래 성분,컨셉·클레임,2022-10-31,0.31574
자연유래 성분,컨셉·클레임,2022-11-07,0.24927
자연유래 성분,컨셉·클레임,2022-11-14,0.0914
자연유래 성분,컨셉·클레임,2022-11-21,0.23265
자연유래 성분,컨셉·클레임,2022-11-28,0.0914
자연유래 성분,컨셉·클레임,2022-12-05,0.23265
자연유래 성분,컨셉·클레임,2022-12-12,0.24096
자연유래 성분,컨셉·클레임,2022-12-19,0.15787
자연유래 성분,컨셉·클레임,2022-12-26,0.04985
자연유래 성분,컨셉·클레임,2023-01-02,0.14956
자연유래 성분,컨셉·클레임,2023-01-09,0.08309
자연유래 성분,컨셉·클레임,2023-01-16,0.26589
자연유래 성분,컨셉·클레임,2023-01-23,0.22434
자연유래 성분,컨셉·클레임,2023-01-30,0.20772
자연유래 성분,컨셉·클레임,2023-02-06,0.08309
자연유래 성분,컨셉·클레임,2023-02-13,0.12463
자연유래 성분,컨셉·클레임,2023-02-20,0.16618
자연유래 성분,컨셉·클레임,2023-02-27,0.04985
자연유래 성분,컨셉·클레임,2023-03-06,0.04154
자연유래 성분,컨셉·클레임,2023-03-13,0.04154
자연유래 성분,컨셉·클레임,2023-03-20,0.16618
자연유래 성분,컨셉·클레임,2023-03-27,0.1911
자연유래 성분,컨셉·클레임,2023-04-10,0.24096
자연유래 성분,컨셉·클레임,2023-04-17,0.0997
자연유래 성분,컨셉·클레임,2023-04-24,0.0914
자연유래 성분,컨셉·클레임,2023-05-01,0.04154
자연유래 성분,컨셉·클레임,2023-05-08,0.13294
자연유래 성분,컨셉·클레임,2023-05-15,0.0997
자연유래 성분,컨셉·클레임,2023-05-22,0.10801
자연유래 성분,컨셉·클레임,2023-05-29,0.1828
자연유래 성분,컨셉·클레임,2023-06-05,0.0997
자연유래 성분,컨셉·클레임,2023-06-12,0.22434
자연유래 성분,컨셉·클레임,2023-06-19,0.04985
자연유래 성분,컨셉·클레임,2023-06-26,0.0997
자연유래 성분,컨셉·클레임,2023-07-03,0.2825
자연유래 성분,컨셉·클레임,2023-07-10,0.0914
자연유래 성분,컨셉·클레임,2023-07-24,0.05816
자연유래 성분,컨셉·클레임,2023-07-31,0.05816
자연유래 성분,컨셉·클레임,2023-08-07,0.26589
자연유래 성분,컨셉·클레임,2023-08-21,0.14956
자연유래 성분,컨셉·클레임,2023-09-04,0.0914
자연유래 성분,컨셉·클레임,2023-09-11,0.0997
자연유래 성분,컨셉·클레임,2023-09-18,0.04154
자연유래 성분,컨셉·클레임,2023-09-25,0.0997
자연유래 성분,컨셉·클레임,2023-10-02,0.0914
자연유래 성분,컨셉·클레임,2023-10-09,0.04154
자연유래 성분,컨셉·클레임,2023-10-16,0.10801
자연유래 성분,컨셉·클레임,2023-10-23,0.07478
자연유래 성분,컨셉·클레임,2023-10-30,0.05816
자연유래 성분,컨셉·클레임,2023-11-06,0.0997
자연유래 성분,컨셉·클레임,2023-11-13,0.04985
자연유래 성분,컨셉·클레임,2023-11-20,0.04154
자연유래 성분,컨셉·클레임,2023-11-27,0.14125
자연유래 성분,컨셉·클레임,2023-12-04,0.1828
자연유래 성분,컨셉·클레임,2023-12-18,0.13294
자연유래 성분,컨셉·클레임,2023-12-25,0.04985
자연유래 성분,컨셉·클레임,2024-01-01,0.0997
자연유래 성분,컨셉·클레임,2024-01-08,0.14125
자연유래 성분,컨셉·클레임,2024-01-15,0.04985
자연유래 성분,컨셉·클레임,2024-01-22,0.0997
자연유래 성분,컨셉·클레임,2024-02-05,0.11632
자연유래 성분,컨셉·클레임,2024-02-12,0.0914
자연유래 성분,컨셉·클레임,2024-02-19,0.10801
자연유래 성분,컨셉·클레임,2024-02-26,0.04154
자연유래 성분,컨셉·클레임,2024-03-04,0.1911
자연유래 성분,컨셉·클레임,2024-03-11,0.11632
자연유래 성분,컨셉·클레임,2024-03-18,0.0997
자연유래 성분,컨셉·클레임,2024-04-01,0.19941
자연유래 성분,컨셉·클레임,2024-04-08,0.0914
자연유래 성분,컨셉·클레임,2024-04-15,0.13294
자연유래 성분,컨셉·클레임,2024-04-22,0.06647
자연유래 성분,컨셉·클레임,2024-05-06,0.04154
자연유래 성분,컨셉·클레임,2024-05-13,0.04985
자연유래 성분,컨셉·클레임,2024-05-20,0.04154
자연유래 성분,컨셉·클레임,2024-05-27,0.0914
자연유래 성분,컨셉·클레임,2024-06-03,0.04154
자연유래 성분,컨셉·클레임,2024-06-10,0.3739
자연유래 성분,컨셉·클레임,2024-06-17,0.15787
자연유래 성분,컨셉·클레임,2024-07-01,0.05816
자연유래 성분,컨셉·클레임,2024-07-15,0.04154
자연유래 성분,컨셉·클레임,2024-07-22,0.06647
자연유래 성분,컨셉·클레임,2024-07-29,0.14956
자연유래 성분,컨셉·클레임,2024-08-05,0.15787
자연유래 성분,컨셉·클레임,2024-08-19,0.04985
자연유래 성분,컨셉·클레임,2024-08-26,0.06647
자연유래 성분,컨셉·클레임,2024-09-02,0.04985
자연유래 성분,컨셉·클레임,2024-09-09,0.14956
자연유래 성분,컨셉·클레임,2024-09-16,0.04985
자연유래 성분,컨셉·클레임,2024-09-23,0.06647
자연유래 성분,컨셉·클레임,2024-09-30,0.04154
자연유래 성분,컨셉·클레임,2024-10-21,0.06647
자연유래 성분,컨셉·클레임,2024-10-28,0.12463
자연유래 성분,컨셉·클레임,2024-11-04,0.24096
자연유래 성분,컨셉·클레임,2024-11-11,0.0914
자연유래 성분,컨셉·클레임,2024-11-18,0.04154
자연유래 성분,컨셉·클레임,2024-11-25,0.19941
자연유래 성분,컨셉·클레임,2024-12-02,0.08309
자연유래 성분,컨셉·클레임,2024-12-09,0.05816
자연유래 성분,컨셉·클레임,2024-12-23,0.04154
자연유래 성분,컨셉·클레임,2025-02-10,0.04985
자연유래 성분,컨셉·클레임,2025-02-17,0.04154
자연유래 성분,컨셉·클레임,2025-03-10,0.08309
자연유래 성분,컨셉·클레임,2025-03-24,0.04154
자연유래 성분,컨셉·클레임,2025-03-31,0.16618
자연유래 성분,컨셉·클레임,2025-04-07,0.14125
자연유래 성분,컨셉·클레임,2025-04-21,0.14125
자연유래 성분,컨셉·클레임,2025-05-19,0.04985
자연유래 성분,컨셉·클레임,2025-06-09,0.0997
자연유래 성분,컨셉·클레임,2025-06-23,0.06647
자연유래 성분,컨셉·클레임,2025-07-07,0.04154
자연유래 성분,컨셉·클레임,2025-07-21,0.04154
자연유래 성분,컨셉·클레임,2025-09-15,0.04154
자연유래 성분,컨셉·클레임,2025-11-17,0.04154
자연유래 성분,컨셉·클레임,2026-01-05,0.86414
자연유래 성분,컨셉·클레임,2026-01-12,0.20772
자연유래 성분,컨셉·클레임,2026-01-19,0.04985
자연유래 성분,컨셉·클레임,2026-03-30,0.05816
자연유래 성분,컨셉·클레임,2026-04-13,0.04154
자연유래 성분,컨셉·클레임,2026-05-11,0.05816
친환경 화장품,컨셉·클레임,2020-12-28,19.21397
친환경 화장품,컨셉·클레임,2021-01-04,26.78311
친환경 화장품,컨셉·클레임,2021-01-11,23.28966
친환경 화장품,컨셉·클레임,2021-01-18,28.09315
친환경 화장품,컨셉·클레임,2021-01-25,17.75836
친환경 화장품,컨셉·클레임,2021-02-01,24.89082
친환경 화장품,컨셉·클레임,2021-02-08,17.54002
친환경 화장품,컨셉·클레임,2021-02-15,23.07132
친환경 화장품,컨셉·클레임,2021-02-22,21.54294
친환경 화장품,컨셉·클레임,2021-03-01,21.03347
친환경 화장품,컨셉·클레임,2021-03-08,29.18486
친환경 화장품,컨셉·클레임,2021-03-15,30.05822
친환경 화장품,컨셉·클레임,2021-03-22,29.69432
친환경 화장품,컨셉·클레임,2021-03-29,27.07423
친환경 화장품,컨셉·클레임,2021-04-05,32.31441
친환경 화장품,컨셉·클레임,2021-04-12,32.96943
친환경 화장품,컨셉·클레임,2021-04-19,38.2096
친환경 화장품,컨셉·클레임,2021-04-26,27.00145
친환경 화장품,컨셉·클레임,2021-05-03,22.56186
친환경 화장품,컨셉·클레임,2021-05-10,32.16885
친환경 화장품,컨셉·클레임,2021-05-17,28.02037
친환경 화장품,컨셉·클레임,2021-05-24,38.71906
친환경 화장품,컨셉·클레임,2021-05-31,33.98835
친환경 화장품,컨셉·클레임,2021-06-07,27.00145
친환경 화장품,컨셉·클레임,2021-06-14,27.65647
친환경 화장품,컨셉·클레임,2021-06-21,16.95778
친환경 화장품,컨셉·클레임,2021-06-28,17.68558
친환경 화장품,컨셉·클레임,2021-07-05,21.97962
친환경 화장품,컨셉·클레임,2021-07-12,30.56768
친환경 화장품,컨셉·클레임,2021-07-19,16.01164
친환경 화장품,컨셉·클레임,2021-07-26,20.59679
친환경 화장품,컨셉·클레임,2021-08-02,16.81222
친환경 화장품,컨셉·클레임,2021-08-09,20.45123
친환경 화장품,컨셉·클레임,2021-08-16,18.04949
친환경 화장품,컨셉·클레임,2021-08-23,19.21397
친환경 화장품,컨셉·클레임,2021-08-30,18.99563
친환경 화장품,컨셉·클레임,2021-09-06,27.87481
친환경 화장품,컨셉·클레임,2021-09-13,20.88791
친환경 화장품,컨셉·클레임,2021-09-20,14.26491
친환경 화장품,컨셉·클레임,2021-09-27,23.21688
친환경 화장품,컨셉·클레임,2021-10-04,22.85298
친환경 화장품,컨셉·클레임,2021-10-11,23.94468
친환경 화장품,컨셉·클레임,2021-10-18,22.48908
친환경 화장품,컨셉·클레임,2021-10-25,25.90975
친환경 화장품,컨셉·클레임,2021-11-01,27.21979
친환경 화장품,컨셉·클레임,2021-11-08,21.10625
친환경 화장품,컨셉·클레임,2021-11-15,21.32459
친환경 화장품,컨셉·클레임,2021-11-22,22.85298
친환경 화장품,컨셉·클레임,2021-11-29,20.30567
친환경 화장품,컨셉·클레임,2021-12-06,20.45123
친환경 화장품,컨셉·클레임,2021-12-13,17.2489
친환경 화장품,컨셉·클레임,2021-12-20,21.97962
친환경 화장품,컨셉·클레임,2021-12-27,15.72052
친환경 화장품,컨셉·클레임,2022-01-03,14.99272
친환경 화장품,컨셉·클레임,2022-01-10,18.55895
친환경 화장품,컨셉·클레임,2022-01-17,17.2489
친환경 화장품,컨셉·클레임,2022-01-24,15.7933
친환경 화장품,컨셉·클레임,2022-01-31,10.6259
친환경 화장품,컨셉·클레임,2022-02-07,18.04949
친환경 화장품,컨셉·클레임,2022-02-14,11.79039
친환경 화장품,컨셉·클레임,2022-02-21,15.50218
친환경 화장품,컨셉·클레임,2022-02-28,13.46433
친환경 화장품,컨셉·클레임,2022-03-07,16.73944
친환경 화장품,컨셉·클레임,2022-03-14,20.59679
친환경 화장품,컨셉·클레임,2022-03-21,18.99563
친환경 화장품,컨셉·클레임,2022-03-28,23.07132
친환경 화장품,컨셉·클레임,2022-04-04,22.19796
친환경 화장품,컨셉·클레임,2022-04-11,24.09024
친환경 화장품,컨셉·클레임,2022-04-18,29.0393
친환경 화장품,컨셉·클레임,2022-04-25,18.77729
친환경 화장품,컨셉·클레임,2022-05-02,18.19505
친환경 화장품,컨셉·클레임,2022-05-09,21.25181
친환경 화장품,컨셉·클레임,2022-05-16,22.7802
친환경 화장품,컨셉·클레임,2022-05-23,22.19796
친환경 화장품,컨셉·클레임,2022-05-30,20.08733
친환경 화장품,컨셉·클레임,2022-06-06,16.95778
친환경 화장품,컨셉·클레임,2022-06-13,19.94177
친환경 화장품,컨셉·클레임,2022-06-20,14.62882
친환경 화장품,컨셉·클레임,2022-06-27,13.82823
친환경 화장품,컨셉·클레임,2022-07-04,17.6128
친환경 화장품,컨셉·클레임,2022-07-11,24.45414
친환경 화장품,컨셉·클레임,2022-07-18,16.81222
친환경 화장품,컨셉·클레임,2022-07-25,13.46433
친환경 화장품,컨셉·클레임,2022-08-01,11.93595
친환경 화장품,컨셉·클레임,2022-08-08,9.60698
친환경 화장품,컨셉·클레임,2022-08-15,13.39155
친환경 화장품,컨셉·클레임,2022-08-22,15.35662
친환경 화장품,컨셉·클레임,2022-08-29,16.1572
친환경 화장품,컨셉·클레임,2022-09-05,12.59097
친환경 화장품,컨셉·클레임,2022-09-12,19.94177
친환경 화장품,컨셉·클레임,2022-09-19,16.95778
친환경 화장품,컨셉·클레임,2022-09-26,17.2489
친환경 화장품,컨셉·클레임,2022-10-03,14.26491
친환경 화장품,컨셉·클레임,2022-10-10,18.85007
친환경 화장품,컨셉·클레임,2022-10-17,15.72052
친환경 화장품,컨셉·클레임,2022-10-24,20.37845
친환경 화장품,컨셉·클레임,2022-10-31,14.55604
친환경 화장품,컨셉·클레임,2022-11-07,16.885
친환경 화장품,컨셉·클레임,2022-11-14,17.6128
친환경 화장품,컨셉·클레임,2022-11-21,22.7802
친환경 화장품,컨셉·클레임,2022-11-28,14.04657
친환경 화장품,컨셉·클레임,2022-12-05,15.72052
친환경 화장품,컨셉·클레임,2022-12-12,21.6885
친환경 화장품,컨셉·클레임,2022-12-19,12.22707
친환경 화장품,컨셉·클레임,2022-12-26,12.44541
친환경 화장품,컨셉·클레임,2023-01-02,13.24599
친환경 화장품,컨셉·클레임,2023-01-09,12.29985
친환경 화장품,컨셉·클레임,2023-01-16,12.15429
친환경 화장품,컨셉·클레임,2023-01-23,8.4425
친환경 화장품,컨셉·클레임,2023-01-30,9.1703
친환경 화장품,컨셉·클레임,2023-02-06,9.67976
친환경 화장품,컨셉·클레임,2023-02-13,9.31586
친환경 화장품,컨셉·클레임,2023-02-20,13.90101
친환경 화장품,컨셉·클레임,2023-02-27,7.49636
친환경 화장품,컨셉·클레임,2023-03-06,13.17321
친환경 화장품,컨셉·클레임,2023-03-13,19.57787
친환경 화장품,컨셉·클레임,2023-03-20,18.48617
친환경 화장품,컨셉·클레임,2023-03-27,20.23289
친환경 화장품,컨셉·클레임,2023-04-03,19.86899
친환경 화장품,컨셉·클레임,2023-04-10,20.08733
친환경 화장품,컨셉·클레임,2023-04-17,16.44832
친환경 화장품,컨셉·클레임,2023-04-24,12.59097
친환경 화장품,컨셉·클레임,2023-05-01,16.37554
친환경 화장품,컨셉·클레임,2023-05-08,21.76128
친환경 화장품,컨셉·클레임,2023-05-15,17.90393
친환경 화장품,컨셉·클레임,2023-05-22,25.69141
친환경 화장품,컨셉·클레임,2023-05-29,15.64774
친환경 화장품,컨셉·클레임,2023-06-05,14.7016
친환경 화장품,컨셉·클레임,2023-06-12,17.39446
친환경 화장품,컨셉·클레임,2023-06-19,11.35371
친환경 화장품,컨셉·클레임,2023-06-26,8.73362
친환경 화장품,컨셉·클레임,2023-07-03,11.93595
친환경 화장품,컨셉·클레임,2023-07-10,19.79621
친환경 화장품,컨셉·클레임,2023-07-17,10.55312
친환경 화장품,컨셉·클레임,2023-07-24,6.98689
친환경 화장품,컨셉·클레임,2023-07-31,8.8064
친환경 화장품,컨셉·클레임,2023-08-07,9.82532
친환경 화장품,컨셉·클레임,2023-08-14,8.0786
친환경 화장품,컨셉·클레임,2023-08-21,13.02765
친환경 화장품,컨셉·클레임,2023-08-28,13.97379
친환경 화장품,컨셉·클레임,2023-09-04,11.79039
친환경 화장품,컨셉·클레임,2023-09-11,13.82823
친환경 화장품,컨셉·클레임,2023-09-18,15.50218
친환경 화장품,컨셉·클레임,2023-09-25,9.02474
친환경 화장품,컨셉·클레임,2023-10-02,10.48034
친환경 화장품,컨셉·클레임,2023-10-09,14.84716
친환경 화장품,컨셉·클레임,2023-10-16,13.90101
친환경 화장품,컨셉·클레임,2023-10-23,20.74235
친환경 화장품,컨셉·클레임,2023-10-30,15.28384
친환경 화장품,컨셉·클레임,2023-11-06,12.73653
친환경 화장품,컨셉·클레임,2023-11-13,12.15429
친환경 화장품,컨셉·클레임,2023-11-20,15.21106
친환경 화장품,컨셉·클레임,2023-11-27,14.11935
친환경 화장품,컨셉·클레임,2023-12-04,15.28384
친환경 화장품,컨셉·클레임,2023-12-11,11.86317
친환경 화장품,컨셉·클레임,2023-12-18,11.35371
친환경 화장품,컨셉·클레임,2023-12-25,7.05967
친환경 화장품,컨셉·클레임,2024-01-01,6.33187
친환경 화장품,컨셉·클레임,2024-01-08,6.18631
친환경 화장품,컨셉·클레임,2024-01-15,8.0786
친환경 화장품,컨셉·클레임,2024-01-22,6.98689
친환경 화장품,컨셉·클레임,2024-01-29,7.49636
친환경 화장품,컨셉·클레임,2024-02-05,4.36681
친환경 화장품,컨셉·클레임,2024-02-12,5.89519
친환경 화장품,컨셉·클레임,2024-02-19,6.11353
친환경 화장품,컨셉·클레임,2024-02-26,5.96797
친환경 화장품,컨셉·클레임,2024-03-04,11.13537
친환경 화장품,컨셉·클레임,2024-03-11,12.95487
친환경 화장품,컨셉·클레임,2024-03-18,14.19213
친환경 화장품,컨셉·클레임,2024-03-25,14.99272
친환경 화장품,컨셉·클레임,2024-04-01,14.99272
친환경 화장품,컨셉·클레임,2024-04-08,13.68267
친환경 화장품,컨셉·클레임,2024-04-15,17.68558
친환경 화장품,컨셉·클레임,2024-04-22,11.06259
친환경 화장품,컨셉·클레임,2024-04-29,9.97088
친환경 화장품,컨셉·클레임,2024-05-06,12.29985
친환경 화장품,컨셉·클레임,2024-05-13,15.86608
친환경 화장품,컨셉·클레임,2024-05-20,17.97671
친환경 화장품,컨셉·클레임,2024-05-27,15.0655
친환경 화장품,컨셉·클레임,2024-06-03,14.48326
친환경 화장품,컨셉·클레임,2024-06-10,13.46433
친환경 화장품,컨셉·클레임,2024-06-17,11.35371
친환경 화장품,컨셉·클레임,2024-06-24,6.98689
친환경 화장품,컨셉·클레임,2024-07-01,5.67685
친환경 화장품,컨셉·클레임,2024-07-08,16.59388
친환경 화장품,컨셉·클레임,2024-07-15,16.44832
친환경 화장품,컨셉·클레임,2024-07-22,11.20815
친환경 화장품,컨셉·클레임,2024-07-29,5.24017
친환경 화장품,컨셉·클레임,2024-08-05,5.38573
친환경 화장품,컨셉·클레임,2024-08-12,6.91411
친환경 화장품,컨셉·클레임,2024-08-19,10.84425
친환경 화장품,컨셉·클레임,2024-08-26,11.64483
친환경 화장품,컨셉·클레임,2024-09-02,10.18922
친환경 화장품,컨셉·클레임,2024-09-09,11.13537
친환경 화장품,컨셉·클레임,2024-09-16,5.02183
친환경 화장품,컨셉·클레임,2024-09-23,12.66375
친환경 화장품,컨셉·클레임,2024-09-30,7.13245
친환경 화장품,컨셉·클레임,2024-10-07,10.6259
친환경 화장품,컨셉·클레임,2024-10-14,14.62882
친환경 화장품,컨셉·클레임,2024-10-21,12.73653
친환경 화장품,컨셉·클레임,2024-10-28,16.73944
친환경 화장품,컨셉·클레임,2024-11-04,11.57205
친환경 화장품,컨셉·클레임,2024-11-11,7.56914
친환경 화장품,컨셉·클레임,2024-11-18,8.00582
친환경 화장품,컨셉·클레임,2024-11-25,11.64483
친환경 화장품,컨셉·클레임,2024-12-02,9.75254
친환경 화장품,컨셉·클레임,2024-12-09,6.76855
친환경 화장품,컨셉·클레임,2024-12-16,100
친환경 화장품,컨셉·클레임,2024-12-23,9.82532
친환경 화장품,컨셉·클레임,2024-12-30,3.20232
친환경 화장품,컨셉·클레임,2025-01-06,3.56622
친환경 화장품,컨셉·클레임,2025-01-13,5.82241
친환경 화장품,컨셉·클레임,2025-01-20,4.36681
친환경 화장품,컨셉·클레임,2025-01-27,1.8195
친환경 화장품,컨셉·클레임,2025-02-03,6.47743
친환경 화장품,컨셉·클레임,2025-02-10,3.71179
친환경 화장품,컨셉·클레임,2025-02-17,6.47743
친환경 화장품,컨셉·클레임,2025-02-24,2.32896
친환경 화장품,컨셉·클레임,2025-03-03,4.07569
친환경 화장품,컨셉·클레임,2025-03-10,9.09752
친환경 화장품,컨셉·클레임,2025-03-17,9.09752
친환경 화장품,컨셉·클레임,2025-03-24,12.37263
친환경 화장품,컨셉·클레임,2025-03-31,11.35371
친환경 화장품,컨셉·클레임,2025-04-07,13.24599
친환경 화장품,컨셉·클레임,2025-04-14,7.86026
친환경 화장품,컨셉·클레임,2025-04-21,5.89519
친환경 화장품,컨셉·클레임,2025-04-28,4.00291
친환경 화장품,컨셉·클레임,2025-05-05,8.29694
친환경 화장품,컨셉·클레임,2025-05-12,8.95196
친환경 화장품,컨셉·클레임,2025-05-19,8.87918
친환경 화장품,컨셉·클레임,2025-05-26,8.0786
친환경 화장품,컨셉·클레임,2025-06-02,4.73071
친환경 화장품,컨셉·클레임,2025-06-09,7.13245
친환경 화장품,컨셉·클레임,2025-06-16,5.09461
친환경 화장품,컨셉·클레임,2025-06-23,3.78457
친환경 화장품,컨셉·클레임,2025-06-30,4.22125
친환경 화장품,컨셉·클레임,2025-07-07,9.67976
친환경 화장품,컨셉·클레임,2025-07-14,7.05967
친환경 화장품,컨셉·클레임,2025-07-21,2.83842
친환경 화장품,컨셉·클레임,2025-07-28,1.96506
친환경 화장품,컨셉·클레임,2025-08-04,4.14847
친환경 화장품,컨셉·클레임,2025-08-11,5.67685
친환경 화장품,컨셉·클레임,2025-08-18,4.43959
친환경 화장품,컨셉·클레임,2025-08-25,6.47743
친환경 화장품,컨셉·클레임,2025-09-01,5.60407
친환경 화장품,컨셉·클레임,2025-09-08,6.18631
친환경 화장품,컨셉·클레임,2025-09-15,5.82241
친환경 화장품,컨셉·클레임,2025-09-22,5.38573
친환경 화장품,컨셉·클레임,2025-09-29,3.20232
친환경 화장품,컨셉·클레임,2025-10-06,1.8195
친환경 화장품,컨셉·클레임,2025-10-13,3.93013
친환경 화장품,컨셉·클레임,2025-10-20,4.22125
친환경 화장품,컨셉·클레임,2025-10-27,5.09461
친환경 화장품,컨셉·클레임,2025-11-03,4.73071
친환경 화장품,컨셉·클레임,2025-11-10,2.47452
친환경 화장품,컨셉·클레임,2025-11-17,4.07569
친환경 화장품,컨셉·클레임,2025-11-24,5.02183
친환경 화장품,컨셉·클레임,2025-12-01,3.71179
친환경 화장품,컨셉·클레임,2025-12-08,1.8195
친환경 화장품,컨셉·클레임,2025-12-15,2.62008
친환경 화장품,컨셉·클레임,2025-12-22,3.42066
친환경 화장품,컨셉·클레임,2025-12-29,1.52838
친환경 화장품,컨셉·클레임,2026-01-05,3.05676
친환경 화장품,컨셉·클레임,2026-01-12,0.80058
친환경 화장품,컨셉·클레임,2026-01-19,2.11062
친환경 화장품,컨셉·클레임,2026-01-26,1.4556
친환경 화장품,컨셉·클레임,2026-02-02,2.32896
친환경 화장품,컨셉·클레임,2026-02-09,0.87336
친환경 화장품,컨셉·클레임,2026-02-23,2.76564
친환경 화장품,컨셉·클레임,2026-03-02,0.94614
친환경 화장품,컨셉·클레임,2026-03-09,2.25618
친환경 화장품,컨셉·클레임,2026-03-16,4.51237
친환경 화장품,컨셉·클레임,2026-03-23,4.22125
친환경 화장품,컨셉·클레임,2026-03-30,4.87627
친환경 화장품,컨셉·클레임,2026-04-06,5.82241
친환경 화장품,컨셉·클레임,2026-04-13,2.5473
친환경 화장품,컨셉·클레임,2026-04-20,0.94614
친환경 화장품,컨셉·클레임,2026-04-27,0.80058
친환경 화장품,컨셉·클레임,2026-05-04,1.8195
친환경 화장품,컨셉·클레임,2026-05-11,3.42066
친환경 화장품,컨셉·클레임,2026-05-18,3.93013
친환경 화장품,컨셉·클레임,2026-05-25,2.1834
친환경 화장품,컨셉·클레임,2026-06-01,0.87336
친환경 화장품,컨셉·클레임,2026-06-08,1.74672
친환경 화장품,컨셉·클레임,2026-07-06,2.5473
친환경 화장품,컨셉·클레임,2026-07-13,3.85735
친환경 화장품,컨셉·클레임,2026-07-27,0.3639
친환경 화장품,컨셉·클레임,2026-08-03,1.23726
친환경 화장품,컨셉·클레임,2026-08-10,0.50946
친환경 화장품,컨셉·클레임,2026-08-17,0.43668
친환경 화장품,컨셉·클레임,2026-08-24,1.60116
친환경 화장품,컨셉·클레임,2026-08-31,1.38282
친환경 화장품,컨셉·클레임,2026-09-07,2.47452
친환경 화장품,컨셉·클레임,2026-09-14,0.87336
피부과테스트,컨셉·클레임,2021-01-18,0.3639
피부과테스트,컨셉·클레임,2021-02-22,0.3639
피부과테스트,컨셉·클레임,2021-03-22,0.3639
피부과테스트,컨셉·클레임,2021-05-31,0.3639
피부과테스트,컨셉·클레임,2022-03-28,0.43668
피부과테스트,컨셉·클레임,2022-04-25,0.43668
피부과테스트,컨셉·클레임,2023-01-23,0.43668
보습력,컨셉·클레임,2020-12-28,1.01892
보습력,컨셉·클레임,2021-01-04,2.1834
보습력,컨셉·클레임,2021-01-11,0.50946
보습력,컨셉·클레임,2021-01-18,1.60116
보습력,컨셉·클레임,2021-01-25,2.9112
보습력,컨셉·클레임,2021-02-01,0.58224
보습력,컨셉·클레임,2021-02-08,0.43668
보습력,컨셉·클레임,2021-02-15,0.43668
보습력,컨셉·클레임,2021-02-22,1.01892
보습력,컨셉·클레임,2021-03-01,0.3639
보습력,컨셉·클레임,2021-03-08,0.3639
보습력,컨셉·클레임,2021-03-15,0.7278
보습력,컨셉·클레임,2021-03-22,0.7278
보습력,컨셉·클레임,2021-03-29,1.96506
보습력,컨셉·클레임,2021-04-05,0.3639
보습력,컨셉·클레임,2021-04-12,0.50946
보습력,컨셉·클레임,2021-04-19,0.87336
보습력,컨셉·클레임,2021-04-26,0.3639
보습력,컨셉·클레임,2021-05-10,1.38282
보습력,컨셉·클레임,2021-05-17,0.43668
보습력,컨셉·클레임,2021-05-24,0.80058
보습력,컨셉·클레임,2021-05-31,1.0917
보습력,컨셉·클레임,2021-06-07,0.3639
보습력,컨셉·클레임,2021-06-14,0.3639
보습력,컨셉·클레임,2021-06-21,0.50946
보습력,컨셉·클레임,2021-07-05,0.43668
보습력,컨셉·클레임,2021-08-30,0.50946
보습력,컨셉·클레임,2021-09-06,0.50946
보습력,컨셉·클레임,2021-09-20,0.50946
보습력,컨셉·클레임,2021-09-27,0.43668
보습력,컨셉·클레임,2021-10-04,0.94614
보습력,컨셉·클레임,2021-10-11,0.3639
보습력,컨셉·클레임,2021-10-18,0.50946
보습력,컨셉·클레임,2021-10-25,0.3639
보습력,컨셉·클레임,2021-11-01,1.67394
보습력,컨셉·클레임,2021-11-08,1.16448
보습력,컨셉·클레임,2021-11-15,1.38282
보습력,컨셉·클레임,2021-11-22,2.03784
보습력,컨셉·클레임,2021-11-29,1.74672
보습력,컨셉·클레임,2021-12-06,1.74672
보습력,컨셉·클레임,2021-12-13,0.3639
보습력,컨셉·클레임,2021-12-20,0.80058
보습력,컨셉·클레임,2021-12-27,1.38282
보습력,컨셉·클레임,2022-01-03,1.0917
보습력,컨셉·클레임,2022-01-10,0.80058
보습력,컨셉·클레임,2022-01-17,1.31004
보습력,컨셉·클레임,2022-01-24,0.80058
보습력,컨셉·클레임,2022-01-31,0.43668
보습력,컨셉·클레임,2022-02-07,0.3639
보습력,컨셉·클레임,2022-02-14,1.74672
보습력,컨셉·클레임,2022-02-21,0.50946
보습력,컨셉·클레임,2022-02-28,0.43668
보습력,컨셉·클레임,2022-03-07,0.94614
보습력,컨셉·클레임,2022-03-14,0.43668
보습력,컨셉·클레임,2022-03-21,0.3639
보습력,컨셉·클레임,2022-03-28,0.7278
보습력,컨셉·클레임,2022-04-04,0.87336
보습력,컨셉·클레임,2022-04-18,0.58224
보습력,컨셉·클레임,2022-05-09,0.7278
보습력,컨셉·클레임,2022-05-16,1.01892
보습력,컨셉·클레임,2022-05-23,1.31004
보습력,컨셉·클레임,2022-05-30,0.43668
보습력,컨셉·클레임,2022-06-06,0.43668
보습력,컨셉·클레임,2022-07-11,0.87336
보습력,컨셉·클레임,2022-08-01,0.3639
보습력,컨셉·클레임,2022-08-22,0.3639
보습력,컨셉·클레임,2022-09-05,0.87336
보습력,컨셉·클레임,2022-09-12,0.3639
보습력,컨셉·클레임,2022-09-19,1.31004
보습력,컨셉·클레임,2022-09-26,0.7278
보습력,컨셉·클레임,2022-10-03,0.7278
보습력,컨셉·클레임,2022-10-17,1.96506
보습력,컨셉·클레임,2022-10-24,0.3639
보습력,컨셉·클레임,2022-10-31,1.31004
보습력,컨셉·클레임,2022-11-07,0.7278
보습력,컨셉·클레임,2022-11-21,1.01892
보습력,컨셉·클레임,2022-11-28,1.23726
보습력,컨셉·클레임,2022-12-05,0.43668
보습력,컨셉·클레임,2022-12-12,2.03784
보습력,컨셉·클레임,2022-12-19,0.3639
보습력,컨셉·클레임,2022-12-26,0.3639
보습력,컨셉·클레임,2023-01-02,0.50946
보습력,컨셉·클레임,2023-01-16,0.3639
보습력,컨셉·클레임,2023-01-23,0.80058
보습력,컨셉·클레임,2023-02-06,0.80058
보습력,컨셉·클레임,2023-02-20,0.3639
보습력,컨셉·클레임,2023-02-27,0.65502
보습력,컨셉·클레임,2023-03-06,0.43668
보습력,컨셉·클레임,2023-03-27,0.43668
보습력,컨셉·클레임,2023-04-03,0.94614
보습력,컨셉·클레임,2023-04-10,0.43668
보습력,컨셉·클레임,2023-04-24,0.43668
보습력,컨셉·클레임,2023-06-12,0.3639
보습력,컨셉·클레임,2023-07-03,0.3639
보습력,컨셉·클레임,2023-07-24,0.3639
보습력,컨셉·클레임,2023-08-28,0.80058
보습력,컨셉·클레임,2023-09-18,0.3639
보습력,컨셉·클레임,2023-09-25,0.43668
보습력,컨셉·클레임,2023-10-02,1.01892
보습력,컨셉·클레임,2023-10-16,1.23726
보습력,컨셉·클레임,2023-10-30,1.31004
보습력,컨셉·클레임,2023-11-13,1.16448
보습력,컨셉·클레임,2023-11-20,0.7278
보습력,컨셉·클레임,2023-11-27,0.7278
보습력,컨셉·클레임,2023-12-04,1.16448
보습력,컨셉·클레임,2023-12-11,0.58224
보습력,컨셉·클레임,2023-12-18,1.67394
보습력,컨셉·클레임,2023-12-25,0.3639
보습력,컨셉·클레임,2024-01-01,0.3639
보습력,컨셉·클레임,2024-01-08,0.3639
보습력,컨셉·클레임,2024-01-15,0.58224
보습력,컨셉·클레임,2024-01-22,0.7278
보습력,컨셉·클레임,2024-02-12,1.16448
보습력,컨셉·클레임,2024-02-19,0.3639
보습력,컨셉·클레임,2024-02-26,0.50946
보습력,컨셉·클레임,2024-03-11,0.3639
보습력,컨셉·클레임,2024-03-25,0.3639
보습력,컨셉·클레임,2024-04-15,0.3639
보습력,컨셉·클레임,2024-05-06,0.3639
보습력,컨셉·클레임,2024-05-13,0.3639
보습력,컨셉·클레임,2024-05-27,0.43668
보습력,컨셉·클레임,2024-06-17,0.3639
보습력,컨셉·클레임,2024-07-08,0.58224
보습력,컨셉·클레임,2024-08-12,0.43668
보습력,컨셉·클레임,2024-08-26,0.43668
보습력,컨셉·클레임,2024-09-30,0.58224
보습력,컨셉·클레임,2024-10-14,1.16448
보습력,컨셉·클레임,2024-10-28,0.58224
보습력,컨셉·클레임,2024-11-04,0.3639
보습력,컨셉·클레임,2024-11-25,0.3639
보습력,컨셉·클레임,2024-12-02,0.43668
보습력,컨셉·클레임,2024-12-16,0.43668
보습력,컨셉·클레임,2024-12-30,0.80058
보습력,컨셉·클레임,2025-02-03,0.43668
보습력,컨셉·클레임,2025-02-17,0.3639
보습력,컨셉·클레임,2025-02-24,0.3639
보습력,컨셉·클레임,2025-09-01,0.43668
보습력,컨셉·클레임,2025-09-15,0.3639
보습력,컨셉·클레임,2025-10-20,0.3639
보습력,컨셉·클레임,2025-11-03,0.7278
보습력,컨셉·클레임,2025-11-10,0.3639
보습력,컨셉·클레임,2025-11-17,0.3639
보습력,컨셉·클레임,2026-01-26,0.3639
보습력,컨셉·클레임,2026-02-02,0.80058
보습력,컨셉·클레임,2026-03-16,0.43668
보습력,컨셉·클레임,2026-09-14,0.3639
앰플,제형,2020-12-28,20.01026
앰플,제형,2021-01-04,22.23669
앰플,제형,2021-01-11,22.56829
앰플,제형,2021-01-18,22.69066
앰플,제형,2021-01-25,20.46818
앰플,제형,2021-02-01,21.50639
앰플,제형,2021-02-08,18.08384
앰플,제형,2021-02-15,21.58139
앰플,제형,2021-02-22,19.81288
앰플,제형,2021-03-01,19.2839
앰플,제형,2021-03-08,18.58913
앰플,제형,2021-03-15,19.81683
앰플,제형,2021-03-22,20.69714
앰플,제형,2021-03-29,20.84714
앰플,제형,2021-04-05,20.31027
앰플,제형,2021-04-12,22.43407
앰플,제형,2021-04-19,20.25106
앰플,제형,2021-04-26,20.45633
앰플,제형,2021-05-03,22.50118
앰플,제형,2021-05-10,20.98531
앰플,제형,2021-05-17,19.86815
앰플,제형,2021-05-24,21.30112
앰플,제형,2021-05-31,21.20637
앰플,제형,2021-06-07,18.01279
앰플,제형,2021-06-14,17.74435
앰플,제형,2021-06-21,20.03789
앰플,제형,2021-06-28,18.58124
앰플,제형,2021-07-05,16.41007
앰플,제형,2021-07-12,15.85346
앰플,제형,2021-07-19,14.38102
앰플,제형,2021-07-26,17.18774
앰플,제형,2021-08-02,18.77861
앰플,제형,2021-08-09,18.02463
앰플,제형,2021-08-16,20.14842
앰플,제형,2021-08-23,21.85772
앰플,제형,2021-08-30,22.61171
앰플,제형,2021-09-06,23.33807
앰플,제형,2021-09-13,21.14321
앰플,제형,2021-09-20,18.46676
앰플,제형,2021-09-27,21.62087
앰플,제형,2021-10-04,22.07484
앰플,제형,2021-10-11,21.56166
앰플,제형,2021-10-18,24.5855
앰플,제형,2021-10-25,28.29227
앰플,제형,2021-11-01,28.39886
앰플,제형,2021-11-08,26.95799
앰플,제형,2021-11-15,23.29464
앰플,제형,2021-11-22,20.74451
앰플,제형,2021-11-29,22.08668
앰플,제형,2021-12-06,21.64061
앰플,제형,2021-12-13,20.16816
앰플,제형,2021-12-20,22.11826
앰플,제형,2021-12-27,23.87099
앰플,제형,2022-01-03,25.16974
앰플,제형,2022-01-10,25.09474
앰플,제형,2022-01-17,22.61961
앰플,제형,2022-01-24,18.60492
앰플,제형,2022-01-31,20.29448
앰플,제형,2022-02-07,21.14321
앰플,제형,2022-02-14,20.19974
앰플,제형,2022-02-21,19.44576
앰플,제형,2022-02-28,20.53923
앰플,제형,2022-03-07,19.50892
앰플,제형,2022-03-14,19.91157
앰플,제형,2022-03-21,21.56166
앰플,제형,2022-03-28,19.97868
앰플,제형,2022-04-04,19.07468
앰플,제형,2022-04-11,22.62355
앰플,제형,2022-04-18,24.66445
앰플,제형,2022-04-25,21.01689
앰플,제형,2022-05-02,27.74751
앰플,제형,2022-05-09,28.95941
앰플,제형,2022-05-16,27.21853
앰플,제형,2022-05-23,27.20669
앰플,제형,2022-05-30,26.20401
앰플,제형,2022-06-06,27.3488
앰플,제형,2022-06-13,34.74261
앰플,제형,2022-06-20,32.34643
앰플,제형,2022-06-27,25.82504
앰플,제형,2022-07-04,25.83293
앰플,제형,2022-07-11,17.04168
앰플,제형,2022-07-18,16.14163
앰플,제형,2022-07-25,24.89736
앰플,제형,2022-08-01,24.00126
앰플,제형,2022-08-08,20.53134
앰플,제형,2022-08-15,21.12348
앰플,제형,2022-08-22,21.04058
앰플,제형,2022-08-29,22.61961
앰플,제형,2022-09-05,17.75619
앰플,제형,2022-09-12,19.24443
앰플,제형,2022-09-19,20.19974
앰플,제형,2022-09-26,19.95499
앰플,제형,2022-10-03,17.76014
앰플,제형,2022-10-10,18.42333
앰플,제형,2022-10-17,18.74309
앰플,제형,2022-10-24,20.73267
앰플,제형,2022-10-31,22.15379
앰플,제형,2022-11-07,19.38259
앰플,제형,2022-11-14,16.96668
앰플,제형,2022-11-21,16.83641
앰플,제형,2022-11-28,17.8312
앰플,제형,2022-12-05,18.43518
앰플,제형,2022-12-12,16.06663
앰플,제형,2022-12-19,16.32322
앰플,제형,2022-12-26,15.79425
앰플,제형,2023-01-02,18.7194
앰플,제형,2023-01-09,21.90115
앰플,제형,2023-01-16,22.04721
앰플,제형,2023-01-23,21.94062
앰플,제형,2023-01-30,19.62734
앰플,제형,2023-02-06,22.39065
앰플,제형,2023-02-13,26.57903
앰플,제형,2023-02-20,28.26464
앰플,제형,2023-02-27,21.26559
앰플,제형,2023-03-06,18.03647
앰플,제형,2023-03-13,20.23922
앰플,제형,2023-03-20,17.24301
앰플,제형,2023-03-27,37.74672
앰플,제형,2023-04-03,20.46818
앰플,제형,2023-04-10,19.59182
앰플,제형,2023-04-17,17.57855
앰플,제형,2023-04-24,17.80751
앰플,제형,2023-05-01,17.75225
앰플,제형,2023-05-08,17.05747
앰플,제형,2023-05-15,16.34691
앰플,제형,2023-05-22,15.9482
앰플,제형,2023-05-29,15.91662
앰플,제형,2023-06-05,15.07974
앰플,제형,2023-06-12,13.41386
앰플,제형,2023-06-19,13.33885
앰플,제형,2023-06-26,13.07042
앰플,제형,2023-07-03,13.55992
앰플,제형,2023-07-10,14.30601
앰플,제형,2023-07-17,13.5836
앰플,제형,2023-07-24,13.59545
앰플,제형,2023-07-31,13.12963
앰플,제형,2023-08-07,14.19153
앰플,제형,2023-08-14,14.39286
앰플,제형,2023-08-21,14.91394
앰플,제형,2023-08-28,16.97457
앰플,제형,2023-09-04,15.8653
앰플,제형,2023-09-11,14.70077
앰플,제형,2023-09-18,15.05605
앰플,제형,2023-09-25,11.9572
앰플,제형,2023-10-02,14.84683
앰플,제형,2023-10-09,15.79425
앰플,제형,2023-10-16,16.37454
앰플,제형,2023-10-23,16.01136
앰플,제형,2023-10-30,16.71403
앰플,제형,2023-11-06,16.57192
앰플,제형,2023-11-13,17.23906
앰플,제형,2023-11-20,15.72319
앰플,제형,2023-11-27,18.3128
앰플,제형,2023-12-04,16.40612
앰플,제형,2023-12-11,15.49028
앰플,제형,2023-12-18,14.33759
앰플,제형,2023-12-25,14.19548
앰플,제형,2024-01-01,16.33112
앰플,제형,2024-01-08,17.31801
앰플,제형,2024-01-15,17.81935
앰플,제형,2024-01-22,18.04831
앰플,제형,2024-01-29,18.63255
앰플,제형,2024-02-05,17.43644
앰플,제형,2024-02-12,19.01942
앰플,제형,2024-02-19,18.22595
앰플,제형,2024-02-26,19.02731
앰플,제형,2024-03-04,18.5536
앰플,제형,2024-03-11,16.80877
앰플,제형,2024-03-18,17.31406
앰플,제형,2024-03-25,16.56797
앰플,제형,2024-04-01,17.15221
앰플,제형,2024-04-08,17.50355
앰플,제형,2024-04-15,15.83372
앰플,제형,2024-04-22,15.57713
앰플,제형,2024-04-29,15.81004
앰플,제형,2024-05-06,15.51792
앰플,제형,2024-05-13,15.11921
앰플,제형,2024-05-20,14.93762
앰플,제형,2024-05-27,15.91662
앰플,제형,2024-06-03,15.73503
앰플,제형,2024-06-10,14.36128
앰플,제형,2024-06-17,14.15206
앰플,제형,2024-06-24,14.08889
앰플,제형,2024-07-01,15.12711
앰플,제형,2024-07-08,14.50339
앰플,제형,2024-07-15,13.6744
앰플,제형,2024-07-22,13.89941
앰플,제형,2024-07-29,13.90731
앰플,제형,2024-08-05,14.77972
앰플,제형,2024-08-12,14.92973
앰플,제형,2024-08-19,15.34817
앰플,제형,2024-08-26,15.85346
앰플,제형,2024-09-02,16.17716
앰플,제형,2024-09-09,13.4336
앰플,제형,2024-09-16,12.58882
앰플,제형,2024-09-23,16.7614
앰플,제형,2024-09-30,15.39949
앰플,제형,2024-10-07,14.6455
앰플,제형,2024-10-14,16.42586
앰플,제형,2024-10-21,15.3008
앰플,제형,2024-10-28,16.75351
앰플,제형,2024-11-04,17.45223
앰플,제형,2024-11-11,16.74561
앰플,제형,2024-11-18,17.57855
앰플,제형,2024-11-25,16.54823
앰플,제형,2024-12-02,16.43375
앰플,제형,2024-12-09,21.83009
앰플,제형,2024-12-16,15.07579
앰플,제형,2024-12-23,14.03758
앰플,제형,2024-12-30,14.33759
앰플,제형,2025-01-06,16.39033
앰플,제형,2025-01-13,16.93904
앰플,제형,2025-01-20,16.11005
앰플,제형,2025-01-27,14.12048
앰플,제형,2025-02-03,16.80877
앰플,제형,2025-02-10,16.56402
앰플,제형,2025-02-17,15.88504
앰플,제형,2025-02-24,18.73519
앰플,제형,2025-03-03,20.21948
앰플,제형,2025-03-10,20.2708
앰플,제형,2025-03-17,18.13121
앰플,제형,2025-03-24,18.07989
앰플,제형,2025-03-31,18.20622
앰플,제형,2025-04-07,16.63903
앰플,제형,2025-04-14,14.47576
앰플,제형,2025-04-21,17.02589
앰플,제형,2025-04-28,16.50876
앰플,제형,2025-05-05,16.6114
앰플,제형,2025-05-12,15.39554
앰플,제형,2025-05-19,12.64408
앰플,제형,2025-05-26,12.67171
앰플,제형,2025-06-02,11.90588
앰플,제형,2025-06-09,11.84272
앰플,제형,2025-06-16,10.54002
앰플,제형,2025-06-23,10.5045
앰플,제형,2025-06-30,10.18474
앰플,제형,2025-07-07,10.59924
앰플,제형,2025-07-14,10.69398
앰플,제형,2025-07-21,10.70187
앰플,제형,2025-07-28,10.55976
앰플,제형,2025-08-04,11.55455
앰플,제형,2025-08-11,11.13216
앰플,제형,2025-08-18,10.74924
앰플,제형,2025-08-25,11.53087
앰플,제형,2025-09-01,11.26638
앰플,제형,2025-09-08,10.29527
앰플,제형,2025-09-15,10.84793
앰플,제형,2025-09-22,10.72556
앰플,제형,2025-09-29,9.32417
앰플,제형,2025-10-06,8.30964
앰플,제형,2025-10-13,10.63082
앰플,제형,2025-10-20,11.23874
앰플,제형,2025-10-27,11.60587
앰플,제형,2025-11-03,11.73614
앰플,제형,2025-11-10,11.49534
앰플,제형,2025-11-17,12.01247
앰플,제형,2025-11-24,13.16911
앰플,제형,2025-12-01,15.01657
앰플,제형,2025-12-08,14.44418
앰플,제형,2025-12-15,13.49676
앰플,제형,2025-12-22,13.00726
앰플,제형,2025-12-29,13.98231
앰플,제형,2026-01-05,16.17321
앰플,제형,2026-01-12,15.11132
앰플,제형,2026-01-19,13.80467
앰플,제형,2026-01-26,14.75998
앰플,제형,2026-02-02,14.22311
앰플,제형,2026-02-09,14.5705
앰플,제형,2026-02-16,14.31785
앰플,제형,2026-02-23,13.98626
앰플,제형,2026-03-02,13.71782
앰플,제형,2026-03-09,13.37438
앰플,제형,2026-03-16,12.7783
앰플,제형,2026-03-23,13.23622
앰플,제형,2026-03-30,12.57697
앰플,제형,2026-04-06,11.68877
앰플,제형,2026-04-13,11.08874
앰플,제형,2026-04-20,11.20716
앰플,제형,2026-04-27,10.52029
앰플,제형,2026-05-04,9.78604
앰플,제형,2026-05-11,9.99921
앰플,제형,2026-05-18,10.02684
앰플,제형,2026-05-25,8.84257
앰플,제형,2026-06-01,8.88204
앰플,제형,2026-06-08,7.82804
앰플,제형,2026-06-15,9.64787
앰플,제형,2026-06-22,10.71372
앰플,제형,2026-06-29,10.16106
앰플,제형,2026-07-06,9.66366
앰플,제형,2026-07-13,9.18206
앰플,제형,2026-07-20,7.52802
앰플,제형,2026-07-27,7.94647
앰플,제형,2026-08-03,8.19122
앰플,제형,2026-08-10,7.90304
앰플,제형,2026-08-17,7.17669
앰플,제형,2026-08-24,7.97805
앰플,제형,2026-08-31,8.52281
앰플,제형,2026-09-07,8.2149
앰플,제형,2026-09-14,8.77151
앰플,제형,2026-09-21,6.89641
앰플,제형,2026-09-28,1.14479
세럼,제형,2020-12-28,19.99447
세럼,제형,2021-01-04,24.47102
세럼,제형,2021-01-11,24.56576
세럼,제형,2021-01-18,22.88804
세럼,제형,2021-01-25,32.09379
세럼,제형,2021-02-01,27.38828
세럼,제형,2021-02-08,22.81304
세럼,제형,2021-02-15,28.53702
세럼,제형,2021-02-22,31.60429
세럼,제형,2021-03-01,25.65924
세럼,제형,2021-03-08,25.02763
세럼,제형,2021-03-15,27.95278
세럼,제형,2021-03-22,26.78825
세럼,제형,2021-03-29,27.40802
세럼,제형,2021-04-05,27.32117
세럼,제형,2021-04-12,26.64613
세럼,제형,2021-04-19,25.69872
세럼,제형,2021-04-26,33.16358
세럼,제형,2021-05-03,31.44639
세럼,제형,2021-05-10,26.30664
세럼,제형,2021-05-17,30.14763
세럼,제형,2021-05-24,20.82741
세럼,제형,2021-05-31,19.126
세럼,제형,2021-06-07,18.57334
세럼,제형,2021-06-14,17.57066
세럼,제형,2021-06-21,17.44433
세럼,제형,2021-06-28,15.60082
세럼,제형,2021-07-05,15.33238
세럼,제형,2021-07-12,14.61787
세럼,제형,2021-07-19,18.32464
세럼,제형,2021-07-26,22.89199
세럼,제형,2021-08-02,21.30901
세럼,제형,2021-08-09,21.71166
세럼,제형,2021-08-16,43.3128
세럼,제형,2021-08-23,30.59766
세럼,제형,2021-08-30,31.15821
세럼,제형,2021-09-06,41.65482
세럼,제형,2021-09-13,30.43581
세럼,제형,2021-09-20,25.71056
세럼,제형,2021-09-27,24.30917
세럼,제형,2021-10-04,26.50007
세럼,제형,2021-10-11,26.4527
세럼,제형,2021-10-18,25.09079
세럼,제형,2021-10-25,25.98689
세럼,제형,2021-11-01,30.08053
세럼,제형,2021-11-08,26.59482
세럼,제형,2021-11-15,24.69603
세럼,제형,2021-11-22,23.94204
세럼,제형,2021-11-29,23.47228
세럼,제형,2021-12-06,22.37091
세럼,제형,2021-12-13,19.63919
세럼,제형,2021-12-20,21.65245
세럼,제형,2021-12-27,21.71561
세럼,제형,2022-01-03,22.72224
세럼,제형,2022-01-10,25.07895
세럼,제형,2022-01-17,26.08558
세럼,제형,2022-01-24,29.57524
세럼,제형,2022-01-31,29.24364
세럼,제형,2022-02-07,32.48065
세럼,제형,2022-02-14,28.65545
세럼,제형,2022-02-21,26.66587
세럼,제형,2022-02-28,27.93304
세럼,제형,2022-03-07,22.78935
세럼,제형,2022-03-14,32.70566
세럼,제형,2022-03-21,33.7123
세럼,제형,2022-03-28,29.19232
세럼,제형,2022-04-04,26.01057
세럼,제형,2022-04-11,24.63682
세럼,제형,2022-04-18,25.01973
세럼,제형,2022-04-25,23.35386
세럼,제형,2022-05-02,22.08274
세럼,제형,2022-05-09,21.09189
세럼,제형,2022-05-16,18.51807
세럼,제형,2022-05-23,16.42981
세럼,제형,2022-05-30,17.31801
세럼,제형,2022-06-06,18.52597
세럼,제형,2022-06-13,18.97599
세럼,제형,2022-06-20,17.65356
세럼,제형,2022-06-27,19.59182
세럼,제형,2022-07-04,21.49455
세럼,제형,2022-07-11,19.15758
세럼,제형,2022-07-18,19.91946
세럼,제형,2022-07-25,16.46928
세럼,제형,2022-08-01,18.97994
세럼,제형,2022-08-08,24.38023
세럼,제형,2022-08-15,23.7723
세럼,제형,2022-08-22,18.41939
세럼,제형,2022-08-29,21.74324
세럼,제형,2022-09-05,17.14037
세럼,제형,2022-09-12,18.29701
세럼,제형,2022-09-19,17.52329
세럼,제형,2022-09-26,16.71798
세럼,제형,2022-10-03,35.65845
세럼,제형,2022-10-10,38.95862
세럼,제형,2022-10-17,32.98594
세럼,제형,2022-10-24,20.55502
세럼,제형,2022-10-31,23.15648
세럼,제형,2022-11-07,36.12426
세럼,제형,2022-11-14,29.12126
세럼,제형,2022-11-21,21.18664
세럼,제형,2022-11-28,22.00378
세럼,제형,2022-12-05,23.06568
세럼,제형,2022-12-12,21.72351
세럼,제형,2022-12-19,21.4156
세럼,제형,2022-12-26,19.82867
세럼,제형,2023-01-02,23.25517
세럼,제형,2023-01-09,36.7243
세럼,제형,2023-01-16,15.99557
세럼,제형,2023-01-23,20.68924
세럼,제형,2023-01-30,22.26432
세럼,제형,2023-02-06,21.4906
세럼,제형,2023-02-13,20.24317
세럼,제형,2023-02-20,21.16295
세럼,제형,2023-02-27,24.18679
세럼,제형,2023-03-06,22.57224
세럼,제형,2023-03-13,22.83278
세럼,제형,2023-03-20,19.01152
세럼,제형,2023-03-27,47.30775
세럼,제형,2023-04-03,25.1579
세럼,제형,2023-04-10,32.14116
세럼,제형,2023-04-17,23.38938
세럼,제형,2023-04-24,33.53071
세럼,제형,2023-05-01,20.96557
세럼,제형,2023-05-08,19.89973
세럼,제형,2023-05-15,18.01279
세럼,제형,2023-05-22,16.88378
세럼,제형,2023-05-29,17.3417
세럼,제형,2023-06-05,16.29954
세럼,제형,2023-06-12,14.27443
세럼,제형,2023-06-19,14.82314
세럼,제형,2023-06-26,13.71782
세럼,제형,2023-07-03,14.22311
세럼,제형,2023-07-10,14.94157
세럼,제형,2023-07-17,13.59939
세럼,제형,2023-07-24,15.29685
세럼,제형,2023-07-31,14.85472
세럼,제형,2023-08-07,14.80341
세럼,제형,2023-08-14,14.84683
세럼,제형,2023-08-21,15.04816
세럼,제형,2023-08-28,17.17195
세럼,제형,2023-09-04,16.80483
세럼,제형,2023-09-11,14.27048
세럼,제형,2023-09-18,13.27964
세럼,제형,2023-09-25,11.46376
세럼,제형,2023-10-02,14.77577
세럼,제형,2023-10-09,15.04816
세럼,제형,2023-10-16,14.42839
세럼,제형,2023-10-23,14.92183
세럼,제형,2023-10-30,15.15869
세럼,제형,2023-11-06,15.49818
세럼,제형,2023-11-13,16.24822
세럼,제형,2023-11-20,14.49155
세럼,제형,2023-11-27,16.83246
세럼,제형,2023-12-04,17.80751
세럼,제형,2023-12-11,13.91915
세럼,제형,2023-12-18,14.33759
세럼,제형,2023-12-25,13.51255
세럼,제형,2024-01-01,14.94157
세럼,제형,2024-01-08,16.01926
세럼,제형,2024-01-15,16.21269
세럼,제형,2024-01-22,16.39033
세럼,제형,2024-01-29,16.37454
세럼,제형,2024-02-05,14.54287
세럼,제형,2024-02-12,17.73645
세럼,제형,2024-02-19,16.11005
세럼,제형,2024-02-26,20.36554
세럼,제형,2024-03-04,19.20495
세럼,제형,2024-03-11,16.85615
세럼,제형,2024-03-18,16.90352
세럼,제형,2024-03-25,16.56008
세럼,제형,2024-04-01,14.76788
세럼,제형,2024-04-08,14.7284
세럼,제형,2024-04-15,14.86657
세럼,제형,2024-04-22,14.34549
세럼,제형,2024-04-29,13.85204
세럼,제형,2024-05-06,14.80341
세럼,제형,2024-05-13,14.95736
세럼,제형,2024-05-20,14.13232
세럼,제형,2024-05-27,15.49028
세럼,제형,2024-06-03,15.07974
세럼,제형,2024-06-10,13.21253
세럼,제형,2024-06-17,12.58092
세럼,제형,2024-06-24,13.41386
세럼,제형,2024-07-01,12.67171
세럼,제형,2024-07-08,12.83751
세럼,제형,2024-07-15,12.67566
세럼,제형,2024-07-22,12.91252
세럼,제형,2024-07-29,11.91773
세럼,제형,2024-08-05,12.02036
세럼,제형,2024-08-12,12.19801
세럼,제형,2024-08-19,12.90462
세럼,제형,2024-08-26,13.48886
세럼,제형,2024-09-02,14.52708
세럼,제형,2024-09-09,11.08084
세럼,제형,2024-09-16,11.20716
세럼,제형,2024-09-23,12.35986
세럼,제형,2024-09-30,12.81777
세럼,제형,2024-10-07,13.24806
세럼,제형,2024-10-14,14.42049
세럼,제형,2024-10-21,13.11779
세럼,제형,2024-10-28,13.36649
세럼,제형,2024-11-04,15.05605
세럼,제형,2024-11-11,14.77183
세럼,제형,2024-11-18,15.21395
세럼,제형,2024-11-25,13.97047
세럼,제형,2024-12-02,15.96399
세럼,제형,2024-12-09,14.74419
세럼,제형,2024-12-16,13.60334
세럼,제형,2024-12-23,12.91646
세럼,제형,2024-12-30,12.7704
세럼,제형,2025-01-06,14.50734
세럼,제형,2025-01-13,14.8863
세럼,제형,2025-01-20,13.99415
세럼,제형,2025-01-27,14.05731
세럼,제형,2025-02-03,14.91789
세럼,제형,2025-02-10,14.29022
세럼,제형,2025-02-17,13.54413
세럼,제형,2025-02-24,17.31406
세럼,제형,2025-03-03,18.75098
세럼,제형,2025-03-10,17.4167
세럼,제형,2025-03-17,16.11795
세럼,제형,2025-03-24,16.39823
세럼,제형,2025-03-31,17.90225
세럼,제형,2025-04-07,15.28106
세럼,제형,2025-04-14,13.08621
세럼,제형,2025-04-21,14.99684
세럼,제형,2025-04-28,15.17843
세럼,제형,2025-05-05,15.69951
세럼,제형,2025-05-12,13.59939
세럼,제형,2025-05-19,10.68608
세럼,제형,2025-05-26,11.17164
세럼,제형,2025-06-02,11.48744
세럼,제형,2025-06-09,9.52944
세럼,제형,2025-06-16,9.28075
세럼,제형,2025-06-23,8.75177
세럼,제형,2025-06-30,9.14258
세럼,제형,2025-07-07,9.33601
세럼,제형,2025-07-14,8.85836
세럼,제형,2025-07-21,8.80704
세럼,제형,2025-07-28,9.54523
세럼,제형,2025-08-04,10.18869
세럼,제형,2025-08-11,9.47023
세럼,제형,2025-08-18,9.78604
세럼,제형,2025-08-25,11.66114
세럼,제형,2025-09-01,10.51634
세럼,제형,2025-09-08,9.15048
세럼,제형,2025-09-15,9.18206
세럼,제형,2025-09-22,9.21759
세럼,제형,2025-09-29,8.02936
세럼,제형,2025-10-06,8.4557
세럼,제형,2025-10-13,9.24522
세럼,제형,2025-10-20,9.78209
세럼,제형,2025-10-27,11.78746
세럼,제형,2025-11-03,12.24143
세럼,제형,2025-11-10,10.18474
세럼,제형,2025-11-17,9.86894
세럼,제형,2025-11-24,11.72824
세럼,제형,2025-12-01,13.27175
세럼,제형,2025-12-08,10.64661
세럼,제형,2025-12-15,10.31501
세럼,제형,2025-12-22,9.58076
세럼,제형,2025-12-29,9.81367
세럼,제형,2026-01-05,11.17558
세럼,제형,2026-01-12,11.01768
세럼,제형,2026-01-19,10.77293
세럼,제형,2026-01-26,11.42823
세럼,제형,2026-02-02,10.53608
세럼,제형,2026-02-09,10.12553
세럼,제형,2026-02-16,9.9242
세럼,제형,2026-02-23,10.75319
세럼,제형,2026-03-02,10.85978
세럼,제형,2026-03-09,10.03473
세럼,제형,2026-03-16,9.85709
세럼,제형,2026-03-23,12.63619
세럼,제형,2026-03-30,13.5915
세럼,제형,2026-04-06,12.80988
세럼,제형,2026-04-13,11.84272
세럼,제형,2026-04-20,12.07563
세럼,제형,2026-04-27,10.85978
세럼,제형,2026-05-04,9.97157
세럼,제형,2026-05-11,8.76756
세럼,제형,2026-05-18,8.21885
세럼,제형,2026-05-25,8.69651
세럼,제형,2026-06-01,8.92546
세럼,제형,2026-06-08,7.65829
세럼,제형,2026-06-15,6.93194
세럼,제형,2026-06-22,7.03458
세럼,제형,2026-06-29,7.4846
세럼,제형,2026-07-06,6.97536
세럼,제형,2026-07-13,6.45428
세럼,제형,2026-07-20,7.19643
세럼,제형,2026-07-27,6.85299
세럼,제형,2026-08-03,7.25959
세럼,제형,2026-08-10,7.80435
세럼,제형,2026-08-17,7.81225
세럼,제형,2026-08-24,8.20701
세럼,제형,2026-08-31,9.71498
세럼,제형,2026-09-07,8.09647
세럼,제형,2026-09-14,8.72019
세럼,제형,2026-09-21,8.71624
세럼,제형,2026-09-28,1.14874
스킨에센스,제형,2020-12-28,0.45791
스킨에센스,제형,2021-01-04,0.69477
스킨에센스,제형,2021-01-11,0.46581
스킨에센스,제형,2021-01-18,0.44212
스킨에센스,제형,2021-01-25,0.33159
스킨에센스,제형,2021-02-01,0.46186
스킨에센스,제형,2021-02-08,0.46581
스킨에센스,제형,2021-02-15,0.50923
스킨에센스,제형,2021-02-22,0.42633
스킨에센스,제형,2021-03-01,0.59213
스킨에센스,제형,2021-03-08,0.47765
스킨에센스,제형,2021-03-15,0.48555
스킨에센스,제형,2021-03-22,0.46186
스킨에센스,제형,2021-03-29,0.36712
스킨에센스,제형,2021-04-05,0.43818
스킨에센스,제형,2021-04-12,0.33554
스킨에센스,제형,2021-04-19,0.36317
스킨에센스,제형,2021-04-26,0.35133
스킨에센스,제형,2021-05-03,0.4066
스킨에센스,제형,2021-05-10,0.37896
스킨에센스,제형,2021-05-17,0.28027
스킨에센스,제형,2021-05-24,0.39475
스킨에센스,제형,2021-05-31,0.28422
스킨에센스,제형,2021-06-07,0.24474
스킨에센스,제형,2021-06-14,0.31975
스킨에센스,제형,2021-06-21,0.4066
스킨에센스,제형,2021-06-28,0.40265
스킨에센스,제형,2021-07-05,0.41054
스킨에센스,제형,2021-07-12,0.33949
스킨에센스,제형,2021-07-19,0.3987
스킨에센스,제형,2021-07-26,0.42239
스킨에센스,제형,2021-08-02,0.35133
스킨에센스,제형,2021-08-09,0.37896
스킨에센스,제형,2021-08-16,0.44607
스킨에센스,제형,2021-08-23,0.3987
스킨에센스,제형,2021-08-30,0.32764
스킨에센스,제형,2021-09-06,0.29606
스킨에센스,제형,2021-09-13,0.27238
스킨에센스,제형,2021-09-20,0.28422
스킨에센스,제형,2021-09-27,0.45002
스킨에센스,제형,2021-10-04,0.3237
스킨에센스,제형,2021-10-11,0.3237
스킨에센스,제형,2021-10-18,0.34343
스킨에센스,제형,2021-10-25,0.42633
스킨에센스,제형,2021-11-01,0.39081
스킨에센스,제형,2021-11-08,0.37896
스킨에센스,제형,2021-11-15,0.37107
스킨에센스,제형,2021-11-22,0.43818
스킨에센스,제형,2021-11-29,0.39475
스킨에센스,제형,2021-12-06,0.43818
스킨에센스,제형,2021-12-13,0.45397
스킨에센스,제형,2021-12-20,0.34738
스킨에센스,제형,2021-12-27,0.33949
스킨에센스,제형,2022-01-03,0.44212
스킨에센스,제형,2022-01-10,0.54081
스킨에센스,제형,2022-01-17,0.49344
스킨에센스,제형,2022-01-24,0.4737
스킨에센스,제형,2022-01-31,0.51318
스킨에센스,제형,2022-02-07,0.49344
스킨에센스,제형,2022-02-14,0.41449
스킨에센스,제형,2022-02-21,0.57239
스킨에센스,제형,2022-02-28,0.3987
스킨에센스,제형,2022-03-07,0.46581
스킨에센스,제형,2022-03-14,0.40265
스킨에센스,제형,2022-03-21,0.38291
스킨에센스,제형,2022-03-28,0.3237
스킨에센스,제형,2022-04-04,0.48949
스킨에센스,제형,2022-04-11,0.3237
스킨에센스,제형,2022-04-18,0.37896
스킨에센스,제형,2022-04-25,0.52897
스킨에센스,제형,2022-05-02,0.36712
스킨에센스,제형,2022-05-09,0.44212
스킨에센스,제형,2022-05-16,0.53292
스킨에센스,제형,2022-05-23,0.39081
스킨에센스,제형,2022-05-30,0.4737
스킨에센스,제형,2022-06-06,0.42239
스킨에센스,제형,2022-06-13,0.32764
스킨에센스,제형,2022-06-20,0.37896
스킨에센스,제형,2022-06-27,0.30791
스킨에센스,제형,2022-07-04,0.37107
스킨에센스,제형,2022-07-11,0.34343
스킨에센스,제형,2022-07-18,0.27238
스킨에센스,제형,2022-07-25,0.26843
스킨에센스,제형,2022-08-01,0.36317
스킨에센스,제형,2022-08-08,0.38291
스킨에센스,제형,2022-08-15,0.3158
스킨에센스,제형,2022-08-22,0.38291
스킨에센스,제형,2022-08-29,0.39475
스킨에센스,제형,2022-09-05,0.34738
스킨에센스,제형,2022-09-12,0.48555
스킨에센스,제형,2022-09-19,0.3237
스킨에센스,제형,2022-09-26,0.38686
스킨에센스,제형,2022-10-03,0.34343
스킨에센스,제형,2022-10-10,0.38291
스킨에센스,제형,2022-10-17,0.43028
스킨에센스,제형,2022-10-24,0.41449
스킨에센스,제형,2022-10-31,0.44607
스킨에센스,제형,2022-11-07,0.70661
스킨에센스,제형,2022-11-14,0.43423
스킨에센스,제형,2022-11-21,0.35133
스킨에센스,제형,2022-11-28,0.4066
스킨에센스,제형,2022-12-05,0.4737
스킨에센스,제형,2022-12-12,0.45791
스킨에센스,제형,2022-12-19,0.34738
스킨에센스,제형,2022-12-26,0.30791
스킨에센스,제형,2023-01-02,0.34738
스킨에센스,제형,2023-01-09,0.51713
스킨에센스,제형,2023-01-16,0.46581
스킨에센스,제형,2023-01-23,0.44607
스킨에센스,제형,2023-01-30,0.62371
스킨에센스,제형,2023-02-06,0.48555
스킨에센스,제형,2023-02-13,0.43028
스킨에센스,제형,2023-02-20,0.52502
스킨에센스,제형,2023-02-27,0.45002
스킨에센스,제형,2023-03-06,0.57239
스킨에센스,제형,2023-03-13,0.53292
스킨에센스,제형,2023-03-20,0.39475
스킨에센스,제형,2023-03-27,0.43423
스킨에센스,제형,2023-04-03,0.37107
스킨에센스,제형,2023-04-10,0.61976
스킨에센스,제형,2023-04-17,0.48555
스킨에센스,제형,2023-04-24,0.33554
스킨에센스,제형,2023-05-01,0.41449
스킨에센스,제형,2023-05-08,0.44607
스킨에센스,제형,2023-05-15,0.43028
스킨에센스,제형,2023-05-22,0.39081
스킨에센스,제형,2023-05-29,0.4066
스킨에센스,제형,2023-06-05,0.40265
스킨에센스,제형,2023-06-12,0.40265
스킨에센스,제형,2023-06-19,0.3987
스킨에센스,제형,2023-06-26,0.34738
스킨에센스,제형,2023-07-03,0.31185
스킨에센스,제형,2023-07-10,0.35528
스킨에센스,제형,2023-07-17,0.30396
스킨에센스,제형,2023-07-24,0.25659
스킨에센스,제형,2023-07-31,0.37107
스킨에센스,제형,2023-08-07,0.3158
스킨에센스,제형,2023-08-14,0.34343
스킨에센스,제형,2023-08-21,0.27633
스킨에센스,제형,2023-08-28,0.42239
스킨에센스,제형,2023-09-04,0.41449
스킨에센스,제형,2023-09-11,0.3237
스킨에센스,제형,2023-09-18,0.35133
스킨에센스,제형,2023-09-25,0.21316
스킨에센스,제형,2023-10-02,0.37896
스킨에센스,제형,2023-10-09,0.52897
스킨에센스,제형,2023-10-16,0.31185
스킨에센스,제형,2023-10-23,0.33949
스킨에센스,제형,2023-10-30,0.34738
스킨에센스,제형,2023-11-06,0.31975
스킨에센스,제형,2023-11-13,0.44607
스킨에센스,제형,2023-11-20,0.37107
스킨에센스,제형,2023-11-27,0.49344
스킨에센스,제형,2023-12-04,0.30791
스킨에센스,제형,2023-12-11,0.50923
스킨에센스,제형,2023-12-18,0.36317
스킨에센스,제형,2023-12-25,0.39475
스킨에센스,제형,2024-01-01,0.45397
스킨에센스,제형,2024-01-08,0.39475
스킨에센스,제형,2024-01-15,0.36712
스킨에센스,제형,2024-01-22,0.51713
스킨에센스,제형,2024-01-29,0.52502
스킨에센스,제형,2024-02-05,0.37107
스킨에센스,제형,2024-02-12,0.46976
스킨에센스,제형,2024-02-19,0.45397
스킨에센스,제형,2024-02-26,0.45397
스킨에센스,제형,2024-03-04,0.48949
스킨에센스,제형,2024-03-11,0.37501
스킨에센스,제형,2024-03-18,0.43423
스킨에센스,제형,2024-03-25,0.34343
스킨에센스,제형,2024-04-01,0.41054
스킨에센스,제형,2024-04-08,0.46581
스킨에센스,제형,2024-04-15,0.36712
스킨에센스,제형,2024-04-22,0.39081
스킨에센스,제형,2024-04-29,0.34343
스킨에센스,제형,2024-05-06,0.43423
스킨에센스,제형,2024-05-13,0.43423
스킨에센스,제형,2024-05-20,0.30396
스킨에센스,제형,2024-05-27,0.33554
스킨에센스,제형,2024-06-03,0.35922
스킨에센스,제형,2024-06-10,0.33159
스킨에센스,제형,2024-06-17,0.38291
스킨에센스,제형,2024-06-24,0.34738
스킨에센스,제형,2024-07-01,0.3158
스킨에센스,제형,2024-07-08,0.27238
스킨에센스,제형,2024-07-15,0.30001
스킨에센스,제형,2024-07-22,0.29212
스킨에센스,제형,2024-07-29,0.27238
스킨에센스,제형,2024-08-05,0.3237
스킨에센스,제형,2024-08-12,0.34343
스킨에센스,제형,2024-08-19,0.35133
스킨에센스,제형,2024-08-26,0.35528
스킨에센스,제형,2024-09-02,0.29606
스킨에센스,제형,2024-09-09,0.33554
스킨에센스,제형,2024-09-16,0.26843
스킨에센스,제형,2024-09-23,0.30396
스킨에센스,제형,2024-09-30,0.3158
스킨에센스,제형,2024-10-07,0.25264
스킨에센스,제형,2024-10-14,0.30396
스킨에센스,제형,2024-10-21,0.3987
스킨에센스,제형,2024-10-28,0.37501
스킨에센스,제형,2024-11-04,0.33159
스킨에센스,제형,2024-11-11,0.33159
스킨에센스,제형,2024-11-18,0.35528
스킨에센스,제형,2024-11-25,0.23685
스킨에센스,제형,2024-12-02,0.34343
스킨에센스,제형,2024-12-09,0.31185
스킨에센스,제형,2024-12-16,0.29212
스킨에센스,제형,2024-12-23,0.38686
스킨에센스,제형,2024-12-30,0.8132
스킨에센스,제형,2025-01-06,0.39475
스킨에센스,제형,2025-01-13,0.39475
스킨에센스,제형,2025-01-20,0.29212
스킨에센스,제형,2025-01-27,0.33554
스킨에센스,제형,2025-02-03,0.33554
스킨에센스,제형,2025-02-10,0.30791
스킨에센스,제형,2025-02-17,0.35133
스킨에센스,제형,2025-02-24,0.37896
스킨에센스,제형,2025-03-03,0.35528
스킨에센스,제형,2025-03-10,0.35133
스킨에센스,제형,2025-03-17,0.37107
스킨에센스,제형,2025-03-24,0.35528
스킨에센스,제형,2025-03-31,0.33159
스킨에센스,제형,2025-04-07,0.30001
스킨에센스,제형,2025-04-14,0.33554
스킨에센스,제형,2025-04-21,0.32764
스킨에센스,제형,2025-04-28,0.25264
스킨에센스,제형,2025-05-05,0.33159
스킨에센스,제형,2025-05-12,0.24474
스킨에센스,제형,2025-05-19,0.21316
스킨에센스,제형,2025-05-26,0.20132
스킨에센스,제형,2025-06-02,0.13421
스킨에센스,제형,2025-06-09,0.24474
스킨에센스,제형,2025-06-16,0.22106
스킨에센스,제형,2025-06-23,0.075
스킨에센스,제형,2025-06-30,0.16579
스킨에센스,제형,2025-07-07,0.18948
스킨에센스,제형,2025-07-14,0.15395
스킨에센스,제형,2025-07-21,0.11447
스킨에센스,제형,2025-07-28,0.27633
스킨에센스,제형,2025-08-04,0.16974
스킨에센스,제형,2025-08-11,0.16974
스킨에센스,제형,2025-08-18,0.14211
스킨에센스,제형,2025-08-25,0.22106
스킨에센스,제형,2025-09-01,0.15
스킨에센스,제형,2025-09-08,0.18158
스킨에센스,제형,2025-09-15,0.10658
스킨에센스,제형,2025-09-22,0.18553
스킨에센스,제형,2025-09-29,0.12632
스킨에센스,제형,2025-10-06,0.18553
스킨에센스,제형,2025-10-13,0.16579
스킨에센스,제형,2025-10-20,0.19343
스킨에센스,제형,2025-10-27,0.18948
스킨에센스,제형,2025-11-03,0.22106
스킨에센스,제형,2025-11-10,0.22501
스킨에센스,제형,2025-11-17,0.19343
스킨에센스,제형,2025-11-24,0.23685
스킨에센스,제형,2025-12-01,0.25264
스킨에센스,제형,2025-12-08,0.22501
스킨에센스,제형,2025-12-15,0.25264
스킨에센스,제형,2025-12-22,0.20132
스킨에센스,제형,2025-12-29,0.30001
스킨에센스,제형,2026-01-05,0.31185
스킨에센스,제형,2026-01-12,0.34343
스킨에센스,제형,2026-01-19,0.2408
스킨에센스,제형,2026-01-26,0.3158
스킨에센스,제형,2026-02-02,0.30791
스킨에센스,제형,2026-02-09,0.13421
스킨에센스,제형,2026-02-16,0.24869
스킨에센스,제형,2026-02-23,0.18553
스킨에센스,제형,2026-03-02,0.21316
스킨에센스,제형,2026-03-09,0.16974
스킨에센스,제형,2026-03-16,0.24474
스킨에센스,제형,2026-03-23,0.13027
스킨에센스,제형,2026-03-30,0.21711
스킨에센스,제형,2026-04-06,0.19343
스킨에센스,제형,2026-04-13,0.17764
스킨에센스,제형,2026-04-20,0.18948
스킨에센스,제형,2026-04-27,0.13816
스킨에센스,제형,2026-05-04,0.29606
스킨에센스,제형,2026-05-11,0.19737
스킨에센스,제형,2026-05-18,0.11053
스킨에센스,제형,2026-05-25,0.19737
스킨에센스,제형,2026-06-01,0.25264
스킨에센스,제형,2026-06-08,0.20922
스킨에센스,제형,2026-06-15,0.12237
스킨에센스,제형,2026-06-22,0.2408
스킨에센스,제형,2026-06-29,0.17369
스킨에센스,제형,2026-07-06,0.05131
스킨에센스,제형,2026-07-13,0.13027
스킨에센스,제형,2026-07-20,0.17764
스킨에센스,제형,2026-07-27,0.14211
스킨에센스,제형,2026-08-03,0.13421
스킨에센스,제형,2026-08-10,0.16579
스킨에센스,제형,2026-08-17,0.14211
스킨에센스,제형,2026-08-24,0.16579
스킨에센스,제형,2026-08-31,0.24474
스킨에센스,제형,2026-09-07,0.16579
스킨에센스,제형,2026-09-14,0.11842
스킨에센스,제형,2026-09-21,0.2329
스킨에센스,제형,2026-09-28,0.03552
수분크림,제형,2020-12-28,70.8432
수분크림,제형,2021-01-04,86.41244
수분크림,제형,2021-01-11,81.30822
수분크림,제형,2021-01-18,72.10642
수분크림,제형,2021-01-25,66.55218
수분크림,제형,2021-02-01,70.48002
수분크림,제형,2021-02-08,57.76488
수분크림,제형,2021-02-15,76.43297
수분크림,제형,2021-02-22,66.81667
수분크림,제형,2021-03-01,62.32433
수분크림,제형,2021-03-08,61.85062
수분크림,제형,2021-03-15,62.23748
수분크림,제형,2021-03-22,67.77198
수분크림,제형,2021-03-29,63.84414
수분크림,제형,2021-04-05,65.26527
수분크림,제형,2021-04-12,66.81667
수분크림,제형,2021-04-19,66.12979
수분크림,제형,2021-04-26,60.78083
수분크림,제형,2021-05-03,61.86246
수분크림,제형,2021-05-10,60.46897
수분크림,제형,2021-05-17,47.5446
수분크림,제형,2021-05-24,52.38433
수분크림,제형,2021-05-31,53.45018
수분크림,제형,2021-06-07,48.91836
수분크림,제형,2021-06-14,47.31959
수분크림,제형,2021-06-21,52.2738
수분크림,제형,2021-06-28,53.31991
수분크림,제형,2021-07-05,48.24332
수분크림,제형,2021-07-12,49.12758
수분크림,제형,2021-07-19,54.02652
수분크림,제형,2021-07-26,49.02494
수분크림,제형,2021-08-02,48.89073
수분크림,제형,2021-08-09,49.59734
수분크림,제형,2021-08-16,47.41433
수분크림,제형,2021-08-23,42.77593
수분크림,제형,2021-08-30,48.12095
수분크림,제형,2021-09-06,48.77625
수분크림,제형,2021-09-13,42.00221
수분크림,제형,2021-09-20,47.82093
수분크림,제형,2021-09-27,45.94189
수분크림,제형,2021-10-04,41.93115
수분크림,제형,2021-10-11,59.65182
수분크림,제형,2021-10-18,100
수분크림,제형,2021-10-25,78.5686
수분크림,제형,2021-11-01,71.76693
수분크림,제형,2021-11-08,66.46928
수분크림,제형,2021-11-15,60.34659
수분크림,제형,2021-11-22,65.92452
수분크림,제형,2021-11-29,69.6984
수분크림,제형,2021-12-06,60.52029
수분크림,제형,2021-12-13,60.45318
수분크림,제형,2021-12-20,61.66903
수분크림,제형,2021-12-27,67.07721
수분크림,제형,2022-01-03,73.042
수분크림,제형,2022-01-10,73.91441
수분크림,제형,2022-01-17,70.08132
수분크림,제형,2022-01-24,59.06758
수분크림,제형,2022-01-31,72.29196
수분크림,제형,2022-02-07,70.72477
수분크림,제형,2022-02-14,65.52581
수분크림,제형,2022-02-21,67.0851
수분크림,제형,2022-02-28,60.21632
수분크림,제형,2022-03-07,52.97252
수분크림,제형,2022-03-14,49.33285
수분크림,제형,2022-03-21,49.90131
수분크림,제형,2022-03-28,51.24743
수분크림,제형,2022-04-04,56.09111
수분크림,제형,2022-04-11,52.5896
수분크림,제형,2022-04-18,58.60966
수분크림,제형,2022-04-25,53.59229
수분크림,제형,2022-05-02,58.93336
수분크림,제형,2022-05-09,60.06631
수분크림,제형,2022-05-16,53.91204
수분크림,제형,2022-05-23,50.58818
수분크림,제형,2022-05-30,51.69745
수분크림,제형,2022-06-06,51.19216
수분크림,제형,2022-06-13,51.09742
수분크림,제형,2022-06-20,47.19327
수분크림,제형,2022-06-27,40.56134
수분크림,제형,2022-07-04,40.00078
수분크림,제형,2022-07-11,38.59545
수분크림,제형,2022-07-18,38.70993
수분크림,제형,2022-07-25,38.74546
수분크림,제형,2022-08-01,38.55597
수분크림,제형,2022-08-08,37.65987
수분크림,제형,2022-08-15,41.66666
수분크림,제형,2022-08-22,42.9812
수분크림,제형,2022-08-29,46.93273
수분크림,제형,2022-09-05,34.36365
수분크림,제형,2022-09-12,41.54034
수분크림,제형,2022-09-19,45.7524
수분크림,제형,2022-09-26,45.95768
수분크림,제형,2022-10-03,69.1339
수분크림,제형,2022-10-10,92.02984
수분크림,제형,2022-10-17,86.29006
수분크림,제형,2022-10-24,58.39649
수분크림,제형,2022-10-31,57.44512
수분크림,제형,2022-11-07,55.14763
수분크림,제형,2022-11-14,46.56166
수분크림,제형,2022-11-21,47.23274
수분크림,제형,2022-11-28,57.43723
수분크림,제형,2022-12-05,62.11511
수분크림,제형,2022-12-12,56.40691
수분크림,제형,2022-12-19,55.34501
수분크림,제형,2022-12-26,51.04216
수분크림,제형,2023-01-02,55.32133
수분크림,제형,2023-01-09,52.7633
수분크림,제형,2023-01-16,45.31027
수분크림,제형,2023-01-23,58.9531
수분크림,제형,2023-01-30,54.91473
수분크림,제형,2023-02-06,53.9081
수분크림,제형,2023-02-13,53.53702
수분크림,제형,2023-02-20,56.86088
수분크림,제형,2023-02-27,53.35149
수분크림,제형,2023-03-06,48.71309
수분크림,제형,2023-03-13,58.64913
수분크림,제형,2023-03-20,58.12411
수분크림,제형,2023-03-27,74.4276
수분크림,제형,2023-04-03,50.35922
수분크림,제형,2023-04-10,48.53939
수분크림,제형,2023-04-17,43.35228
수분크림,제형,2023-04-24,49.06047
수분크림,제형,2023-05-01,47.54066
수분크림,제형,2023-05-08,44.65498
수분크림,제형,2023-05-15,41.10216
수분크림,제형,2023-05-22,39.49549
수분크림,제형,2023-05-29,40.7074
수분크림,제형,2023-06-05,38.35465
수분크림,제형,2023-06-12,35.63477
수분크림,제형,2023-06-19,33.2228
수분크림,제형,2023-06-26,31.52139
수분크림,제형,2023-07-03,31.62798
수분크림,제형,2023-07-10,30.72793
수분크림,제형,2023-07-17,29.4647
수분크림,제형,2023-07-24,28.10279
수분크림,제형,2023-07-31,30.42002
수분크림,제형,2023-08-07,29.28706
수분크림,제형,2023-08-14,30.15553
수분크림,제형,2023-08-21,32.02668
수분크림,제형,2023-08-28,35.25185
수분크림,제형,2023-09-04,35.34659
수분크림,제형,2023-09-11,31.49771
수분크림,제형,2023-09-18,32.4096
수분크림,제형,2023-09-25,28.89231
수분크림,제형,2023-10-02,51.93036
수분크림,제형,2023-10-09,49.56181
수분크림,제형,2023-10-16,50.69477
수분크림,제형,2023-10-23,51.72114
수분크림,제형,2023-10-30,43.147
수분크림,제형,2023-11-06,50.20922
수분크림,제형,2023-11-13,65.35212
수분크림,제형,2023-11-20,54.12916
수분크림,제형,2023-11-27,60.67819
수분크림,제형,2023-12-04,52.7633
수분크림,제형,2023-12-11,42.73645
수분크림,제형,2023-12-18,48.5236
수분크림,제형,2023-12-25,46.49849
수분크림,제형,2024-01-01,44.46155
수분크림,제형,2024-01-08,47.37486
수분크림,제형,2024-01-15,45.54318
수분크림,제형,2024-01-22,50.53687
수분크림,제형,2024-01-29,51.19216
수분크림,제형,2024-02-05,39.67314
수분크림,제형,2024-02-12,46.70377
수분크림,제형,2024-02-19,42.67329
수분크림,제형,2024-02-26,45.61819
수분크림,제형,2024-03-04,46.27348
수분크림,제형,2024-03-11,42.81146
수분크림,제형,2024-03-18,44.6234
수분크림,제형,2024-03-25,39.25864
수분크림,제형,2024-04-01,39.91789
수분크림,제형,2024-04-08,39.85867
수분크림,제형,2024-04-15,41.82456
수분크림,제형,2024-04-22,36.2348
수분크림,제형,2024-04-29,34.61629
수분크림,제형,2024-05-06,36.96115
수분크림,제형,2024-05-13,37.51776
수분크림,제형,2024-05-20,39.8113
수분크림,제형,2024-05-27,44.92736
수분크림,제형,2024-06-03,37.67171
수분크림,제형,2024-06-10,34.18995
수분크림,제형,2024-06-17,32.44118
수분크림,제형,2024-06-24,30.21869
수분크림,제형,2024-07-01,29.89104
수분크림,제형,2024-07-08,28.28438
수분크림,제형,2024-07-15,27.36459
수분크림,제형,2024-07-22,26.5435
수분크림,제형,2024-07-29,25.37501
수분크림,제형,2024-08-05,27.25011
수분크림,제형,2024-08-12,27.28959
수분크림,제형,2024-08-19,27.98831
수분크림,제형,2024-08-26,29.18443
수분크림,제형,2024-09-02,29.5555
수분크림,제형,2024-09-09,24.22627
수분크림,제형,2024-09-16,27.69619
수분크림,제형,2024-09-23,34.43865
수분크림,제형,2024-09-30,41.6785
수분크림,제형,2024-10-07,39.55866
수분크림,제형,2024-10-14,35.22422
수분크림,제형,2024-10-21,42.14432
수분크림,제형,2024-10-28,36.34138
수분크림,제형,2024-11-04,46.05242
수분크림,제형,2024-11-11,40.64029
수분크림,제형,2024-11-18,47.19722
수분크림,제형,2024-11-25,44.03915
수분크림,제형,2024-12-02,57.19248
수분크림,제형,2024-12-09,65.135
수분크림,제형,2024-12-16,54.67787
수분크림,제형,2024-12-23,43.87336
수분크림,제형,2024-12-30,43.24569
수분크림,제형,2025-01-06,47.69856
수분크림,제형,2025-01-13,45.36554
수분크림,제형,2025-01-20,38.88362
수분크림,제형,2025-01-27,38.11384
수분크림,제형,2025-02-03,46.29322
수분크림,제형,2025-02-10,43.15885
수분크림,제형,2025-02-17,42.5075
수분크림,제형,2025-02-24,43.70756
수분크림,제형,2025-03-03,37.69145
수분크림,제형,2025-03-10,36.17558
수분크림,제형,2025-03-17,37.76251
수분크림,제형,2025-03-24,32.79646
수분크림,제형,2025-03-31,40.47055
수분크림,제형,2025-04-07,36.60192
수분크림,제형,2025-04-14,37.02431
수분크림,제형,2025-04-21,35.27159
수분크림,제형,2025-04-28,34.63603
수분크림,제형,2025-05-05,34.97947
수분크림,제형,2025-05-12,31.6714
수분크림,제형,2025-05-19,30.00552
수분크림,제형,2025-05-26,29.87525
수분크림,제형,2025-06-02,29.82393
수분크림,제형,2025-06-09,26.6185
수분크림,제형,2025-06-16,21.83799
수분크림,제형,2025-06-23,22.24459
수분크림,제형,2025-06-30,25.04342
수분크림,제형,2025-07-07,23.02621
수분크림,제형,2025-07-14,23.2828
수분크림,제형,2025-07-21,24.98815
수분크림,제형,2025-07-28,25.14211
수분크림,제형,2025-08-04,23.18016
수분크림,제형,2025-08-11,21.04058
수분크림,제형,2025-08-18,22.81699
수분크림,제형,2025-08-25,24.44339
수분크림,제형,2025-09-01,23.70124
수분크림,제형,2025-09-08,22.52486
수분크림,제형,2025-09-15,23.66966
수분크림,제형,2025-09-22,24.36444
수분크림,제형,2025-09-29,20.93794
수분크림,제형,2025-10-06,20.31817
수분크림,제형,2025-10-13,23.19201
수분크림,제형,2025-10-20,41.69429
수분크림,제형,2025-10-27,43.85362
수분크림,제형,2025-11-03,37.9441
수분크림,제형,2025-11-10,37.38749
수분크림,제형,2025-11-17,41.04689
수분크림,제형,2025-11-24,36.83483
수분크림,제형,2025-12-01,38.78888
수분크림,제형,2025-12-08,32.34643
수분크림,제형,2025-12-15,30.88188
수분크림,제형,2025-12-22,29.61866
수분크림,제형,2025-12-29,55.61345
수분크림,제형,2026-01-05,37.22959
수분크림,제형,2026-01-12,33.97284
수분크림,제형,2026-01-19,32.47276
수분크림,제형,2026-01-26,33.44781
수분크림,제형,2026-02-02,31.79377
수분크림,제형,2026-02-09,28.9831
수분크림,제형,2026-02-16,24.75919
수분크림,제형,2026-02-23,25.37107
수분크림,제형,2026-03-02,24.35654
수분크림,제형,2026-03-09,27.70803
수분크림,제형,2026-03-16,30.64108
수분크림,제형,2026-03-23,31.18979
수분크림,제형,2026-03-30,32.02273
수분크림,제형,2026-04-06,31.9951
수분크림,제형,2026-04-13,30.45555
수분크림,제형,2026-04-20,29.46076
수분크림,제형,2026-04-27,27.4396
수분크림,제형,2026-05-04,24.21837
수분크림,제형,2026-05-11,23.16437
수분크림,제형,2026-05-18,22.3117
수분크림,제형,2026-05-25,27.033
수분크림,제형,2026-06-01,23.12884
수분크림,제형,2026-06-08,21.62087
수분크림,제형,2026-06-15,19.67077
수분크림,제형,2026-06-22,19.01547
수분크림,제형,2026-06-29,18.82204
수분크림,제형,2026-07-06,19.58392
수분크림,제형,2026-07-13,19.26811
수분크림,제형,2026-07-20,18.70756
수분크림,제형,2026-07-27,17.88646
수분크림,제형,2026-08-03,18.9602
수분크림,제형,2026-08-10,18.92862
수분크림,제형,2026-08-17,18.20622
수분크림,제형,2026-08-24,18.65624
수분크림,제형,2026-08-31,19.68261
수분크림,제형,2026-09-07,21.5656
수분크림,제형,2026-09-14,25.02763
수분크림,제형,2026-09-21,23.42096
수분크림,제형,2026-09-28,4.40154
로션,제형,2020-12-28,14.04942
로션,제형,2021-01-04,17.64961
로션,제형,2021-01-11,15.93241
로션,제형,2021-01-18,13.94678
로션,제형,2021-01-25,13.5915
로션,제형,2021-02-01,14.00994
로션,제형,2021-02-08,12.34801
로션,제형,2021-02-15,15.63634
로션,제형,2021-02-22,14.32575
로션,제형,2021-03-01,14.08889
로션,제형,2021-03-08,13.12569
로션,제형,2021-03-15,13.2599
로션,제형,2021-03-22,13.80862
로션,제형,2021-03-29,12.71119
로션,제형,2021-04-05,13.41781
로션,제형,2021-04-12,14.99684
로션,제형,2021-04-19,15.98768
로션,제형,2021-04-26,14.30206
로션,제형,2021-05-03,14.33759
로션,제형,2021-05-10,13.13358
로션,제형,2021-05-17,12.04405
로션,제형,2021-05-24,13.81651
로션,제형,2021-05-31,12.13879
로션,제형,2021-06-07,11.66508
로션,제형,2021-06-14,10.67819
로션,제형,2021-06-21,11.02952
로션,제형,2021-06-28,10.46502
로션,제형,2021-07-05,9.90446
로션,제형,2021-07-12,9.41891
로션,제형,2021-07-19,9.79788
로션,제형,2021-07-26,9.54523
로션,제형,2021-08-02,10.49265
로션,제형,2021-08-09,10.4216
로션,제형,2021-08-16,11.29006
로션,제형,2021-08-23,15.17448
로션,제형,2021-08-30,17.6575
로션,제형,2021-09-06,14.35733
로션,제형,2021-09-13,13.97836
로션,제형,2021-09-20,13.36254
로션,제형,2021-09-27,21.30506
로션,제형,2021-10-04,21.67614
로션,제형,2021-10-11,19.08258
로션,제형,2021-10-18,22.72224
로션,제형,2021-10-25,22.8012
로션,제형,2021-11-01,24.93289
로션,제형,2021-11-08,24.49076
로션,제형,2021-11-15,21.50639
로션,제형,2021-11-22,21.77483
로션,제형,2021-11-29,22.63145
로션,제형,2021-12-06,19.49313
로션,제형,2021-12-13,16.96273
로션,제형,2021-12-20,15.51792
로션,제형,2021-12-27,17.00221
로션,제형,2022-01-03,19.63524
로션,제형,2022-01-10,22.43802
로션,제형,2022-01-17,18.69177
로션,제형,2022-01-24,18.86941
로션,제형,2022-01-31,23.10516
로션,제형,2022-02-07,23.71309
로션,제형,2022-02-14,22.11826
로션,제형,2022-02-21,19.02336
로션,제형,2022-02-28,16.21664
로션,제형,2022-03-07,16.97063
로션,제형,2022-03-14,19.70235
로션,제형,2022-03-21,18.51413
로션,제형,2022-03-28,16.58376
로션,제형,2022-04-04,17.2509
로션,제형,2022-04-11,16.32717
로션,제형,2022-04-18,13.37833
로션,제형,2022-04-25,11.72035
로션,제형,2022-05-02,16.14163
로션,제형,2022-05-09,22.4617
로션,제형,2022-05-16,21.4156
로션,제형,2022-05-23,20.03
로션,제형,2022-05-30,21.70772
로션,제형,2022-06-06,21.48665
로션,제형,2022-06-13,22.90383
로션,제형,2022-06-20,22.17748
로션,제형,2022-06-27,21.20243
로션,제형,2022-07-04,23.25517
로션,제형,2022-07-11,21.50639
로션,제형,2022-07-18,21.61297
로션,제형,2022-07-25,20.72082
로션,제형,2022-08-01,20.70503
로션,제형,2022-08-08,21.45507
로션,제형,2022-08-15,21.49455
로션,제형,2022-08-22,21.5656
로션,제형,2022-08-29,20.105
로션,제형,2022-09-05,17.00615
로션,제형,2022-09-12,18.69572
로션,제형,2022-09-19,21.9722
로션,제형,2022-09-26,22.20116
로션,제형,2022-10-03,20.1129
로션,제형,2022-10-10,18.09568
로션,제형,2022-10-17,16.43375
로션,제형,2022-10-24,19.09837
로션,제형,2022-10-31,20.87478
로션,제형,2022-11-07,20.83135
로션,제형,2022-11-14,21.91299
로션,제형,2022-11-21,20.48002
로션,제형,2022-11-28,21.51823
로션,제형,2022-12-05,23.19595
로션,제형,2022-12-12,19.10232
로션,제형,2022-12-19,18.49834
로션,제형,2022-12-26,16.98247
로션,제형,2023-01-02,19.17732
로션,제형,2023-01-09,20.21159
로션,제형,2023-01-16,18.69572
로션,제형,2023-01-23,23.34596
로션,제형,2023-01-30,23.32228
로션,제형,2023-02-06,27.1159
로션,제형,2023-02-13,26.00663
로션,제형,2023-02-20,32.11353
로션,제형,2023-02-27,26.73298
로션,제형,2023-03-06,17.68908
로션,제형,2023-03-13,20.49186
로션,제형,2023-03-20,17.85883
로션,제형,2023-03-27,21.26954
로션,제형,2023-04-03,16.91536
로션,제형,2023-04-10,16.28769
로션,제형,2023-04-17,14.63366
로션,제형,2023-04-24,14.35338
로션,제형,2023-05-01,15.23764
로션,제형,2023-05-08,15.27317
로션,제형,2023-05-15,13.1099
로션,제형,2023-05-22,12.73882
로션,제형,2023-05-29,13.59545
로션,제형,2023-06-05,13.37044
로션,제형,2023-06-12,13.22832
로션,제형,2023-06-19,11.85062
로션,제형,2023-06-26,10.4887
로션,제형,2023-07-03,10.89531
로션,제형,2023-07-10,11.83088
로션,제형,2023-07-17,10.85583
로션,제형,2023-07-24,9.56497
로션,제형,2023-07-31,9.33996
로션,제형,2023-08-07,9.63998
로션,제형,2023-08-14,11.18743
로션,제형,2023-08-21,11.7993
로션,제형,2023-08-28,12.22959
로션,제형,2023-09-04,11.93747
로션,제형,2023-09-11,11.79535
로션,제형,2023-09-18,11.62166
로션,제형,2023-09-25,10.95057
로션,제형,2023-10-02,15.49818
로션,제형,2023-10-09,16.27585
로션,제형,2023-10-16,15.99952
로션,제형,2023-10-23,15.18237
로션,제형,2023-10-30,13.98626
로션,제형,2023-11-06,14.87051
로션,제형,2023-11-13,16.82062
로션,제형,2023-11-20,16.04294
로션,제형,2023-11-27,17.16406
로션,제형,2023-12-04,17.71672
로션,제형,2023-12-11,14.80341
로션,제형,2023-12-18,14.47576
로션,제형,2023-12-25,13.13753
로션,제형,2024-01-01,13.69414
로션,제형,2024-01-08,14.57445
로션,제형,2024-01-15,14.29417
로션,제형,2024-01-22,14.90999
로션,제형,2024-01-29,14.69287
로션,제형,2024-02-05,12.97963
로션,제형,2024-02-12,15.14684
로션,제형,2024-02-19,14.44023
로션,제형,2024-02-26,14.29812
로션,제형,2024-03-04,13.98626
로션,제형,2024-03-11,12.99147
로션,제형,2024-03-18,13.23227
로션,제형,2024-03-25,13.27964
로션,제형,2024-04-01,13.10595
로션,제형,2024-04-08,12.15063
로션,제형,2024-04-15,11.76377
로션,제형,2024-04-22,11.0611
로션,제형,2024-04-29,11.65324
로션,제형,2024-05-06,12.22169
로션,제형,2024-05-13,12.51776
로션,제형,2024-05-20,12.18616
로션,제형,2024-05-27,12.30459
로션,제형,2024-06-03,11.89009
로션,제형,2024-06-10,11.09268
로션,제형,2024-06-17,11.01373
로션,제형,2024-06-24,10.38212
로션,제형,2024-07-01,10.06631
로션,제형,2024-07-08,10.20843
로션,제형,2024-07-15,10.45712
로션,제형,2024-07-22,9.39523
로션,제형,2024-07-29,9.32812
로션,제형,2024-08-05,10.07816
로션,제형,2024-08-12,10.2479
로션,제형,2024-08-19,10.28738
로션,제형,2024-08-26,11.69272
로션,제형,2024-09-02,11.43218
로션,제형,2024-09-09,9.14258
로션,제형,2024-09-16,9.51365
로션,제형,2024-09-23,11.05321
로션,제형,2024-09-30,12.66777
로션,제형,2024-10-07,12.82962
로션,제형,2024-10-14,13.14937
로션,제형,2024-10-21,13.00726
로션,제형,2024-10-28,14.10468
로션,제형,2024-11-04,15.0521
로션,제형,2024-11-11,13.30727
로션,제형,2024-11-18,14.59418
로션,제형,2024-11-25,15.67977
로션,제형,2024-12-02,14.99289
로션,제형,2024-12-09,16.6785
로션,제형,2024-12-16,16.09032
로션,제형,2024-12-23,13.94678
로션,제형,2024-12-30,13.67835
로션,제형,2025-01-06,14.4047
로션,제형,2025-01-13,14.29812
로션,제형,2025-01-20,13.10595
로션,제형,2025-01-27,13.68229
로션,제형,2025-02-03,15.37186
로션,제형,2025-02-10,14.98894
로션,제형,2025-02-17,14.68103
로션,제형,2025-02-24,14.70472
로션,제형,2025-03-03,13.85204
로션,제형,2025-03-10,12.95989
로션,제형,2025-03-17,13.42175
로션,제형,2025-03-24,12.78225
로션,제형,2025-03-31,13.27964
로션,제형,2025-04-07,13.177
로션,제형,2025-04-14,12.84541
로션,제형,2025-04-21,11.1519
로션,제형,2025-04-28,11.9651
로션,제형,2025-05-05,12.62829
로션,제형,2025-05-12,10.98215
로션,제형,2025-05-19,10.11369
로션,제형,2025-05-26,11.83878
로션,제형,2025-06-02,14.70866
로션,제형,2025-06-09,15.66398
로션,제형,2025-06-16,16.55613
로션,제형,2025-06-23,16.79298
로션,제형,2025-06-30,15.27711
로션,제형,2025-07-07,8.49913
로션,제형,2025-07-14,7.73724
로션,제형,2025-07-21,7.79251
로션,제형,2025-07-28,8.02936
로션,제형,2025-08-04,8.53071
로션,제형,2025-08-11,8.13595
로션,제형,2025-08-18,9.04389
로션,제형,2025-08-25,15.27317
로션,제형,2025-09-01,17.4246
로션,제형,2025-09-08,13.66256
로션,제형,2025-09-15,11.2348
로션,제형,2025-09-22,10.11369
로션,제형,2025-09-29,7.76882
로션,제형,2025-10-06,7.9662
로션,제형,2025-10-13,9.07153
로션,제형,2025-10-20,10.20448
로션,제형,2025-10-27,11.2348
로션,제형,2025-11-03,10.84004
로션,제형,2025-11-10,10.01894
로션,제형,2025-11-17,11.51902
로션,제형,2025-11-24,10.27159
로션,제형,2025-12-01,12.09932
로션,제형,2025-12-08,11.84272
로션,제형,2025-12-15,10.27554
로션,제형,2025-12-22,10.27948
로션,제형,2025-12-29,11.28612
로션,제형,2026-01-05,12.27301
로션,제형,2026-01-12,11.91378
로션,제형,2026-01-19,11.62561
로션,제형,2026-01-26,11.91773
로션,제형,2026-02-02,10.69003
로션,제형,2026-02-09,9.31233
로션,제형,2026-02-16,9.8492
로션,제형,2026-02-23,11.10058
로션,제형,2026-03-02,10.4137
로션,제형,2026-03-09,10.015
로션,제형,2026-03-16,9.64392
로션,제형,2026-03-23,9.78998
로션,제형,2026-03-30,9.04389
로션,제형,2026-04-06,8.97678
로션,제형,2026-04-13,8.64519
로션,제형,2026-04-20,8.15569
로션,제형,2026-04-27,8.07674
로션,제형,2026-05-04,8.49123
로션,제형,2026-05-11,7.92673
로션,제형,2026-05-18,7.37407
로션,제형,2026-05-25,8.0491
로션,제형,2026-06-01,7.58724
로션,제형,2026-06-08,7.44907
로션,제형,2026-06-15,7.7254
로션,제형,2026-06-22,7.55566
로션,제형,2026-06-29,7.79251
로션,제형,2026-07-06,6.8293
로션,제형,2026-07-13,7.38196
로션,제형,2026-07-20,6.69903
로션,제형,2026-07-27,6.23322
로션,제형,2026-08-03,6.75825
로션,제형,2026-08-10,7.05037
로션,제형,2026-08-17,7.42144
로션,제형,2026-08-24,7.31091
로션,제형,2026-08-31,7.153
로션,제형,2026-09-07,8.08068
로션,제형,2026-09-14,7.83199
로션,제형,2026-09-21,6.20164
로션,제형,2026-09-28,1.15269
스킨토너,제형,2020-12-28,1.73784
스킨토너,제형,2021-01-04,1.79348
스킨토너,제형,2021-01-11,1.94076
스킨토너,제형,2021-01-18,1.84585
스킨토너,제형,2021-01-25,1.86548
스킨토너,제형,2021-02-01,1.79021
스킨토너,제형,2021-02-08,1.53493
스킨토너,제형,2021-02-15,1.95385
스킨토너,제형,2021-02-22,1.9113
스킨토너,제형,2021-03-01,2.56913
스킨토너,제형,2021-03-08,3.20405
스킨토너,제형,2021-03-15,2.44477
스킨토너,제형,2021-03-22,2.0684
스킨토너,제형,2021-03-29,2.3924
스킨토너,제형,2021-04-05,2.97169
스킨토너,제형,2021-04-12,3.36769
스킨토너,제형,2021-04-19,3.09278
스킨토너,제형,2021-04-26,3.48551
스킨토너,제형,2021-05-03,3.50188
스킨토너,제형,2021-05-10,2.41531
스킨토너,제형,2021-05-17,1.83603
스킨토너,제형,2021-05-24,2.1764
스킨토너,제형,2021-05-31,1.95058
스킨토너,제형,2021-06-07,2.04549
스킨토너,제형,2021-06-14,1.71166
스킨토너,제형,2021-06-21,2.02585
스킨토너,제형,2021-06-28,1.92439
스킨토너,제형,2021-07-05,1.76075
스킨토너,제형,2021-07-12,1.74112
스킨토너,제형,2021-07-19,2.08803
스킨토너,제형,2021-07-26,1.8753
스킨토너,제형,2021-08-02,1.74439
스킨토너,제형,2021-08-09,1.71494
스킨토너,제형,2021-08-16,1.79348
스킨토너,제형,2021-08-23,1.84912
스킨토너,제형,2021-08-30,1.66912
스킨토너,제형,2021-09-06,1.63966
스킨토너,제형,2021-09-13,1.90803
스킨토너,제형,2021-09-20,1.68221
스킨토너,제형,2021-09-27,2.11422
스킨토너,제형,2021-10-04,1.8033
스킨토너,제형,2021-10-11,1.81966
스킨토너,제형,2021-10-18,2.43495
스킨토너,제형,2021-10-25,3.67533
스킨토너,제형,2021-11-01,3.77679
스킨토너,제형,2021-11-08,3.62297
스킨토너,제형,2021-11-15,2.56913
스킨토너,제형,2021-11-22,1.7673
스킨토너,제형,2021-11-29,2.53968
스킨토너,제형,2021-12-06,3.06987
스킨토너,제형,2021-12-13,3.12223
스킨토너,제형,2021-12-20,3.22369
스킨토너,제형,2021-12-27,3.82916
스킨토너,제형,2022-01-03,4.78154
스킨토너,제형,2022-01-10,3.9797
스킨토너,제형,2022-01-17,2.21894
스킨토너,제형,2022-01-24,5.7601
스킨토너,제형,2022-01-31,6.88921
스킨토너,제형,2022-02-07,6.93176
스킨토너,제형,2022-02-14,6.56848
스킨토너,제형,2022-02-21,6.2772
스킨토너,제형,2022-02-28,2.90623
스킨토너,제형,2022-03-07,2.38913
스킨토너,제형,2022-03-14,4.0288
스킨토너,제형,2022-03-21,2.91605
스킨토너,제형,2022-03-28,2.19603
스킨토너,제형,2022-04-04,2.40877
스킨토너,제형,2022-04-11,2.82768
스킨토너,제형,2022-04-18,3.44297
스킨토너,제형,2022-04-25,2.48404
스킨토너,제형,2022-05-02,2.79495
스킨토너,제형,2022-05-09,2.34986
스킨토너,제형,2022-05-16,2.35313
스킨토너,제형,2022-05-23,1.95712
스킨토너,제형,2022-05-30,1.94403
스킨토너,제형,2022-06-06,2.12076
스킨토너,제형,2022-06-13,1.88185
스킨토너,제형,2022-06-20,1.63966
스킨토너,제형,2022-06-27,1.61348
스킨토너,제형,2022-07-04,1.74766
스킨토너,제형,2022-07-11,1.68548
스킨토너,제형,2022-07-18,1.56439
스킨토너,제형,2022-07-25,1.63966
스킨토너,제형,2022-08-01,1.81966
스킨토너,제형,2022-08-08,1.60693
스킨토너,제형,2022-08-15,2.57568
스킨토너,제형,2022-08-22,2.74586
스킨토너,제형,2022-08-29,2.8735
스킨토너,제형,2022-09-05,2.29095
스킨토너,제형,2022-09-12,3.05351
스킨토너,제형,2022-09-19,2.64441
스킨토너,제형,2022-09-26,2.73932
스킨토너,제형,2022-10-03,2.75895
스킨토너,제형,2022-10-10,3.22042
스킨토너,제형,2022-10-17,3.1026
스킨토너,제형,2022-10-24,3.62624
스킨토너,제형,2022-10-31,3.04369
스킨토너,제형,2022-11-07,5.73719
스킨토너,제형,2022-11-14,2.92587
스킨토너,제형,2022-11-21,2.89968
스킨토너,제형,2022-11-28,2.59204
스킨토너,제형,2022-12-05,2.3564
스킨토너,제형,2022-12-12,2.65095
스킨토너,제형,2022-12-19,2.33676
스킨토너,제형,2022-12-26,1.5513
스킨토너,제형,2023-01-02,2.49386
스킨토너,제형,2023-01-09,2.85387
스킨토너,제형,2023-01-16,2.57895
스킨토너,제형,2023-01-23,2.79168
스킨토너,제형,2023-01-30,2.19276
스킨토너,제형,2023-02-06,2.43168
스킨토너,제형,2023-02-13,2.12731
스킨토너,제형,2023-02-20,2.37931
스킨토너,제형,2023-02-27,3.58697
스킨토너,제형,2023-03-06,2.8015
스킨토너,제형,2023-03-13,3.07969
스킨토너,제형,2023-03-20,2.49059
스킨토너,제형,2023-03-27,4.47389
스킨토너,제형,2023-04-03,3.4266
스킨토너,제형,2023-04-10,2.65095
스킨토너,제형,2023-04-17,2.35967
스킨토너,제형,2023-04-24,2.37277
스킨토너,제형,2023-05-01,2.41531
스킨토너,제형,2023-05-08,2.57895
스킨토너,제형,2023-05-15,3.33824
스킨토너,제형,2023-05-22,3.02732
스킨토너,제형,2023-05-29,2.5364
스킨토너,제형,2023-06-05,2.79495
스킨토너,제형,2023-06-12,2.44149
스킨토너,제형,2023-06-19,2.33022
스킨토너,제형,2023-06-26,2.52986
스킨토너,제형,2023-07-03,2.81786
스킨토너,제형,2023-07-10,2.63786
스킨토너,제형,2023-07-17,2.43168
스킨토너,제형,2023-07-24,2.11749
스킨토너,제형,2023-07-31,2.45131
스킨토너,제형,2023-08-07,2.46768
스킨토너,제형,2023-08-14,2.64768
스킨토너,제형,2023-08-21,2.67386
스킨토너,제형,2023-08-28,2.5004
스킨토너,제형,2023-09-04,2.46768
스킨토너,제형,2023-09-11,2.16003
스킨토너,제형,2023-09-18,1.77057
스킨토너,제형,2023-09-25,1.56439
스킨토너,제형,2023-10-02,2.52004
스킨토너,제형,2023-10-09,2.99132
스킨토너,제형,2023-10-16,2.55277
스킨토너,제형,2023-10-23,2.49059
스킨토너,제형,2023-10-30,2.18294
스킨토너,제형,2023-11-06,2.01603
스킨토너,제형,2023-11-13,2.19276
스킨토너,제형,2023-11-20,2.55604
스킨토너,제형,2023-11-27,2.52986
스킨토너,제형,2023-12-04,2.3204
스킨토너,제형,2023-12-11,2.39895
스킨토너,제형,2023-12-18,2.43495
스킨토너,제형,2023-12-25,2.74586
스킨토너,제형,2024-01-01,3.54115
스킨토너,제형,2024-01-08,3.00441
스킨토너,제형,2024-01-15,3.42988
스킨토너,제형,2024-01-22,2.75895
스킨토너,제형,2024-01-29,2.62804
스킨토너,제형,2024-02-05,1.90476
스킨토너,제형,2024-02-12,2.61822
스킨토너,제형,2024-02-19,2.51022
스킨토너,제형,2024-02-26,2.68368
스킨토너,제형,2024-03-04,2.18622
스킨토너,제형,2024-03-11,2.24185
스킨토너,제형,2024-03-18,2.26149
스킨토너,제형,2024-03-25,2.1044
스킨토너,제형,2024-04-01,1.9473
스킨토너,제형,2024-04-08,2.04876
스킨토너,제형,2024-04-15,2.00294
스킨토너,제형,2024-04-22,2.16003
스킨토너,제형,2024-04-29,1.95385
스킨토너,제형,2024-05-06,1.89494
스킨토너,제형,2024-05-13,2.20913
스킨토너,제형,2024-05-20,2.11749
스킨토너,제형,2024-05-27,2.18294
스킨토너,제형,2024-06-03,1.99639
스킨토너,제형,2024-06-10,1.8393
스킨토너,제형,2024-06-17,1.63966
스킨토너,제형,2024-06-24,1.76403
스킨토너,제형,2024-07-01,2.16985
스킨토너,제형,2024-07-08,1.67566
스킨토너,제형,2024-07-15,1.75421
스킨토너,제형,2024-07-22,1.73784
스킨토너,제형,2024-07-29,1.8033
스킨토너,제형,2024-08-05,1.97021
스킨토너,제형,2024-08-12,1.72803
스킨토너,제형,2024-08-19,1.95712
스킨토너,제형,2024-08-26,2.12076
스킨토너,제형,2024-09-02,1.85894
스킨토너,제형,2024-09-09,1.31893
스킨토너,제형,2024-09-16,1.33856
스킨토너,제형,2024-09-23,1.39747
스킨토너,제형,2024-09-30,1.73784
스킨토너,제형,2024-10-07,1.5873
스킨토너,제형,2024-10-14,1.60366
스킨토너,제형,2024-10-21,1.32547
스킨토너,제형,2024-10-28,1.37784
스킨토너,제형,2024-11-04,1.5153
스킨토너,제형,2024-11-11,1.54475
스킨토너,제형,2024-11-18,1.28947
스킨토너,제형,2024-11-25,1.34184
스킨토너,제형,2024-12-02,1.38438
스킨토너,제형,2024-12-09,1.43348
스킨토너,제형,2024-12-16,1.33856
스킨토너,제형,2024-12-23,1.26984
스킨토너,제형,2024-12-30,1.28293
스킨토너,제형,2025-01-06,1.28293
스킨토너,제형,2025-01-13,1.43675
스킨토너,제형,2025-01-20,1.11274
스킨토너,제형,2025-01-27,1.07674
스킨토너,제형,2025-02-03,1.48911
스킨토너,제형,2025-02-10,1.68548
스킨토너,제형,2025-02-17,1.32875
스킨토너,제형,2025-02-24,1.32547
스킨토너,제형,2025-03-03,1.53166
스킨토너,제형,2025-03-10,1.20111
스킨토너,제형,2025-03-17,1.27965
스킨토너,제형,2025-03-24,1.24038
스킨토너,제형,2025-03-31,1.34511
스킨토너,제형,2025-04-07,1.28293
스킨토너,제형,2025-04-14,1.30911
스킨토너,제형,2025-04-21,1.22402
스킨토너,제형,2025-04-28,1.06038
스킨토너,제형,2025-05-05,1.1782
스킨토너,제형,2025-05-12,1.12583
스킨토너,제형,2025-05-19,0.9851
스킨토너,제형,2025-05-26,1.19129
스킨토너,제형,2025-06-02,1.1422
스킨토너,제형,2025-06-09,1.14547
스킨토너,제형,2025-06-16,1.07674
스킨토너,제형,2025-06-23,1.00801
스킨토너,제형,2025-06-30,1.01129
스킨토너,제형,2025-07-07,1.35493
스킨토너,제형,2025-07-14,0.99492
스킨토너,제형,2025-07-21,1.17493
스킨토너,제형,2025-07-28,1.2142
스킨토너,제형,2025-08-04,1.08001
스킨토너,제형,2025-08-11,0.95892
스킨토너,제형,2025-08-18,1.06692
스킨토너,제형,2025-08-25,0.86728
스킨토너,제형,2025-09-01,0.90656
스킨토너,제형,2025-09-08,0.83783
스킨토너,제형,2025-09-15,0.77237
스킨토너,제형,2025-09-22,0.9491
스킨토너,제형,2025-09-29,0.79528
스킨토너,제형,2025-10-06,0.80183
스킨토너,제형,2025-10-13,0.85747
스킨토너,제형,2025-10-20,0.90983
스킨토너,제형,2025-10-27,0.97529
스킨토너,제형,2025-11-03,1.09311
스킨토너,제형,2025-11-10,0.8411
스킨토너,제형,2025-11-17,1.0211
스킨토너,제형,2025-11-24,1.04074
스킨토너,제형,2025-12-01,1.15529
스킨토너,제형,2025-12-08,1.09965
스킨토너,제형,2025-12-15,0.91638
스킨토너,제형,2025-12-22,0.87383
스킨토너,제형,2025-12-29,1.22729
스킨토너,제형,2026-01-05,1.35493
스킨토너,제형,2026-01-12,1.22729
스킨토너,제형,2026-01-19,1.33202
스킨토너,제형,2026-01-26,1.2502
스킨토너,제형,2026-02-02,1.18474
스킨토너,제형,2026-02-09,1.07674
스킨토너,제형,2026-02-16,1.02765
스킨토너,제형,2026-02-23,1.12911
스킨토너,제형,2026-03-02,1.1422
스킨토너,제형,2026-03-09,1.04729
스킨토너,제형,2026-03-16,1.2502
스킨토너,제형,2026-03-23,1.10292
스킨토너,제형,2026-03-30,0.94256
스킨토너,제형,2026-04-06,1.07674
스킨토너,제형,2026-04-13,0.98838
스킨토너,제형,2026-04-20,0.9851
스킨토너,제형,2026-04-27,1.32547
스킨토너,제형,2026-05-04,0.97856
스킨토너,제형,2026-05-11,0.92947
스킨토너,제형,2026-05-18,0.86074
스킨토너,제형,2026-05-25,1.12256
스킨토너,제형,2026-06-01,1.4302
스킨토너,제형,2026-06-08,1.20765
스킨토너,제형,2026-06-15,1.03092
스킨토너,제형,2026-06-22,0.7691
스킨토너,제형,2026-06-29,1.0342
스킨토너,제형,2026-07-06,0.86728
스킨토너,제형,2026-07-13,0.82146
스킨토너,제형,2026-07-20,0.8051
스킨토너,제형,2026-07-27,0.73964
스킨토너,제형,2026-08-03,0.78546
스킨토너,제형,2026-08-10,0.81492
스킨토너,제형,2026-08-17,0.82474
스킨토너,제형,2026-08-24,0.7331
스킨토너,제형,2026-08-31,0.71019
스킨토너,제형,2026-09-07,0.81819
스킨토너,제형,2026-09-14,0.73637
스킨토너,제형,2026-09-21,0.5531
스킨토너,제형,2026-09-28,0.08836
페이셜미스트,제형,2020-12-28,0.08836
페이셜미스트,제형,2021-01-04,0.16036
페이셜미스트,제형,2021-01-11,0.10472
페이셜미스트,제형,2021-01-18,0.04254
페이셜미스트,제형,2021-01-25,0.11782
페이셜미스트,제형,2021-02-01,0.11454
페이셜미스트,제형,2021-02-08,0.09163
페이셜미스트,제형,2021-02-15,0.09163
페이셜미스트,제형,2021-02-22,0.06218
페이셜미스트,제형,2021-03-01,0.06545
페이셜미스트,제형,2021-03-08,0.09163
페이셜미스트,제형,2021-03-15,0.05563
페이셜미스트,제형,2021-03-22,0.07854
페이셜미스트,제형,2021-03-29,0.036
페이셜미스트,제형,2021-04-05,0.03272
페이셜미스트,제형,2021-04-12,0.11782
페이셜미스트,제형,2021-04-19,0.072
페이셜미스트,제형,2021-04-26,0.03272
페이셜미스트,제형,2021-05-03,0.07527
페이셜미스트,제형,2021-05-10,0.06872
페이셜미스트,제형,2021-05-17,0.01636
페이셜미스트,제형,2021-05-31,0.01636
페이셜미스트,제형,2021-06-07,0.07527
페이셜미스트,제형,2021-06-14,0.03927
페이셜미스트,제형,2021-06-21,0.08509
페이셜미스트,제형,2021-06-28,0.12763
페이셜미스트,제형,2021-07-05,0.08181
페이셜미스트,제형,2021-07-12,0.07527
페이셜미스트,제형,2021-07-19,0.08509
페이셜미스트,제형,2021-07-26,0.05563
페이셜미스트,제형,2021-08-02,0.0229
페이셜미스트,제형,2021-08-09,0.09818
페이셜미스트,제형,2021-08-16,0.01636
페이셜미스트,제형,2021-08-23,0.036
페이셜미스트,제형,2021-08-30,0.036
페이셜미스트,제형,2021-09-06,0.01636
페이셜미스트,제형,2021-09-13,0.01963
페이셜미스트,제형,2021-09-20,0.05563
페이셜미스트,제형,2021-10-04,0.04254
페이셜미스트,제형,2021-10-11,0.08836
페이셜미스트,제형,2021-10-18,0.01963
페이셜미스트,제형,2021-10-25,0.072
페이셜미스트,제형,2021-11-01,0.01636
페이셜미스트,제형,2021-11-08,0.06545
페이셜미스트,제형,2021-11-15,0.09818
페이셜미스트,제형,2021-11-22,0.08181
페이셜미스트,제형,2021-11-29,0.0229
페이셜미스트,제형,2021-12-13,0.06545
페이셜미스트,제형,2021-12-20,0.01963
페이셜미스트,제형,2021-12-27,0.036
페이셜미스트,제형,2022-01-03,0.08509
페이셜미스트,제형,2022-01-10,0.05891
페이셜미스트,제형,2022-01-17,0.04254
페이셜미스트,제형,2022-01-31,0.05891
페이셜미스트,제형,2022-02-07,0.09163
페이셜미스트,제형,2022-02-14,0.02618
페이셜미스트,제형,2022-02-21,0.03927
페이셜미스트,제형,2022-02-28,0.036
페이셜미스트,제형,2022-03-07,0.03272
페이셜미스트,제형,2022-03-14,0.01636
페이셜미스트,제형,2022-03-21,0.04581
페이셜미스트,제형,2022-03-28,0.01963
페이셜미스트,제형,2022-04-04,0.03272
페이셜미스트,제형,2022-04-18,0.06218
페이셜미스트,제형,2022-05-02,0.01636
페이셜미스트,제형,2022-05-09,0.0229
페이셜미스트,제형,2022-05-16,0.03272
페이셜미스트,제형,2022-05-30,0.07527
페이셜미스트,제형,2022-06-06,0.03272
페이셜미스트,제형,2022-06-13,0.01636
페이셜미스트,제형,2022-06-27,0.01963
페이셜미스트,제형,2022-07-11,0.02618
페이셜미스트,제형,2022-07-25,0.02945
페이셜미스트,제형,2022-08-08,0.03272
페이셜미스트,제형,2022-08-15,0.03272
페이셜미스트,제형,2022-08-22,0.04909
페이셜미스트,제형,2022-08-29,0.02618
페이셜미스트,제형,2022-09-19,0.01636
페이셜미스트,제형,2022-10-03,0.0229
페이셜미스트,제형,2022-10-10,0.05891
페이셜미스트,제형,2022-10-17,0.036
페이셜미스트,제형,2022-10-31,0.01636
페이셜미스트,제형,2022-11-07,0.036
페이셜미스트,제형,2022-11-14,0.07527
페이셜미스트,제형,2022-11-21,0.01963
페이셜미스트,제형,2022-11-28,0.0229
페이셜미스트,제형,2022-12-05,0.04254
페이셜미스트,제형,2022-12-12,0.02945
페이셜미스트,제형,2022-12-19,0.10145
페이셜미스트,제형,2022-12-26,0.0229
페이셜미스트,제형,2023-01-09,0.01636
페이셜미스트,제형,2023-01-16,0.01963
페이셜미스트,제형,2023-01-23,0.03272
페이셜미스트,제형,2023-01-30,0.036
페이셜미스트,제형,2023-02-06,0.01963
페이셜미스트,제형,2023-03-06,0.01636
페이셜미스트,제형,2023-03-20,0.04909
페이셜미스트,제형,2023-03-27,0.04254
페이셜미스트,제형,2023-04-10,0.03927
페이셜미스트,제형,2023-04-17,0.01963
페이셜미스트,제형,2023-04-24,0.0229
페이셜미스트,제형,2023-05-01,0.01636
페이셜미스트,제형,2023-05-22,0.01636
페이셜미스트,제형,2023-05-29,0.01636
페이셜미스트,제형,2023-06-12,0.04254
페이셜미스트,제형,2023-06-19,0.03272
페이셜미스트,제형,2023-07-03,0.06545
페이셜미스트,제형,2023-08-14,0.01963
페이셜미스트,제형,2023-08-21,0.0229
페이셜미스트,제형,2023-09-04,0.01636
페이셜미스트,제형,2023-09-11,0.01636
페이셜미스트,제형,2023-09-25,0.38291
페이셜미스트,제형,2023-10-02,0.04909
페이셜미스트,제형,2023-10-09,0.01636
페이셜미스트,제형,2023-10-23,0.01636
페이셜미스트,제형,2023-10-30,0.01636
페이셜미스트,제형,2023-11-06,0.0229
페이셜미스트,제형,2023-11-13,0.03927
페이셜미스트,제형,2023-11-20,0.072
페이셜미스트,제형,2023-11-27,0.036
페이셜미스트,제형,2023-12-04,0.03927
페이셜미스트,제형,2023-12-11,0.05563
페이셜미스트,제형,2023-12-18,0.05891
페이셜미스트,제형,2023-12-25,0.036
페이셜미스트,제형,2024-01-01,0.01636
페이셜미스트,제형,2024-01-08,0.04909
페이셜미스트,제형,2024-01-15,0.01963
페이셜미스트,제형,2024-01-22,0.072
페이셜미스트,제형,2024-01-29,0.01963
페이셜미스트,제형,2024-02-05,0.01636
페이셜미스트,제형,2024-02-12,0.04254
페이셜미스트,제형,2024-02-19,0.01636
페이셜미스트,제형,2024-02-26,0.02618
페이셜미스트,제형,2024-03-04,0.05891
페이셜미스트,제형,2024-03-11,0.036
페이셜미스트,제형,2024-03-18,0.0229
페이셜미스트,제형,2024-03-25,0.01963
페이셜미스트,제형,2024-04-08,0.01636
페이셜미스트,제형,2024-04-15,0.02618
페이셜미스트,제형,2024-04-22,0.04909
페이셜미스트,제형,2024-04-29,0.01636
페이셜미스트,제형,2024-05-06,0.04254
페이셜미스트,제형,2024-05-13,0.04581
페이셜미스트,제형,2024-05-27,0.05891
페이셜미스트,제형,2024-06-03,0.01636
페이셜미스트,제형,2024-07-08,0.01963
페이셜미스트,제형,2024-08-05,0.03272
페이셜미스트,제형,2024-08-19,0.01636
페이셜미스트,제형,2024-08-26,0.05563
페이셜미스트,제형,2024-09-02,0.01636
페이셜미스트,제형,2024-09-16,0.02618
페이셜미스트,제형,2024-10-07,0.09163
페이셜미스트,제형,2024-10-14,0.04909
페이셜미스트,제형,2024-10-28,0.05236
페이셜미스트,제형,2024-11-04,0.01963
페이셜미스트,제형,2024-11-11,1.88185
페이셜미스트,제형,2024-11-18,1.92112
페이셜미스트,제형,2024-11-25,1.17165
페이셜미스트,제형,2024-12-02,0.144
페이셜미스트,제형,2024-12-09,0.17018
페이셜미스트,제형,2024-12-16,0.19636
페이셜미스트,제형,2024-12-23,0.10472
페이셜미스트,제형,2024-12-30,0.06218
페이셜미스트,제형,2025-01-06,0.04909
페이셜미스트,제형,2025-01-13,0.09163
페이셜미스트,제형,2025-01-20,0.03927
페이셜미스트,제형,2025-01-27,0.10472
페이셜미스트,제형,2025-02-03,0.06872
페이셜미스트,제형,2025-02-10,0.04909
페이셜미스트,제형,2025-02-17,0.036
페이셜미스트,제형,2025-02-24,0.01636
페이셜미스트,제형,2025-03-10,0.01636
페이셜미스트,제형,2025-03-17,0.03927
페이셜미스트,제형,2025-03-31,0.01636
페이셜미스트,제형,2025-04-07,0.01636
페이셜미스트,제형,2025-04-28,0.036
페이셜미스트,제형,2025-05-12,0.01636
페이셜미스트,제형,2025-05-26,0.036
페이셜미스트,제형,2025-06-09,0.0229
페이셜미스트,제형,2025-06-30,0.03927
페이셜미스트,제형,2025-07-07,0.01636
페이셜미스트,제형,2025-07-21,0.0229
페이셜미스트,제형,2025-07-28,0.04909
페이셜미스트,제형,2025-08-04,0.01636
페이셜미스트,제형,2025-08-18,0.01636
페이셜미스트,제형,2025-09-01,0.01963
페이셜미스트,제형,2025-10-06,0.036
페이셜미스트,제형,2025-10-20,0.01636
페이셜미스트,제형,2025-10-27,0.09818
페이셜미스트,제형,2025-11-03,0.05563
페이셜미스트,제형,2025-11-10,0.04909
페이셜미스트,제형,2025-11-17,0.01636
페이셜미스트,제형,2025-11-24,0.03272
페이셜미스트,제형,2025-12-01,0.06218
페이셜미스트,제형,2025-12-08,0.02618
페이셜미스트,제형,2025-12-22,0.05891
페이셜미스트,제형,2025-12-29,0.06218
페이셜미스트,제형,2026-01-05,0.07854
페이셜미스트,제형,2026-01-12,0.036
페이셜미스트,제형,2026-01-19,0.06872
페이셜미스트,제형,2026-01-26,0.01636
페이셜미스트,제형,2026-02-16,0.01963
페이셜미스트,제형,2026-02-23,0.01636
페이셜미스트,제형,2026-03-02,0.04909
페이셜미스트,제형,2026-03-09,0.02618
페이셜미스트,제형,2026-03-16,0.036
페이셜미스트,제형,2026-04-06,0.04254
페이셜미스트,제형,2026-04-20,0.01636
페이셜미스트,제형,2026-06-15,0.01636
페이셜미스트,제형,2026-06-29,0.0229
페이셜미스트,제형,2026-08-03,0.01963
페이셜미스트,제형,2026-08-17,0.01636
페이스오일,제형,2020-12-28,15.39191
페이스오일,제형,2021-01-04,19.23089
페이스오일,제형,2021-01-11,15.7061
페이스오일,제형,2021-01-18,10.9311
페이스오일,제형,2021-01-25,8.66633
페이스오일,제형,2021-02-01,8.68597
페이스오일,제형,2021-02-08,8.30633
페이스오일,제형,2021-02-15,9.48126
페이스오일,제형,2021-02-22,8.19178
페이스오일,제형,2021-03-01,7.75323
페이스오일,제형,2021-03-08,6.69284
페이스오일,제형,2021-03-15,9.11143
페이스오일,제형,2021-03-22,9.74963
페이스오일,제형,2021-03-29,8.17214
페이스오일,제형,2021-04-05,7.40304
페이스오일,제형,2021-04-12,7.39322
페이스오일,제형,2021-04-19,6.30993
페이스오일,제형,2021-04-26,5.46882
페이스오일,제형,2021-05-03,5.31827
페이스오일,제형,2021-05-10,4.2448
페이스오일,제형,2021-05-17,3.89461
페이스오일,제형,2021-05-24,4.03534
페이스오일,제형,2021-05-31,3.69824
페이스오일,제형,2021-06-07,3.61315
페이스오일,제형,2021-06-14,3.22369
페이스오일,제형,2021-06-21,3.31206
페이스오일,제형,2021-06-28,3.14187
페이스오일,제형,2021-07-05,2.84405
페이스오일,제형,2021-07-12,3.09605
페이스오일,제형,2021-07-19,3.0175
페이스오일,제형,2021-07-26,3.12878
페이스오일,제형,2021-08-02,3.27278
페이스오일,제형,2021-08-09,3.73097
페이스오일,제형,2021-08-16,4.99754
페이스오일,제형,2021-08-23,4.83063
페이스오일,제형,2021-08-30,5.39682
페이스오일,제형,2021-09-06,5.06954
페이스오일,제형,2021-09-13,5.7961
페이스오일,제형,2021-09-20,5.97938
페이스오일,제형,2021-09-27,6.37866
페이스오일,제형,2021-10-04,5.7601
페이스오일,제형,2021-10-11,8.16887
페이스오일,제형,2021-10-18,14.9959
페이스오일,제형,2021-10-25,16.14138
페이스오일,제형,2021-11-01,15.74537
페이스오일,제형,2021-11-08,16.45884
페이스오일,제형,2021-11-15,11.67403
페이스오일,제형,2021-11-22,11.22238
페이스오일,제형,2021-11-29,12.22058
페이스오일,제형,2021-12-06,10.29945
페이스오일,제형,2021-12-13,10.18818
페이스오일,제형,2021-12-20,9.53035
페이스오일,제형,2021-12-27,14.82899
페이스오일,제형,2022-01-03,11.53657
페이스오일,제형,2022-01-10,10.81983
페이스오일,제형,2022-01-17,10.14236
페이스오일,제형,2022-01-24,9.14416
페이스오일,제형,2022-01-31,10.38782
페이스오일,제형,2022-02-07,9.15398
페이스오일,제형,2022-02-14,12.26967
페이스오일,제형,2022-02-21,13.00932
페이스오일,제형,2022-02-28,11.65439
페이스오일,제형,2022-03-07,10.27327
페이스오일,제형,2022-03-14,10.0409
페이스오일,제형,2022-03-21,10.58746
페이스오일,제형,2022-03-28,9.88708
페이스오일,제형,2022-04-04,10.16527
페이스오일,제형,2022-04-11,9.04925
페이스오일,제형,2022-04-18,9.93618
페이스오일,제형,2022-04-25,9.33071
페이스오일,제형,2022-05-02,10.59728
페이스오일,제형,2022-05-09,11.25184
페이스오일,제형,2022-05-16,6.03501
페이스오일,제형,2022-05-23,4.05171
페이스오일,제형,2022-05-30,3.90116
페이스오일,제형,2022-06-06,3.93388
페이스오일,제형,2022-06-13,3.37751
페이스오일,제형,2022-06-20,3.07314
페이스오일,제형,2022-06-27,2.54295
페이스오일,제형,2022-07-04,2.5004
페이스오일,제형,2022-07-11,2.44149
페이스오일,제형,2022-07-18,2.78514
페이스오일,제형,2022-07-25,2.53968
페이스오일,제형,2022-08-01,2.6935
페이스오일,제형,2022-08-08,3.18114
페이스오일,제형,2022-08-15,7.07903
페이스오일,제형,2022-08-22,7.5274
페이스오일,제형,2022-08-29,6.63066
페이스오일,제형,2022-09-05,4.71935
페이스오일,제형,2022-09-12,5.23973
페이스오일,제형,2022-09-19,7.97578
페이스오일,제형,2022-09-26,7.3474
페이스오일,제형,2022-10-03,7.26231
페이스오일,제형,2022-10-10,10.09
페이스오일,제형,2022-10-17,11.14383
페이스오일,제형,2022-10-24,16.02029
페이스오일,제형,2022-10-31,18.72688
페이스오일,제형,2022-11-07,22.91605
페이스오일,제형,2022-11-14,8.90525
페이스오일,제형,2022-11-21,9.70381
페이스오일,제형,2022-11-28,11.84748
페이스오일,제형,2022-12-05,13.14023
페이스오일,제형,2022-12-12,11.92276
페이스오일,제형,2022-12-19,11.51366
페이스오일,제형,2022-12-26,8.92816
페이스오일,제형,2023-01-02,9.06234
페이스오일,제형,2023-01-09,7.72377
페이스오일,제형,2023-01-16,6.28375
페이스오일,제형,2023-01-23,8.53542
페이스오일,제형,2023-01-30,9.52053
페이스오일,제형,2023-02-06,7.51431
페이스오일,제형,2023-02-13,6.83357
페이스오일,제형,2023-02-20,7.20013
페이스오일,제형,2023-02-27,7.40631
페이스오일,제형,2023-03-06,6.47029
페이스오일,제형,2023-03-13,6.17902
페이스오일,제형,2023-03-20,6.71575
페이스오일,제형,2023-03-27,6.2772
페이스오일,제형,2023-04-03,5.79283
페이스오일,제형,2023-04-10,5.90738
페이스오일,제형,2023-04-17,4.51971
페이스오일,제형,2023-04-24,4.50335
페이스오일,제형,2023-05-01,4.41826
페이스오일,제형,2023-05-08,3.92079
페이스오일,제형,2023-05-15,3.31533
페이스오일,제형,2023-05-22,3.1386
페이스오일,제형,2023-05-29,2.9455
페이스오일,제형,2023-06-05,2.88987
페이스오일,제형,2023-06-12,2.5495
페이스오일,제형,2023-06-19,2.45131
페이스오일,제형,2023-06-26,2.19276
페이스오일,제형,2023-07-03,2.07167
페이스오일,제형,2023-07-10,1.95385
페이스오일,제형,2023-07-17,2.11422
페이스오일,제형,2023-07-24,1.89167
페이스오일,제형,2023-07-31,2.18294
페이스오일,제형,2023-08-07,2.73932
페이스오일,제형,2023-08-14,2.63786
페이스오일,제형,2023-08-21,3.05351
페이스오일,제형,2023-08-28,3.27605
페이스오일,제형,2023-09-04,3.60661
페이스오일,제형,2023-09-11,3.50515
페이스오일,제형,2023-09-18,4.25135
페이스오일,제형,2023-09-25,3.93061
페이스오일,제형,2023-10-02,8.87907
페이스오일,제형,2023-10-09,8.62706
페이스오일,제형,2023-10-16,9.14089
페이스오일,제형,2023-10-23,8.15251
페이스오일,제형,2023-10-30,6.87285
페이스오일,제형,2023-11-06,9.50744
페이스오일,제형,2023-11-13,13.14351
페이스오일,제형,2023-11-20,10.58091
페이스오일,제형,2023-11-27,11.36638
페이스오일,제형,2023-12-04,9.70381
페이스오일,제형,2023-12-11,8.51579
페이스오일,제형,2023-12-18,12.97005
페이스오일,제형,2023-12-25,8.0445
페이스오일,제형,2024-01-01,7.08885
페이스오일,제형,2024-01-08,7.70741
페이스오일,제형,2024-01-15,6.95467
페이스오일,제형,2024-01-22,7.98559
페이스오일,제형,2024-01-29,6.64048
페이스오일,제형,2024-02-05,5.05645
페이스오일,제형,2024-02-12,5.36737
페이스오일,제형,2024-02-19,4.30044
페이스오일,제형,2024-02-26,5.18082
페이스오일,제형,2024-03-04,5.04663
페이스오일,제형,2024-03-11,4.68335
페이스오일,제형,2024-03-18,4.60153
페이스오일,제형,2024-03-25,3.92734
페이스오일,제형,2024-04-01,3.6917
페이스오일,제형,2024-04-08,3.95352
페이스오일,제형,2024-04-15,3.46915
페이스오일,제형,2024-04-22,3.26624
페이스오일,제형,2024-04-29,3.04041
페이스오일,제형,2024-05-06,3.09932
페이스오일,제형,2024-05-13,3.15496
페이스오일,제형,2024-05-20,3.14187
페이스오일,제형,2024-05-27,2.72623
페이스오일,제형,2024-06-03,2.61822
페이스오일,제형,2024-06-10,2.15022
페이스오일,제형,2024-06-17,2.20258
페이스오일,제형,2024-06-24,1.9833
페이스오일,제형,2024-07-01,1.82948
페이스오일,제형,2024-07-08,2.00621
페이스오일,제형,2024-07-15,2.17313
페이스오일,제형,2024-07-22,1.90803
페이스오일,제형,2024-07-29,1.86221
페이스오일,제형,2024-08-05,2.20258
페이스오일,제형,2024-08-12,2.33349
페이스오일,제형,2024-08-19,2.40877
페이스오일,제형,2024-08-26,3.02078
페이스오일,제형,2024-09-02,3.33169
페이스오일,제형,2024-09-09,2.3204
페이스오일,제형,2024-09-16,2.62477
페이스오일,제형,2024-09-23,4.46408
페이스오일,제형,2024-09-30,6.79757
페이스오일,제형,2024-10-07,6.39829
페이스오일,제형,2024-10-14,5.34118
페이스오일,제형,2024-10-21,6.03174
페이스오일,제형,2024-10-28,5.87465
페이스오일,제형,2024-11-04,8.73834
페이스오일,제형,2024-11-11,6.70594
페이스오일,제형,2024-11-18,10.27655
페이스오일,제형,2024-11-25,20.22582
페이스오일,제형,2024-12-02,19.45017
페이스오일,제형,2024-12-09,16.46211
페이스오일,제형,2024-12-16,10.33546
페이스오일,제형,2024-12-23,10.73474
페이스오일,제형,2024-12-30,9.60235
페이스오일,제형,2025-01-06,9.12452
페이스오일,제형,2025-01-13,9.8609
페이스오일,제형,2025-01-20,8.55179
페이스오일,제형,2025-01-27,10.18818
페이스오일,제형,2025-02-03,7.47831
페이스오일,제형,2025-02-10,7.03649
페이스오일,제형,2025-02-17,7.06267
페이스오일,제형,2025-02-24,5.51464
페이스오일,제형,2025-03-03,4.87972
페이스오일,제형,2025-03-10,6.32629
페이스오일,제형,2025-03-17,6.35247
페이스오일,제형,2025-03-24,5.21027
페이스오일,제형,2025-03-31,5.07609
페이스오일,제형,2025-04-07,4.83717
페이스오일,제형,2025-04-14,4.51317
페이스오일,제형,2025-04-21,4.19571
페이스오일,제형,2025-04-28,5.78301
페이스오일,제형,2025-05-05,4.30371
페이스오일,제형,2025-05-12,3.1386
페이스오일,제형,2025-05-19,3.15496
페이스오일,제형,2025-05-26,2.16985
페이스오일,제형,2025-06-02,2.23204
페이스오일,제형,2025-06-09,2.00294
페이스오일,제형,2025-06-16,1.75748
페이스오일,제형,2025-06-23,1.55784
페이스오일,제형,2025-06-30,1.53493
페이스오일,제형,2025-07-07,1.5153
페이스오일,제형,2025-07-14,1.56439
페이스오일,제형,2025-07-21,1.45311
페이스오일,제형,2025-07-28,1.38766
페이스오일,제형,2025-08-04,1.78366
페이스오일,제형,2025-08-11,1.61021
페이스오일,제형,2025-08-18,1.87857
페이스오일,제형,2025-08-25,1.91458
페이스오일,제형,2025-09-01,2.11422
페이스오일,제형,2025-09-08,2.27785
페이스오일,제형,2025-09-15,2.42186
페이스오일,제형,2025-09-22,3.06005
페이스오일,제형,2025-09-29,2.81786
페이스오일,제형,2025-10-06,2.66404
페이스오일,제형,2025-10-13,3.37751
페이스오일,제형,2025-10-20,6.11356
페이스오일,제형,2025-10-27,8.26705
페이스오일,제형,2025-11-03,8.64997
페이스오일,제형,2025-11-10,8.3096
페이스오일,제형,2025-11-17,8.5387
페이스오일,제형,2025-11-24,8.27033
페이스오일,제형,2025-12-01,10.15873
페이스오일,제형,2025-12-08,8.51251
페이스오일,제형,2025-12-15,5.9041
페이스오일,제형,2025-12-22,5.56373
페이스오일,제형,2025-12-29,5.93028
페이스오일,제형,2026-01-05,5.83865
페이스오일,제형,2026-01-12,5.46228
페이스오일,제형,2026-01-19,5.39027
페이스오일,제형,2026-01-26,5.57028
페이스오일,제형,2026-02-02,4.54917
페이스오일,제형,2026-02-09,4.25462
페이스오일,제형,2026-02-16,3.27605
페이스오일,제형,2026-02-23,4.15971
페이스오일,제형,2026-03-02,3.91752
페이스오일,제형,2026-03-09,3.78988
페이스오일,제형,2026-03-16,3.07314
페이스오일,제형,2026-03-23,2.77205
페이스오일,제형,2026-03-30,2.40549
페이스오일,제형,2026-04-06,2.6935
페이스오일,제형,2026-04-13,2.22876
페이스오일,제형,2026-04-20,2.27785
페이스오일,제형,2026-04-27,2.26804
페이스오일,제형,2026-05-04,2.12731
페이스오일,제형,2026-05-11,1.86876
페이스오일,제형,2026-05-18,1.88185
페이스오일,제형,2026-05-25,1.28947
페이스오일,제형,2026-06-01,1.30256
페이스오일,제형,2026-06-08,1.34511
페이스오일,제형,2026-06-15,1.1422
페이스오일,제형,2026-06-22,1.01783
페이스오일,제형,2026-06-29,1.09311
페이스오일,제형,2026-07-06,0.92947
페이스오일,제형,2026-07-13,0.9851
페이스오일,제형,2026-07-20,1.21747
페이스오일,제형,2026-07-27,1.31893
페이스오일,제형,2026-08-03,1.12256
페이스오일,제형,2026-08-10,1.40075
페이스오일,제형,2026-08-17,1.57421
페이스오일,제형,2026-08-24,1.41711
페이스오일,제형,2026-08-31,1.81639
페이스오일,제형,2026-09-07,2.75568
페이스오일,제형,2026-09-14,2.66077
페이스오일,제형,2026-09-21,2.05858
페이스오일,제형,2026-09-28,0.25527
립밤,제형,2020-12-28,51.20929
립밤,제형,2021-01-04,56.90721
립밤,제형,2021-01-11,48.53542
립밤,제형,2021-01-18,47.17067
립밤,제형,2021-01-25,39.72835
립밤,제형,2021-02-01,38.70397
립밤,제형,2021-02-08,34.55408
립밤,제형,2021-02-15,41.44002
립밤,제형,2021-02-22,32.52168
립밤,제형,2021-03-01,32.01767
립밤,제형,2021-03-08,27.87432
립밤,제형,2021-03-15,25.19391
립밤,제형,2021-03-22,24.96154
립밤,제형,2021-03-29,24.10407
립밤,제형,2021-04-05,25.90083
립밤,제형,2021-04-12,25.19718
립밤,제형,2021-04-19,26.6863
립밤,제형,2021-04-26,26.24447
립밤,제형,2021-05-03,28.66961
립밤,제형,2021-05-10,26.66993
립밤,제형,2021-05-17,21.28947
립밤,제형,2021-05-24,22.3204
립밤,제형,2021-05-31,20.71346
립밤,제형,2021-06-07,18.50106
립밤,제형,2021-06-14,17.34576
립밤,제형,2021-06-21,18.11487
립밤,제형,2021-06-28,18.79888
립밤,제형,2021-07-05,17.98396
립밤,제형,2021-07-12,18.61233
립밤,제형,2021-07-19,20.21273
립밤,제형,2021-07-26,21.20111
립밤,제형,2021-08-02,22.16331
립밤,제형,2021-08-09,24.67353
립밤,제형,2021-08-16,26.9743
립밤,제형,2021-08-23,27.71068
립밤,제형,2021-08-30,30.98019
립밤,제형,2021-09-06,29.46489
립밤,제형,2021-09-13,28.31287
립밤,제형,2021-09-20,30.53837
립밤,제형,2021-09-27,29.52053
립밤,제형,2021-10-04,30.14891
립밤,제형,2021-10-11,43.85207
립밤,제형,2021-10-18,84.89608
립밤,제형,2021-10-25,61.82948
립밤,제형,2021-11-01,53.51333
립밤,제형,2021-11-08,56.21338
립밤,제형,2021-11-15,48.73506
립밤,제형,2021-11-22,55.01881
립밤,제형,2021-11-29,59.68253
립밤,제형,2021-12-06,53.98134
립밤,제형,2021-12-13,57.79741
립밤,제형,2021-12-20,54.82899
립밤,제형,2021-12-27,56.92685
립밤,제형,2022-01-03,59.33562
립밤,제형,2022-01-10,54.86827
립밤,제형,2022-01-17,49.54999
립밤,제형,2022-01-24,44.9779
립밤,제형,2022-01-31,57.4374
립밤,제형,2022-02-07,53.90279
립밤,제형,2022-02-14,53.58206
립밤,제형,2022-02-21,49.71363
립밤,제형,2022-02-28,39.94108
립밤,제형,2022-03-07,32.50204
립밤,제형,2022-03-14,26.6143
립밤,제형,2022-03-21,27.66813
립밤,제형,2022-03-28,25.63901
립밤,제형,2022-04-04,26.5063
립밤,제형,2022-04-11,22.45459
립밤,제형,2022-04-18,26.11029
립밤,제형,2022-04-25,23.64261
립밤,제형,2022-05-02,27.3114
립밤,제형,2022-05-09,33.91916
립밤,제형,2022-05-16,29.32744
립밤,제형,2022-05-23,24.9059
립밤,제형,2022-05-30,24.89281
립밤,제형,2022-06-06,24.89936
립밤,제형,2022-06-13,23.27933
립밤,제형,2022-06-20,22.64768
립밤,제형,2022-06-27,20.54982
립밤,제형,2022-07-04,21.37784
립밤,제형,2022-07-11,20.76583
립밤,제형,2022-07-18,21.77385
립밤,제형,2022-07-25,20.91638
립밤,제형,2022-08-01,18.58942
립밤,제형,2022-08-08,20.47455
립밤,제형,2022-08-15,21.26329
립밤,제형,2022-08-22,26.05792
립밤,제형,2022-08-29,31.04892
립밤,제형,2022-09-05,25.40337
립밤,제형,2022-09-12,27.42268
립밤,제형,2022-09-19,35.9221
립밤,제형,2022-09-26,37.76468
립밤,제형,2022-10-03,33.71952
립밤,제형,2022-10-10,47.37686
립밤,제형,2022-10-17,57.78432
립밤,제형,2022-10-24,51.53984
립밤,제형,2022-10-31,56.09883
립밤,제형,2022-11-07,56.57339
립밤,제형,2022-11-14,42.44149
립밤,제형,2022-11-21,42.73277
립밤,제형,2022-11-28,59.16543
립밤,제형,2022-12-05,67.99214
립밤,제형,2022-12-12,65.11209
립밤,제형,2022-12-19,68.6467
립밤,제형,2022-12-26,52.87187
립밤,제형,2023-01-02,52.06676
립밤,제형,2023-01-09,41.65603
립밤,제형,2023-01-16,43.56733
립밤,제형,2023-01-23,56.3672
립밤,제형,2023-01-30,51.67075
립밤,제형,2023-02-06,49.2358
립밤,제형,2023-02-13,48.02487
립밤,제형,2023-02-20,49.64162
립밤,제형,2023-02-27,40.82474
립밤,제형,2023-03-06,37.17885
립밤,제형,2023-03-13,49.06561
립밤,제형,2023-03-20,35.13663
립밤,제형,2023-03-27,49.29471
립밤,제형,2023-04-03,38.37669
립밤,제형,2023-04-10,35.73883
립밤,제형,2023-04-17,29.29144
립밤,제형,2023-04-24,33.02896
립밤,제형,2023-05-01,32.54131
립밤,제형,2023-05-08,33.10096
립밤,제형,2023-05-15,28.35215
립밤,제형,2023-05-22,27.55686
립밤,제형,2023-05-29,23.57715
립밤,제형,2023-06-05,24.05171
립밤,제형,2023-06-12,21.87857
립밤,제형,2023-06-19,20.92947
립밤,제형,2023-06-26,18.98543
립밤,제형,2023-07-03,20.24545
립밤,제형,2023-07-10,21.07347
립밤,제형,2023-07-17,23.82588
립밤,제형,2023-07-24,20.16363
립밤,제형,2023-07-31,21.59711
립밤,제형,2023-08-07,22.93241
립밤,제형,2023-08-14,24.60481
립밤,제형,2023-08-21,24.92881
립밤,제형,2023-08-28,27.24922
립밤,제형,2023-09-04,29.18671
립밤,제형,2023-09-11,28.36851
립밤,제형,2023-09-18,30.55801
립밤,제형,2023-09-25,27.29504
립밤,제형,2023-10-02,57.11994
립밤,제형,2023-10-09,51.25511
립밤,제형,2023-10-16,59.02798
립밤,제형,2023-10-23,51.48748
립밤,제형,2023-10-30,42.60186
립밤,제형,2023-11-06,64.27753
립밤,제형,2023-11-13,87.20013
립밤,제형,2023-11-20,71.88348
립밤,제형,2023-11-27,82.25495
립밤,제형,2023-12-04,66.19211
립밤,제형,2023-12-11,50.27
립밤,제형,2023-12-18,75.42137
립밤,제형,2023-12-25,51.59875
립밤,제형,2024-01-01,43.23678
립밤,제형,2024-01-08,45.92374
립밤,제형,2024-01-15,43.52806
립밤,제형,2024-01-22,49.96236
립밤,제형,2024-01-29,42.00294
립밤,제형,2024-02-05,34.81917
립밤,제형,2024-02-12,40.04909
립밤,제형,2024-02-19,36.1152
립밤,제형,2024-02-26,37.45704
립밤,제형,2024-03-04,38.12469
립밤,제형,2024-03-11,38.55342
립밤,제형,2024-03-18,34.66208
립밤,제형,2024-03-25,28.88234
립밤,제형,2024-04-01,27.97578
립밤,제형,2024-04-08,27.40958
립밤,제형,2024-04-15,25.17427
립밤,제형,2024-04-22,26.84994
립밤,제형,2024-04-29,25.72083
립밤,제형,2024-05-06,27.95614
립밤,제형,2024-05-13,27.19685
립밤,제형,2024-05-20,24.86336
립밤,제형,2024-05-27,26.41466
립밤,제형,2024-06-03,21.86876
립밤,제형,2024-06-10,21.51857
립밤,제형,2024-06-17,19.5189
립밤,제형,2024-06-24,19.80363
립밤,제형,2024-07-01,17.83668
립밤,제형,2024-07-08,18.80216
립밤,제형,2024-07-15,18.61888
립밤,제형,2024-07-22,18.08541
립밤,제형,2024-07-29,18.25887
립밤,제형,2024-08-05,18.99525
립밤,제형,2024-08-12,19.56471
립밤,제형,2024-08-19,20.63164
립밤,제형,2024-08-26,22.49386
립밤,제형,2024-09-02,24.11062
립밤,제형,2024-09-09,20.72655
립밤,제형,2024-09-16,20.81819
립밤,제형,2024-09-23,31.51693
립밤,제형,2024-09-30,40.18654
립밤,제형,2024-10-07,36.5472
립밤,제형,2024-10-14,31.39911
립밤,제형,2024-10-21,38.18033
립밤,제형,2024-10-28,36.4752
립밤,제형,2024-11-04,56.03665
립밤,제형,2024-11-11,42.31713
립밤,제형,2024-11-18,59.24725
립밤,제형,2024-11-25,54.80936
립밤,제형,2024-12-02,57.51268
립밤,제형,2024-12-09,65.03354
립밤,제형,2024-12-16,62.44149
립밤,제형,2024-12-23,50.25691
립밤,제형,2024-12-30,41.68875
립밤,제형,2025-01-06,44.8699
립밤,제형,2025-01-13,43.67533
립밤,제형,2025-01-20,33.88643
립밤,제형,2025-01-27,33.12714
립밤,제형,2025-02-03,43.40697
립밤,제형,2025-02-10,41.76403
립밤,제형,2025-02-17,39.66944
립밤,제형,2025-02-24,37.38177
립밤,제형,2025-03-03,30.76092
립밤,제형,2025-03-10,28.46342
립밤,제형,2025-03-17,29.47144
립밤,제형,2025-03-24,24.74226
립밤,제형,2025-03-31,26.24774
립밤,제형,2025-04-07,23.42333
립밤,제형,2025-04-14,22.67059
립밤,제형,2025-04-21,21.12583
립밤,제형,2025-04-28,23.69824
립밤,제형,2025-05-05,22.85714
립밤,제형,2025-05-12,21.48584
립밤,제형,2025-05-19,19.1818
립밤,제형,2025-05-26,19.87563
립밤,제형,2025-06-02,19.30289
립밤,제형,2025-06-09,18.37342
립밤,제형,2025-06-16,15.87956
립밤,제형,2025-06-23,14.60972
립밤,제형,2025-06-30,13.80461
립밤,제형,2025-07-07,15.82392
립밤,제형,2025-07-14,15.87301
립밤,제형,2025-07-21,14.09261
립밤,제형,2025-07-28,15.37882
립밤,제형,2025-08-04,17.02176
립밤,제형,2025-08-11,19.2178
립밤,제형,2025-08-18,54.96318
립밤,제형,2025-08-25,67.18049
립밤,제형,2025-09-01,67.71068
립밤,제형,2025-09-08,54.90099
립밤,제형,2025-09-15,62.44804
립밤,제형,2025-09-22,100
립밤,제형,2025-09-29,87.65832
립밤,제형,2025-10-06,72.02749
립밤,제형,2025-10-13,55.67664
립밤,제형,2025-10-20,62.50695
립밤,제형,2025-10-27,65.31827
립밤,제형,2025-11-03,47.82523
립밤,제형,2025-11-10,40.29455
립밤,제형,2025-11-17,57.78432
립밤,제형,2025-11-24,48.1656
립밤,제형,2025-12-01,62.78186
립밤,제형,2025-12-08,56.56357
립밤,제형,2025-12-15,48.28669
립밤,제형,2025-12-22,42.81786
립밤,제형,2025-12-29,48.99034
립밤,제형,2026-01-05,48.58779
립밤,제형,2026-01-12,42.40222
립밤,제형,2026-01-19,50.57764
립밤,제형,2026-01-26,49.6449
립밤,제형,2026-02-02,37.51268
립밤,제형,2026-02-09,29.84454
립밤,제형,2026-02-16,29.32416
립밤,제형,2026-02-23,26.87939
립밤,제형,2026-03-02,25.07281
립밤,제형,2026-03-09,29.67763
립밤,제형,2026-03-16,26.8303
립밤,제형,2026-03-23,22.6935
립밤,제형,2026-03-30,19.98363
립밤,제형,2026-04-06,22.06185
립밤,제형,2026-04-13,20.00981
립밤,제형,2026-04-20,23.41024
립밤,제형,2026-04-27,23.20405
립밤,제형,2026-05-04,19.94108
립밤,제형,2026-05-11,17.44722
립밤,제형,2026-05-18,16.14792
립밤,제형,2026-05-25,15.91883
립밤,제형,2026-06-01,18.51415
립밤,제형,2026-06-08,16.61593
립밤,제형,2026-06-15,16.07592
립밤,제형,2026-06-22,16.01701
립밤,제형,2026-06-29,18.5927
립밤,제형,2026-07-06,17.48322
립밤,제형,2026-07-13,14.66208
립밤,제형,2026-07-20,13.16314
립밤,제형,2026-07-27,14.91736
립밤,제형,2026-08-03,14.76354
립밤,제형,2026-08-10,14.85845
립밤,제형,2026-08-17,16.66175
립밤,제형,2026-08-24,22.68695
립밤,제형,2026-08-31,27.21976
립밤,제형,2026-09-07,27.19685
립밤,제형,2026-09-14,30.77401
립밤,제형,2026-09-21,59.16216
립밤,제형,2026-09-28,7.27867
시트팩,제형,2020-12-28,0.63819
시트팩,제형,2021-01-04,0.68073
시트팩,제형,2021-01-11,0.66764
시트팩,제형,2021-01-18,0.74619
시트팩,제형,2021-01-25,0.72328
시트팩,제형,2021-02-01,0.86074
시트팩,제형,2021-02-08,0.7691
시트팩,제형,2021-02-15,1.36147
시트팩,제형,2021-02-22,2.03567
시트팩,제형,2021-03-01,1.85239
시트팩,제형,2021-03-08,1.45311
시트팩,제형,2021-03-15,1.48257
시트팩,제형,2021-03-22,1.42038
시트팩,제형,2021-03-29,1.36475
시트팩,제형,2021-04-05,1.30911
시트팩,제형,2021-04-12,1.36802
시트팩,제형,2021-04-19,1.39747
시트팩,제형,2021-04-26,1.19783
시트팩,제형,2021-05-03,1.30584
시트팩,제형,2021-05-10,1.21093
시트팩,제형,2021-05-17,1.21093
시트팩,제형,2021-05-24,1.29602
시트팩,제형,2021-05-31,1.24038
시트팩,제형,2021-06-07,0.92619
시트팩,제형,2021-06-14,1.18147
시트팩,제형,2021-06-21,1.90476
시트팩,제형,2021-06-28,1.20111
시트팩,제형,2021-07-05,0.94583
시트팩,제형,2021-07-12,1.29929
시트팩,제형,2021-07-19,1.23384
시트팩,제형,2021-07-26,1.03747
시트팩,제형,2021-08-02,0.82474
시트팩,제형,2021-08-09,0.79201
시트팩,제형,2021-08-16,0.6611
시트팩,제형,2021-08-23,0.67092
시트팩,제형,2021-08-30,0.63492
시트팩,제형,2021-09-06,0.70364
시트팩,제형,2021-09-13,0.63492
시트팩,제형,2021-09-20,0.49746
시트팩,제형,2021-09-27,0.64801
시트팩,제형,2021-10-04,0.52364
시트팩,제형,2021-10-11,0.53019
시트팩,제형,2021-10-18,0.81165
시트팩,제형,2021-10-25,1.16838
시트팩,제형,2021-11-01,0.90001
시트팩,제형,2021-11-08,0.73637
시트팩,제형,2021-11-15,0.65455
시트팩,제형,2021-11-22,0.58582
시트팩,제형,2021-11-29,0.67419
시트팩,제형,2021-12-06,0.68728
시트팩,제형,2021-12-13,0.74292
시트팩,제형,2021-12-20,0.71019
시트팩,제형,2021-12-27,0.72001
시트팩,제형,2022-01-03,0.73964
시트팩,제형,2022-01-10,0.81492
시트팩,제형,2022-01-17,0.75601
시트팩,제형,2022-01-24,0.72983
시트팩,제형,2022-01-31,0.77892
시트팩,제형,2022-02-07,0.69055
시트팩,제형,2022-02-14,0.77565
시트팩,제형,2022-02-21,0.78874
시트팩,제형,2022-02-28,0.81819
시트팩,제형,2022-03-07,0.73637
시트팩,제형,2022-03-14,0.74619
시트팩,제형,2022-03-21,0.68728
시트팩,제형,2022-03-28,0.61528
시트팩,제형,2022-04-04,0.72328
시트팩,제형,2022-04-11,0.84437
시트팩,제형,2022-04-18,0.81819
시트팩,제형,2022-04-25,0.74292
시트팩,제형,2022-05-02,0.7331
시트팩,제형,2022-05-09,0.84437
시트팩,제형,2022-05-16,0.72983
시트팩,제형,2022-05-23,0.73637
시트팩,제형,2022-05-30,0.79855
시트팩,제형,2022-06-06,0.77565
시트팩,제형,2022-06-13,0.64146
시트팩,제형,2022-06-20,0.69383
시트팩,제형,2022-06-27,0.71019
시트팩,제형,2022-07-04,0.75928
시트팩,제형,2022-07-11,0.75601
시트팩,제형,2022-07-18,0.66764
시트팩,제형,2022-07-25,0.65783
시트팩,제형,2022-08-01,0.85419
시트팩,제형,2022-08-08,0.65128
시트팩,제형,2022-08-15,0.74946
시트팩,제형,2022-08-22,0.79201
시트팩,제형,2022-08-29,0.74292
시트팩,제형,2022-09-05,0.51055
시트팩,제형,2022-09-12,0.78219
시트팩,제형,2022-09-19,0.75601
시트팩,제형,2022-09-26,0.8051
시트팩,제형,2022-10-03,0.65783
시트팩,제형,2022-10-10,0.71674
시트팩,제형,2022-10-17,0.99492
시트팩,제형,2022-10-24,0.80837
시트팩,제형,2022-10-31,0.65783
시트팩,제형,2022-11-07,0.76255
시트팩,제형,2022-11-14,0.6971
시트팩,제형,2022-11-21,0.80837
시트팩,제형,2022-11-28,0.74619
시트팩,제형,2022-12-05,0.78219
시트팩,제형,2022-12-12,0.80837
시트팩,제형,2022-12-19,0.6611
시트팩,제형,2022-12-26,0.55964
시트팩,제형,2023-01-02,0.78874
시트팩,제형,2023-01-09,0.87383
시트팩,제형,2023-01-16,0.64473
시트팩,제형,2023-01-23,0.81819
시트팩,제형,2023-01-30,1.00474
시트팩,제형,2023-02-06,0.97856
시트팩,제형,2023-02-13,0.79855
시트팩,제형,2023-02-20,0.9131
시트팩,제형,2023-02-27,0.88365
시트팩,제형,2023-03-06,0.73964
시트팩,제형,2023-03-13,0.67092
시트팩,제형,2023-03-20,0.80837
시트팩,제형,2023-03-27,0.85092
시트팩,제형,2023-04-03,0.82801
시트팩,제형,2023-04-10,0.93928
시트팩,제형,2023-04-17,0.89347
시트팩,제형,2023-04-24,0.81819
시트팩,제형,2023-05-01,0.74292
시트팩,제형,2023-05-08,0.89674
시트팩,제형,2023-05-15,0.82474
시트팩,제형,2023-05-22,0.72001
시트팩,제형,2023-05-29,0.89674
시트팩,제형,2023-06-05,0.70037
시트팩,제형,2023-06-12,0.75274
시트팩,제형,2023-06-19,0.60219
시트팩,제형,2023-06-26,0.6971
시트팩,제형,2023-07-03,0.73637
시트팩,제형,2023-07-10,0.6611
시트팩,제형,2023-07-17,0.79528
시트팩,제형,2023-07-24,0.60873
시트팩,제형,2023-07-31,0.72001
시트팩,제형,2023-08-07,0.77565
시트팩,제형,2023-08-14,0.75601
시트팩,제형,2023-08-21,0.81165
시트팩,제형,2023-08-28,0.72655
시트팩,제형,2023-09-04,0.73964
시트팩,제형,2023-09-11,0.68728
시트팩,제형,2023-09-18,0.75601
시트팩,제형,2023-09-25,0.52037
시트팩,제형,2023-10-02,0.64473
시트팩,제형,2023-10-09,0.93601
시트팩,제형,2023-10-16,0.80837
시트팩,제형,2023-10-23,0.64801
시트팩,제형,2023-10-30,0.68401
시트팩,제형,2023-11-06,0.68401
시트팩,제형,2023-11-13,0.67419
시트팩,제형,2023-11-20,0.6251
시트팩,제형,2023-11-27,0.73637
시트팩,제형,2023-12-04,0.6611
시트팩,제형,2023-12-11,0.61528
시트팩,제형,2023-12-18,0.58582
시트팩,제형,2023-12-25,0.49419
시트팩,제형,2024-01-01,0.49419
시트팩,제형,2024-01-08,0.61528
시트팩,제형,2024-01-15,0.64146
시트팩,제형,2024-01-22,0.78546
시트팩,제형,2024-01-29,0.85747
시트팩,제형,2024-02-05,0.6971
시트팩,제형,2024-02-12,0.8771
시트팩,제형,2024-02-19,2.14367
시트팩,제형,2024-02-26,0.98838
시트팩,제형,2024-03-04,0.93601
시트팩,제형,2024-03-11,0.74946
시트팩,제형,2024-03-18,0.78546
시트팩,제형,2024-03-25,0.6971
시트팩,제형,2024-04-01,0.6611
시트팩,제형,2024-04-08,0.67746
시트팩,제형,2024-04-15,0.79855
시트팩,제형,2024-04-22,0.76583
시트팩,제형,2024-04-29,0.66764
시트팩,제형,2024-05-06,0.79201
시트팩,제형,2024-05-13,0.72001
시트팩,제형,2024-05-20,0.75928
시트팩,제형,2024-05-27,0.70037
시트팩,제형,2024-06-03,0.81819
시트팩,제형,2024-06-10,0.77237
시트팩,제형,2024-06-17,0.75274
시트팩,제형,2024-06-24,0.68728
시트팩,제형,2024-07-01,0.68073
시트팩,제형,2024-07-08,0.56291
시트팩,제형,2024-07-15,0.60873
시트팩,제형,2024-07-22,0.74946
시트팩,제형,2024-07-29,0.63819
시트팩,제형,2024-08-05,0.68401
시트팩,제형,2024-08-12,0.65783
시트팩,제형,2024-08-19,0.82146
시트팩,제형,2024-08-26,0.74292
시트팩,제형,2024-09-02,0.70037
시트팩,제형,2024-09-09,0.56619
시트팩,제형,2024-09-16,0.62182
시트팩,제형,2024-09-23,0.56619
시트팩,제형,2024-09-30,0.52691
시트팩,제형,2024-10-07,0.49746
시트팩,제형,2024-10-14,0.44837
시트팩,제형,2024-10-21,0.54328
시트팩,제형,2024-10-28,0.57273
시트팩,제형,2024-11-04,0.58582
시트팩,제형,2024-11-11,0.47455
시트팩,제형,2024-11-18,0.504
시트팩,제형,2024-11-25,0.5531
시트팩,제형,2024-12-02,0.44837
시트팩,제형,2024-12-09,0.61528
시트팩,제형,2024-12-16,0.64801
시트팩,제형,2024-12-23,0.48109
시트팩,제형,2024-12-30,0.51382
시트팩,제형,2025-01-06,0.53673
시트팩,제형,2025-01-13,0.56619
시트팩,제형,2025-01-20,0.8051
시트팩,제형,2025-01-27,0.5531
시트팩,제형,2025-02-03,0.6611
시트팩,제형,2025-02-10,0.55964
시트팩,제형,2025-02-17,0.73964
시트팩,제형,2025-02-24,0.47128
시트팩,제형,2025-03-03,0.56619
시트팩,제형,2025-03-10,0.54655
시트팩,제형,2025-03-17,0.46473
시트팩,제형,2025-03-24,0.46146
시트팩,제형,2025-03-31,0.58255
시트팩,제형,2025-04-07,0.40909
시트팩,제형,2025-04-14,0.44509
시트팩,제형,2025-04-21,0.41891
시트팩,제형,2025-04-28,0.48764
시트팩,제형,2025-05-05,0.51055
시트팩,제형,2025-05-12,0.72655
시트팩,제형,2025-05-19,0.41564
시트팩,제형,2025-05-26,0.52364
시트팩,제형,2025-06-02,0.59891
시트팩,제형,2025-06-09,0.50073
시트팩,제형,2025-06-16,0.51055
시트팩,제형,2025-06-23,0.41891
시트팩,제형,2025-06-30,0.53019
시트팩,제형,2025-07-07,0.54982
시트팩,제형,2025-07-14,0.48764
시트팩,제형,2025-07-21,0.44837
시트팩,제형,2025-07-28,0.50073
시트팩,제형,2025-08-04,0.52037
시트팩,제형,2025-08-11,0.432
시트팩,제형,2025-08-18,0.65783
시트팩,제형,2025-08-25,0.48437
시트팩,제형,2025-09-01,0.56291
시트팩,제형,2025-09-08,0.45491
시트팩,제형,2025-09-15,0.54
시트팩,제형,2025-09-22,0.37637
시트팩,제형,2025-09-29,0.37637
시트팩,제형,2025-10-06,0.28145
시트팩,제형,2025-10-13,0.59237
시트팩,제형,2025-10-20,0.53019
시트팩,제형,2025-10-27,0.504
시트팩,제형,2025-11-03,0.504
시트팩,제형,2025-11-10,0.59891
시트팩,제형,2025-11-17,0.54328
시트팩,제형,2025-11-24,0.59891
시트팩,제형,2025-12-01,0.49091
시트팩,제형,2025-12-08,0.41564
시트팩,제형,2025-12-15,0.47128
시트팩,제형,2025-12-22,0.48437
시트팩,제형,2025-12-29,0.50073
시트팩,제형,2026-01-05,0.50728
시트팩,제형,2026-01-12,0.55964
시트팩,제형,2026-01-19,0.54328
시트팩,제형,2026-01-26,0.56946
시트팩,제형,2026-02-02,0.54982
시트팩,제형,2026-02-09,0.41891
시트팩,제형,2026-02-16,0.60873
시트팩,제형,2026-02-23,0.45819
시트팩,제형,2026-03-02,0.41891
시트팩,제형,2026-03-09,0.47128
시트팩,제형,2026-03-16,0.48109
시트팩,제형,2026-03-23,0.48437
시트팩,제형,2026-03-30,0.47128
시트팩,제형,2026-04-06,0.48764
시트팩,제형,2026-04-13,0.50073
시트팩,제형,2026-04-20,0.42546
시트팩,제형,2026-04-27,0.54328
시트팩,제형,2026-05-04,0.42218
시트팩,제형,2026-05-11,0.432
시트팩,제형,2026-05-18,0.40909
시트팩,제형,2026-05-25,0.42873
시트팩,제형,2026-06-01,0.42873
시트팩,제형,2026-06-08,0.37637
시트팩,제형,2026-06-15,0.504
시트팩,제형,2026-06-22,0.35673
시트팩,제형,2026-06-29,0.34691
시트팩,제형,2026-07-06,0.35673
시트팩,제형,2026-07-13,0.36
시트팩,제형,2026-07-20,0.35673
시트팩,제형,2026-07-27,0.45491
시트팩,제형,2026-08-03,0.45819
시트팩,제형,2026-08-10,0.35673
시트팩,제형,2026-08-17,0.33709
시트팩,제형,2026-08-24,0.43855
시트팩,제형,2026-08-31,0.30109
시트팩,제형,2026-09-07,0.34364
시트팩,제형,2026-09-14,0.324
시트팩,제형,2026-09-21,0.35673
시트팩,제형,2026-09-28,0.0229
마스크팩,제형,2020-12-28,39.57064
마스크팩,제형,2021-01-04,41.86555
마스크팩,제형,2021-01-11,41.3506
마스크팩,제형,2021-01-18,39.28848
마스크팩,제형,2021-01-25,38.55957
마스크팩,제형,2021-02-01,42.22295
마스크팩,제형,2021-02-08,36.57974
마스크팩,제형,2021-02-15,44.39794
마스크팩,제형,2021-02-22,38.28211
마스크팩,제형,2021-03-01,40.12791
마스크팩,제형,2021-03-08,43.16348
마스크팩,제형,2021-03-15,46.06033
마스크팩,제형,2021-03-22,48.97834
마스크팩,제형,2021-03-29,47.02908
마스크팩,제형,2021-04-05,43.8971
마스크팩,제형,2021-04-12,46.1003
마스크팩,제형,2021-04-19,45.87457
마스크팩,제형,2021-04-26,45.93806
마스크팩,제형,2021-05-03,47.09492
마스크팩,제형,2021-05-10,46.29546
마스크팩,제형,2021-05-17,40.89679
마스크팩,제형,2021-05-24,43.58202
마스크팩,제형,2021-05-31,45.02104
마스크팩,제형,2021-06-07,44.73653
마스크팩,제형,2021-06-14,41.87025
마스크팩,제형,2021-06-21,47.88732
마스크팩,제형,2021-06-28,47.84029
마스크팩,제형,2021-07-05,44.14164
마스크팩,제형,2021-07-12,52.0727
마스크팩,제형,2021-07-19,53.1261
마스크팩,제형,2021-07-26,50.80298
마스크팩,제형,2021-08-02,48.0378
마스크팩,제형,2021-08-09,45.08688
마스크팩,제형,2021-08-16,42.08892
마스크팩,제형,2021-08-23,41.40703
마스크팩,제형,2021-08-30,39.22735
마스크팩,제형,2021-09-06,37.18639
마스크팩,제형,2021-09-13,31.25631
마스크팩,제형,2021-09-20,36.16355
마스크팩,제형,2021-09-27,38.51019
마스크팩,제형,2021-10-04,35.7215
마스크팩,제형,2021-10-11,37.50146
마스크팩,제형,2021-10-18,41.52225
마스크팩,제형,2021-10-25,41.80911
마스크팩,제형,2021-11-01,42.37343
마스크팩,제형,2021-11-08,40.62404
마스크팩,제형,2021-11-15,39.16856
마스크팩,제형,2021-11-22,35.98015
마스크팩,제형,2021-11-29,39.28143
마스크팩,제형,2021-12-06,37.26398
마스크팩,제형,2021-12-13,37.19344
마스크팩,제형,2021-12-20,35.64861
마스크팩,제형,2021-12-27,37.51322
마스크팩,제형,2022-01-03,42.70732
마스크팩,제형,2022-01-10,44.76004
마스크팩,제형,2022-01-17,45.22796
마스크팩,제형,2022-01-24,40.80039
마스크팩,제형,2022-01-31,47.63573
마스크팩,제형,2022-02-07,44.74828
마스크팩,제형,2022-02-14,42.578
마스크팩,제형,2022-02-21,41.26595
마스크팩,제형,2022-02-28,40.17729
마스크팩,제형,2022-03-07,35.21597
마스크팩,제형,2022-03-14,36.45747
마스크팩,제형,2022-03-21,37.71073
마스크팩,제형,2022-03-28,37.38155
마스크팩,제형,2022-04-04,42.77786
마스크팩,제형,2022-04-11,45.15036
마스크팩,제형,2022-04-18,48.86077
마스크팩,제형,2022-04-25,48.77377
마스크팩,제형,2022-05-02,51.51073
마스크팩,제형,2022-05-09,55.74784
마스크팩,제형,2022-05-16,55.38338
마스크팩,제형,2022-05-23,52.25375
마스크팩,제형,2022-05-30,52.8698
마스크팩,제형,2022-06-06,50.65719
마스크팩,제형,2022-06-13,44.99517
마스크팩,제형,2022-06-20,47.62397
마스크팩,제형,2022-06-27,48.7338
마스크팩,제형,2022-07-04,54.33939
마스크팩,제형,2022-07-11,49.90477
마스크팩,제형,2022-07-18,46.07444
마스크팩,제형,2022-07-25,50.57255
마스크팩,제형,2022-08-01,51.61654
마스크팩,제형,2022-08-08,55.39514
마스크팩,제형,2022-08-15,47.71332
마스크팩,제형,2022-08-22,46.94678
마스크팩,제형,2022-08-29,51.91046
마스크팩,제형,2022-09-05,29.61273
마스크팩,제형,2022-09-12,38.72416
마스크팩,제형,2022-09-19,40.78863
마스크팩,제형,2022-09-26,41.99722
마스크팩,제형,2022-10-03,40.92031
마스크팩,제형,2022-10-10,39.72818
마스크팩,제형,2022-10-17,39.96567
마스크팩,제형,2022-10-24,38.10106
마스크팩,제형,2022-10-31,77.9327
마스크팩,제형,2022-11-07,100
마스크팩,제형,2022-11-14,36.72082
마스크팩,제형,2022-11-21,36.90187
마스크팩,제형,2022-11-28,39.04629
마스크팩,제형,2022-12-05,42.62032
마스크팩,제형,2022-12-12,40.45709
마스크팩,제형,2022-12-19,35.91901
마스크팩,제형,2022-12-26,36.4222
마스크팩,제형,2023-01-02,38.85583
마스크팩,제형,2023-01-09,59.14082
마스크팩,제형,2023-01-16,34.27543
마스크팩,제형,2023-01-23,42.30995
마스크팩,제형,2023-01-30,39.45543
마스크팩,제형,2023-02-06,40.14437
마스크팩,제형,2023-02-13,39.28143
마스크팩,제형,2023-02-20,39.71172
마스크팩,제형,2023-02-27,42.50746
마스크팩,제형,2023-03-06,40.13731
마스크팩,제형,2023-03-13,59.90265
마스크팩,제형,2023-03-20,43.08354
마스크팩,제형,2023-03-27,35.69094
마스크팩,제형,2023-04-03,37.10879
마스크팩,제형,2023-04-10,36.66909
마스크팩,제형,2023-04-17,33.436
마스크팩,제형,2023-04-24,33.83808
마스크팩,제형,2023-05-01,34.82329
마스크팩,제형,2023-05-08,36.65263
마스크팩,제형,2023-05-15,37.61903
마스크팩,제형,2023-05-22,34.95967
마스크팩,제형,2023-05-29,33.21733
마스크팩,제형,2023-06-05,35.94253
마스크팩,제형,2023-06-12,33.53006
마스크팩,제형,2023-06-19,30.71786
마스크팩,제형,2023-06-26,30.77194
마스크팩,제형,2023-07-03,33.40308
마스크팩,제형,2023-07-10,30.87305
마스크팩,제형,2023-07-17,29.76557
마스크팩,제형,2023-07-24,30.56972
마스크팩,제형,2023-07-31,35.5428
마스크팩,제형,2023-08-07,33.64762
마스크팩,제형,2023-08-14,36.1565
마스크팩,제형,2023-08-21,34.92205
마스크팩,제형,2023-08-28,30.19116
마스크팩,제형,2023-09-04,30.80956
마스크팩,제형,2023-09-11,28.41355
마스크팩,제형,2023-09-18,27.55766
마스크팩,제형,2023-09-25,21.27254
마스크팩,제형,2023-10-02,30.49213
마스크팩,제형,2023-10-09,34.58346
마스크팩,제형,2023-10-16,32.35439
마스크팩,제형,2023-10-23,29.60332
마스크팩,제형,2023-10-30,28.94495
마스크팩,제형,2023-11-06,29.29765
마스크팩,제형,2023-11-13,31.03059
마스크팩,제형,2023-11-20,29.9184
마스크팩,제형,2023-11-27,29.57746
마스크팩,제형,2023-12-04,30.02421
마스크팩,제형,2023-12-11,27.26845
마스크팩,제형,2023-12-18,27.2708
마스크팩,제형,2023-12-25,26.36553
마스크팩,제형,2024-01-01,30.47332
마스크팩,제형,2024-01-08,29.7303
마스크팩,제형,2024-01-15,29.74205
마스크팩,제형,2024-01-22,33.89216
마스크팩,제형,2024-01-29,35.3641
마스크팩,제형,2024-02-05,29.05546
마스크팩,제형,2024-02-12,32.56836
마스크팩,제형,2024-02-19,30.40043
마스크팩,제형,2024-02-26,31.01883
마스크팩,제형,2024-03-04,33.24319
마스크팩,제형,2024-03-11,37.3016
마스크팩,제형,2024-03-18,36.46217
마스크팩,제형,2024-03-25,33.61941
마스크팩,제형,2024-04-01,29.80319
마스크팩,제형,2024-04-08,41.33179
마스크팩,제형,2024-04-15,42.64149
마스크팩,제형,2024-04-22,31.31039
마스크팩,제형,2024-04-29,29.27414
마스크팩,제형,2024-05-06,31.01648
마스크팩,제형,2024-05-13,32.51898
마스크팩,제형,2024-05-20,33.93449
마스크팩,제형,2024-05-27,36.59385
마스크팩,제형,2024-06-03,33.59589
마스크팩,제형,2024-06-10,32.0299
마스크팩,제형,2024-06-17,32.67887
마스크팩,제형,2024-06-24,30.85894
마스크팩,제형,2024-07-01,29.88078
마스크팩,제형,2024-07-08,35.51459
마스크팩,제형,2024-07-15,46.89741
마스크팩,제형,2024-07-22,35.75677
마스크팩,제형,2024-07-29,31.60666
마스크팩,제형,2024-08-05,34.42827
마스크팩,제형,2024-08-12,34.67281
마스크팩,제형,2024-08-19,33.42425
마스크팩,제형,2024-08-26,31.93585
마스크팩,제형,2024-09-02,30.41218
마스크팩,제형,2024-09-09,26.05516
마스크팩,제형,2024-09-16,27.66817
마스크팩,제형,2024-09-23,29.40581
마스크팩,제형,2024-09-30,28.20193
마스크팩,제형,2024-10-07,27.24729
마스크팩,제형,2024-10-14,25.72832
마스크팩,제형,2024-10-21,25.40384
마스크팩,제형,2024-10-28,27.50593
마스크팩,제형,2024-11-04,28.8509
마스크팩,제형,2024-11-11,34.41181
마스크팩,제형,2024-11-18,30.53916
마스크팩,제형,2024-11-25,29.735
마스크팩,제형,2024-12-02,36.3399
마스크팩,제형,2024-12-09,30.93888
마스크팩,제형,2024-12-16,30.84718
마스크팩,제형,2024-12-23,26.3044
마스크팩,제형,2024-12-30,24.51973
마스크팩,제형,2025-01-06,27.3578
마스크팩,제형,2025-01-13,31.48439
마스크팩,제형,2025-01-20,26.43372
마스크팩,제형,2025-01-27,27.45185
마스크팩,제형,2025-02-03,35.83907
마스크팩,제형,2025-02-10,35.89785
마스크팩,제형,2025-02-17,40.3842
마스크팩,제형,2025-02-24,35.84377
마스크팩,제형,2025-03-03,33.54652
마스크팩,제형,2025-03-10,30.37927
마스크팩,제형,2025-03-17,29.67622
마스크팩,제형,2025-03-24,46.40363
마스크팩,제형,2025-03-31,49.36396
마스크팩,제형,2025-04-07,44.04288
마스크팩,제형,2025-04-14,25.74948
마스크팩,제형,2025-04-21,26.23621
마스크팩,제형,2025-04-28,28.85795
마스크팩,제형,2025-05-05,30.93653
마스크팩,제형,2025-05-12,25.01822
마스크팩,제형,2025-05-19,29.735
마스크팩,제형,2025-05-26,24.9806
마스크팩,제형,2025-06-02,26.99334
마스크팩,제형,2025-06-09,28.27482
마스크팩,제형,2025-06-16,27.07799
마스크팩,제형,2025-06-23,26.46194
마스크팩,제형,2025-06-30,29.60332
마스크팩,제형,2025-07-07,33.02687
마스크팩,제형,2025-07-14,28.14079
마스크팩,제형,2025-07-21,29.996
마스크팩,제형,2025-07-28,32.39201
마스크팩,제형,2025-08-04,30.94829
마스크팩,제형,2025-08-11,27.15793
마스크팩,제형,2025-08-18,27.61409
마스크팩,제형,2025-08-25,27.17204
마스크팩,제형,2025-09-01,25.06054
마스크팩,제형,2025-09-08,24.62554
마스크팩,제형,2025-09-15,25.72832
마스크팩,제형,2025-09-22,24.84892
마스크팩,제형,2025-09-29,21.03976
마스크팩,제형,2025-10-06,22.81031
마스크팩,제형,2025-10-13,24.3763
마스크팩,제형,2025-10-20,22.84323
마스크팩,제형,2025-10-27,23.89898
마스크팩,제형,2025-11-03,25.45322
마스크팩,제형,2025-11-10,25.01352
마스크팩,제형,2025-11-17,26.46429
마스크팩,제형,2025-11-24,26.55834
마스크팩,제형,2025-12-01,29.23887
마스크팩,제형,2025-12-08,32.25093
마스크팩,제형,2025-12-15,29.69503
마스크팩,제형,2025-12-22,27.36015
마스크팩,제형,2025-12-29,27.25669
마스크팩,제형,2026-01-05,29.18244
마스크팩,제형,2026-01-12,29.95838
마스크팩,제형,2026-01-19,28.68865
마스크팩,제형,2026-01-26,28.18312
마스크팩,제형,2026-02-02,28.56638
마스크팩,제형,2026-02-09,24.89595
마스크팩,제형,2026-02-16,25.52611
마스크팩,제형,2026-02-23,24.79954
마스크팩,제형,2026-03-02,25.7871
마스크팩,제형,2026-03-09,25.5214
마스크팩,제형,2026-03-16,25.39443
마스크팩,제형,2026-03-23,25.88116
마스크팩,제형,2026-03-30,26.26678
마스크팩,제형,2026-04-06,25.88116
마스크팩,제형,2026-04-13,25.85765
마스크팩,제형,2026-04-20,24.44684
마스크팩,제형,2026-04-27,23.37228
마스크팩,제형,2026-05-04,24.21876
마스크팩,제형,2026-05-11,23.66385
마스크팩,제형,2026-05-18,22.71861
마스크팩,제형,2026-05-25,23.61447
마스크팩,제형,2026-06-01,23.79082
마스크팩,제형,2026-06-08,23.7532
마스크팩,제형,2026-06-15,25.80827
마스크팩,제형,2026-06-22,23.94131
마스크팩,제형,2026-06-29,25.28627
마스크팩,제형,2026-07-06,22.1637
마스크팩,제형,2026-07-13,21.74045
마스크팩,제형,2026-07-20,19.74417
마스크팩,제형,2026-07-27,20.73879
마스크팩,제형,2026-08-03,22.75153
마스크팩,제형,2026-08-10,19.11871
마스크팩,제형,2026-08-17,17.51745
마스크팩,제형,2026-08-24,17.54332
마스크팩,제형,2026-08-31,17.67264
마스크팩,제형,2026-09-07,18.63669
마스크팩,제형,2026-09-14,18.67901
마스크팩,제형,2026-09-21,15.11909
마스크팩,제형,2026-09-28,2.53238
토너패드,제형,2020-12-28,9.67339
토너패드,제형,2021-01-04,11.07949
토너패드,제형,2021-01-11,11.94243
토너패드,제형,2021-01-18,11.16414
토너패드,제형,2021-01-25,12.57024
토너패드,제형,2021-02-01,12.37038
토너패드,제형,2021-02-08,12.17992
토너패드,제형,2021-02-15,14.31964
토너패드,제형,2021-02-22,12.87591
토너패드,제형,2021-03-01,11.60384
토너패드,제형,2021-03-08,10.97839
토너패드,제형,2021-03-15,10.87493
토너패드,제형,2021-03-22,12.80302
토너패드,제형,2021-03-29,13.22626
토너패드,제형,2021-04-05,9.16551
토너패드,제형,2021-04-12,9.05734
토너패드,제형,2021-04-19,11.04893
토너패드,제형,2021-04-26,12.65959
토너패드,제형,2021-05-03,13.93167
토너패드,제형,2021-05-10,15.63168
토너패드,제형,2021-05-17,13.99045
토너패드,제형,2021-05-24,11.78019
토너패드,제형,2021-05-31,13.52724
토너패드,제형,2021-06-07,9.13024
토너패드,제형,2021-06-14,11.29582
토너패드,제형,2021-06-21,12.22224
토너패드,제형,2021-06-28,12.83594
토너패드,제형,2021-07-05,13.69888
토너패드,제형,2021-07-12,14.39018
토너패드,제형,2021-07-19,14.7805
토너패드,제형,2021-07-26,13.62364
토너패드,제형,2021-08-02,14.00926
토너패드,제형,2021-08-09,14.30318
토너패드,제형,2021-08-16,13.70123
토너패드,제형,2021-08-23,13.53899
토너패드,제형,2021-08-30,12.16346
토너패드,제형,2021-09-06,10.17188
토너패드,제형,2021-09-13,9.63812
토너패드,제형,2021-09-20,10.13896
토너패드,제형,2021-09-27,10.84906
토너패드,제형,2021-10-04,12.234
토너패드,제형,2021-10-11,10.34353
토너패드,제형,2021-10-18,9.96496
토너패드,제형,2021-10-25,9.75099
토너패드,제형,2021-11-01,9.68515
토너패드,제형,2021-11-08,8.8034
토너패드,제형,2021-11-15,6.84944
토너패드,제형,2021-11-22,6.92468
토너패드,제형,2021-11-29,7.88403
토너패드,제형,2021-12-06,8.03922
토너패드,제형,2021-12-13,6.79301
토너패드,제형,2021-12-20,7.12455
토너패드,제형,2021-12-27,7.99219
토너패드,제형,2022-01-03,7.95457
토너패드,제형,2022-01-10,8.4554
토너패드,제형,2022-01-17,8.47186
토너패드,제형,2022-01-24,9.2478
토너패드,제형,2022-01-31,10.86317
토너패드,제형,2022-02-07,11.84603
토너패드,제형,2022-02-14,11.51684
토너패드,제형,2022-02-21,10.53633
토너패드,제형,2022-02-28,10.88668
토너패드,제형,2022-03-07,10.95958
토너패드,제형,2022-03-14,11.2676
토너패드,제형,2022-03-21,7.44433
토너패드,제형,2022-03-28,10.32942
토너패드,제형,2022-04-04,9.43121
토너패드,제형,2022-04-11,9.46648
토너패드,제형,2022-04-18,11.67673
토너패드,제형,2022-04-25,11.70025
토너패드,제형,2022-05-02,11.9636
토너패드,제형,2022-05-09,12.70897
토너패드,제형,2022-05-16,12.58435
토너패드,제형,2022-05-23,13.20745
토너패드,제형,2022-05-30,13.21686
토너패드,제형,2022-06-06,14.87925
토너패드,제형,2022-06-13,16.02906
토너패드,제형,2022-06-20,15.8433
토너패드,제형,2022-06-27,12.64784
토너패드,제형,2022-07-04,14.81107
토너패드,제형,2022-07-11,13.97164
토너패드,제형,2022-07-18,12.47854
토너패드,제형,2022-07-25,13.00524
토너패드,제형,2022-08-01,12.11173
토너패드,제형,2022-08-08,13.9881
토너패드,제형,2022-08-15,14.04688
토너패드,제형,2022-08-22,12.64548
토너패드,제형,2022-08-29,12.04589
토너패드,제형,2022-09-05,8.04157
토너패드,제형,2022-09-12,8.46951
토너패드,제형,2022-09-19,8.11211
토너패드,제형,2022-09-26,8.17794
토너패드,제형,2022-10-03,7.18333
토너패드,제형,2022-10-10,7.93341
토너패드,제형,2022-10-17,7.4843
토너패드,제형,2022-10-24,8.30492
토너패드,제형,2022-10-31,9.25486
토너패드,제형,2022-11-07,10.18128
토너패드,제형,2022-11-14,8.99856
토너패드,제형,2022-11-21,8.41308
토너패드,제형,2022-11-28,10.61158
토너패드,제형,2022-12-05,9.14905
토너패드,제형,2022-12-12,7.63479
토너패드,제형,2022-12-19,8.03451
토너패드,제형,2022-12-26,7.32911
토너패드,제형,2023-01-02,8.12857
토너패드,제형,2023-01-09,9.76039
토너패드,제형,2023-01-16,8.92097
토너패드,제형,2023-01-23,11.6109
토너패드,제형,2023-01-30,11.76608
토너패드,제형,2023-02-06,12.1376
토너패드,제형,2023-02-13,15.95381
토너패드,제형,2023-02-20,18.79188
토너패드,제형,2023-02-27,15.28368
토너패드,제형,2023-03-06,10.65155
토너패드,제형,2023-03-13,11.24644
토너패드,제형,2023-03-20,10.40936
토너패드,제형,2023-03-27,9.64518
토너패드,제형,2023-04-03,9.60991
토너패드,제형,2023-04-10,8.68113
토너패드,제형,2023-04-17,8.10035
토너패드,제형,2023-04-24,8.65527
토너패드,제형,2023-05-01,8.8998
토너패드,제형,2023-05-08,10.83025
토너패드,제형,2023-05-15,9.70866
토너패드,제형,2023-05-22,8.65762
토너패드,제형,2023-05-29,10.1178
토너패드,제형,2023-06-05,10.01434
토너패드,제형,2023-06-12,8.45305
토너패드,제형,2023-06-19,8.77283
토너패드,제형,2023-06-26,7.9287
토너패드,제형,2023-07-03,9.84269
토너패드,제형,2023-07-10,8.85983
토너패드,제형,2023-07-17,8.53535
토너패드,제형,2023-07-24,8.44129
토너패드,제형,2023-07-31,9.45707
토너패드,제형,2023-08-07,9.92969
토너패드,제형,2023-08-14,9.96731
토너패드,제형,2023-08-21,9.91088
토너패드,제형,2023-08-28,10.63039
토너패드,제형,2023-09-04,9.35832
토너패드,제형,2023-09-11,7.45608
토너패드,제형,2023-09-18,8.41073
토너패드,제형,2023-09-25,7.15041
토너패드,제형,2023-10-02,8.10505
토너패드,제형,2023-10-09,8.04627
토너패드,제형,2023-10-16,7.5807
토너패드,제형,2023-10-23,7.26327
토너패드,제형,2023-10-30,7.28679
토너패드,제형,2023-11-06,6.83298
토너패드,제형,2023-11-13,6.88001
토너패드,제형,2023-11-20,6.50379
토너패드,제형,2023-11-27,7.17627
토너패드,제형,2023-12-04,6.64722
토너패드,제형,2023-12-11,5.94182
토너패드,제형,2023-12-18,5.88539
토너패드,제형,2023-12-25,6.19106
토너패드,제형,2024-01-01,7.26563
토너패드,제형,2024-01-08,7.55249
토너패드,제형,2024-01-15,8.23908
토너패드,제형,2024-01-22,7.7547
토너패드,제형,2024-01-29,7.83935
토너패드,제형,2024-02-05,6.59314
토너패드,제형,2024-02-12,9.40299
토너패드,제형,2024-02-19,9.19842
토너패드,제형,2024-02-26,9.55112
토너패드,제형,2024-03-04,8.13327
토너패드,제형,2024-03-11,6.92938
토너패드,제형,2024-03-18,7.29149
토너패드,제형,2024-03-25,7.45373
토너패드,제형,2024-04-01,6.84003
토너패드,제형,2024-04-08,7.59952
토너패드,제형,2024-04-15,7.74295
토너패드,제형,2024-04-22,7.62303
토너패드,제형,2024-04-29,7.94751
토너패드,제형,2024-05-06,8.30021
토너패드,제형,2024-05-13,8.50948
토너패드,제형,2024-05-20,7.51957
토너패드,제형,2024-05-27,8.50948
토너패드,제형,2024-06-03,7.90049
토너패드,제형,2024-06-10,7.37614
토너패드,제형,2024-06-17,7.2233
토너패드,제형,2024-06-24,6.9529
토너패드,제형,2024-07-01,7.32911
토너패드,제형,2024-07-08,6.99052
토너패드,제형,2024-07-15,6.7883
토너패드,제형,2024-07-22,7.18568
토너패드,제형,2024-07-29,7.66065
토너패드,제형,2024-08-05,7.92165
토너패드,제형,2024-08-12,8.1027
토너패드,제형,2024-08-19,8.26965
토너패드,제형,2024-08-26,9.16551
토너패드,제형,2024-09-02,8.31667
토너패드,제형,2024-09-09,6.1605
토너패드,제형,2024-09-16,6.21928
토너패드,제형,2024-09-23,6.18871
토너패드,제형,2024-09-30,6.79301
토너패드,제형,2024-10-07,6.58374
토너패드,제형,2024-10-14,6.53201
토너패드,제형,2024-10-21,6.23339
토너패드,제형,2024-10-28,6.57433
토너패드,제형,2024-11-04,6.35566
토너패드,제형,2024-11-11,5.61499
토너패드,제형,2024-11-18,5.26464
토너패드,제형,2024-11-25,5.91361
토너패드,제형,2024-12-02,6.72717
토너패드,제형,2024-12-09,6.09701
토너패드,제형,2024-12-16,5.73961
토너패드,제형,2024-12-23,5.33048
토너패드,제형,2024-12-30,5.39866
토너패드,제형,2025-01-06,5.87834
토너패드,제형,2025-01-13,7.3926
토너패드,제형,2025-01-20,6.32274
토너패드,제형,2025-01-27,6.45206
토너패드,제형,2025-02-03,7.97338
토너패드,제형,2025-02-10,8.7987
토너패드,제형,2025-02-17,8.2767
토너패드,제형,2025-02-24,8.79399
토너패드,제형,2025-03-03,8.19675
토너패드,제형,2025-03-10,7.69357
토너패드,제형,2025-03-17,7.03755
토너패드,제형,2025-03-24,7.13865
토너패드,제형,2025-03-31,8.19205
토너패드,제형,2025-04-07,7.55719
토너패드,제형,2025-04-14,6.32039
토너패드,제형,2025-04-21,5.79369
토너패드,제형,2025-04-28,5.45745
토너패드,제형,2025-05-05,6.03588
토너패드,제형,2025-05-12,5.84072
토너패드,제형,2025-05-19,6.01942
토너패드,제형,2025-05-26,6.26396
토너패드,제형,2025-06-02,6.34625
토너패드,제형,2025-06-09,5.39866
토너패드,제형,2025-06-16,5.45039
토너패드,제형,2025-06-23,5.04596
토너패드,제형,2025-06-30,5.52093
토너패드,제형,2025-07-07,5.78663
토너패드,제형,2025-07-14,5.84307
토너패드,제형,2025-07-21,6.02412
토너패드,제형,2025-07-28,6.40739
토너패드,제형,2025-08-04,6.45677
토너패드,제형,2025-08-11,6.11817
토너패드,제형,2025-08-18,6.32744
토너패드,제형,2025-08-25,7.3056
토너패드,제형,2025-09-01,6.53671
토너패드,제형,2025-09-08,5.51388
토너패드,제형,2025-09-15,5.33518
토너패드,제형,2025-09-22,4.69091
토너패드,제형,2025-09-29,3.8703
토너패드,제형,2025-10-06,4.20889
토너패드,제형,2025-10-13,4.62272
토너패드,제형,2025-10-20,4.30529
토너패드,제형,2025-10-27,5.04361
토너패드,제형,2025-11-03,4.7544
토너패드,제형,2025-11-10,4.45578
토너패드,제형,2025-11-17,4.16656
토너패드,제형,2025-11-24,5.00834
토너패드,제형,2025-12-01,5.48566
토너패드,제형,2025-12-08,4.39699
토너패드,제형,2025-12-15,4.42991
토너패드,제형,2025-12-22,3.70335
토너패드,제형,2025-12-29,3.61635
토너패드,제형,2026-01-05,5.16588
토너패드,제형,2026-01-12,4.42991
토너패드,제형,2026-01-19,4.74499
토너패드,제형,2026-01-26,4.64859
토너패드,제형,2026-02-02,4.56394
토너패드,제형,2026-02-09,4.81788
토너패드,제형,2026-02-16,4.54983
토너패드,제형,2026-02-23,4.7544
토너패드,제형,2026-03-02,4.60391
토너패드,제형,2026-03-09,4.24181
토너패드,제형,2026-03-16,4.17832
토너패드,제형,2026-03-23,4.33116
토너패드,제형,2026-03-30,4.53807
토너패드,제형,2026-04-06,4.50751
토너패드,제형,2026-04-13,4.42521
토너패드,제형,2026-04-20,4.27002
토너패드,제형,2026-04-27,4.29354
토너패드,제형,2026-05-04,5.13767
토너패드,제형,2026-05-11,4.80848
토너패드,제형,2026-05-18,4.30294
토너패드,제형,2026-05-25,4.72853
토너패드,제형,2026-06-01,5.05067
토너패드,제형,2026-06-08,4.12189
토너패드,제형,2026-06-15,4.04429
토너패드,제형,2026-06-22,3.92202
토너패드,제형,2026-06-29,4.06781
토너패드,제형,2026-07-06,4.03489
토너패드,제형,2026-07-13,3.53641
토너패드,제형,2026-07-20,3.54816
토너패드,제형,2026-07-27,3.57168
토너패드,제형,2026-08-03,4.66975
토너패드,제형,2026-08-10,4.63918
토너패드,제형,2026-08-17,3.74567
토너패드,제형,2026-08-24,3.62576
토너패드,제형,2026-08-31,4.15951
토너패드,제형,2026-09-07,3.80681
토너패드,제형,2026-09-14,5.00129
토너패드,제형,2026-09-21,3.94084
토너패드,제형,2026-09-28,0.57372
수분젤,제형,2020-12-28,0.84648
수분젤,제형,2021-01-04,1.05575
수분젤,제형,2021-01-11,0.81826
수분젤,제형,2021-01-18,1.07456
수분젤,제형,2021-01-25,0.96875
수분젤,제형,2021-02-01,1.09572
수분젤,제형,2021-02-08,0.85353
수분젤,제형,2021-02-15,1.1592
수분젤,제형,2021-02-22,0.86294
수분젤,제형,2021-03-01,0.88175
수분젤,제형,2021-03-08,0.9711
수분젤,제형,2021-03-15,0.98991
수분젤,제형,2021-03-22,0.94994
수분젤,제형,2021-03-29,1.06985
수분젤,제형,2021-04-05,0.96875
수분젤,제형,2021-04-12,1.00166
수분젤,제형,2021-04-19,1.04634
수분젤,제형,2021-04-26,0.85353
수분젤,제형,2021-05-03,0.89821
수분젤,제형,2021-05-10,0.94994
수분젤,제형,2021-05-17,0.8935
수분젤,제형,2021-05-24,0.8888
수분젤,제형,2021-05-31,0.8841
수분젤,제형,2021-06-07,1.10512
수분젤,제형,2021-06-14,0.92642
수분젤,제형,2021-06-21,1.0722
수분젤,제형,2021-06-28,0.96169
수분젤,제형,2021-07-05,0.97815
수분젤,제형,2021-07-12,1.13334
수분젤,제형,2021-07-19,1.02283
수분젤,제형,2021-07-26,0.96404
수분젤,제형,2021-08-02,1.03693
수분젤,제형,2021-08-09,0.9711
수분젤,제형,2021-08-16,1.00637
수분젤,제형,2021-08-23,1.10512
수분젤,제형,2021-08-30,1.03458
수분젤,제형,2021-09-06,0.86294
수분젤,제형,2021-09-13,0.86764
수분젤,제형,2021-09-20,0.90056
수분젤,제형,2021-09-27,0.85353
수분젤,제형,2021-10-04,0.94994
수분젤,제형,2021-10-11,0.82531
수분젤,제형,2021-10-18,0.73361
수분젤,제형,2021-10-25,0.76888
수분젤,제형,2021-11-01,0.76653
수분젤,제형,2021-11-08,0.68659
수분젤,제형,2021-11-15,0.65602
수분젤,제형,2021-11-22,0.64896
수분젤,제형,2021-11-29,0.68423
수분젤,제형,2021-12-06,0.68659
수분젤,제형,2021-12-13,0.73831
수분젤,제형,2021-12-20,0.65132
수분젤,제형,2021-12-27,0.72421
수분젤,제형,2022-01-03,0.75713
수분젤,제형,2022-01-10,0.92407
수분젤,제형,2022-01-17,0.83472
수분젤,제형,2022-01-24,0.81356
수분젤,제형,2022-01-31,0.84648
수분젤,제형,2022-02-07,0.87704
수분젤,제형,2022-02-14,0.89821
수분젤,제형,2022-02-21,0.80415
수분젤,제형,2022-02-28,0.81356
수분젤,제형,2022-03-07,0.85353
수분젤,제형,2022-03-14,0.71715
수분젤,제형,2022-03-21,0.82767
수분젤,제형,2022-03-28,0.6231
수분젤,제형,2022-04-04,0.7101
수분젤,제형,2022-04-11,0.76888
수분젤,제형,2022-04-18,0.63486
수분젤,제형,2022-04-25,0.76183
수분젤,제형,2022-05-02,0.61134
수분젤,제형,2022-05-09,0.70304
수분젤,제형,2022-05-16,0.59253
수분젤,제형,2022-05-23,0.73361
수분젤,제형,2022-05-30,0.69834
수분젤,제형,2022-06-06,0.75007
수분젤,제형,2022-06-13,0.69834
수분젤,제형,2022-06-20,0.61369
수분젤,제형,2022-06-27,0.73126
수분젤,제형,2022-07-04,0.62545
수분젤,제형,2022-07-11,0.81591
수분젤,제형,2022-07-18,0.64426
수분젤,제형,2022-07-25,0.6184
수분젤,제형,2022-08-01,0.68659
수분젤,제형,2022-08-08,0.53845
수분젤,제형,2022-08-15,0.64426
수분젤,제형,2022-08-22,0.49378
수분젤,제형,2022-08-29,0.60194
수분젤,제형,2022-09-05,0.5408
수분젤,제형,2022-09-12,0.59959
수분젤,제형,2022-09-19,0.54315
수분젤,제형,2022-09-26,0.62075
수분젤,제형,2022-10-03,0.59253
수분젤,제형,2022-10-10,0.65367
수분젤,제형,2022-10-17,0.60664
수분젤,제형,2022-10-24,0.66542
수분젤,제형,2022-10-31,0.67483
수분젤,제형,2022-11-07,0.64191
수분젤,제형,2022-11-14,0.65837
수분젤,제형,2022-11-21,0.61369
수분젤,제형,2022-11-28,0.65837
수분젤,제형,2022-12-05,0.61369
수분젤,제형,2022-12-12,0.6278
수분젤,제형,2022-12-19,0.54551
수분젤,제형,2022-12-26,0.52199
수분젤,제형,2023-01-02,0.52905
수분젤,제형,2023-01-09,0.65132
수분젤,제형,2023-01-16,0.55021
수분젤,제형,2023-01-23,0.64426
수분젤,제형,2023-01-30,0.74772
수분젤,제형,2023-02-06,0.77358
수분젤,제형,2023-02-13,0.72421
수분젤,제형,2023-02-20,0.71245
수분젤,제형,2023-02-27,0.6325
수분젤,제형,2023-03-06,0.58783
수분젤,제형,2023-03-13,0.65367
수분젤,제형,2023-03-20,0.64661
수분젤,제형,2023-03-27,0.56432
수분젤,제형,2023-04-03,0.56667
수분젤,제형,2023-04-10,0.63015
수분젤,제형,2023-04-17,0.64426
수분젤,제형,2023-04-24,0.60899
수분젤,제형,2023-05-01,0.60194
수분젤,제형,2023-05-08,0.47261
수분젤,제형,2023-05-15,0.63956
수분젤,제형,2023-05-22,0.54315
수분젤,제형,2023-05-29,0.62545
수분젤,제형,2023-06-05,0.58548
수분젤,제형,2023-06-12,0.61134
수분젤,제형,2023-06-19,0.51494
수분젤,제형,2023-06-26,0.55256
수분젤,제형,2023-07-03,0.59723
수분젤,제형,2023-07-10,0.52905
수분젤,제형,2023-07-17,0.58548
수분젤,제형,2023-07-24,0.5314
수분젤,제형,2023-07-31,0.58078
수분젤,제형,2023-08-07,0.48907
수분젤,제형,2023-08-14,0.52905
수분젤,제형,2023-08-21,0.55021
수분젤,제형,2023-08-28,0.46321
수분젤,제형,2023-09-04,0.47497
수분젤,제형,2023-09-11,0.43264
수분젤,제형,2023-09-18,0.40442
수분젤,제형,2023-09-25,0.33153
수분젤,제형,2023-10-02,0.41383
수분젤,제형,2023-10-09,0.49142
수분젤,제형,2023-10-16,0.56667
수분젤,제형,2023-10-23,0.36915
수분젤,제형,2023-10-30,0.56196
수분젤,제형,2023-11-06,0.38326
수분젤,제형,2023-11-13,0.47026
수분젤,제형,2023-11-20,0.39737
수분젤,제형,2023-11-27,0.42794
수분젤,제형,2023-12-04,0.43029
수분젤,제형,2023-12-11,0.41853
수분젤,제형,2023-12-18,0.5314
수분젤,제형,2023-12-25,0.30332
수분젤,제형,2024-01-01,0.38326
수분젤,제형,2024-01-08,0.42324
수분젤,제형,2024-01-15,0.49378
수분젤,제형,2024-01-22,0.56432
수분젤,제형,2024-01-29,0.48437
수분젤,제형,2024-02-05,0.41383
수분젤,제형,2024-02-12,0.51259
수분젤,제형,2024-02-19,0.63721
수분젤,제형,2024-02-26,0.40678
수분젤,제형,2024-03-04,0.39737
수분젤,제형,2024-03-11,0.39502
수분젤,제형,2024-03-18,0.46086
수분젤,제형,2024-03-25,0.39972
수분젤,제형,2024-04-01,0.38797
수분젤,제형,2024-04-08,0.47732
수분젤,제형,2024-04-15,0.4538
수분젤,제형,2024-04-22,0.49378
수분젤,제형,2024-04-29,0.43029
수분젤,제형,2024-05-06,0.34329
수분젤,제형,2024-05-13,0.38561
수분젤,제형,2024-05-20,0.43734
수분젤,제형,2024-05-27,0.43734
수분젤,제형,2024-06-03,0.43969
수분젤,제형,2024-06-10,0.3574
수분젤,제형,2024-06-17,0.43264
수분젤,제형,2024-06-24,0.33388
수분젤,제형,2024-07-01,0.39737
수분젤,제형,2024-07-08,0.50553
수분젤,제형,2024-07-15,0.32683
수분젤,제형,2024-07-22,0.41853
수분젤,제형,2024-07-29,0.39502
수분젤,제형,2024-08-05,0.37621
수분젤,제형,2024-08-12,0.40207
수분젤,제형,2024-08-19,0.3574
수분젤,제형,2024-08-26,0.41148
수분젤,제형,2024-09-02,0.26334
수분젤,제형,2024-09-09,0.31037
수분젤,제형,2024-09-16,0.31978
수분젤,제형,2024-09-23,0.3621
수분젤,제형,2024-09-30,0.35975
수분젤,제형,2024-10-07,0.39737
수분젤,제형,2024-10-14,0.37151
수분젤,제형,2024-10-21,0.37386
수분젤,제형,2024-10-28,0.33624
수분젤,제형,2024-11-04,0.32448
수분젤,제형,2024-11-11,0.36445
수분젤,제형,2024-11-18,0.33153
수분젤,제형,2024-11-25,0.40678
수분젤,제형,2024-12-02,0.3668
수분젤,제형,2024-12-09,0.46556
수분젤,제형,2024-12-16,0.34094
수분젤,제형,2024-12-23,0.28921
수분젤,제형,2024-12-30,0.43499
수분젤,제형,2025-01-06,0.37151
수분젤,제형,2025-01-13,0.3574
수분젤,제형,2025-01-20,0.34094
수분젤,제형,2025-01-27,0.3668
수분젤,제형,2025-02-03,0.45615
수분젤,제형,2025-02-10,0.42559
수분젤,제형,2025-02-17,0.32213
수분젤,제형,2025-02-24,0.33859
수분젤,제형,2025-03-03,0.32918
수분젤,제형,2025-03-10,0.39267
수분젤,제형,2025-03-17,0.3668
수분젤,제형,2025-03-24,0.32448
수분젤,제형,2025-03-31,0.26805
수분젤,제형,2025-04-07,0.37151
수분젤,제형,2025-04-14,0.35034
수분젤,제형,2025-04-21,0.28921
수분젤,제형,2025-04-28,0.25159
수분젤,제형,2025-05-05,0.33153
수분젤,제형,2025-05-12,0.41618
수분젤,제형,2025-05-19,0.37151
수분젤,제형,2025-05-26,0.32213
수분젤,제형,2025-06-02,0.34094
수분젤,제형,2025-06-09,0.30097
수분젤,제형,2025-06-16,0.24453
수분젤,제형,2025-06-23,0.29156
수분젤,제형,2025-06-30,0.31037
수분젤,제형,2025-07-07,0.23513
수분젤,제형,2025-07-14,0.30332
수분젤,제형,2025-07-21,0.2704
수분젤,제형,2025-07-28,0.2798
수분젤,제형,2025-08-04,0.25864
수분젤,제형,2025-08-11,0.27745
수분젤,제형,2025-08-18,0.28686
수분젤,제형,2025-08-25,0.2657
수분젤,제형,2025-09-01,0.28686
수분젤,제형,2025-09-08,0.28216
수분젤,제형,2025-09-15,0.18575
수분젤,제형,2025-09-22,0.21397
수분젤,제형,2025-09-29,0.17164
수분젤,제형,2025-10-06,0.22102
수분젤,제형,2025-10-13,0.25394
수분젤,제형,2025-10-20,0.22102
수분젤,제형,2025-10-27,0.1787
수분젤,제형,2025-11-03,0.18575
수분젤,제형,2025-11-10,0.25159
수분젤,제형,2025-11-17,0.19751
수분젤,제형,2025-11-24,0.19751
수분젤,제형,2025-12-01,0.1881
수분젤,제형,2025-12-08,0.23748
수분젤,제형,2025-12-15,0.19986
수분젤,제형,2025-12-22,0.21867
수분젤,제형,2025-12-29,0.29626
수분젤,제형,2026-01-05,0.25159
수분젤,제형,2026-01-12,0.23748
수분젤,제형,2026-01-19,0.28686
수분젤,제형,2026-01-26,0.26099
수분젤,제형,2026-02-02,0.30332
수분젤,제형,2026-02-09,0.23983
수분젤,제형,2026-02-16,0.29861
수분젤,제형,2026-02-23,0.31743
수분젤,제형,2026-03-02,0.2798
수분젤,제형,2026-03-09,0.25864
수분젤,제형,2026-03-16,0.2798
수분젤,제형,2026-03-23,0.26099
수분젤,제형,2026-03-30,0.24689
수분젤,제형,2026-04-06,0.19986
수분젤,제형,2026-04-13,0.25864
수분젤,제형,2026-04-20,0.2657
수분젤,제형,2026-04-27,0.26805
수분젤,제형,2026-05-04,0.27275
수분젤,제형,2026-05-11,0.24689
수분젤,제형,2026-05-18,0.27275
수분젤,제형,2026-05-25,0.20456
수분젤,제형,2026-06-01,0.22807
수분젤,제형,2026-06-08,0.23748
수분젤,제형,2026-06-15,0.20926
수분젤,제형,2026-06-22,0.17635
수분젤,제형,2026-06-29,0.19516
수분젤,제형,2026-07-06,0.23513
수분젤,제형,2026-07-13,0.19986
수분젤,제형,2026-07-20,0.22337
수분젤,제형,2026-07-27,0.18575
수분젤,제형,2026-08-03,0.22572
수분젤,제형,2026-08-10,0.12932
수분젤,제형,2026-08-17,0.16459
수분젤,제형,2026-08-24,0.1787
수분젤,제형,2026-08-31,0.17399
수분젤,제형,2026-09-07,0.16694
수분젤,제형,2026-09-14,0.18105
수분젤,제형,2026-09-21,0.15283
수분젤,제형,2026-09-28,0.02821
쿠션파운데이션,제형,2020-12-28,0.91937
쿠션파운데이션,제형,2021-01-04,0.90291
쿠션파운데이션,제형,2021-01-11,1.06045
쿠션파운데이션,제형,2021-01-18,1.16861
쿠션파운데이션,제형,2021-01-25,1.17331
쿠션파운데이션,제형,2021-02-01,1.30499
쿠션파운데이션,제형,2021-02-08,0.95229
쿠션파운데이션,제형,2021-02-15,1.40139
쿠션파운데이션,제형,2021-02-22,1.37082
쿠션파운데이션,제형,2021-03-01,1.37553
쿠션파운데이션,제형,2021-03-08,1.25796
쿠션파운데이션,제형,2021-03-15,1.21799
쿠션파운데이션,제형,2021-03-22,1.28147
쿠션파운데이션,제형,2021-03-29,1.26031
쿠션파운데이션,제형,2021-04-05,1.11453
쿠션파운데이션,제형,2021-04-12,1.05104
쿠션파운데이션,제형,2021-04-19,1.05575
쿠션파운데이션,제형,2021-04-26,1.0675
쿠션파운데이션,제형,2021-05-03,1.05575
쿠션파운데이션,제형,2021-05-10,1.14274
쿠션파운데이션,제형,2021-05-17,1.00872
쿠션파운데이션,제형,2021-05-24,1.03223
쿠션파운데이션,제형,2021-05-31,1.18507
쿠션파운데이션,제형,2021-06-07,0.85353
쿠션파운데이션,제형,2021-06-14,1.09337
쿠션파운데이션,제형,2021-06-21,0.94523
쿠션파운데이션,제형,2021-06-28,0.85588
쿠션파운데이션,제형,2021-07-05,0.79004
쿠션파운데이션,제형,2021-07-12,0.77829
쿠션파운데이션,제형,2021-07-19,0.7195
쿠션파운데이션,제형,2021-07-26,0.8888
쿠션파운데이션,제형,2021-08-02,0.75713
쿠션파운데이션,제형,2021-08-09,0.7971
쿠션파운데이션,제형,2021-08-16,1.01577
쿠션파운데이션,제형,2021-08-23,0.97345
쿠션파운데이션,제형,2021-08-30,1.02988
쿠션파운데이션,제형,2021-09-06,1.18507
쿠션파운데이션,제형,2021-09-13,0.82767
쿠션파운데이션,제형,2021-09-20,0.75477
쿠션파운데이션,제형,2021-09-27,0.90056
쿠션파운데이션,제형,2021-10-04,0.85588
쿠션파운데이션,제형,2021-10-11,0.85353
쿠션파운데이션,제형,2021-10-18,0.64191
쿠션파운데이션,제형,2021-10-25,0.83002
쿠션파운데이션,제형,2021-11-01,0.86764
쿠션파운데이션,제형,2021-11-08,0.75713
쿠션파운데이션,제형,2021-11-15,0.90526
쿠션파운데이션,제형,2021-11-22,1.00872
쿠션파운데이션,제형,2021-11-29,1.0581
쿠션파운데이션,제형,2021-12-06,1.06985
쿠션파운데이션,제형,2021-12-13,1.00872
쿠션파운데이션,제형,2021-12-20,1.05339
쿠션파운데이션,제형,2021-12-27,1.0675
쿠션파운데이션,제형,2022-01-03,1.9375
쿠션파운데이션,제형,2022-01-10,2.53474
쿠션파운데이션,제형,2022-01-17,1.38023
쿠션파운데이션,제형,2022-01-24,1.1498
쿠션파운데이션,제형,2022-01-31,1.33085
쿠션파운데이션,제형,2022-02-07,1.4978
쿠션파운데이션,제형,2022-02-14,1.31909
쿠션파운데이션,제형,2022-02-21,1.30734
쿠션파운데이션,제형,2022-02-28,1.27207
쿠션파운데이션,제형,2022-03-07,1.21093
쿠션파운데이션,제형,2022-03-14,1.14745
쿠션파운데이션,제형,2022-03-21,0.99226
쿠션파운데이션,제형,2022-03-28,1.27442
쿠션파운데이션,제형,2022-04-04,1.3285
쿠션파운데이션,제형,2022-04-11,1.30028
쿠션파운데이션,제형,2022-04-18,1.37788
쿠션파운데이션,제형,2022-04-25,1.54953
쿠션파운데이션,제형,2022-05-02,1.68825
쿠션파운데이션,제형,2022-05-09,1.27677
쿠션파운데이션,제형,2022-05-16,1.24855
쿠션파운데이션,제형,2022-05-23,1.20623
쿠션파운데이션,제형,2022-05-30,1.46253
쿠션파운데이션,제형,2022-06-06,1.27207
쿠션파운데이션,제형,2022-06-13,1.02283
쿠션파운데이션,제형,2022-06-20,1.13804
쿠션파운데이션,제형,2022-06-27,1.11453
쿠션파운데이션,제형,2022-07-04,1.10747
쿠션파운데이션,제형,2022-07-11,1.23445
쿠션파운데이션,제형,2022-07-18,1.10983
쿠션파운데이션,제형,2022-07-25,1.02988
쿠션파운데이션,제형,2022-08-01,1.03458
쿠션파운데이션,제형,2022-08-08,1.0628
쿠션파운데이션,제형,2022-08-15,0.98521
쿠션파운데이션,제형,2022-08-22,0.92642
쿠션파운데이션,제형,2022-08-29,1.07691
쿠션파운데이션,제형,2022-09-05,0.81826
쿠션파운데이션,제형,2022-09-12,0.89115
쿠션파운데이션,제형,2022-09-19,1.05339
쿠션파운데이션,제형,2022-09-26,1.08866
쿠션파운데이션,제형,2022-10-03,0.94523
쿠션파운데이션,제형,2022-10-10,0.88175
쿠션파운데이션,제형,2022-10-17,0.92642
쿠션파운데이션,제형,2022-10-24,0.99226
쿠션파운데이션,제형,2022-10-31,0.93348
쿠션파운데이션,제형,2022-11-07,0.93112
쿠션파운데이션,제형,2022-11-14,0.8888
쿠션파운데이션,제형,2022-11-21,1.01577
쿠션파운데이션,제형,2022-11-28,0.98756
쿠션파운데이션,제형,2022-12-05,1.02048
쿠션파운데이션,제형,2022-12-12,0.91937
쿠션파운데이션,제형,2022-12-19,0.87234
쿠션파운데이션,제형,2022-12-26,0.93583
쿠션파운데이션,제형,2023-01-02,1.06515
쿠션파운데이션,제형,2023-01-09,1.17096
쿠션파운데이션,제형,2023-01-16,0.88175
쿠션파운데이션,제형,2023-01-23,1.07691
쿠션파운데이션,제형,2023-01-30,0.86294
쿠션파운데이션,제형,2023-02-06,1.25561
쿠션파운데이션,제형,2023-02-13,1.26972
쿠션파운데이션,제형,2023-02-20,0.93348
쿠션파운데이션,제형,2023-02-27,0.90996
쿠션파운데이션,제형,2023-03-06,0.82296
쿠션파운데이션,제형,2023-03-13,0.77358
쿠션파운데이션,제형,2023-03-20,0.83707
쿠션파운데이션,제형,2023-03-27,0.97815
쿠션파운데이션,제형,2023-04-03,0.89115
쿠션파운데이션,제형,2023-04-10,0.92642
쿠션파운데이션,제형,2023-04-17,0.94053
쿠션파운데이션,제형,2023-04-24,0.87704
쿠션파운데이션,제형,2023-05-01,0.95229
쿠션파운데이션,제형,2023-05-08,0.87234
쿠션파운데이션,제형,2023-05-15,0.83472
쿠션파운데이션,제형,2023-05-22,0.85823
쿠션파운데이션,제형,2023-05-29,0.87704
쿠션파운데이션,제형,2023-06-05,0.94523
쿠션파운데이션,제형,2023-06-12,0.88175
쿠션파운데이션,제형,2023-06-19,0.76888
쿠션파운데이션,제형,2023-06-26,0.67248
쿠션파운데이션,제형,2023-07-03,0.61605
쿠션파운데이션,제형,2023-07-10,0.60194
쿠션파운데이션,제형,2023-07-17,0.69129
쿠션파운데이션,제형,2023-07-24,0.63956
쿠션파운데이션,제형,2023-07-31,0.82767
쿠션파운데이션,제형,2023-08-07,0.67718
쿠션파운데이션,제형,2023-08-14,0.75242
쿠션파운데이션,제형,2023-08-21,0.75007
쿠션파운데이션,제형,2023-08-28,0.85588
쿠션파운데이션,제형,2023-09-04,0.7924
쿠션파운데이션,제형,2023-09-11,0.79004
쿠션파운데이션,제형,2023-09-18,0.72656
쿠션파운데이션,제형,2023-09-25,0.60664
쿠션파운데이션,제형,2023-10-02,0.78299
쿠션파운데이션,제형,2023-10-09,0.78299
쿠션파운데이션,제형,2023-10-16,0.58783
쿠션파운데이션,제형,2023-10-23,0.58783
쿠션파운데이션,제형,2023-10-30,0.70069
쿠션파운데이션,제형,2023-11-06,0.55021
쿠션파운데이션,제형,2023-11-13,0.58313
쿠션파운데이션,제형,2023-11-20,0.55021
쿠션파운데이션,제형,2023-11-27,0.61605
쿠션파운데이션,제형,2023-12-04,0.55491
쿠션파운데이션,제형,2023-12-11,0.47732
쿠션파운데이션,제형,2023-12-18,0.46791
쿠션파운데이션,제형,2023-12-25,0.51024
쿠션파운데이션,제형,2024-01-01,0.61605
쿠션파운데이션,제형,2024-01-08,0.52669
쿠션파운데이션,제형,2024-01-15,0.55726
쿠션파운데이션,제형,2024-01-22,0.52434
쿠션파운데이션,제형,2024-01-29,0.50553
쿠션파운데이션,제형,2024-02-05,0.43499
쿠션파운데이션,제형,2024-02-12,0.59723
쿠션파운데이션,제형,2024-02-19,0.67953
쿠션파운데이션,제형,2024-02-26,0.82531
쿠션파운데이션,제형,2024-03-04,0.67248
쿠션파운데이션,제형,2024-03-11,0.56196
쿠션파운데이션,제형,2024-03-18,0.52905
쿠션파운데이션,제형,2024-03-25,0.64896
쿠션파운데이션,제형,2024-04-01,0.66307
쿠션파운데이션,제형,2024-04-08,0.56196
쿠션파운데이션,제형,2024-04-15,0.69834
쿠션파운데이션,제형,2024-04-22,0.58548
쿠션파운데이션,제형,2024-04-29,0.6278
쿠션파운데이션,제형,2024-05-06,0.60194
쿠션파운데이션,제형,2024-05-13,0.77123
쿠션파운데이션,제형,2024-05-20,0.73596
쿠션파운데이션,제형,2024-05-27,0.62545
쿠션파운데이션,제형,2024-06-03,0.67718
쿠션파운데이션,제형,2024-06-10,0.58783
쿠션파운데이션,제형,2024-06-17,0.60194
쿠션파운데이션,제형,2024-06-24,0.66072
쿠션파운데이션,제형,2024-07-01,0.68188
쿠션파운데이션,제형,2024-07-08,0.6184
쿠션파운데이션,제형,2024-07-15,0.55726
쿠션파운데이션,제형,2024-07-22,0.54551
쿠션파운데이션,제형,2024-07-29,0.52669
쿠션파운데이션,제형,2024-08-05,0.63015
쿠션파운데이션,제형,2024-08-12,0.54315
쿠션파운데이션,제형,2024-08-19,0.70304
쿠션파운데이션,제형,2024-08-26,0.89821
쿠션파운데이션,제형,2024-09-02,0.72891
쿠션파운데이션,제형,2024-09-09,0.50318
쿠션파운데이션,제형,2024-09-16,0.59723
쿠션파운데이션,제형,2024-09-23,0.61134
쿠션파운데이션,제형,2024-09-30,0.59488
쿠션파운데이션,제형,2024-10-07,0.62545
쿠션파운데이션,제형,2024-10-14,0.55961
쿠션파운데이션,제형,2024-10-21,0.49613
쿠션파운데이션,제형,2024-10-28,0.59018
쿠션파운데이션,제형,2024-11-04,0.60664
쿠션파운데이션,제형,2024-11-11,0.54315
쿠션파운데이션,제형,2024-11-18,0.51024
쿠션파운데이션,제형,2024-11-25,0.57137
쿠션파운데이션,제형,2024-12-02,0.82767
쿠션파운데이션,제형,2024-12-09,0.63015
쿠션파운데이션,제형,2024-12-16,0.6325
쿠션파운데이션,제형,2024-12-23,0.49378
쿠션파운데이션,제형,2024-12-30,0.55961
쿠션파운데이션,제형,2025-01-06,0.56667
쿠션파운데이션,제형,2025-01-13,0.48907
쿠션파운데이션,제형,2025-01-20,0.43499
쿠션파운데이션,제형,2025-01-27,0.45851
쿠션파운데이션,제형,2025-02-03,0.55726
쿠션파운데이션,제형,2025-02-10,0.6278
쿠션파운데이션,제형,2025-02-17,0.52199
쿠션파운데이션,제형,2025-02-24,0.56667
쿠션파운데이션,제형,2025-03-03,0.43969
쿠션파운데이션,제형,2025-03-10,0.39267
쿠션파운데이션,제형,2025-03-17,0.46086
쿠션파운데이션,제형,2025-03-24,0.39737
쿠션파운데이션,제형,2025-03-31,0.49142
쿠션파운데이션,제형,2025-04-07,0.56196
쿠션파운데이션,제형,2025-04-14,0.44205
쿠션파운데이션,제형,2025-04-21,0.39502
쿠션파운데이션,제형,2025-04-28,0.40442
쿠션파운데이션,제형,2025-05-05,0.43029
쿠션파운데이션,제형,2025-05-12,0.40678
쿠션파운데이션,제형,2025-05-19,0.47497
쿠션파운데이션,제형,2025-05-26,0.45615
쿠션파운데이션,제형,2025-06-02,0.39972
쿠션파운데이션,제형,2025-06-09,0.37151
쿠션파운데이션,제형,2025-06-16,0.37856
쿠션파운데이션,제형,2025-06-23,0.32213
쿠션파운데이션,제형,2025-06-30,0.47732
쿠션파운데이션,제형,2025-07-07,0.45615
쿠션파운데이션,제형,2025-07-14,0.4444
쿠션파운데이션,제형,2025-07-21,0.26805
쿠션파운데이션,제형,2025-07-28,0.37386
쿠션파운데이션,제형,2025-08-04,0.3668
쿠션파운데이션,제형,2025-08-11,0.40913
쿠션파운데이션,제형,2025-08-18,0.4444
쿠션파운데이션,제형,2025-08-25,0.43029
쿠션파운데이션,제형,2025-09-01,0.43264
쿠션파운데이션,제형,2025-09-08,0.42088
쿠션파운데이션,제형,2025-09-15,0.35034
쿠션파운데이션,제형,2025-09-22,0.29861
쿠션파운데이션,제형,2025-09-29,0.31743
쿠션파운데이션,제형,2025-10-06,0.38326
쿠션파운데이션,제형,2025-10-13,0.41618
쿠션파운데이션,제형,2025-10-20,0.38091
쿠션파운데이션,제형,2025-10-27,0.38561
쿠션파운데이션,제형,2025-11-03,0.45145
쿠션파운데이션,제형,2025-11-10,0.44675
쿠션파운데이션,제형,2025-11-17,0.43264
쿠션파운데이션,제형,2025-11-24,0.56667
쿠션파운데이션,제형,2025-12-01,0.64426
쿠션파운데이션,제형,2025-12-08,0.58078
쿠션파운데이션,제형,2025-12-15,0.47967
쿠션파운데이션,제형,2025-12-22,0.44675
쿠션파운데이션,제형,2025-12-29,0.37386
쿠션파운데이션,제형,2026-01-05,0.53375
쿠션파운데이션,제형,2026-01-12,0.59018
쿠션파운데이션,제형,2026-01-19,0.57607
쿠션파운데이션,제형,2026-01-26,0.60194
쿠션파운데이션,제형,2026-02-02,0.59253
쿠션파운데이션,제형,2026-02-09,0.48437
쿠션파운데이션,제형,2026-02-16,0.53845
쿠션파운데이션,제형,2026-02-23,0.48907
쿠션파운데이션,제형,2026-03-02,0.5361
쿠션파운데이션,제형,2026-03-09,0.64426
쿠션파운데이션,제형,2026-03-16,0.59253
쿠션파운데이션,제형,2026-03-23,0.56902
쿠션파운데이션,제형,2026-03-30,0.63721
쿠션파운데이션,제형,2026-04-06,0.55491
쿠션파운데이션,제형,2026-04-13,0.62075
쿠션파운데이션,제형,2026-04-20,0.46321
쿠션파운데이션,제형,2026-04-27,0.36915
쿠션파운데이션,제형,2026-05-04,0.27745
쿠션파운데이션,제형,2026-05-11,0.32448
쿠션파운데이션,제형,2026-05-18,0.31978
쿠션파운데이션,제형,2026-05-25,0.24218
쿠션파운데이션,제형,2026-06-01,0.2751
쿠션파운데이션,제형,2026-06-08,0.28216
쿠션파운데이션,제형,2026-06-15,0.31037
쿠션파운데이션,제형,2026-06-22,0.32213
쿠션파운데이션,제형,2026-06-29,0.25629
쿠션파운데이션,제형,2026-07-06,0.24218
쿠션파운데이션,제형,2026-07-13,0.25394
쿠션파운데이션,제형,2026-07-20,0.1834
쿠션파운데이션,제형,2026-07-27,0.25864
쿠션파운데이션,제형,2026-08-03,0.22337
쿠션파운데이션,제형,2026-08-10,0.2704
쿠션파운데이션,제형,2026-08-17,0.29861
쿠션파운데이션,제형,2026-08-24,0.31272
쿠션파운데이션,제형,2026-08-31,0.45145
쿠션파운데이션,제형,2026-09-07,0.4444
쿠션파운데이션,제형,2026-09-14,0.37151
쿠션파운데이션,제형,2026-09-21,0.23513
쿠션파운데이션,제형,2026-09-28,0.04467
선스틱,제형,2020-12-28,1.33791
선스틱,제형,2021-01-04,1.67415
선스틱,제형,2021-01-11,1.51426
선스틱,제형,2021-01-18,1.84109
선스틱,제형,2021-01-25,1.69061
선스틱,제형,2021-02-01,1.97982
선스틱,제형,2021-02-08,2.02214
선스틱,제형,2021-02-15,2.67111
선스틱,제형,2021-02-22,3.33184
선스틱,제형,2021-03-01,3.29187
선스틱,제형,2021-03-08,3.84913
선스틱,제형,2021-03-15,4.65564
선스틱,제형,2021-03-22,4.98953
선스틱,제형,2021-03-29,6.42385
선스틱,제형,2021-04-05,9.12083
선스틱,제형,2021-04-12,8.24613
선스틱,제형,2021-04-19,11.03247
선스틱,제형,2021-04-26,9.68515
선스틱,제형,2021-05-03,9.38183
선스틱,제형,2021-05-10,12.30924
선스틱,제형,2021-05-17,11.64852
선스틱,제형,2021-05-24,12.7654
선스틱,제형,2021-05-31,19.57958
선스틱,제형,2021-06-07,22.48113
선스틱,제형,2021-06-14,18.83185
선스틱,제형,2021-06-21,19.94168
선스틱,제형,2021-06-28,18.97763
선스틱,제형,2021-07-05,17.89367
선스틱,제형,2021-07-12,24.3763
선스틱,제형,2021-07-19,24.36219
선스틱,제형,2021-07-26,22.3471
선스틱,제형,2021-08-02,17.45162
선스틱,제형,2021-08-09,15.27428
선스틱,제형,2021-08-16,12.61021
선스틱,제형,2021-08-23,10.16953
선스틱,제형,2021-08-30,8.17089
선스틱,제형,2021-09-06,7.28208
선스틱,제형,2021-09-13,7.76881
선스틱,제형,2021-09-20,8.58708
선스틱,제형,2021-09-27,7.45844
선스틱,제형,2021-10-04,3.57873
선스틱,제형,2021-10-11,2.41952
선스틱,제형,2021-10-18,2.2902
선스틱,제형,2021-10-25,2.41952
선스틱,제형,2021-11-01,2.43833
선스틱,제형,2021-11-08,2.35133
선스틱,제형,2021-11-15,2.59352
선스틱,제형,2021-11-22,2.15852
선스틱,제형,2021-11-29,2.13266
선스틱,제형,2021-12-06,2.11385
선스틱,제형,2021-12-13,1.90928
선스틱,제형,2021-12-20,1.84579
선스틱,제형,2021-12-27,1.77761
선스틱,제형,2022-01-03,2.45949
선스틱,제형,2022-01-10,2.744
선스틱,제형,2022-01-17,2.744
선스틱,제형,2022-01-24,2.34428
선스틱,제형,2022-01-31,3.18841
선스틱,제형,2022-02-07,3.86324
선스틱,제형,2022-02-14,3.34595
선스틱,제형,2022-02-21,3.93143
선스틱,제형,2022-02-28,4.94015
선스틱,제형,2022-03-07,5.47861
선스틱,제형,2022-03-14,5.1071
선스틱,제형,2022-03-21,5.8078
선스틱,제형,2022-03-28,8.48362
선스틱,제형,2022-04-04,13.84467
선스틱,제형,2022-04-11,17.52686
선스틱,제형,2022-04-18,20.02163
선스틱,제형,2022-04-25,18.79658
선스틱,제형,2022-05-02,22.77975
선스틱,제형,2022-05-09,23.24531
선스틱,제형,2022-05-16,24.23993
선스틱,제형,2022-05-23,31.07996
선스틱,제형,2022-05-30,26.5748
선스틱,제형,2022-06-06,21.14557
선스틱,제형,2022-06-13,21.82275
선스틱,제형,2022-06-20,21.60173
선스틱,제형,2022-06-27,18.79423
선스틱,제형,2022-07-04,21.376
선스틱,제형,2022-07-11,17.15535
선스틱,제형,2022-07-18,17.68675
선스틱,제형,2022-07-25,19.33033
선스틱,제형,2022-08-01,14.14329
선스틱,제형,2022-08-08,10.86082
선스틱,제형,2022-08-15,14.16445
선스틱,제형,2022-08-22,11.40633
선스틱,제형,2022-08-29,7.19038
선스틱,제형,2022-09-05,5.77253
선스틱,제형,2022-09-12,7.70768
선스틱,제형,2022-09-19,6.59079
선스틱,제형,2022-09-26,5.88069
선스틱,제형,2022-10-03,4.60391
선스틱,제형,2022-10-10,4.38524
선스틱,제형,2022-10-17,4.63918
선스틱,제형,2022-10-24,4.30294
선스틱,제형,2022-10-31,4.2371
선스틱,제형,2022-11-07,3.76919
선스틱,제형,2022-11-14,3.22368
선스틱,제형,2022-11-21,3.57403
선스틱,제형,2022-11-28,3.31773
선스틱,제형,2022-12-05,3.47527
선스틱,제형,2022-12-12,3.0826
선스틱,제형,2022-12-19,3.13433
선스틱,제형,2022-12-26,3.10376
선스틱,제형,2023-01-02,3.41178
선스틱,제형,2023-01-09,4.70972
선스틱,제형,2023-01-16,4.56864
선스틱,제형,2023-01-23,5.56326
선스틱,제형,2023-01-30,6.00766
선스틱,제형,2023-02-06,7.40906
선스틱,제형,2023-02-13,10.98779
선스틱,제형,2023-02-20,16.06903
선스틱,제형,2023-02-27,15.73044
선스틱,제형,2023-03-06,11.0113
선스틱,제형,2023-03-13,12.87356
선스틱,제형,2023-03-20,13.34148
선스틱,제형,2023-03-27,15.94441
선스틱,제형,2023-04-03,17.26351
선스틱,제형,2023-04-10,14.06804
선스틱,제형,2023-04-17,14.02572
선스틱,제형,2023-04-24,12.19403
선스틱,제형,2023-05-01,15.24371
선스틱,제형,2023-05-08,19.16574
선스틱,제형,2023-05-15,26.59361
선스틱,제형,2023-05-22,19.89936
선스틱,제형,2023-05-29,19.19396
선스틱,제형,2023-06-05,20.4096
선스틱,제형,2023-06-12,23.78847
선스틱,제형,2023-06-19,22.39177
선스틱,제형,2023-06-26,15.07206
선스틱,제형,2023-07-03,15.15906
선스틱,제형,2023-07-10,9.98612
선스틱,제형,2023-07-17,11.10301
선스틱,제형,2023-07-24,13.00524
선스틱,제형,2023-07-31,16.19835
선스틱,제형,2023-08-07,10.10134
선스틱,제형,2023-08-14,8.19205
선스틱,제형,2023-08-21,6.92703
선스틱,제형,2023-08-28,5.0201
선스틱,제형,2023-09-04,6.09466
선스틱,제형,2023-09-11,4.37113
선스틱,제형,2023-09-18,3.99492
선스틱,제형,2023-09-25,2.6523
선스틱,제형,2023-10-02,3.2566
선스틱,제형,2023-10-09,3.36241
선스틱,제형,2023-10-16,3.15314
선스틱,제형,2023-10-23,3.0873
선스틱,제형,2023-10-30,3.10376
선스틱,제형,2023-11-06,2.73695
선스틱,제형,2023-11-13,2.49241
선스틱,제형,2023-11-20,2.32076
선스틱,제형,2023-11-27,2.84746
선스틱,제형,2023-12-04,2.67817
선스틱,제형,2023-12-11,2.26198
선스틱,제형,2023-12-18,2.03155
선스틱,제형,2023-12-25,1.83169
선스틱,제형,2024-01-01,3.73392
선스틱,제형,2024-01-08,2.75576
선스틱,제형,2024-01-15,2.87098
선스틱,제형,2024-01-22,2.94152
선스틱,제형,2024-01-29,3.4353
선스틱,제형,2024-02-05,2.42187
선스틱,제형,2024-02-12,4.46753
선스틱,제형,2024-02-19,4.01843
선스틱,제형,2024-02-26,4.04665
선스틱,제형,2024-03-04,5.09534
선스틱,제형,2024-03-11,6.52495
선스틱,제형,2024-03-18,7.42552
선스틱,제형,2024-03-25,7.24681
선스틱,제형,2024-04-01,10.4705
선스틱,제형,2024-04-08,13.48726
선스틱,제형,2024-04-15,13.98575
선스틱,제형,2024-04-22,13.65421
선스틱,제형,2024-04-29,18.00418
선스틱,제형,2024-05-06,13.56956
선스틱,제형,2024-05-13,16.33003
선스틱,제형,2024-05-20,17.81842
선스틱,제형,2024-05-27,17.92894
선스틱,제형,2024-06-03,20.03338
선스틱,제형,2024-06-10,23.32526
선스틱,제형,2024-06-17,24.12941
선스틱,제형,2024-06-24,19.59839
선스틱,제형,2024-07-01,17.53862
선스틱,제형,2024-07-08,20.75995
선스틱,제형,2024-07-15,32.42258
선스틱,제형,2024-07-22,30.04538
선스틱,제형,2024-07-29,26.3138
선스틱,제형,2024-08-05,20.70116
선스틱,제형,2024-08-12,16.65686
선스틱,제형,2024-08-19,11.29817
선스틱,제형,2024-08-26,9.41475
선스틱,제형,2024-09-02,8.04862
선스틱,제형,2024-09-09,6.9529
선스틱,제형,2024-09-16,5.89715
선스틱,제형,2024-09-23,6.3486
선스틱,제형,2024-09-30,5.97004
선스틱,제형,2024-10-07,5.79134
선스틱,제형,2024-10-14,4.50986
선스틱,제형,2024-10-21,4.08192
선스틱,제형,2024-10-28,4.56629
선스틱,제형,2024-11-04,5.17529
선스틱,제형,2024-11-11,4.87196
선스틱,제형,2024-11-18,3.5317
선스틱,제형,2024-11-25,3.58578
선스틱,제형,2024-12-02,2.91095
선스틱,제형,2024-12-09,2.62174
선스틱,제형,2024-12-16,2.47125
선스틱,제형,2024-12-23,1.99628
선스틱,제형,2024-12-30,2.70403
선스틱,제형,2025-01-06,2.92741
선스틱,제형,2025-01-13,2.92036
선스틱,제형,2025-01-20,2.918
선스틱,제형,2025-01-27,3.18135
선스틱,제형,2025-02-03,3.99021
선스틱,제형,2025-02-10,4.17832
선스틱,제형,2025-02-17,4.4111
선스틱,제형,2025-02-24,5.16823
선스틱,제형,2025-03-03,6.17461
선스틱,제형,2025-03-10,7.44903
선스틱,제형,2025-03-17,8.66467
선스틱,제형,2025-03-24,9.26661
선스틱,제형,2025-03-31,8.9868
선스틱,제형,2025-04-07,11.60149
선스틱,제형,2025-04-14,10.70798
선스틱,제형,2025-04-21,13.42613
선스틱,제형,2025-04-28,12.55378
선스틱,제형,2025-05-05,10.65155
선스틱,제형,2025-05-12,13.77883
선스틱,제형,2025-05-19,16.10195
선스틱,제형,2025-05-26,17.80902
선스틱,제형,2025-06-02,20.54127
선스틱,제형,2025-06-09,17.66324
선스틱,제형,2025-06-16,13.94342
선스틱,제형,2025-06-23,11.99887
선스틱,제형,2025-06-30,18.64845
선스틱,제형,2025-07-07,25.28392
선스틱,제형,2025-07-14,12.85005
선스틱,제형,2025-07-21,18.24402
선스틱,제형,2025-07-28,18.50972
선스틱,제형,2025-08-04,12.98408
선스틱,제형,2025-08-11,8.91626
선스틱,제형,2025-08-18,9.69456
선스틱,제형,2025-08-25,8.38486
선스틱,제형,2025-09-01,7.15982
선스틱,제형,2025-09-08,5.91596
선스틱,제형,2025-09-15,4.78026
선스틱,제형,2025-09-22,3.03792
선스틱,제형,2025-09-29,2.48301
선스틱,제형,2025-10-06,2.06212
선스틱,제형,2025-10-13,2.2079
선스틱,제형,2025-10-20,2.24082
선스틱,제형,2025-10-27,2.28785
선스틱,제형,2025-11-03,2.29725
선스틱,제형,2025-11-10,2.29725
선스틱,제형,2025-11-17,2.11855
선스틱,제형,2025-11-24,1.7682
선스틱,제형,2025-12-01,1.9516
선스틱,제형,2025-12-08,1.91869
선스틱,제형,2025-12-15,1.57304
선스틱,제형,2025-12-22,1.64593
선스틱,제형,2025-12-29,1.7682
선스틱,제형,2026-01-05,2.20085
선스틱,제형,2026-01-12,2.32782
선스틱,제형,2026-01-19,2.33958
선스틱,제형,2026-01-26,2.35603
선스틱,제형,2026-02-02,2.56765
선스틱,제형,2026-02-09,2.31841
선스틱,제형,2026-02-16,2.918
선스틱,제형,2026-02-23,3.53876
선스틱,제형,2026-03-02,4.54278
선스틱,제형,2026-03-09,5.74901
선스틱,제형,2026-03-16,6.90117
선스틱,제형,2026-03-23,9.02443
선스틱,제형,2026-03-30,10.2189
선스틱,제형,2026-04-06,11.67203
선스틱,제형,2026-04-13,14.62296
선스틱,제형,2026-04-20,13.95518
선스틱,제형,2026-04-27,13.51078
선스틱,제형,2026-05-04,14.33374
선스틱,제형,2026-05-11,17.42105
선스틱,제형,2026-05-18,16.54635
선스틱,제형,2026-05-25,15.35658
선스틱,제형,2026-06-01,16.109
선스틱,제형,2026-06-08,13.70594
선스틱,제형,2026-06-15,12.756
선스틱,제형,2026-06-22,11.886
선스틱,제형,2026-06-29,12.74424
선스틱,제형,2026-07-06,10.60923
선스틱,제형,2026-07-13,10.35058
선스틱,제형,2026-07-20,8.93978
선스틱,제형,2026-07-27,11.40868
선스틱,제형,2026-08-03,10.8326
선스틱,제형,2026-08-10,6.85179
선스틱,제형,2026-08-17,4.21359
선스틱,제형,2026-08-24,4.28648
선스틱,제형,2026-08-31,3.76449
선스틱,제형,2026-09-07,3.52465
선스틱,제형,2026-09-14,2.87568
선스틱,제형,2026-09-21,2.45009
선스틱,제형,2026-09-28,0.40678
모공,효능,2020-12-28,21.72505
모공,효능,2021-01-04,21.8428
모공,효능,2021-01-11,23.82984
모공,효능,2021-01-18,25.15454
모공,효능,2021-01-25,25.13982
모공,효능,2021-02-01,24.28613
모공,효능,2021-02-08,23.27053
모공,효능,2021-02-15,26.02296
모공,효능,2021-02-22,22.82896
모공,효능,2021-03-01,21.37179
모공,효능,2021-03-08,23.81513
모공,효능,2021-03-15,23.93288
모공,효능,2021-03-22,24.08007
모공,효능,2021-03-29,24.02119
모공,효능,2021-04-05,24.66882
모공,효능,2021-04-12,26.55284
모공,효능,2021-04-19,22.88784
모공,효능,2021-04-26,22.57874
모공,효능,2021-05-03,21.90167
모공,효능,2021-05-10,25.31645
모공,효능,2021-05-17,24.58051
모공,효능,2021-05-24,24.6541
모공,효능,2021-05-31,25.11039
모공,효능,2021-06-07,24.90432
모공,효능,2021-06-14,25.40476
모공,효능,2021-06-21,27.65675
모공,효능,2021-06-28,26.46452
모공,효능,2021-07-05,28.40741
모공,효능,2021-07-12,28.49573
모공,효능,2021-07-19,29.39358
모공,효능,2021-07-26,27.58316
모공,효능,2021-08-02,28.53988
모공,효능,2021-08-09,27.67147
모공,효능,2021-08-16,26.14071
모공,효능,2021-08-23,24.13894
모공,효능,2021-08-30,25.75802
모공,효능,2021-09-06,22.93199
모공,효능,2021-09-13,22.93199
모공,효능,2021-09-20,24.06535
모공,효능,2021-09-27,22.77009
모공,효능,2021-10-04,22.29908
모공,효능,2021-10-11,21.93111
모공,효능,2021-10-18,21.19517
모공,효능,2021-10-25,20.84191
모공,효능,2021-11-01,20.09125
모공,효능,2021-11-08,20.72416
모공,효능,2021-11-15,19.09037
모공,효능,2021-11-22,17.42714
모공,효능,2021-11-29,17.19163
모공,효능,2021-12-06,17.97173
모공,효능,2021-12-13,20.90079
모공,효능,2021-12-20,19.34059
모공,효능,2021-12-27,18.32499
모공,효능,2022-01-03,21.13629
모공,효능,2022-01-10,22.65234
모공,효능,2022-01-17,22.84368
모공,효능,2022-01-24,21.7692
모공,효능,2022-01-31,23.07918
모공,효능,2022-02-07,23.85928
모공,효능,2022-02-14,24.58051
모공,효능,2022-02-21,22.88784
모공,효능,2022-02-28,23.07918
모공,효능,2022-03-07,22.25493
모공,효능,2022-03-14,23.50603
모공,효능,2022-03-21,22.91727
모공,효능,2022-03-28,22.51987
모공,효능,2022-04-04,22.8584
모공,효능,2022-04-11,26.27318
모공,효능,2022-04-18,26.17015
모공,효능,2022-04-25,25.00735
모공,효능,2022-05-02,23.68266
모공,효능,2022-05-09,26.2143
모공,효능,2022-05-16,24.63938
모공,효능,2022-05-23,25.89049
모공,효능,2022-05-30,25.69914
모공,효능,2022-06-06,26.86193
모공,효능,2022-06-13,25.08095
모공,효능,2022-06-20,25.99352
모공,효능,2022-06-27,27.33294
모공,효능,2022-07-04,27.11215
모공,효능,2022-07-11,27.05328
모공,효능,2022-07-18,25.75802
모공,효능,2022-07-25,26.11127
모공,효능,2022-08-01,27.81866
모공,효능,2022-08-08,28.17191
모공,효능,2022-08-15,28.80482
모공,효능,2022-08-22,25.31645
모공,효능,2022-08-29,23.0939
모공,효능,2022-09-05,22.59346
모공,효능,2022-09-12,24.33029
모공,효능,2022-09-19,22.93199
모공,효능,2022-09-26,21.59258
모공,효능,2022-10-03,21.72505
모공,효능,2022-10-10,20.0471
모공,효능,2022-10-17,20.16485
모공,효능,2022-10-24,18.44274
모공,효능,2022-10-31,18.9579
모공,효능,2022-11-07,20.48866
모공,효능,2022-11-14,21.6073
모공,효능,2022-11-21,22.72593
모공,효능,2022-11-28,19.03149
모공,효능,2022-12-05,20.78304
모공,효능,2022-12-12,19.1934
모공,효능,2022-12-19,16.13188
모공,효능,2022-12-26,17.60376
모공,효능,2023-01-02,20.8272
모공,효능,2023-01-09,22.01942
모공,효능,2023-01-16,21.5337
모공,효능,2023-01-23,23.29997
모공,효능,2023-01-30,24.75713
모공,효능,2023-02-06,23.69738
모공,효능,2023-02-13,24.71298
모공,효능,2023-02-20,25.7433
모공,효능,2023-02-27,23.74153
모공,효능,2023-03-06,24.38916
모공,효능,2023-03-13,23.68266
모공,효능,2023-03-20,24.69826
모공,효능,2023-03-27,26.37621
모공,효능,2023-04-03,23.88872
모공,효능,2023-04-10,25.27229
모공,효능,2023-04-17,28.26022
모공,효능,2023-04-24,28.0836
모공,효능,2023-05-01,24.16838
모공,효능,2023-05-08,26.81778
모공,효능,2023-05-15,27.21518
모공,효능,2023-05-22,24.44804
모공,효능,2023-05-29,28.40741
모공,효능,2023-06-05,28.0836
모공,효능,2023-06-12,27.95113
모공,효능,2023-06-19,26.67059
모공,효능,2023-06-26,29.29055
모공,효능,2023-07-03,27.96585
모공,효능,2023-07-10,27.52428
모공,효능,2023-07-17,30.57109
모공,효능,2023-07-24,28.3191
모공,효능,2023-07-31,30.1148
모공,효능,2023-08-07,28.99617
모공,효능,2023-08-14,28.05416
모공,효능,2023-08-21,29.20223
모공,효능,2023-08-28,28.03944
모공,효능,2023-09-04,28.17191
모공,효능,2023-09-11,23.90344
모공,효능,2023-09-18,24.69826
모공,효능,2023-09-25,20.93023
모공,효능,2023-10-02,21.78392
모공,효능,2023-10-09,22.35796
모공,효능,2023-10-16,20.9891
모공,효능,2023-10-23,19.94406
모공,효능,2023-10-30,21.44539
모공,효능,2023-11-06,18.94318
모공,효능,2023-11-13,17.98645
모공,효능,2023-11-20,18.6488
모공,효능,2023-11-27,19.37003
모공,효능,2023-12-04,20.26788
모공,효능,2023-12-11,18.76655
모공,효능,2023-12-18,17.10332
모공,효능,2023-12-25,17.04445
모공,효능,2024-01-01,21.26876
모공,효능,2024-01-08,21.23932
모공,효능,2024-01-15,22.46099
모공,효능,2024-01-22,23.15278
모공,효능,2024-01-29,24.25669
모공,효능,2024-02-05,21.07742
모공,효능,2024-02-12,25.86105
모공,효능,2024-02-19,22.06358
모공,효능,2024-02-26,25.25758
모공,효능,2024-03-04,23.75625
모공,효능,2024-03-11,21.63673
모공,효능,2024-03-18,20.94495
모공,효능,2024-03-25,22.60818
모공,효능,2024-04-01,21.15101
모공,효능,2024-04-08,23.57962
모공,효능,2024-04-15,23.97703
모공,효능,2024-04-22,23.34412
모공,효능,2024-04-29,23.12334
모공,효능,2024-05-06,23.81513
모공,효능,2024-05-13,23.85928
모공,효능,2024-05-20,23.31468
모공,효능,2024-05-27,25.7433
모공,효능,2024-06-03,26.03768
모공,효능,2024-06-10,27.86282
모공,효능,2024-06-17,26.33205
모공,효능,2024-06-24,24.81601
모공,효능,2024-07-01,27.96585
모공,효능,2024-07-08,26.55284
모공,효능,2024-07-15,26.89137
모공,효능,2024-07-22,28.36326
모공,효능,2024-07-29,26.7589
모공,효능,2024-08-05,29.65852
모공,효능,2024-08-12,28.36326
모공,효능,2024-08-19,28.05416
모공,효능,2024-08-26,28.58404
모공,효능,2024-09-02,26.86193
모공,효능,2024-09-09,25.55195
모공,효능,2024-09-16,25.80217
모공,효능,2024-09-23,26.15543
모공,효능,2024-09-30,25.44892
모공,효능,2024-10-07,21.51898
모공,효능,2024-10-14,20.209
모공,효능,2024-10-21,19.267
모공,효능,2024-10-28,19.31115
모공,효능,2024-11-04,20.209
모공,효능,2024-11-11,18.31027
모공,효능,2024-11-18,17.41242
모공,효능,2024-11-25,16.32322
모공,효능,2024-12-02,19.06093
모공,효능,2024-12-09,17.33882
모공,효능,2024-12-16,18.03061
모공,효능,2024-12-23,16.86782
모공,효능,2024-12-30,17.97173
모공,효능,2025-01-06,21.01854
모공,효능,2025-01-13,21.71033
모공,효능,2025-01-20,21.63673
모공,효능,2025-01-27,22.51987
모공,효능,2025-02-03,23.74153
모공,효능,2025-02-10,24.35972
모공,효능,2025-02-17,23.0939
모공,효능,2025-02-24,24.28613
모공,효능,2025-03-03,21.68089
모공,효능,2025-03-10,21.09214
모공,효능,2025-03-17,20.90079
모공,효능,2025-03-24,20.0471
모공,효능,2025-03-31,19.14924
모공,효능,2025-04-07,20.17957
모공,효능,2025-04-14,20.09125
모공,효능,2025-04-21,20.48866
모공,효능,2025-04-28,17.66264
모공,효능,2025-05-05,18.9579
모공,효능,2025-05-12,18.38386
모공,효능,2025-05-19,19.34059
모공,효능,2025-05-26,20.12069
모공,효능,2025-06-02,19.13453
모공,효능,2025-06-09,20.19428
모공,효능,2025-06-16,20.50338
모공,효능,2025-06-23,19.56137
모공,효능,2025-06-30,20.5181
모공,효능,2025-07-07,20.78304
모공,효능,2025-07-14,19.57609
모공,효능,2025-07-21,21.91639
모공,효능,2025-07-28,19.67912
모공,효능,2025-08-04,23.1675
모공,효능,2025-08-11,21.10685
모공,효능,2025-08-18,20.50338
모공,효능,2025-08-25,21.87224
모공,효능,2025-09-01,21.38651
모공,효능,2025-09-08,17.23579
모공,효능,2025-09-15,17.17692
모공,효능,2025-09-22,15.44009
모공,효능,2025-09-29,15.41065
모공,효능,2025-10-06,16.66176
모공,효능,2025-10-13,16.11716
모공,효능,2025-10-20,15.02796
모공,효능,2025-10-27,14.5128
모공,효능,2025-11-03,14.36561
모공,효능,2025-11-10,12.02531
모공,효능,2025-11-17,11.49543
모공,효능,2025-11-24,13.12923
모공,효능,2025-12-01,13.40889
모공,효능,2025-12-08,11.00971
모공,효능,2025-12-15,11.28937
모공,효능,2025-12-22,10.1413
모공,효능,2025-12-29,10.98027
모공,효능,2026-01-05,12.24609
모공,효능,2026-01-12,12.79069
모공,효능,2026-01-19,12.62879
모공,효능,2026-01-26,12.34913
모공,효능,2026-02-02,12.15778
모공,효능,2026-02-09,12.34913
모공,효능,2026-02-16,12.98204
모공,효능,2026-02-23,14.24786
모공,효능,2026-03-02,12.42272
모공,효능,2026-03-09,11.31881
모공,효능,2026-03-16,11.7015
모공,효능,2026-03-23,11.12746
모공,효능,2026-03-30,10.86252
모공,효능,2026-04-06,12.21666
모공,효능,2026-04-13,12.12834
모공,효능,2026-04-20,11.87812
모공,효능,2026-04-27,11.73093
모공,효능,2026-05-04,11.12746
모공,효능,2026-05-11,11.27465
모공,효능,2026-05-18,11.36296
모공,효능,2026-05-25,13.33529
모공,효능,2026-06-01,13.07035
모공,효능,2026-06-08,12.36385
모공,효능,2026-06-15,11.92228
모공,효능,2026-06-22,13.52664
모공,효능,2026-06-29,12.76125
모공,효능,2026-07-06,12.08419
모공,효능,2026-07-13,12.73182
모공,효능,2026-07-20,12.4816
모공,효능,2026-07-27,12.67294
모공,효능,2026-08-03,13.12923
모공,효능,2026-08-10,11.28937
모공,효능,2026-08-17,10.89196
모공,효능,2026-08-24,12.26081
모공,효능,2026-08-31,12.14306
모공,효능,2026-09-07,10.39152
모공,효능,2026-09-14,11.14218
모공,효능,2026-09-21,13.14395
모공,효능,2026-09-28,1.54548
각질,효능,2020-12-28,13.95348
각질,효능,2021-01-04,15.49896
각질,효능,2021-01-11,15.26346
각질,효능,2021-01-18,14.91021
각질,효능,2021-01-25,14.08595
각질,효능,2021-02-01,12.77597
각질,효능,2021-02-08,10.59758
각질,효능,2021-02-15,13.07035
각질,효능,2021-02-22,11.6279
각질,효능,2021-03-01,10.28848
각질,효능,2021-03-08,10.40624
각질,효능,2021-03-15,10.40624
각질,효능,2021-03-22,11.46599
각질,효능,2021-03-29,9.97939
각질,효능,2021-04-05,12.37856
각질,효능,2021-04-12,11.61318
각질,효능,2021-04-19,11.78981
각질,효능,2021-04-26,10.34736
각질,효능,2021-05-03,10.77421
각질,효능,2021-05-10,10.00883
각질,효능,2021-05-17,11.02443
각질,효능,2021-05-24,10.62702
각질,효능,2021-05-31,10.77421
각질,효능,2021-06-07,9.96467
각질,효능,2021-06-14,10.90668
각질,효능,2021-06-21,9.67029
각질,효능,2021-06-28,8.80188
각질,효능,2021-07-05,8.80188
각질,효능,2021-07-12,8.53694
각질,효능,2021-07-19,9.75861
각질,효능,2021-07-26,9.39063
각질,효능,2021-08-02,8.99322
각질,효능,2021-08-09,9.43479
각질,효능,2021-08-16,8.97851
각질,효능,2021-08-23,8.66941
각질,효능,2021-08-30,9.30232
각질,효능,2021-09-06,9.25816
각질,효능,2021-09-13,10.40624
각질,효능,2021-09-20,10.02355
각질,효능,2021-09-27,9.89108
각질,효능,2021-10-04,9.8322
각질,효능,2021-10-11,10.03826
각질,효능,2021-10-18,12.09891
각질,효능,2021-10-25,12.23138
각질,효능,2021-11-01,11.14218
각질,효능,2021-11-08,12.52575
각질,효능,2021-11-15,11.25993
각질,효능,2021-11-22,11.6279
각질,효능,2021-11-29,12.68766
각질,효능,2021-12-06,11.36296
각질,효능,2021-12-13,12.49632
각질,효능,2021-12-20,10.81836
각질,효능,2021-12-27,12.87901
각질,효능,2022-01-03,14.36561
각질,효능,2022-01-10,13.79158
각질,효능,2022-01-17,14.10067
각질,효능,2022-01-24,11.68678
각질,효능,2022-01-31,12.73182
각질,효능,2022-02-07,12.77597
각질,효능,2022-02-14,12.68766
각질,효능,2022-02-21,13.46776
각질,효능,2022-02-28,12.27553
각질,효능,2022-03-07,11.71622
각질,효능,2022-03-14,10.47983
각질,효능,2022-03-21,11.00971
각질,효능,2022-03-28,11.09802
각질,효능,2022-04-04,11.73093
각질,효능,2022-04-11,10.36208
각질,효능,2022-04-18,11.81925
각질,효능,2022-04-25,12.55519
각질,효능,2022-05-02,10.70061
각질,효능,2022-05-09,10.98027
각질,효능,2022-05-16,12.33441
각질,효능,2022-05-23,15.80806
각질,효능,2022-05-30,14.70415
각질,효능,2022-06-06,10.55342
각질,효능,2022-06-13,9.15513
각질,효능,2022-06-20,12.20194
각질,효능,2022-06-27,9.84692
각질,효능,2022-07-04,8.94907
각질,효능,2022-07-11,15.24874
각질,효능,2022-07-18,8.5075
각질,효능,2022-07-25,9.24345
각질,효능,2022-08-01,10.18545
각질,효능,2022-08-08,9.44951
각질,효능,2022-08-15,8.61053
각질,효능,2022-08-22,8.99322
각질,효능,2022-08-29,7.90403
각질,효능,2022-09-05,7.60965
각질,효능,2022-09-12,8.33088
각질,효능,2022-09-19,9.87636
각질,효능,2022-09-26,9.37591
각질,효능,2022-10-03,9.22873
각질,효능,2022-10-10,10.6123
각질,효능,2022-10-17,11.98115
각질,효능,2022-10-24,11.28937
각질,효능,2022-10-31,12.18722
각질,효능,2022-11-07,12.06947
각질,효능,2022-11-14,12.49632
각질,효능,2022-11-21,11.43656
각질,효능,2022-11-28,12.67294
각질,효능,2022-12-05,13.76214
각질,효능,2022-12-12,13.12923
각질,효능,2022-12-19,15.80806
각질,효능,2022-12-26,13.23226
각질,효능,2023-01-02,14.38033
각질,효능,2023-01-09,13.4236
각질,효능,2023-01-16,12.73182
각질,효능,2023-01-23,14.36561
각질,효능,2023-01-30,15.11627
각질,효능,2023-02-06,12.42272
각질,효능,2023-02-13,11.05387
각질,효능,2023-02-20,13.58551
각질,효능,2023-02-27,11.43656
각질,효능,2023-03-06,11.45128
각질,효능,2023-03-13,10.89196
각질,효능,2023-03-20,10.93612
각질,효능,2023-03-27,11.55431
각질,효능,2023-04-03,11.24521
각질,효능,2023-04-10,11.51015
각질,효능,2023-04-17,11.28937
각질,효능,2023-04-24,11.81925
각질,효능,2023-05-01,10.62702
각질,효능,2023-05-08,11.64262
각질,효능,2023-05-15,10.24433
각질,효능,2023-05-22,9.72917
각질,효능,2023-05-29,9.71445
각질,효능,2023-06-05,12.62879
각질,효능,2023-06-12,12.92316
각질,효능,2023-06-19,9.75861
각질,효능,2023-06-26,7.87459
각질,효능,2023-07-03,8.15425
각질,효능,2023-07-10,7.7274
각질,효능,2023-07-17,7.56549
각질,효능,2023-07-24,8.49278
각질,효능,2023-07-31,8.89019
각질,효능,2023-08-07,8.83132
각질,효능,2023-08-14,7.9629
각질,효능,2023-08-21,8.31616
각질,효능,2023-08-28,8.84604
각질,효능,2023-09-04,9.34648
각질,효능,2023-09-11,9.08154
각질,효능,2023-09-18,7.97762
각질,효능,2023-09-25,7.27112
각질,효능,2023-10-02,9.8322
각질,효능,2023-10-09,9.89108
각질,효능,2023-10-16,9.89108
각질,효능,2023-10-23,9.40535
각질,효능,2023-10-30,9.09626
각질,효능,2023-11-06,11.20105
각질,효능,2023-11-13,12.37856
각질,효능,2023-11-20,12.62879
각질,효능,2023-11-27,11.95172
각질,효능,2023-12-04,12.43744
각질,효능,2023-12-11,10.3032
각질,효능,2023-12-18,11.30409
각질,효능,2023-12-25,9.87636
각질,효능,2024-01-01,10.27377
각질,효능,2024-01-08,10.95083
각질,효능,2024-01-15,10.50927
각질,효능,2024-01-22,11.36296
각질,효능,2024-01-29,9.77332
각질,효능,2024-02-05,8.84604
각질,효능,2024-02-12,10.28848
각질,효능,2024-02-19,9.94995
각질,효능,2024-02-26,9.94995
각질,효능,2024-03-04,9.81748
각질,효능,2024-03-11,9.31704
각질,효능,2024-03-18,9.31704
각질,효능,2024-03-25,8.25728
각질,효능,2024-04-01,8.40447
각질,효능,2024-04-08,8.77244
각질,효능,2024-04-15,7.7274
각질,효능,2024-04-22,7.85987
각질,효능,2024-04-29,7.55078
각질,효능,2024-05-06,8.36031
각질,효능,2024-05-13,8.0365
각질,효능,2024-05-20,7.24168
각질,효능,2024-05-27,8.59581
각질,효능,2024-06-03,9.24345
각질,효능,2024-06-10,9.00794
각질,효능,2024-06-17,8.33088
각질,효능,2024-06-24,8.25728
각질,효능,2024-07-01,7.10921
각질,효능,2024-07-08,7.59493
각질,효능,2024-07-15,6.72652
각질,효능,2024-07-22,7.16808
각질,효능,2024-07-29,8.37503
각질,효능,2024-08-05,7.62437
각질,효능,2024-08-12,7.801
각질,효능,2024-08-19,7.63909
각질,효능,2024-08-26,6.99146
각질,효능,2024-09-02,8.25728
각질,효능,2024-09-09,6.38798
각질,효능,2024-09-16,6.60877
각질,효능,2024-09-23,7.94818
각질,효능,2024-09-30,8.8166
각질,효능,2024-10-07,8.02178
각질,효능,2024-10-14,7.30055
각질,효능,2024-10-21,7.77156
각질,효능,2024-10-28,9.42007
각질,효능,2024-11-04,9.08154
각질,효능,2024-11-11,7.99234
각질,효능,2024-11-18,8.96379
각질,효능,2024-11-25,8.65469
각질,효능,2024-12-02,9.44951
각질,효능,2024-12-09,9.65557
각질,효능,2024-12-16,9.90579
각질,효능,2024-12-23,9.71445
각질,효능,2024-12-30,9.31704
각질,효능,2025-01-06,9.65557
각질,효능,2025-01-13,9.68501
각질,효능,2025-01-20,8.56638
각질,효능,2025-01-27,8.5811
각질,효능,2025-02-03,10.68589
각질,효능,2025-02-10,9.11098
각질,효능,2025-02-17,9.64085
각질,효능,2025-02-24,9.47895
각질,효능,2025-03-03,8.06594
각질,효능,2025-03-10,7.28584
각질,효능,2025-03-17,7.47718
각질,효능,2025-03-24,7.75684
각질,효능,2025-03-31,7.63909
각질,효능,2025-04-07,6.69708
각질,효능,2025-04-14,6.93258
각질,효능,2025-04-21,6.87371
각질,효능,2025-04-28,6.62349
각질,효능,2025-05-05,6.56461
각질,효능,2025-05-12,6.72652
각질,효능,2025-05-19,6.68236
각질,효능,2025-05-26,6.62349
각질,효능,2025-06-02,6.02001
각질,효능,2025-06-09,6.72652
각질,효능,2025-06-16,4.96025
각질,효능,2025-06-23,5.28407
각질,효능,2025-06-30,5.28407
각질,효능,2025-07-07,5.25463
각질,효능,2025-07-14,5.09272
각질,효능,2025-07-21,6.15248
각질,효능,2025-07-28,6.22608
각질,효능,2025-08-04,5.43126
각질,효능,2025-08-11,5.87282
각질,효능,2025-08-18,5.99057
각질,효능,2025-08-25,5.94642
각질,효능,2025-09-01,4.98969
각질,효능,2025-09-08,5.16632
각질,효능,2025-09-15,5.23991
각질,효능,2025-09-22,5.96114
각질,효능,2025-09-29,5.41654
각질,효능,2025-10-06,5.6962
각질,효능,2025-10-13,5.53429
각질,효능,2025-10-20,5.34294
각질,효능,2025-10-27,6.56461
각질,효능,2025-11-03,6.22608
각질,효능,2025-11-10,6.68236
각질,효능,2025-11-17,7.46246
각질,효능,2025-11-24,6.69708
각질,효능,2025-12-01,7.97762
각질,효능,2025-12-08,6.99146
각질,효능,2025-12-15,6.72652
각질,효능,2025-12-22,6.65292
각질,효능,2025-12-29,6.52045
각질,효능,2026-01-05,7.05033
각질,효능,2026-01-12,6.32911
각질,효능,2026-01-19,7.35943
각질,효능,2026-01-26,7.32999
각질,효능,2026-02-02,6.91786
각질,효능,2026-02-09,5.85811
각질,효능,2026-02-16,5.40182
각질,효능,2026-02-23,5.29879
각질,효능,2026-03-02,4.57756
각질,효능,2026-03-09,5.34294
각질,효능,2026-03-16,4.96025
각질,효능,2026-03-23,4.48925
각질,효능,2026-03-30,4.98969
각질,효능,2026-04-06,5.41654
각질,효능,2026-04-13,5.29879
각질,효능,2026-04-20,5.25463
각질,효능,2026-04-27,4.25375
각질,효능,2026-05-04,4.63644
각질,효능,2026-05-11,4.56284
각질,효능,2026-05-18,4.48925
각질,효능,2026-05-25,4.44509
각질,효능,2026-06-01,3.84162
각질,효능,2026-06-08,4.01825
각질,효능,2026-06-15,3.42949
각질,효능,2026-06-22,3.50309
각질,효능,2026-06-29,3.0468
각질,효능,2026-07-06,2.54636
각질,효능,2026-07-13,2.48748
각질,효능,2026-07-20,2.94377
각질,효능,2026-07-27,2.94377
각질,효능,2026-08-03,3.31174
각질,효능,2026-08-10,3.1204
각질,효능,2026-08-17,3.00264
각질,효능,2026-08-24,2.88489
각질,효능,2026-08-31,3.41477
각질,효능,2026-09-07,3.41477
각질,효능,2026-09-14,2.91433
각질,효능,2026-09-21,2.41389
각질,효능,2026-09-28,0.48572
리프팅,효능,2020-12-28,47.73329
리프팅,효능,2021-01-04,55.18104
리프팅,효능,2021-01-11,54.78363
리프팅,효능,2021-01-18,57.93347
리프팅,효능,2021-01-25,53.32646
리프팅,효능,2021-02-01,57.22696
리프팅,효능,2021-02-08,49.57315
리프팅,효능,2021-02-15,55.84339
리프팅,효능,2021-02-22,54.93082
리프팅,효능,2021-03-01,56.56461
리프팅,효능,2021-03-08,56.77068
리프팅,효능,2021-03-15,55.28407
리프팅,효능,2021-03-22,55.74035
리프팅,효능,2021-03-29,59.47895
리프팅,효능,2021-04-05,55.96114
리프팅,효능,2021-04-12,55.41654
리프팅,효능,2021-04-19,51.36885
리프팅,효능,2021-04-26,50.942
리프팅,효능,2021-05-03,48.1307
리프팅,효능,2021-05-10,53.5178
리프팅,효능,2021-05-17,52.72299
리프팅,효능,2021-05-24,54.54813
리프팅,효능,2021-05-31,53.34118
리프팅,효능,2021-06-07,53.2823
리프팅,효능,2021-06-14,57.46246
리프팅,효능,2021-06-21,59.09626
리프팅,효능,2021-06-28,54.97497
리프팅,효능,2021-07-05,54.26847
리프팅,효능,2021-07-12,53.45893
리프팅,효능,2021-07-19,52.70827
리프팅,효능,2021-07-26,55.81395
리프팅,효능,2021-08-02,52.98793
리프팅,효능,2021-08-09,53.72387
리프팅,효능,2021-08-16,54.20959
리프팅,효능,2021-08-23,53.01736
리프팅,효능,2021-08-30,51.83985
리프팅,효능,2021-09-06,51.97232
리프팅,효능,2021-09-13,51.73682
리프팅,효능,2021-09-20,45.36355
리프팅,효능,2021-09-27,53.69443
리프팅,효능,2021-10-04,49.6173
리프팅,효능,2021-10-11,46.39387
리프팅,효능,2021-10-18,47.46835
리프팅,효능,2021-10-25,52.41389
리프팅,효능,2021-11-01,52.38445
리프팅,효능,2021-11-08,54.51869
리프팅,효능,2021-11-15,56.82955
리프팅,효능,2021-11-22,52.56108
리프팅,효능,2021-11-29,51.94289
리프팅,효능,2021-12-06,57.2564
리프팅,효능,2021-12-13,54.56284
리프팅,효능,2021-12-20,50.57403
리프팅,효능,2021-12-27,56.19664
리프팅,효능,2022-01-03,63.46776
리프팅,효능,2022-01-10,67.0886
리프팅,효능,2022-01-17,64.88077
리프팅,효능,2022-01-24,59.77332
리프팅,효능,2022-01-31,55.88754
리프팅,효능,2022-02-07,63.36473
리프팅,효능,2022-02-14,62.55519
리프팅,효능,2022-02-21,61.68678
리프팅,효능,2022-02-28,58.8166
리프팅,효능,2022-03-07,56.81483
리프팅,효능,2022-03-14,66.57344
리프팅,효능,2022-03-21,65.30762
리프팅,효능,2022-03-28,65.85222
리프팅,효능,2022-04-04,67.17692
리프팅,효능,2022-04-11,66.73535
리프팅,효능,2022-04-18,67.42714
리프팅,효능,2022-04-25,72.26964
리프팅,효능,2022-05-02,73.02031
리프팅,효능,2022-05-09,75.37533
리프팅,효능,2022-05-16,73.99175
리프팅,효능,2022-05-23,75.56667
리프팅,효능,2022-05-30,72.29908
리프팅,효능,2022-06-06,67.3241
리프팅,효능,2022-06-13,72.15189
리프팅,효능,2022-06-20,70.25316
리프팅,효능,2022-06-27,70.10597
리프팅,효능,2022-07-04,71.0627
리프팅,효능,2022-07-11,68.28083
리프팅,효능,2022-07-18,73.68266
리프팅,효능,2022-07-25,72.78481
리프팅,효능,2022-08-01,72.24021
리프팅,효능,2022-08-08,72.44627
리프팅,효능,2022-08-15,63.52664
리프팅,효능,2022-08-22,65.95525
리프팅,효능,2022-08-29,66.27906
리프팅,효능,2022-09-05,50.60347
리프팅,효능,2022-09-12,58.78716
리프팅,효능,2022-09-19,64.76302
리프팅,효능,2022-09-26,65.26346
리프팅,효능,2022-10-03,61.25993
리프팅,효능,2022-10-10,58.11009
리프팅,효능,2022-10-17,64.7483
리프팅,효능,2022-10-24,66.9267
리프팅,효능,2022-10-31,63.87989
리프팅,효능,2022-11-07,100
리프팅,효능,2022-11-14,86.34088
리프팅,효능,2022-11-21,81.204
리프팅,효능,2022-11-28,66.66176
리프팅,효능,2022-12-05,72.65234
리프팅,효능,2022-12-12,68.1042
리프팅,효능,2022-12-19,65.99941
리프팅,효능,2022-12-26,70.29732
리프팅,효능,2023-01-02,72.41683
리프팅,효능,2023-01-09,73.19693
리프팅,효능,2023-01-16,67.64792
리프팅,효능,2023-01-23,67.85398
리프팅,효능,2023-01-30,80.58581
리프팅,효능,2023-02-06,83.94171
리프팅,효능,2023-02-13,84.97203
리프팅,효능,2023-02-20,81.204
리프팅,효능,2023-02-27,72.91727
리프팅,효능,2023-03-06,75.09567
리프팅,효능,2023-03-13,78.09832
리프팅,효능,2023-03-20,78.02472
리프팅,효능,2023-03-27,74.9632
리프팅,효능,2023-04-03,75.69914
리프팅,효능,2023-04-10,74.22725
리프팅,효능,2023-04-17,69.31115
리프팅,효능,2023-04-24,69.56137
리프팅,효능,2023-05-01,66.88254
리프팅,효능,2023-05-08,68.86959
리프팅,효능,2023-05-15,69.29643
리프팅,효능,2023-05-22,69.79687
리프팅,효능,2023-05-29,64.18899
리프팅,효능,2023-06-05,68.66352
리프팅,효능,2023-06-12,93.05269
리프팅,효능,2023-06-19,73.75625
리프팅,효능,2023-06-26,72.50515
리프팅,효능,2023-07-03,75.75802
리프팅,효능,2023-07-10,71.72505
리프팅,효능,2023-07-17,70.73888
리프팅,효능,2023-07-24,73.00559
리프팅,효능,2023-07-31,68.33971
리프팅,효능,2023-08-07,66.05828
리프팅,효능,2023-08-14,90.47689
리프팅,효능,2023-08-21,73.1675
리프팅,효능,2023-08-28,73.53547
리프팅,효능,2023-09-04,70.69473
리프팅,효능,2023-09-11,64.68943
리프팅,효능,2023-09-18,65.602
리프팅,효능,2023-09-25,50.04415
리프팅,효능,2023-10-02,56.27023
리프팅,효능,2023-10-09,62.45216
리프팅,효능,2023-10-16,63.14395
리프팅,효능,2023-10-23,58.53694
리프팅,효능,2023-10-30,61.51015
리프팅,효능,2023-11-06,55.22519
리프팅,효능,2023-11-13,53.63556
리프팅,효능,2023-11-20,59.53782
리프팅,효능,2023-11-27,58.53694
리프팅,효능,2023-12-04,57.99234
리프팅,효능,2023-12-11,60.34736
리프팅,효능,2023-12-18,58.02178
리프팅,효능,2023-12-25,58.24256
리프팅,효능,2024-01-01,63.33529
리프팅,효능,2024-01-08,66.98557
리프팅,효능,2024-01-15,64.88077
리프팅,효능,2024-01-22,66.17603
리프팅,효능,2024-01-29,65.33706
리프팅,효능,2024-02-05,61.17162
리프팅,효능,2024-02-12,65.04268
리프팅,효능,2024-02-19,63.65911
리프팅,효능,2024-02-26,63.83573
리프팅,효능,2024-03-04,65.94053
리프팅,효능,2024-03-11,64.76302
리프팅,효능,2024-03-18,62.08419
리프팅,효능,2024-03-25,58.36031
리프팅,효능,2024-04-01,61.34824
리프팅,효능,2024-04-08,63.71798
리프팅,효능,2024-04-15,63.20282
리프팅,효능,2024-04-22,70.45922
리프팅,효능,2024-04-29,57.38887
리프팅,효능,2024-05-06,56.46158
리프팅,효능,2024-05-13,54.98969
리프팅,효능,2024-05-20,55.6962
리프팅,효능,2024-05-27,58.28672
리프팅,효능,2024-06-03,55.35766
리프팅,효능,2024-06-10,58.28672
리프팅,효능,2024-06-17,56.57933
리프팅,효능,2024-06-24,64.0418
리프팅,효능,2024-07-01,57.91875
리프팅,효능,2024-07-08,69.07565
리프팅,효능,2024-07-15,60.25905
리프팅,효능,2024-07-22,57.93347
리프팅,효능,2024-07-29,59.99411
리프팅,효능,2024-08-05,54.90138
리프팅,효능,2024-08-12,55.76979
리프팅,효능,2024-08-19,54.09184
리프팅,효능,2024-08-26,53.09096
리프팅,효능,2024-09-02,50.60347
리프팅,효능,2024-09-09,48.66058
리프팅,효능,2024-09-16,43.24403
리프팅,효능,2024-09-23,52.91433
리프팅,효능,2024-09-30,50.27965
리프팅,효능,2024-10-07,50.61819
리프팅,효능,2024-10-14,54.75419
리프팅,효능,2024-10-21,51.92817
리프팅,효능,2024-10-28,51.88401
리프팅,효능,2024-11-04,51.92817
리프팅,효능,2024-11-11,57.52134
리프팅,효능,2024-11-18,57.07977
리프팅,효능,2024-11-25,53.8269
리프팅,효능,2024-12-02,53.65027
리프팅,효능,2024-12-09,59.92051
리프팅,효능,2024-12-16,58.08065
리프팅,효능,2024-12-23,56.57933
리프팅,효능,2024-12-30,55.68148
리프팅,효능,2025-01-06,60.8478
리프팅,효능,2025-01-13,64.63055
리프팅,효능,2025-01-20,64.77774
리프팅,효능,2025-01-27,58.15425
리프팅,효능,2025-02-03,61.48071
리프팅,효능,2025-02-10,61.17162
리프팅,효능,2025-02-17,60.74477
리프팅,효능,2025-02-24,71.8428
리프팅,효능,2025-03-03,66.17603
리프팅,효능,2025-03-10,60.08242
리프팅,효능,2025-03-17,60.08242
리프팅,효능,2025-03-24,56.56461
리프팅,효능,2025-03-31,56.63821
리프팅,효능,2025-04-07,61.0833
리프팅,효능,2025-04-14,57.94818
리프팅,효능,2025-04-21,59.3612
리프팅,효능,2025-04-28,49.79393
리프팅,효능,2025-05-05,51.81042
리프팅,효능,2025-05-12,53.72387
리프팅,효능,2025-05-19,50.08831
리프팅,효능,2025-05-26,52.07536
리프팅,효능,2025-06-02,55.50485
리프팅,효능,2025-06-09,51.51604
리프팅,효능,2025-06-16,51.30997
리프팅,효능,2025-06-23,49.1463
리프팅,효능,2025-06-30,48.04239
리프팅,효능,2025-07-07,52.22254
리프팅,효능,2025-07-14,51.7957
리프팅,효능,2025-07-21,53.26758
리프팅,효능,2025-07-28,51.2511
리프팅,효능,2025-08-04,50.63291
리프팅,효능,2025-08-11,51.30997
리프팅,효능,2025-08-18,49.54371
리프팅,효능,2025-08-25,58.56638
리프팅,효능,2025-09-01,52.23726
리프팅,효능,2025-09-08,49.35236
리프팅,효능,2025-09-15,45.15749
리프팅,효능,2025-09-22,46.11421
리프팅,효능,2025-09-29,41.94877
리프팅,효능,2025-10-06,41.53664
리프팅,효능,2025-10-13,47.51251
리프팅,효능,2025-10-20,43.34707
리프팅,효능,2025-10-27,44.59817
리프팅,효능,2025-11-03,43.86223
리프팅,효능,2025-11-10,43.3765
리프팅,효능,2025-11-17,45.34883
리프팅,효능,2025-11-24,48.69002
리프팅,효능,2025-12-01,44.06829
리프팅,효능,2025-12-08,41.83102
리프팅,효능,2025-12-15,43.49425
리프팅,효능,2025-12-22,45.27524
리프팅,효능,2025-12-29,62.79069
리프팅,효능,2026-01-05,58.97851
리프팅,효능,2026-01-12,64.88077
리프팅,효능,2026-01-19,64.15955
리프팅,효능,2026-01-26,54.73947
리프팅,효능,2026-02-02,51.0156
리프팅,효능,2026-02-09,42.93494
리프팅,효능,2026-02-16,34.45687
리프팅,효능,2026-02-23,38.54871
리프팅,효능,2026-03-02,36.91492
리프팅,효능,2026-03-09,39.5496
리프팅,효능,2026-03-16,39.79982
리프팅,효능,2026-03-23,38.34265
리프팅,효능,2026-03-30,38.60759
리프팅,효능,2026-04-06,39.26994
리프팅,효능,2026-04-13,36.81189
리프팅,효능,2026-04-20,37.32705
리프팅,효능,2026-04-27,43.9211
리프팅,효능,2026-05-04,32.60229
리프팅,효능,2026-05-11,33.38239
리프팅,효능,2026-05-18,32.80836
리프팅,효능,2026-05-25,32.20488
리프팅,효능,2026-06-01,30.86546
리프팅,효능,2026-06-08,32.38151
리프팅,효능,2026-06-15,31.77803
리프팅,효능,2026-06-22,31.79275
리프팅,효능,2026-06-29,32.72004
리프팅,효능,2026-07-06,32.11657
리프팅,효능,2026-07-13,29.96761
리프팅,효능,2026-07-20,32.46982
리프팅,효능,2026-07-27,35.4136
리프팅,효능,2026-08-03,31.9841
리프팅,효능,2026-08-10,29.71739
리프팅,효능,2026-08-17,31.204
리프팅,효능,2026-08-24,28.93729
리프팅,효능,2026-08-31,27.56844
리프팅,효능,2026-09-07,27.2299
리프팅,효능,2026-09-14,32.36679
리프팅,효능,2026-09-21,30.76243
리프팅,효능,2026-09-28,5.59317
피부탄력,효능,2020-12-28,15.99941
피부탄력,효능,2021-01-04,20.40035
피부탄력,효능,2021-01-11,17.30939
피부탄력,효능,2021-01-18,18.14836
피부탄력,효능,2021-01-25,17.91286
피부탄력,효능,2021-02-01,11.46599
피부탄력,효능,2021-02-08,10.83308
피부탄력,효능,2021-02-15,12.09891
피부탄력,효능,2021-02-22,10.98027
피부탄력,효능,2021-03-01,8.8166
피부탄력,효능,2021-03-08,9.43479
피부탄력,효능,2021-03-15,8.97851
피부탄력,효능,2021-03-22,9.64085
피부탄력,효능,2021-03-29,9.2876
피부탄력,효능,2021-04-05,10.27377
피부탄력,효능,2021-04-12,10.22961
피부탄력,효능,2021-04-19,10.62702
피부탄력,효능,2021-04-26,9.96467
피부탄력,효능,2021-05-03,8.33088
피부탄력,효능,2021-05-10,9.5967
피부탄력,효능,2021-05-17,8.21312
피부탄력,효능,2021-05-24,9.39063
피부탄력,효능,2021-05-31,9.67029
피부탄력,효능,2021-06-07,9.16985
피부탄력,효능,2021-06-14,8.5075
피부탄력,효능,2021-06-21,10.1413
피부탄력,효능,2021-06-28,10.43567
피부탄력,효능,2021-07-05,10.24433
피부탄력,효능,2021-07-12,9.72917
피부탄력,효능,2021-07-19,10.17073
피부탄력,효능,2021-07-26,9.87636
피부탄력,효능,2021-08-02,10.21489
피부탄력,효능,2021-08-09,11.3924
피부탄력,효능,2021-08-16,10.59758
피부탄력,효능,2021-08-23,10.36208
피부탄력,효능,2021-08-30,9.25816
피부탄력,효능,2021-09-06,9.02266
피부탄력,효능,2021-09-13,8.75772
피부탄력,효능,2021-09-20,7.94818
피부탄력,효능,2021-09-27,9.08154
피부탄력,효능,2021-10-04,8.86075
피부탄력,효능,2021-10-11,8.49278
피부탄력,효능,2021-10-18,8.40447
피부탄력,효능,2021-10-25,8.80188
피부탄력,효능,2021-11-01,8.5075
피부탄력,효능,2021-11-08,8.87547
피부탄력,효능,2021-11-15,8.91963
피부탄력,효능,2021-11-22,9.14041
피부탄력,효능,2021-11-29,8.62525
피부탄력,효능,2021-12-06,9.06682
피부탄력,효능,2021-12-13,8.11009
피부탄력,효능,2021-12-20,8.00706
피부탄력,효능,2021-12-27,8.72828
피부탄력,효능,2022-01-03,9.81748
피부탄력,효능,2022-01-10,10.43567
피부탄력,효능,2022-01-17,9.97939
피부탄력,효능,2022-01-24,14.95437
피부탄력,효능,2022-01-31,14.26258
피부탄력,효능,2022-02-07,15.04268
피부탄력,효능,2022-02-14,16.544
피부탄력,효능,2022-02-21,12.79069
피부탄력,효능,2022-02-28,9.02266
피부탄력,효능,2022-03-07,11.3924
피부탄력,효능,2022-03-14,10.15602
피부탄력,효능,2022-03-21,10.77421
피부탄력,효능,2022-03-28,9.87636
피부탄력,효능,2022-04-04,9.84692
피부탄력,효능,2022-04-11,11.3924
피부탄력,효능,2022-04-18,11.3924
피부탄력,효능,2022-04-25,11.48071
피부탄력,효능,2022-05-02,11.96644
피부탄력,효능,2022-05-09,12.76125
피부탄력,효능,2022-05-16,11.92228
피부탄력,효능,2022-05-23,10.71533
피부탄력,효능,2022-05-30,10.33264
피부탄력,효능,2022-06-06,11.71622
피부탄력,효능,2022-06-13,10.98027
피부탄력,효능,2022-06-20,10.89196
피부탄력,효능,2022-06-27,8.71357
피부탄력,효능,2022-07-04,8.63997
피부탄력,효능,2022-07-11,10.18545
피부탄력,효능,2022-07-18,10.22961
피부탄력,효능,2022-07-25,9.67029
피부탄력,효능,2022-08-01,10.71533
피부탄력,효능,2022-08-08,11.0833
피부탄력,효능,2022-08-15,10.89196
피부탄력,효능,2022-08-22,11.36296
피부탄력,효능,2022-08-29,10.55342
피부탄력,효능,2022-09-05,9.34648
피부탄력,효능,2022-09-12,11.49543
피부탄력,효능,2022-09-19,10.68589
피부탄력,효능,2022-09-26,11.02443
피부탄력,효능,2022-10-03,10.34736
피부탄력,효능,2022-10-10,10.47983
피부탄력,효능,2022-10-17,11.6279
피부탄력,효능,2022-10-24,9.5967
피부탄력,효능,2022-10-31,9.87636
피부탄력,효능,2022-11-07,9.93523
피부탄력,효능,2022-11-14,10.33264
피부탄력,효능,2022-11-21,9.84692
피부탄력,효능,2022-11-28,9.14041
피부탄력,효능,2022-12-05,10.17073
피부탄력,효능,2022-12-12,9.61142
피부탄력,효능,2022-12-19,8.37503
피부탄력,효능,2022-12-26,9.74389
피부탄력,효능,2023-01-02,12.11362
피부탄력,효능,2023-01-09,9.71445
피부탄력,효능,2023-01-16,12.02531
피부탄력,효능,2023-01-23,12.14306
피부탄력,효능,2023-01-30,12.15778
피부탄력,효능,2023-02-06,13.33529
피부탄력,효능,2023-02-13,10.75949
피부탄력,효능,2023-02-20,11.83397
피부탄력,효능,2023-02-27,11.18634
피부탄력,효능,2023-03-06,11.59846
피부탄력,효능,2023-03-13,12.24609
피부탄력,효능,2023-03-20,11.45128
피부탄력,효능,2023-03-27,11.33352
피부탄력,효능,2023-04-03,11.03915
피부탄력,효능,2023-04-10,11.65734
피부탄력,효능,2023-04-17,12.26081
피부탄력,효능,2023-04-24,11.95172
피부탄력,효능,2023-05-01,10.52399
피부탄력,효능,2023-05-08,11.46599
피부탄력,효능,2023-05-15,10.02355
피부탄력,효능,2023-05-22,10.31792
피부탄력,효능,2023-05-29,9.44951
피부탄력,효능,2023-06-05,9.58198
피부탄력,효능,2023-06-12,10.0677
피부탄력,효능,2023-06-19,9.2876
피부탄력,효능,2023-06-26,8.44863
피부탄력,효능,2023-07-03,9.8322
피부탄력,효능,2023-07-10,9.34648
피부탄력,효능,2023-07-17,9.75861
피부탄력,효능,2023-07-24,9.21401
피부탄력,효능,2023-07-31,9.5967
피부탄력,효능,2023-08-07,9.08154
피부탄력,효능,2023-08-14,9.81748
피부탄력,효능,2023-08-21,9.31704
피부탄력,효능,2023-08-28,9.5231
피부탄력,효능,2023-09-04,10.34736
피부탄력,효능,2023-09-11,10.65646
피부탄력,효능,2023-09-18,11.23049
피부탄력,효능,2023-09-25,7.71268
피부탄력,효능,2023-10-02,8.89019
피부탄력,효능,2023-10-09,9.68501
피부탄력,효능,2023-10-16,9.69973
피부탄력,효능,2023-10-23,8.66941
피부탄력,효능,2023-10-30,9.06682
피부탄력,효능,2023-11-06,8.56638
피부탄력,효능,2023-11-13,9.43479
피부탄력,효능,2023-11-20,9.62614
피부탄력,효능,2023-11-27,11.02443
피부탄력,효능,2023-12-04,10.46511
피부탄력,효능,2023-12-11,9.55254
피부탄력,효능,2023-12-18,9.65557
피부탄력,효능,2023-12-25,8.71357
피부탄력,효능,2024-01-01,11.1569
피부탄력,효능,2024-01-08,11.74565
피부탄력,효능,2024-01-15,11.7015
피부탄력,효능,2024-01-22,10.64174
피부탄력,효능,2024-01-29,11.92228
피부탄력,효능,2024-02-05,10.50927
피부탄력,효능,2024-02-12,10.08242
피부탄력,효능,2024-02-19,9.90579
피부탄력,효능,2024-02-26,11.67206
피부탄력,효능,2024-03-04,14.64527
피부탄력,효능,2024-03-11,14.79246
피부탄력,효능,2024-03-18,10.1413
피부탄력,효능,2024-03-25,10.99499
피부탄력,효능,2024-04-01,10.99499
피부탄력,효능,2024-04-08,10.96555
피부탄력,효능,2024-04-15,10.40624
피부탄력,효능,2024-04-22,11.3924
피부탄력,효능,2024-04-29,9.42007
피부탄력,효능,2024-05-06,10.02355
피부탄력,효능,2024-05-13,11.09802
피부탄력,효능,2024-05-20,9.89108
피부탄력,효능,2024-05-27,10.21489
피부탄력,효능,2024-06-03,9.24345
피부탄력,효능,2024-06-10,10.55342
피부탄력,효능,2024-06-17,10.20017
피부탄력,효능,2024-06-24,11.03915
피부탄력,효능,2024-07-01,9.71445
피부탄력,효능,2024-07-08,8.53694
피부탄력,효능,2024-07-15,9.2876
피부탄력,효능,2024-07-22,9.67029
피부탄력,효능,2024-07-29,9.67029
피부탄력,효능,2024-08-05,10.71533
피부탄력,효능,2024-08-12,9.81748
피부탄력,효능,2024-08-19,8.93435
피부탄력,효능,2024-08-26,9.72917
피부탄력,효능,2024-09-02,9.3612
피부탄력,효능,2024-09-09,9.11098
피부탄력,효능,2024-09-16,8.08065
피부탄력,효능,2024-09-23,9.81748
피부탄력,효능,2024-09-30,8.61053
피부탄력,효능,2024-10-07,10.53871
피부탄력,효능,2024-10-14,10.02355
피부탄력,효능,2024-10-21,8.94907
피부탄력,효능,2024-10-28,9.39063
피부탄력,효능,2024-11-04,9.69973
피부탄력,효능,2024-11-11,9.12569
피부탄력,효능,2024-11-18,9.89108
피부탄력,효능,2024-11-25,10.34736
피부탄력,효능,2024-12-02,8.91963
피부탄력,효능,2024-12-09,9.22873
피부탄력,효능,2024-12-16,8.11009
피부탄력,효능,2024-12-23,7.88931
피부탄력,효능,2024-12-30,8.93435
피부탄력,효능,2025-01-06,8.47806
피부탄력,효능,2025-01-13,9.11098
피부탄력,효능,2025-01-20,8.71357
피부탄력,효능,2025-01-27,7.44774
피부탄력,효능,2025-02-03,9.24345
피부탄력,효능,2025-02-10,9.3612
피부탄력,효능,2025-02-17,10.18545
피부탄력,효능,2025-02-24,8.94907
피부탄력,효능,2025-03-03,7.68324
피부탄력,효능,2025-03-10,7.78628
피부탄력,효능,2025-03-17,9.56726
피부탄력,효능,2025-03-24,10.09714
피부탄력,효능,2025-03-31,9.0521
피부탄력,효능,2025-04-07,8.36031
피부탄력,효능,2025-04-14,8.90491
피부탄력,효능,2025-04-21,7.97762
피부탄력,효능,2025-04-28,7.90403
피부탄력,효능,2025-05-05,8.33088
피부탄력,효능,2025-05-12,7.44774
피부탄력,효능,2025-05-19,7.9629
피부탄력,효능,2025-05-26,7.07977
피부탄력,효능,2025-06-02,7.83043
피부탄력,효능,2025-06-09,7.71268
피부탄력,효능,2025-06-16,6.69708
피부탄력,효능,2025-06-23,7.68324
피부탄력,효능,2025-06-30,7.21224
피부탄력,효능,2025-07-07,6.93258
피부탄력,효능,2025-07-14,6.18192
피부탄력,효능,2025-07-21,6.25551
피부탄력,효능,2025-07-28,5.51957
피부탄력,효능,2025-08-04,5.60788
피부탄력,효능,2025-08-11,4.6806
피부탄력,효능,2025-08-18,6.80011
피부탄력,효능,2025-08-25,6.44686
피부탄력,효능,2025-09-01,6.59405
피부탄력,효능,2025-09-08,7.07977
피부탄력,효능,2025-09-15,6.38798
피부탄력,효능,2025-09-22,6.44686
피부탄력,효능,2025-09-29,5.99057
피부탄력,효능,2025-10-06,4.43037
피부탄력,효능,2025-10-13,5.74035
피부탄력,효능,2025-10-20,5.32823
피부탄력,효능,2025-10-27,6.03473
피부탄력,효능,2025-11-03,5.85811
피부탄력,효능,2025-11-10,6.31439
피부탄력,효능,2025-11-17,5.76979
피부탄력,효능,2025-11-24,5.1516
피부탄력,효능,2025-12-01,4.8425
피부탄력,효능,2025-12-08,5.76979
피부탄력,효능,2025-12-15,5.71092
피부탄력,효능,2025-12-22,4.9161
피부탄력,효능,2025-12-29,4.6806
피부탄력,효능,2026-01-05,7.07977
피부탄력,효능,2026-01-12,5.94642
피부탄력,효능,2026-01-19,5.97586
피부탄력,효능,2026-01-26,5.94642
피부탄력,효능,2026-02-02,5.6226
피부탄력,효능,2026-02-09,5.37238
피부탄력,효능,2026-02-16,4.87194
피부탄력,효능,2026-02-23,4.72475
피부탄력,효능,2026-03-02,5.51957
피부탄력,효능,2026-03-09,5.25463
피부탄력,효능,2026-03-16,6.52045
피부탄력,효능,2026-03-23,5.66676
피부탄력,효능,2026-03-30,5.75507
피부탄력,효능,2026-04-06,5.87282
피부탄력,효능,2026-04-13,5.56373
피부탄력,효능,2026-04-20,4.41566
피부탄력,효능,2026-04-27,4.2979
피부탄력,효능,2026-05-04,4.0624
피부탄력,효능,2026-05-11,4.09184
피부탄력,효능,2026-05-18,3.88578
피부탄력,효능,2026-05-25,3.67971
피부탄력,효능,2026-06-01,4.03297
피부탄력,효능,2026-06-08,4.07712
피부탄력,효능,2026-06-15,4.35678
피부탄력,효능,2026-06-22,4.04768
피부탄력,효능,2026-06-29,4.73947
피부탄력,효능,2026-07-06,4.47453
피부탄력,효능,2026-07-13,4.32734
피부탄력,효능,2026-07-20,4.19487
피부탄력,효능,2026-07-27,3.67971
피부탄력,효능,2026-08-03,3.92993
피부탄력,효능,2026-08-10,4.136
피부탄력,효능,2026-08-17,4.0624
피부탄력,효능,2026-08-24,3.98881
피부탄력,효능,2026-08-31,4.40094
피부탄력,효능,2026-09-07,4.48925
피부탄력,효능,2026-09-14,4.00353
피부탄력,효능,2026-09-21,3.56196
피부탄력,효능,2026-09-28,0.58875
주름개선,효능,2020-12-28,4.62172
주름개선,효능,2021-01-04,6.02001
주름개선,효능,2021-01-11,5.40182
주름개선,효능,2021-01-18,6.06417
주름개선,효능,2021-01-25,5.28407
주름개선,효능,2021-02-01,5.59317
주름개선,효능,2021-02-08,4.45981
주름개선,효능,2021-02-15,6.10833
주름개선,효능,2021-02-22,4.98969
주름개선,효능,2021-03-01,8.59581
주름개선,효능,2021-03-08,5.49013
주름개선,효능,2021-03-15,5.72564
주름개선,효능,2021-03-22,6.25551
주름개선,효능,2021-03-29,5.03385
주름개선,효능,2021-04-05,4.31262
주름개선,효능,2021-04-12,5.56373
주름개선,효능,2021-04-19,6.84427
주름개선,효능,2021-04-26,6.12304
주름개선,효능,2021-05-03,6.52045
주름개선,효능,2021-05-10,6.52045
주름개선,효능,2021-05-17,6.02001
주름개선,효능,2021-05-24,5.78451
주름개선,효능,2021-05-31,5.63732
주름개선,효능,2021-06-07,5.4607
주름개선,효능,2021-06-14,5.01913
주름개선,효능,2021-06-21,5.85811
주름개선,효능,2021-06-28,5.49013
주름개선,효능,2021-07-05,6.31439
주름개선,효능,2021-07-12,5.9317
주름개선,효능,2021-07-19,5.66676
주름개선,효능,2021-07-26,5.68148
주름개선,효능,2021-08-02,8.19841
주름개선,효능,2021-08-09,8.53694
주름개선,효능,2021-08-16,7.56549
주름개선,효능,2021-08-23,6.1672
주름개선,효능,2021-08-30,5.44598
주름개선,효능,2021-09-06,5.84339
주름개선,효능,2021-09-13,5.9317
주름개선,효능,2021-09-20,5.44598
주름개선,효능,2021-09-27,5.74035
주름개선,효능,2021-10-04,5.91698
주름개선,효능,2021-10-11,6.27023
주름개선,효능,2021-10-18,5.63732
주름개선,효능,2021-10-25,5.65204
주름개선,효능,2021-11-01,5.54901
주름개선,효능,2021-11-08,8.28672
주름개선,효능,2021-11-15,7.38887
주름개선,효능,2021-11-22,6.43214
주름개선,효능,2021-11-29,8.21312
주름개선,효능,2021-12-06,8.41919
주름개선,효능,2021-12-13,7.94818
주름개선,효능,2021-12-20,6.9473
주름개선,효능,2021-12-27,7.31527
주름개선,효능,2022-01-03,10.75949
주름개선,효능,2022-01-10,10.36208
주름개선,효능,2022-01-17,9.86164
주름개선,효능,2022-01-24,8.0365
주름개선,효능,2022-01-31,9.64085
주름개선,효능,2022-02-07,8.59581
주름개선,효능,2022-02-14,6.9473
주름개선,효능,2022-02-21,8.31616
주름개선,효능,2022-02-28,6.82955
주름개선,효능,2022-03-07,5.68148
주름개선,효능,2022-03-14,5.12216
주름개선,효능,2022-03-21,6.69708
주름개선,효능,2022-03-28,6.31439
주름개선,효능,2022-04-04,6.27023
주름개선,효능,2022-04-11,6.57933
주름개선,효능,2022-04-18,7.0209
주름개선,효능,2022-04-25,7.47718
주름개선,효능,2022-05-02,8.28672
주름개선,효능,2022-05-09,6.50574
주름개선,효능,2022-05-16,6.18192
주름개선,효능,2022-05-23,5.25463
주름개선,효능,2022-05-30,4.35678
주름개선,효능,2022-06-06,4.8425
주름개선,효능,2022-06-13,4.9161
주름개선,효능,2022-06-20,4.18015
주름개선,효능,2022-06-27,3.72387
주름개선,효능,2022-07-04,3.97409
주름개선,효능,2022-07-11,4.34206
주름개선,효능,2022-07-18,4.54813
주름개선,효능,2022-07-25,4.607
주름개선,효능,2022-08-01,4.76891
주름개선,효능,2022-08-08,4.50397
주름개선,효능,2022-08-15,5.28407
주름개선,효능,2022-08-22,5.13688
주름개선,효능,2022-08-29,5.09272
주름개선,효능,2022-09-05,4.45981
주름개선,효능,2022-09-12,5.31351
주름개선,효능,2022-09-19,5.07801
주름개선,효능,2022-09-26,5.74035
주름개선,효능,2022-10-03,5.00441
주름개선,효능,2022-10-10,5.3871
주름개선,효능,2022-10-17,5.23991
주름개선,효능,2022-10-24,5.40182
주름개선,효능,2022-10-31,5.23991
주름개선,효능,2022-11-07,5.41654
주름개선,효능,2022-11-14,9.62614
주름개선,효능,2022-11-21,8.25728
주름개선,효능,2022-11-28,4.76891
주름개선,효능,2022-12-05,5.96114
주름개선,효능,2022-12-12,5.79923
주름개선,효능,2022-12-19,6.19664
주름개선,효능,2022-12-26,5.59317
주름개선,효능,2023-01-02,6.27023
주름개선,효능,2023-01-09,6.19664
주름개선,효능,2023-01-16,6.32911
주름개선,효능,2023-01-23,6.37327
주름개선,효능,2023-01-30,6.29967
주름개선,효능,2023-02-06,7.0209
주름개선,효능,2023-02-13,6.62349
주름개선,효능,2023-02-20,6.53517
주름개선,효능,2023-02-27,5.84339
주름개선,효능,2023-03-06,6.68236
주름개선,효능,2023-03-13,5.51957
주름개선,효능,2023-03-20,5.87282
주름개선,효능,2023-03-27,5.60788
주름개선,효능,2023-04-03,5.43126
주름개선,효능,2023-04-10,6.35855
주름개선,효능,2023-04-17,5.03385
주름개선,효능,2023-04-24,6.25551
주름개선,효능,2023-05-01,6.35855
주름개선,효능,2023-05-08,9.33176
주름개선,효능,2023-05-15,5.74035
주름개선,효능,2023-05-22,5.06329
주름개선,효능,2023-05-29,4.82778
주름개선,효능,2023-06-05,5.03385
주름개선,효능,2023-06-12,4.34206
주름개선,효능,2023-06-19,4.2979
주름개선,효능,2023-06-26,3.79746
주름개선,효능,2023-07-03,4.38622
주름개선,효능,2023-07-10,4.18015
주름개선,효능,2023-07-17,4.34206
주름개선,효능,2023-07-24,4.20959
주름개선,효능,2023-07-31,4.50397
주름개선,효능,2023-08-07,4.81307
주름개선,효능,2023-08-14,4.76891
주름개선,효능,2023-08-21,5.16632
주름개선,효능,2023-08-28,5.12216
주름개선,효능,2023-09-04,5.03385
주름개선,효능,2023-09-11,4.93082
주름개선,효능,2023-09-18,4.136
주름개선,효능,2023-09-25,3.3559
주름개선,효능,2023-10-02,4.34206
주름개선,효능,2023-10-09,4.62172
주름개선,효능,2023-10-16,4.6806
주름개선,효능,2023-10-23,4.41566
주름개선,효능,2023-10-30,4.35678
주름개선,효능,2023-11-06,4.53341
주름개선,효능,2023-11-13,4.81307
주름개선,효능,2023-11-20,5.29879
주름개선,효능,2023-11-27,5.19576
주름개선,효능,2023-12-04,5.13688
주름개선,효능,2023-12-11,5.22519
주름개선,효능,2023-12-18,5.51957
주름개선,효능,2023-12-25,5.74035
주름개선,효능,2024-01-01,6.84427
주름개선,효능,2024-01-08,6.74124
주름개선,효능,2024-01-15,7.55078
주름개선,효능,2024-01-22,7.37415
주름개선,효능,2024-01-29,8.96379
주름개선,효능,2024-02-05,5.84339
주름개선,효능,2024-02-12,6.78539
주름개선,효능,2024-02-19,5.40182
주름개선,효능,2024-02-26,4.81307
주름개선,효능,2024-03-04,6.1672
주름개선,효능,2024-03-11,5.18104
주름개선,효능,2024-03-18,5.50485
주름개선,효능,2024-03-25,5.04857
주름개선,효능,2024-04-01,4.9161
주름개선,효능,2024-04-08,5.49013
주름개선,효능,2024-04-15,5.41654
주름개선,효능,2024-04-22,5.03385
주름개선,효능,2024-04-29,4.16544
주름개선,효능,2024-05-06,4.2979
주름개선,효능,2024-05-13,4.12128
주름개선,효능,2024-05-20,5.04857
주름개선,효능,2024-05-27,5.34294
주름개선,효능,2024-06-03,4.20959
주름개선,효능,2024-06-10,5.16632
주름개선,효능,2024-06-17,4.98969
주름개선,효능,2024-06-24,5.16632
주름개선,효능,2024-07-01,4.66588
주름개선,효능,2024-07-08,7.15337
주름개선,효능,2024-07-15,5.16632
주름개선,효능,2024-07-22,4.607
주름개선,효능,2024-07-29,4.54813
주름개선,효능,2024-08-05,4.10656
주름개선,효능,2024-08-12,4.23903
주름개선,효능,2024-08-19,5.00441
주름개선,효능,2024-08-26,5.63732
주름개선,효능,2024-09-02,5.3871
주름개선,효능,2024-09-09,4.8425
주름개선,효능,2024-09-16,4.45981
주름개선,효능,2024-09-23,5.01913
주름개선,효능,2024-09-30,4.45981
주름개선,효능,2024-10-07,5.60788
주름개선,효능,2024-10-14,5.31351
주름개선,효능,2024-10-21,4.87194
주름개선,효능,2024-10-28,6.22608
주름개선,효능,2024-11-04,5.32823
주름개선,효능,2024-11-11,5.18104
주름개선,효능,2024-11-18,4.9161
주름개선,효능,2024-11-25,4.81307
주름개선,효능,2024-12-02,5.57845
주름개선,효능,2024-12-09,5.56373
주름개선,효능,2024-12-16,5.60788
주름개선,효능,2024-12-23,5.71092
주름개선,효능,2024-12-30,5.87282
주름개선,효능,2025-01-06,5.85811
주름개선,효능,2025-01-13,5.85811
주름개선,효능,2025-01-20,5.28407
주름개선,효능,2025-01-27,5.54901
주름개선,효능,2025-02-03,5.31351
주름개선,효능,2025-02-10,5.32823
주름개선,효능,2025-02-17,5.22519
주름개선,효능,2025-02-24,5.41654
주름개선,효능,2025-03-03,5.00441
주름개선,효능,2025-03-10,5.29879
주름개선,효능,2025-03-17,7.19752
주름개선,효능,2025-03-24,5.19576
주름개선,효능,2025-03-31,4.96025
주름개선,효능,2025-04-07,5.84339
주름개선,효능,2025-04-14,4.69531
주름개선,효능,2025-04-21,5.43126
주름개선,효능,2025-04-28,4.69531
주름개선,효능,2025-05-05,5.03385
주름개선,효능,2025-05-12,3.94465
주름개선,효능,2025-05-19,4.72475
주름개선,효능,2025-05-26,4.63644
주름개선,효능,2025-06-02,4.136
주름개선,효능,2025-06-09,3.95937
주름개선,효능,2025-06-16,4.3715
주름개선,효능,2025-06-23,3.87106
주름개선,효능,2025-06-30,3.1204
주름개선,효능,2025-07-07,3.22343
주름개선,효능,2025-07-14,2.95849
주름개선,효능,2025-07-21,2.41389
주름개선,효능,2025-07-28,2.44333
주름개선,효능,2025-08-04,2.48748
주름개선,효능,2025-08-11,2.13423
주름개선,효능,2025-08-18,2.38445
주름개선,효능,2025-08-25,2.25198
주름개선,효능,2025-09-01,3.0468
주름개선,효능,2025-09-08,4.12128
주름개선,효능,2025-09-15,4.07712
주름개선,효능,2025-09-22,3.9005
주름개선,효능,2025-09-29,2.44333
주름개선,효능,2025-10-06,3.50309
주름개선,효능,2025-10-13,3.9005
주름개선,효능,2025-10-20,3.66499
주름개선,효능,2025-10-27,2.32558
주름개선,효능,2025-11-03,2.5022
주름개선,효능,2025-11-10,2.51692
주름개선,효능,2025-11-17,2.60523
주름개선,효능,2025-11-24,2.60523
주름개선,효능,2025-12-01,2.97321
주름개선,효능,2025-12-08,3.23815
주름개선,효능,2025-12-15,2.76714
주름개선,효능,2025-12-22,2.63467
주름개선,효능,2025-12-29,2.51692
주름개선,효능,2026-01-05,3.56196
주름개선,효능,2026-01-12,2.91433
주름개선,효능,2026-01-19,2.45805
주름개선,효능,2026-01-26,2.79658
주름개선,효능,2026-02-02,2.75242
주름개선,효능,2026-02-09,2.5758
주름개선,효능,2026-02-16,2.51692
주름개선,효능,2026-02-23,2.00176
주름개선,효능,2026-03-02,2.38445
주름개선,효능,2026-03-09,2.31086
주름개선,효능,2026-03-16,3.56196
주름개선,효능,2026-03-23,2.7377
주름개선,효능,2026-03-30,2.66411
주름개선,효능,2026-04-06,2.38445
주름개선,효능,2026-04-13,2.60523
주름개선,효능,2026-04-20,2.01648
주름개선,효능,2026-04-27,1.73682
주름개선,효능,2026-05-04,1.63379
주름개선,효능,2026-05-11,1.54548
주름개선,효능,2026-05-18,1.5602
주름개선,효능,2026-05-25,1.32469
주름개선,효능,2026-06-01,1.50132
주름개선,효능,2026-06-08,1.35413
주름개선,효능,2026-06-15,1.08919
주름개선,효능,2026-06-22,1.08919
주름개선,효능,2026-06-29,1.1775
주름개선,효능,2026-07-06,1.33941
주름개선,효능,2026-07-13,1.54548
주름개선,효능,2026-07-20,1.22166
주름개선,효능,2026-07-27,1.41301
주름개선,효능,2026-08-03,1.04503
주름개선,효능,2026-08-10,0.95672
주름개선,효능,2026-08-17,0.60347
주름개선,효능,2026-08-24,1.28054
주름개선,효능,2026-08-31,1.03032
주름개선,효능,2026-09-07,1.50132
주름개선,효능,2026-09-14,1.19222
주름개선,효능,2026-09-21,0.95672
주름개선,효능,2026-09-28,0.1619
미백,효능,2020-12-28,67.97974
미백,효능,2021-01-04,72.59425
미백,효능,2021-01-11,70.00562
미백,효능,2021-01-18,67.58581
미백,효능,2021-01-25,67.13562
미백,효능,2021-02-01,67.24817
미백,효능,2021-02-08,65.44738
미백,효능,2021-02-15,74.50759
미백,효능,2021-02-22,67.58581
미백,효능,2021-03-01,66.46032
미백,효능,2021-03-08,64.54698
미백,효능,2021-03-15,71.52504
미백,효능,2021-03-22,66.96679
미백,효능,2021-03-29,72.7068
미백,효능,2021-04-05,72.14406
미백,효능,2021-04-12,69.72425
미백,효능,2021-04-19,70.56837
미백,효능,2021-04-26,66.5166
미백,효능,2021-05-03,63.08384
미백,효능,2021-05-10,72.81935
미백,효능,2021-05-17,66.23522
미백,효능,2021-05-24,70.0619
미백,효능,2021-05-31,74.67642
미백,효능,2021-06-07,72.87563
미백,효능,2021-06-14,76.25211
미백,효능,2021-06-21,77.32132
미백,효능,2021-06-28,73.8323
미백,효능,2021-07-05,71.41249
미백,효능,2021-07-12,86.60664
미백,효능,2021-07-19,77.32132
미백,효능,2021-07-26,74.16994
미백,효능,2021-08-02,81.03545
미백,효능,2021-08-09,77.1525
미백,효능,2021-08-16,76.7023
미백,효능,2021-08-23,72.14406
미백,효능,2021-08-30,68.76758
미백,효능,2021-09-06,63.92796
미백,효능,2021-09-13,67.64209
미백,효능,2021-09-20,73.49465
미백,효능,2021-09-27,67.47326
미백,효능,2021-10-04,61.33933
미백,효능,2021-10-11,56.38716
미백,효능,2021-10-18,48.1148
미백,효능,2021-10-25,52.95441
미백,효능,2021-11-01,50.7597
미백,효능,2021-11-08,53.62971
미백,효능,2021-11-15,49.18401
미백,효능,2021-11-22,50.08441
미백,효능,2021-11-29,51.04108
미백,효능,2021-12-06,49.52166
미백,효능,2021-12-13,48.79009
미백,효능,2021-12-20,50.36578
미백,효능,2021-12-27,52.39167
미백,효능,2022-01-03,54.92402
미백,효능,2022-01-10,58.13168
미백,효능,2022-01-17,60.49521
미백,효능,2022-01-24,52.11029
미백,효능,2022-01-31,59.81992
미백,효능,2022-02-07,64.20934
미백,효능,2022-02-14,66.0664
미백,효능,2022-02-21,61.78953
미백,효능,2022-02-28,58.3005
미백,효능,2022-03-07,57.73776
미백,효능,2022-03-14,62.46482
미백,효능,2022-03-21,65.05346
미백,효능,2022-03-28,66.79797
미백,효능,2022-04-04,67.30444
미백,효능,2022-04-11,71.18739
미백,효능,2022-04-18,67.69836
미백,효능,2022-04-25,73.88857
미백,효능,2022-05-02,70.23072
미백,효능,2022-05-09,78.50309
미백,효능,2022-05-16,73.10073
미백,효능,2022-05-23,76.98368
미백,효능,2022-05-30,74.50759
미백,효능,2022-06-06,69.10523
미백,효능,2022-06-13,71.69386
미백,효능,2022-06-20,79.79741
미백,효능,2022-06-27,72.25661
미백,효능,2022-07-04,72.81935
미백,효능,2022-07-11,70.11817
미백,효능,2022-07-18,75.52054
미백,효능,2022-07-25,77.49015
미백,효능,2022-08-01,83.96173
미백,효능,2022-08-08,81.31682
미백,효능,2022-08-15,76.36465
미백,효능,2022-08-22,68.99268
미백,효능,2022-08-29,64.43444
미백,효능,2022-09-05,58.63815
미백,효능,2022-09-12,70.51209
미백,효능,2022-09-19,63.92796
미백,효능,2022-09-26,62.40855
미백,효능,2022-10-03,62.0709
미백,효능,2022-10-10,59.81992
미백,효능,2022-10-17,59.42599
미백,효능,2022-10-24,54.69893
미백,효능,2022-10-31,59.2009
미백,효능,2022-11-07,59.25717
미백,효능,2022-11-14,56.44344
미백,효능,2022-11-21,56.72481
미백,효능,2022-11-28,53.96736
미백,효능,2022-12-05,57.11873
미백,효능,2022-12-12,52.16657
미백,효능,2022-12-19,51.60382
미백,효능,2022-12-26,52.11029
미백,효능,2023-01-02,60.43894
미백,효능,2023-01-09,64.43444
미백,효능,2023-01-16,60.32639
미백,효능,2023-01-23,70.287
미백,효능,2023-01-30,71.01857
미백,효능,2023-02-06,68.48621
미백,효능,2023-02-13,69.27405
미백,효능,2023-02-20,72.87563
미백,효능,2023-02-27,66.62915
미백,효능,2023-03-06,67.36072
미백,효능,2023-03-13,68.31738
미백,효능,2023-03-20,72.98818
미백,효능,2023-03-27,72.42543
미백,효능,2023-04-03,75.29544
미백,효능,2023-04-10,72.20033
미백,효능,2023-04-17,71.91896
미백,효능,2023-04-24,69.8368
미백,효능,2023-05-01,70.68092
미백,효능,2023-05-08,77.1525
미백,효능,2023-05-15,82.66741
미백,효능,2023-05-22,75.23916
미백,효능,2023-05-29,80.30388
미백,효능,2023-06-05,77.71525
미백,효능,2023-06-12,78.16544
미백,효능,2023-06-19,69.78052
미백,효능,2023-06-26,74.84524
미백,효능,2023-07-03,71.07484
미백,효능,2023-07-10,73.21328
미백,효능,2023-07-17,70.56837
미백,효능,2023-07-24,71.91896
미백,효능,2023-07-31,81.148
미백,효능,2023-08-07,74.28249
미백,효능,2023-08-14,72.7068
미백,효능,2023-08-21,75.57681
미백,효능,2023-08-28,63.87169
미백,효능,2023-09-04,66.68542
미백,효능,2023-09-11,63.30894
미백,효능,2023-09-18,55.4305
미백,효능,2023-09-25,44.00675
미백,효능,2023-10-02,52.72931
미백,효능,2023-10-09,56.04952
미백,효능,2023-10-16,51.32245
미백,효능,2023-10-23,50.47833
미백,효능,2023-10-30,56.61226
미백,효능,2023-11-06,50.87225
미백,효능,2023-11-13,51.15362
미백,효능,2023-11-20,53.23579
미백,효능,2023-11-27,48.67754
미백,효능,2023-12-04,49.35284
미백,효능,2023-12-11,49.69048
미백,효능,2023-12-18,40.40517
미백,효능,2023-12-25,46.9893
미백,효능,2024-01-01,52.27912
미백,효능,2024-01-08,59.98874
미백,효능,2024-01-15,61.11423
미백,효능,2024-01-22,60.10129
미백,효능,2024-01-29,59.87619
미백,효능,2024-02-05,56.10579
미백,효능,2024-02-12,62.91502
미백,효능,2024-02-19,62.40855
미백,효능,2024-02-26,60.60776
미백,효능,2024-03-04,53.74226
미백,효능,2024-03-11,61.11423
미백,효능,2024-03-18,65.95385
미백,효능,2024-03-25,63.30894
미백,효능,2024-04-01,66.34777
미백,효능,2024-04-08,66.5166
미백,효능,2024-04-15,70.39954
미백,효능,2024-04-22,64.09679
미백,효능,2024-04-29,61.95835
미백,효능,2024-05-06,61.95835
미백,효능,2024-05-13,68.31738
미백,효능,2024-05-20,65.72875
미백,효능,2024-05-27,70.0619
미백,효능,2024-06-03,68.48621
미백,효능,2024-06-10,66.79797
미백,효능,2024-06-17,69.44288
미백,효능,2024-06-24,65.8413
미백,효능,2024-07-01,67.36072
미백,효능,2024-07-08,67.36072
미백,효능,2024-07-15,65.22228
미백,효능,2024-07-22,71.13111
미백,효능,2024-07-29,65.50365
미백,효능,2024-08-05,70.68092
미백,효능,2024-08-12,70.17445
미백,효능,2024-08-19,72.31288
미백,효능,2024-08-26,64.04051
미백,효능,2024-09-02,58.58187
미백,효능,2024-09-09,50.47833
미백,효능,2024-09-16,58.01913
미백,효능,2024-09-23,58.35678
미백,효능,2024-09-30,50.87225
미백,효능,2024-10-07,50.9848
미백,효능,2024-10-14,49.46539
미백,효능,2024-10-21,45.13224
미백,효능,2024-10-28,46.65166
미백,효능,2024-11-04,45.86381
미백,효능,2024-11-11,49.57794
미백,효능,2024-11-18,46.08891
미백,효능,2024-11-25,45.75126
미백,효능,2024-12-02,45.58244
미백,효능,2024-12-09,43.78165
미백,효능,2024-12-16,45.97636
미백,효능,2024-12-23,42.88126
미백,효능,2024-12-30,46.48283
미백,효능,2025-01-06,49.52166
미백,효능,2025-01-13,54.5301
미백,효능,2025-01-20,46.59538
미백,효능,2025-01-27,49.69048
미백,효능,2025-02-03,57.51266
미백,효능,2025-02-10,58.13168
미백,효능,2025-02-17,58.3005
미백,효능,2025-02-24,57.40011
미백,효능,2025-03-03,47.49577
미백,효능,2025-03-10,52.33539
미백,효능,2025-03-17,56.10579
미백,효능,2025-03-24,51.04108
미백,효능,2025-03-31,49.01519
미백,효능,2025-04-07,48.90264
미백,효능,2025-04-14,53.74226
미백,효능,2025-04-21,50.5346
미백,효능,2025-04-28,47.27068
미백,효능,2025-05-05,51.77265
미백,효능,2025-05-12,51.99774
미백,효능,2025-05-19,52.50422
미백,효능,2025-05-26,52.84186
미백,효능,2025-06-02,52.50422
미백,효능,2025-06-09,57.73776
미백,효능,2025-06-16,54.69893
미백,효능,2025-06-23,54.19245
미백,효능,2025-06-30,56.10579
미백,효능,2025-07-07,56.83736
미백,효능,2025-07-14,56.78109
미백,효능,2025-07-21,61.6207
미백,효능,2025-07-28,59.65109
미백,효능,2025-08-04,61.17051
미백,효능,2025-08-11,55.03657
미백,효능,2025-08-18,54.69893
미백,효능,2025-08-25,50.7597
미백,효능,2025-09-01,47.2144
미백,효능,2025-09-08,41.30557
미백,효능,2025-09-15,37.42262
미백,효능,2025-09-22,37.87281
미백,효능,2025-09-29,31.06359
미백,효능,2025-10-06,36.18458
미백,효능,2025-10-13,32.24535
미백,효능,2025-10-20,31.00731
미백,효능,2025-10-27,30.89476
미백,효능,2025-11-03,30.16319
미백,효능,2025-11-10,29.15025
미백,효능,2025-11-17,28.30613
미백,효능,2025-11-24,28.92515
미백,효능,2025-12-01,32.24535
미백,효능,2025-12-08,32.18908
미백,효능,2025-12-15,31.06359
미백,효능,2025-12-22,30.05064
미백,효능,2025-12-29,30.27574
미백,효능,2026-01-05,31.62633
미백,효능,2026-01-12,31.9077
미백,효능,2026-01-19,29.54417
미백,효능,2026-01-26,31.45751
미백,효능,2026-02-02,31.28868
미백,효능,2026-02-09,27.96848
미백,효능,2026-02-16,32.47045
미백,효능,2026-02-23,28.5875
미백,효능,2026-03-02,27.85593
미백,효능,2026-03-09,29.54417
미백,효능,2026-03-16,30.95104
미백,효능,2026-03-23,32.52673
미백,효능,2026-03-30,34.94653
미백,효능,2026-04-06,35.11536
미백,효능,2026-04-13,34.77771
미백,효능,2026-04-20,34.72144
미백,효능,2026-04-27,30.16319
미백,효능,2026-05-04,30.55711
미백,효능,2026-05-11,30.05064
미백,효능,2026-05-18,31.45751
미백,효능,2026-05-25,35.05908
미백,효능,2026-06-01,30.55711
미백,효능,2026-06-08,29.60045
미백,효능,2026-06-15,31.9077
미백,효능,2026-06-22,31.57006
미백,효능,2026-06-29,36.01575
미백,효능,2026-07-06,35.00281
미백,효능,2026-07-13,30.89476
미백,효능,2026-07-20,33.42712
미백,효능,2026-07-27,36.1283
미백,효능,2026-08-03,37.14124
미백,효능,2026-08-10,31.45751
미백,효능,2026-08-17,33.48339
미백,효능,2026-08-24,35.50928
미백,효능,2026-08-31,28.24985
미백,효능,2026-09-07,27.63083
미백,효능,2026-09-14,31.11986
미백,효능,2026-09-21,38.21046
미백,효능,2026-09-28,5.45863
톤업,효능,2020-12-28,19.58356
톤업,효능,2021-01-04,24.08553
톤업,효능,2021-01-11,24.592
톤업,효능,2021-01-18,26.44907
톤업,효능,2021-01-25,22.84749
톤업,효능,2021-02-01,23.12886
톤업,효능,2021-02-08,21.722
톤업,효능,2021-02-15,22.22847
톤업,효능,2021-02-22,20.20258
톤업,효능,2021-03-01,23.46651
톤업,효능,2021-03-08,21.21553
톤업,효능,2021-03-15,24.98593
톤업,효능,2021-03-22,22.79122
톤업,효능,2021-03-29,26.33652
톤업,효능,2021-04-05,30.78221
톤업,효능,2021-04-12,31.85143
톤업,효능,2021-04-19,30.33202
톤업,효능,2021-04-26,30.10692
톤업,효능,2021-05-03,30.89476
톤업,효능,2021-05-10,32.92065
톤업,효능,2021-05-17,30.55711
톤업,효능,2021-05-24,28.86888
톤업,효능,2021-05-31,29.99437
톤업,효능,2021-06-07,37.0287
톤업,효능,2021-06-14,31.40123
톤업,효능,2021-06-21,25.15475
톤업,효능,2021-06-28,25.37985
톤업,효능,2021-07-05,27.18064
톤업,효능,2021-07-12,31.11986
톤업,효능,2021-07-19,40.68655
톤업,효능,2021-07-26,26.33652
톤업,효능,2021-08-02,27.74338
톤업,효능,2021-08-09,25.4924
톤업,효능,2021-08-16,28.53123
톤업,효능,2021-08-23,25.21102
톤업,효능,2021-08-30,22.67867
톤업,효능,2021-09-06,21.2718
톤업,효능,2021-09-13,20.42768
톤업,효능,2021-09-20,21.0467
톤업,효능,2021-09-27,21.60945
톤업,효능,2021-10-04,21.66572
톤업,효능,2021-10-11,22.39729
톤업,효능,2021-10-18,18.34552
톤업,효능,2021-10-25,21.44063
톤업,효능,2021-11-01,21.83455
톤업,효능,2021-11-08,24.42318
톤업,효능,2021-11-15,19.75239
톤업,효능,2021-11-22,21.15925
톤업,효능,2021-11-29,23.07259
톤업,효능,2021-12-06,22.34102
톤업,효능,2021-12-13,18.57062
톤업,효능,2021-12-20,20.65278
톤업,효능,2021-12-27,28.98142
톤업,효능,2022-01-03,28.47495
톤업,효능,2022-01-10,28.24985
톤업,효능,2022-01-17,25.88632
톤업,효능,2022-01-24,22.28474
톤업,효능,2022-01-31,27.12436
톤업,효능,2022-02-07,30.78221
톤업,효능,2022-02-14,28.19358
톤업,효능,2022-02-21,25.15475
톤업,효능,2022-02-28,26.56162
톤업,효능,2022-03-07,25.21102
톤업,효능,2022-03-14,25.32357
톤업,효능,2022-03-21,24.47945
톤업,효능,2022-03-28,26.61789
톤업,효능,2022-04-04,26.11142
톤업,효능,2022-04-11,28.8126
톤업,효능,2022-04-18,36.46595
톤업,효능,2022-04-25,27.79966
톤업,효능,2022-05-02,31.85143
톤업,효능,2022-05-09,29.37535
톤업,효능,2022-05-16,27.74338
톤업,효능,2022-05-23,27.63083
톤업,효능,2022-05-30,28.13731
톤업,효능,2022-06-06,27.23691
톤업,효능,2022-06-13,27.68711
톤업,효능,2022-06-20,27.40574
톤업,효능,2022-06-27,26.89926
톤업,효능,2022-07-04,29.43162
톤업,효능,2022-07-11,28.24985
톤업,효능,2022-07-18,25.43612
톤업,효능,2022-07-25,25.32357
톤업,효능,2022-08-01,24.92965
톤업,효능,2022-08-08,24.42318
톤업,효능,2022-08-15,24.08553
톤업,효능,2022-08-22,23.35396
톤업,효능,2022-08-29,23.69161
톤업,효능,2022-09-05,19.47101
톤업,효능,2022-09-12,25.21102
톤업,효능,2022-09-19,22.56612
톤업,효능,2022-09-26,29.0377
톤업,효능,2022-10-03,25.2673
톤업,효능,2022-10-10,21.38435
톤업,효능,2022-10-17,20.42768
톤업,효능,2022-10-24,22.56612
톤업,효능,2022-10-31,19.35846
톤업,효능,2022-11-07,22.45357
톤업,효능,2022-11-14,19.30219
톤업,효능,2022-11-21,16.48846
톤업,효능,2022-11-28,18.57062
톤업,효능,2022-12-05,17.83905
톤업,효능,2022-12-12,18.1767
톤업,효능,2022-12-19,15.53179
톤업,효능,2022-12-26,15.08159
톤업,효능,2023-01-02,18.00787
톤업,효능,2023-01-09,21.66572
톤업,효능,2023-01-16,17.33258
톤업,효능,2023-01-23,20.99043
톤업,효능,2023-01-30,22.56612
톤업,효능,2023-02-06,24.14181
톤업,효능,2023-02-13,22.34102
톤업,효능,2023-02-20,23.46651
톤업,효능,2023-02-27,20.93415
톤업,효능,2023-03-06,22.28474
톤업,효능,2023-03-13,26.50534
톤업,효능,2023-03-20,22.22847
톤업,효능,2023-03-27,23.63534
톤업,효능,2023-04-03,25.15475
톤업,효능,2023-04-10,25.66122
톤업,효능,2023-04-17,24.14181
톤업,효능,2023-04-24,23.52279
톤업,효능,2023-05-01,23.01631
톤업,효능,2023-05-08,26.78671
톤업,효능,2023-05-15,27.29319
톤업,효능,2023-05-22,25.37985
톤업,효능,2023-05-29,27.74338
톤업,효능,2023-06-05,25.77377
톤업,효능,2023-06-12,24.53573
톤업,효능,2023-06-19,21.66572
톤업,효능,2023-06-26,18.57062
톤업,효능,2023-07-03,21.9471
톤업,효능,2023-07-10,21.60945
톤업,효능,2023-07-17,19.18964
톤업,효능,2023-07-24,20.99043
톤업,효능,2023-07-31,20.99043
톤업,효능,2023-08-07,19.47101
톤업,효능,2023-08-14,19.63984
톤업,효능,2023-08-21,16.93866
톤업,효능,2023-08-28,17.89532
톤업,효능,2023-09-04,20.37141
톤업,효능,2023-09-11,18.06415
톤업,효능,2023-09-18,15.98199
톤업,효능,2023-09-25,12.71806
톤업,효능,2023-10-02,16.54473
톤업,효능,2023-10-09,14.4063
톤업,효능,2023-10-16,20.37141
톤업,효능,2023-10-23,16.65728
톤업,효능,2023-10-30,15.86944
톤업,효능,2023-11-06,15.81316
톤업,효능,2023-11-13,16.20709
톤업,효능,2023-11-20,15.47552
톤업,효능,2023-11-27,15.36297
톤업,효능,2023-12-04,15.64434
톤업,효능,2023-12-11,14.12492
톤업,효능,2023-12-18,14.57512
톤업,효능,2023-12-25,9.84805
톤업,효능,2024-01-01,15.70061
톤업,효능,2024-01-08,15.92571
톤업,효능,2024-01-15,17.7265
톤업,효능,2024-01-22,15.70061
톤업,효능,2024-01-29,18.85199
톤업,효능,2024-02-05,13.67473
톤업,효능,2024-02-12,21.4969
톤업,효능,2024-02-19,19.13337
톤업,효능,2024-02-26,19.02082
톤업,효능,2024-03-04,21.0467
톤업,효능,2024-03-11,21.0467
톤업,효능,2024-03-18,21.83455
톤업,효능,2024-03-25,20.09003
톤업,효능,2024-04-01,19.63984
톤업,효능,2024-04-08,20.76533
톤업,효능,2024-04-15,22.96004
톤업,효능,2024-04-22,22.28474
톤업,효능,2024-04-29,21.38435
톤업,효능,2024-05-06,21.15925
톤업,효능,2024-05-13,25.2673
톤업,효능,2024-05-20,24.25436
톤업,효능,2024-05-27,24.76083
톤업,효능,2024-06-03,26.28024
톤업,효능,2024-06-10,25.0422
톤업,효능,2024-06-17,23.41024
톤업,효능,2024-06-24,23.57906
톤업,효능,2024-07-01,22.50984
톤업,효능,2024-07-08,20.65278
톤업,효능,2024-07-15,18.85199
톤업,효능,2024-07-22,19.63984
톤업,효능,2024-07-29,20.03376
톤업,효능,2024-08-05,19.92121
톤업,효능,2024-08-12,20.09003
톤업,효능,2024-08-19,18.45807
톤업,효능,2024-08-26,19.63984
톤업,효능,2024-09-02,16.93866
톤업,효능,2024-09-09,15.36297
톤업,효능,2024-09-16,15.08159
톤업,효능,2024-09-23,14.68767
톤업,효능,2024-09-30,15.58806
톤업,효능,2024-10-07,14.12492
톤업,효능,2024-10-14,15.70061
톤업,효능,2024-10-21,15.70061
톤업,효능,2024-10-28,15.92571
톤업,효능,2024-11-04,17.38885
톤업,효능,2024-11-11,13.22453
톤업,효능,2024-11-18,12.77433
톤업,효능,2024-11-25,14.29375
톤업,효능,2024-12-02,12.60551
톤업,효능,2024-12-09,15.70061
톤업,효능,2024-12-16,14.68767
톤업,효능,2024-12-23,13.11198
톤업,효능,2024-12-30,13.5059
톤업,효능,2025-01-06,13.84355
톤업,효능,2025-01-13,14.12492
톤업,효능,2025-01-20,13.28081
톤업,효능,2025-01-27,14.1812
톤업,효능,2025-02-03,17.7265
톤업,효능,2025-02-10,16.88238
톤업,효능,2025-02-17,15.58806
톤업,효능,2025-02-24,19.35846
톤업,효능,2025-03-03,17.61395
톤업,효능,2025-03-10,17.2763
톤업,효능,2025-03-17,17.67023
톤업,효능,2025-03-24,17.67023
톤업,효능,2025-03-31,17.78277
톤업,효능,2025-04-07,17.7265
톤업,효능,2025-04-14,19.07709
톤업,효능,2025-04-21,17.78277
톤업,효능,2025-04-28,14.96904
톤업,효능,2025-05-05,16.76983
톤업,효능,2025-05-12,19.41474
톤업,효능,2025-05-19,17.2763
톤업,효능,2025-05-26,17.67023
톤업,효능,2025-06-02,16.60101
톤업,효능,2025-06-09,17.67023
톤업,효능,2025-06-16,15.53179
톤업,효능,2025-06-23,16.99493
톤업,효능,2025-06-30,17.9516
톤업,효능,2025-07-07,17.9516
톤업,효능,2025-07-14,11.98649
톤업,효능,2025-07-21,15.41924
톤업,효능,2025-07-28,15.19414
톤업,효능,2025-08-04,14.06865
톤업,효능,2025-08-11,12.66178
톤업,효능,2025-08-18,12.60551
톤업,효능,2025-08-25,13.22453
톤업,효능,2025-09-01,10.6359
톤업,효능,2025-09-08,9.84805
톤업,효능,2025-09-15,10.57962
톤업,효능,2025-09-22,11.31119
톤업,효능,2025-09-29,9.62296
톤업,효능,2025-10-06,8.89138
톤업,효능,2025-10-13,10.07315
톤업,효능,2025-10-20,10.35453
톤업,효능,2025-10-27,11.70512
톤업,효능,2025-11-03,10.01688
톤업,효능,2025-11-10,9.56668
톤업,효능,2025-11-17,8.44119
톤업,효능,2025-11-24,8.21609
톤업,효능,2025-12-01,9.90433
톤업,효능,2025-12-08,9.06021
톤업,효능,2025-12-15,8.27236
톤업,효능,2025-12-22,9.28531
톤업,효능,2025-12-29,6.97805
톤업,효능,2026-01-05,8.27236
톤업,효능,2026-01-12,8.04727
톤업,효능,2026-01-19,9.51041
톤업,효능,2026-01-26,9.17276
톤업,효능,2026-02-02,9.00393
톤업,효능,2026-02-09,9.17276
톤업,효능,2026-02-16,8.49746
톤업,효능,2026-02-23,9.11648
톤업,효능,2026-03-02,10.91727
톤업,효능,2026-03-09,9.51041
톤업,효능,2026-03-16,11.93021
톤업,효능,2026-03-23,13.84355
톤업,효능,2026-03-30,14.74395
톤업,효능,2026-04-06,14.68767
톤업,효능,2026-04-13,11.48002
톤업,효능,2026-04-20,12.66178
톤업,효능,2026-04-27,13.11198
톤업,효능,2026-05-04,12.66178
톤업,효능,2026-05-11,12.26786
톤업,효능,2026-05-18,11.48002
톤업,효능,2026-05-25,11.19864
톤업,효능,2026-06-01,10.861
톤업,효능,2026-06-08,9.56668
톤업,효능,2026-06-15,8.77884
톤업,효능,2026-06-22,10.12943
톤업,효능,2026-06-29,7.76589
톤업,효능,2026-07-06,6.97805
톤업,효능,2026-07-13,8.49746
톤업,효능,2026-07-20,10.1857
톤업,효능,2026-07-27,10.57962
톤업,효능,2026-08-03,9.00393
톤업,효능,2026-08-10,7.87844
톤업,효능,2026-08-17,8.77884
톤업,효능,2026-08-24,6.92177
톤업,효능,2026-08-31,9.51041
톤업,효능,2026-09-07,6.35903
톤업,효능,2026-09-14,7.70962
톤업,효능,2026-09-21,6.13393
톤업,효능,2026-09-28,0.84411
피부진정,효능,2020-12-28,29.82554
피부진정,효능,2021-01-04,34.77771
피부진정,효능,2021-01-11,33.2583
피부진정,효능,2021-01-18,30.66966
피부진정,효능,2021-01-25,30.55711
피부진정,효능,2021-02-01,31.85143
피부진정,효능,2021-02-08,29.60045
피부진정,효능,2021-02-15,34.49634
피부진정,효능,2021-02-22,32.1328
피부진정,효능,2021-03-01,30.05064
피부진정,효능,2021-03-08,30.44456
피부진정,효능,2021-03-15,31.9077
피부진정,효능,2021-03-22,34.72144
피부진정,효능,2021-03-29,31.96398
피부진정,효능,2021-04-05,35.84693
피부진정,효능,2021-04-12,31.68261
피부진정,효능,2021-04-19,30.78221
피부진정,효능,2021-04-26,30.95104
피부진정,효능,2021-05-03,34.15869
피부진정,효능,2021-05-10,34.21496
피부진정,효능,2021-05-17,33.14575
피부진정,효능,2021-05-24,32.3579
피부진정,효능,2021-05-31,36.8036
피부진정,효능,2021-06-07,40.01125
피부진정,효능,2021-06-14,40.68655
피부진정,효능,2021-06-21,41.86831
피부진정,효능,2021-06-28,34.32751
피부진정,효능,2021-07-05,33.42712
피부진정,효능,2021-07-12,47.4395
피부진정,효능,2021-07-19,42.43106
피부진정,효능,2021-07-26,41.75576
피부진정,효능,2021-08-02,49.52166
피부진정,효능,2021-08-09,43.72537
피부진정,효능,2021-08-16,44.17557
피부진정,효능,2021-08-23,40.46145
피부진정,효능,2021-08-30,36.85987
피부진정,효능,2021-09-06,35.22791
피부진정,효능,2021-09-13,33.0332
피부진정,효능,2021-09-20,30.83849
피부진정,효능,2021-09-27,28.92515
피부진정,효능,2021-10-04,27.01181
피부진정,효능,2021-10-11,24.36691
피부진정,효능,2021-10-18,24.76083
피부진정,효능,2021-10-25,26.33652
피부진정,효능,2021-11-01,25.77377
피부진정,효능,2021-11-08,22.84749
피부진정,효능,2021-11-15,20.99043
피부진정,효능,2021-11-22,19.24592
피부진정,효능,2021-11-29,19.97749
피부진정,효능,2021-12-06,22.22847
피부진정,효능,2021-12-13,23.86043
피부진정,효능,2021-12-20,22.50984
피부진정,효능,2021-12-27,20.76533
피부진정,효능,2022-01-03,24.87338
피부진정,효능,2022-01-10,27.91221
피부진정,효능,2022-01-17,28.5875
피부진정,효능,2022-01-24,21.77827
피부진정,효능,2022-01-31,29.71299
피부진정,효능,2022-02-07,31.06359
피부진정,효능,2022-02-14,28.30613
피부진정,효능,2022-02-21,27.18064
피부진정,효능,2022-02-28,25.66122
피부진정,효능,2022-03-07,25.4924
피부진정,효능,2022-03-14,26.67416
피부진정,효능,2022-03-21,29.15025
피부진정,효능,2022-03-28,27.40574
피부진정,효능,2022-04-04,35.22791
피부진정,효능,2022-04-11,34.77771
피부진정,효능,2022-04-18,32.30163
피부진정,효능,2022-04-25,34.38379
피부진정,효능,2022-05-02,34.66516
피부진정,효능,2022-05-09,32.47045
피부진정,효능,2022-05-16,36.01575
피부진정,효능,2022-05-23,34.83398
피부진정,효능,2022-05-30,33.98987
피부진정,효능,2022-06-06,33.31457
피부진정,효능,2022-06-13,27.46201
피부진정,효능,2022-06-20,39.50478
피부진정,효능,2022-06-27,36.46595
피부진정,효능,2022-07-04,40.79909
피부진정,효능,2022-07-11,35.05908
피부진정,효능,2022-07-18,32.47045
피부진정,효능,2022-07-25,38.71693
피부진정,효능,2022-08-01,40.91164
피부진정,효능,2022-08-08,30.66966
피부진정,효능,2022-08-15,32.86437
피부진정,효능,2022-08-22,29.31907
피부진정,효능,2022-08-29,27.06809
피부진정,효능,2022-09-05,23.69161
피부진정,효능,2022-09-12,30.83849
피부진정,효능,2022-09-19,24.70455
피부진정,효능,2022-09-26,25.7175
피부진정,효능,2022-10-03,21.44063
피부진정,효능,2022-10-10,20.87788
피부진정,효능,2022-10-17,21.2718
피부진정,효능,2022-10-24,21.60945
피부진정,효능,2022-10-31,20.8216
피부진정,효능,2022-11-07,21.15925
피부진정,효능,2022-11-14,17.10748
피부진정,효능,2022-11-21,19.52729
피부진정,효능,2022-11-28,18.28925
피부진정,효능,2022-12-05,19.24592
피부진정,효능,2022-12-12,16.82611
피부진정,효능,2022-12-19,15.02532
피부진정,효능,2022-12-26,15.13787
피부진정,효능,2023-01-02,20.42768
피부진정,효능,2023-01-09,22.84749
피부진정,효능,2023-01-16,19.47101
피부진정,효능,2023-01-23,21.4969
피부진정,효능,2023-01-30,21.38435
피부진정,효능,2023-02-06,24.592
피부진정,효능,2023-02-13,26.16769
피부진정,효능,2023-02-20,25.7175
피부진정,효능,2023-02-27,25.37985
피부진정,효능,2023-03-06,25.15475
피부진정,효능,2023-03-13,25.77377
피부진정,효능,2023-03-20,25.7175
피부진정,효능,2023-03-27,29.88182
피부진정,효능,2023-04-03,27.40574
피부진정,효능,2023-04-10,26.67416
피부진정,효능,2023-04-17,23.01631
피부진정,효능,2023-04-24,24.08553
피부진정,효능,2023-05-01,25.7175
피부진정,효능,2023-05-08,31.06359
피부진정,효능,2023-05-15,30.05064
피부진정,효능,2023-05-22,27.63083
피부진정,효능,2023-05-29,28.64378
피부진정,효능,2023-06-05,31.45751
피부진정,효능,2023-06-12,32.97692
피부진정,효능,2023-06-19,33.82104
피부진정,효능,2023-06-26,26.39279
피부진정,효능,2023-07-03,24.87338
피부진정,효능,2023-07-10,30.55711
피부진정,효능,2023-07-17,30.21947
피부진정,효능,2023-07-24,36.3534
피부진정,효능,2023-07-31,53.85481
피부진정,효능,2023-08-07,30.61339
피부진정,효능,2023-08-14,31.23241
피부진정,효능,2023-08-21,26.16769
피부진정,효능,2023-08-28,23.12886
피부진정,효능,2023-09-04,26.50534
피부진정,효능,2023-09-11,22.96004
피부진정,효능,2023-09-18,19.13337
피부진정,효능,2023-09-25,16.31963
피부진정,효능,2023-10-02,20.20258
피부진정,효능,2023-10-09,18.51435
피부진정,효능,2023-10-16,17.61395
피부진정,효능,2023-10-23,18.34552
피부진정,효능,2023-10-30,19.75239
피부진정,효능,2023-11-06,15.53179
피부진정,효능,2023-11-13,16.37591
피부진정,효능,2023-11-20,13.67473
피부진정,효능,2023-11-27,16.09454
피부진정,효능,2023-12-04,16.82611
피부진정,효능,2023-12-11,12.99943
피부진정,효능,2023-12-18,15.92571
피부진정,효능,2023-12-25,15.19414
피부진정,효능,2024-01-01,20.42768
피부진정,효능,2024-01-08,22.39729
피부진정,효능,2024-01-15,23.01631
피부진정,효능,2024-01-22,26.16769
피부진정,효능,2024-01-29,23.18514
피부진정,효능,2024-02-05,20.31513
피부진정,효능,2024-02-12,19.80866
피부진정,효능,2024-02-19,23.80416
피부진정,효능,2024-02-26,21.32808
피부진정,효능,2024-03-04,27.18064
피부진정,효능,2024-03-11,23.29769
피부진정,효능,2024-03-18,24.31063
피부진정,효능,2024-03-25,21.32808
피부진정,효능,2024-04-01,23.63534
피부진정,효능,2024-04-08,30.78221
피부진정,효능,2024-04-15,25.99887
피부진정,효능,2024-04-22,25.37985
피부진정,효능,2024-04-29,23.18514
피부진정,효능,2024-05-06,22.45357
피부진정,효능,2024-05-13,22.34102
피부진정,효능,2024-05-20,26.05514
피부진정,효능,2024-05-27,24.53573
피부진정,효능,2024-06-03,21.83455
피부진정,효능,2024-06-10,30.66966
피부진정,효능,2024-06-17,32.75182
피부진정,효능,2024-06-24,28.3624
피부진정,효능,2024-07-01,21.4969
피부진정,효능,2024-07-08,21.77827
피부진정,효능,2024-07-15,29.31907
피부진정,효능,2024-07-22,30.33202
피부진정,효능,2024-07-29,42.65616
피부진정,효능,2024-08-05,32.18908
피부진정,효능,2024-08-12,26.39279
피부진정,효능,2024-08-19,26.22397
피부진정,효능,2024-08-26,23.74788
피부진정,효능,2024-09-02,23.57906
피부진정,효능,2024-09-09,20.8216
피부진정,효능,2024-09-16,17.83905
피부진정,효능,2024-09-23,20.8216
피부진정,효능,2024-09-30,17.78277
피부진정,효능,2024-10-07,19.24592
피부진정,효능,2024-10-14,18.00787
피부진정,효능,2024-10-21,16.09454
피부진정,효능,2024-10-28,16.82611
피부진정,효능,2024-11-04,17.5014
피부진정,효능,2024-11-11,18.79572
피부진정,효능,2024-11-18,16.88238
피부진정,효능,2024-11-25,14.4063
피부진정,효능,2024-12-02,15.81316
피부진정,효능,2024-12-09,15.64434
피부진정,효능,2024-12-16,15.36297
피부진정,효능,2024-12-23,15.02532
피부진정,효능,2024-12-30,15.36297
피부진정,효능,2025-01-06,16.65728
피부진정,효능,2025-01-13,17.78277
피부진정,효능,2025-01-20,16.93866
피부진정,효능,2025-01-27,16.99493
피부진정,효능,2025-02-03,18.45807
피부진정,효능,2025-02-10,17.5014
피부진정,효능,2025-02-17,18.62689
피부진정,효능,2025-02-24,20.03376
피부진정,효능,2025-03-03,18.57062
피부진정,효능,2025-03-10,20.42768
피부진정,효능,2025-03-17,22.1722
피부진정,효능,2025-03-24,19.07709
피부진정,효능,2025-03-31,20.25886
피부진정,효능,2025-04-07,19.02082
피부진정,효능,2025-04-14,20.76533
피부진정,효능,2025-04-21,21.83455
피부진정,효능,2025-04-28,19.13337
피부진정,효능,2025-05-05,17.89532
피부진정,효능,2025-05-12,20.59651
피부진정,효능,2025-05-19,20.70906
피부진정,효능,2025-05-26,17.83905
피부진정,효능,2025-06-02,16.60101
피부진정,효능,2025-06-09,20.87788
피부진정,효능,2025-06-16,18.34552
피부진정,효능,2025-06-23,17.55768
피부진정,효능,2025-06-30,22.79122
피부진정,효능,2025-07-07,23.01631
피부진정,효능,2025-07-14,16.20709
피부진정,효능,2025-07-21,17.22003
피부진정,효능,2025-07-28,18.51435
피부진정,효능,2025-08-04,12.60551
피부진정,효능,2025-08-11,14.29375
피부진정,효능,2025-08-18,15.13787
피부진정,효능,2025-08-25,12.32414
피부진정,효능,2025-09-01,10.91727
피부진정,효능,2025-09-08,10.46707
피부진정,효능,2025-09-15,9.9606
피부진정,효능,2025-09-22,9.84805
피부진정,효능,2025-09-29,9.34158
피부진정,효능,2025-10-06,9.11648
피부진정,효능,2025-10-13,9.17276
피부진정,효능,2025-10-20,8.15981
피부진정,효능,2025-10-27,9.51041
피부진정,효능,2025-11-03,9.84805
피부진정,효능,2025-11-10,10.24198
피부진정,효능,2025-11-17,10.01688
피부진정,효능,2025-11-24,9.84805
피부진정,효능,2025-12-01,8.04727
피부진정,효능,2025-12-08,7.59707
피부진정,효능,2025-12-15,8.10354
피부진정,효능,2025-12-22,6.80922
피부진정,효능,2025-12-29,7.25942
피부진정,효능,2026-01-05,13.39335
피부진정,효능,2026-01-12,9.00393
피부진정,효능,2026-01-19,10.74845
피부진정,효능,2026-01-26,9.62296
피부진정,효능,2026-02-02,9.79178
피부진정,효능,2026-02-09,9.17276
피부진정,효능,2026-02-16,10.46707
피부진정,효능,2026-02-23,9.56668
피부진정,효능,2026-03-02,11.36747
피부진정,효능,2026-03-09,11.70512
피부진정,효능,2026-03-16,16.09454
피부진정,효능,2026-03-23,10.6359
피부진정,효능,2026-03-30,9.51041
피부진정,효능,2026-04-06,9.17276
피부진정,효능,2026-04-13,12.15531
피부진정,효능,2026-04-20,10.74845
피부진정,효능,2026-04-27,9.51041
피부진정,효능,2026-05-04,8.04727
피부진정,효능,2026-05-11,11.19864
피부진정,효능,2026-05-18,9.9606
피부진정,효능,2026-05-25,11.87394
피부진정,효능,2026-06-01,9.11648
피부진정,효능,2026-06-08,8.55374
피부진정,효능,2026-06-15,7.93472
피부진정,효능,2026-06-22,7.82217
피부진정,효능,2026-06-29,7.59707
피부진정,효능,2026-07-06,5.68373
피부진정,효능,2026-07-13,9.39786
피부진정,효능,2026-07-20,6.97805
피부진정,효능,2026-07-27,8.55374
피부진정,효능,2026-08-03,9.28531
피부진정,효능,2026-08-10,7.99099
피부진정,효능,2026-08-17,6.80922
피부진정,효능,2026-08-24,5.45863
피부진정,효능,2026-08-31,6.30275
피부진정,효능,2026-09-07,4.78334
피부진정,효능,2026-09-14,5.34608
피부진정,효능,2026-09-21,4.22059
피부진정,효능,2026-09-28,0.33764
보습,효능,2020-12-28,53.23579
보습,효능,2021-01-04,66.62915
보습,효능,2021-01-11,56.44344
보습,효능,2021-01-18,61.8458
보습,효능,2021-01-25,61.00168
보습,효능,2021-02-01,54.24873
보습,효능,2021-02-08,59.03207
보습,효능,2021-02-15,61.00168
보습,효능,2021-02-22,52.84186
보습,효능,2021-03-01,49.07146
보습,효능,2021-03-08,51.2099
보습,효능,2021-03-15,51.26617
보습,효능,2021-03-22,49.35284
보습,효능,2021-03-29,49.57794
보습,효능,2021-04-05,62.23972
보습,효능,2021-04-12,54.9803
보습,효능,2021-04-19,50.5346
보습,효능,2021-04-26,49.12774
보습,효능,2021-05-03,43.16263
보습,효능,2021-05-10,50.92853
보습,효능,2021-05-17,46.31401
보습,효능,2021-05-24,47.60832
보습,효능,2021-05-31,43.38773
보습,효능,2021-06-07,48.00225
보습,효능,2021-06-14,51.6601
보습,효능,2021-06-21,48.28362
보습,효능,2021-06-28,43.6691
보습,효능,2021-07-05,47.10185
보습,효능,2021-07-12,48.73382
보습,효능,2021-07-19,48.90264
보습,효능,2021-07-26,47.55205
보습,효능,2021-08-02,45.63871
보습,효능,2021-08-09,48.22734
보습,효능,2021-08-16,46.70793
보습,효능,2021-08-23,48.62127
보습,효능,2021-08-30,49.57794
보습,효능,2021-09-06,51.94147
보습,효능,2021-09-13,48.56499
보습,효능,2021-09-20,41.81204
보습,효능,2021-09-27,49.35284
보습,효능,2021-10-04,49.85931
보습,효능,2021-10-11,55.54305
보습,효능,2021-10-18,81.3731
보습,효능,2021-10-25,76.36465
보습,효능,2021-11-01,57.79403
보습,효능,2021-11-08,57.56893
보습,효능,2021-11-15,57.73776
보습,효능,2021-11-22,58.18795
보습,효능,2021-11-29,67.19189
보습,효능,2021-12-06,56.61226
보습,효능,2021-12-13,55.26167
보습,효능,2021-12-20,73.71975
보습,효능,2021-12-27,51.82892
보습,효능,2022-01-03,59.98874
보습,효능,2022-01-10,55.88069
보습,효능,2022-01-17,61.45188
보습,효능,2022-01-24,52.33539
보습,효능,2022-01-31,47.77715
보습,효능,2022-02-07,57.90658
보습,효능,2022-02-14,60.60776
보습,효능,2022-02-21,56.89364
보습,효능,2022-02-28,61.8458
보습,효능,2022-03-07,65.95385
보습,효능,2022-03-14,57.17501
보습,효능,2022-03-21,54.9803
보습,효능,2022-03-28,51.77265
보습,효능,2022-04-04,61.05796
보습,효능,2022-04-11,55.03657
보습,효능,2022-04-18,57.68148
보습,효능,2022-04-25,56.44344
보습,효능,2022-05-02,46.25773
보습,효능,2022-05-09,43.8942
보습,효능,2022-05-16,46.14518
보습,효능,2022-05-23,49.18401
보습,효능,2022-05-30,42.88126
보습,효능,2022-06-06,45.41361
보습,효능,2022-06-13,45.97636
보습,효능,2022-06-20,46.59538
보습,효능,2022-06-27,48.90264
보습,효능,2022-07-04,45.24479
보습,효능,2022-07-11,46.25773
보습,효능,2022-07-18,43.2189
보습,효능,2022-07-25,41.47439
보습,효능,2022-08-01,39.6736
보습,효능,2022-08-08,43.16263
보습,효능,2022-08-15,41.86831
보습,효능,2022-08-22,48.00225
보습,효능,2022-08-29,45.30106
보습,효능,2022-09-05,39.56105
보습,효능,2022-09-12,47.32695
보습,효능,2022-09-19,52.27912
보습,효능,2022-09-26,51.6601
보습,효능,2022-10-03,48.67754
보습,효능,2022-10-10,51.99774
보습,효능,2022-10-17,78.72819
보습,효능,2022-10-24,58.5256
보습,효능,2022-10-31,58.5256
보습,효능,2022-11-07,53.06696
보습,효능,2022-11-14,54.24873
보습,효능,2022-11-21,75.29544
보습,효능,2022-11-28,56.44344
보습,효능,2022-12-05,59.53854
보습,효능,2022-12-12,53.96736
보습,효능,2022-12-19,56.83736
보습,효능,2022-12-26,48.95891
보습,효능,2023-01-02,57.51266
보습,효능,2023-01-09,58.63815
보습,효능,2023-01-16,57.96285
보습,효능,2023-01-23,53.17951
보습,효능,2023-01-30,75.01406
보습,효능,2023-02-06,54.58638
보습,효능,2023-02-13,55.2054
보습,효능,2023-02-20,55.48677
보습,효능,2023-02-27,100
보습,효능,2023-03-06,78.39054
보습,효능,2023-03-13,78.61564
보습,효능,2023-03-20,52.95441
보습,효능,2023-03-27,64.32189
보습,효능,2023-04-03,56.49971
보습,효능,2023-04-10,56.89364
보습,효능,2023-04-17,50.64715
보습,효능,2023-04-24,46.9893
보습,효능,2023-05-01,43.10635
보습,효능,2023-05-08,55.59932
보습,효능,2023-05-15,43.2189
보습,효능,2023-05-22,41.64321
보습,효능,2023-05-29,45.24479
보습,효능,2023-06-05,44.68204
보습,효능,2023-06-12,45.41361
보습,효능,2023-06-19,50.7597
보습,효능,2023-06-26,44.00675
보습,효능,2023-07-03,41.02419
보습,효능,2023-07-10,48.95891
보습,효능,2023-07-17,40.85537
보습,효능,2023-07-24,43.2189
보습,효능,2023-07-31,45.92009
보습,효능,2023-08-07,40.574
보습,효능,2023-08-14,47.94597
보습,효능,2023-08-21,47.15813
보습,효능,2023-08-28,47.49577
보습,효능,2023-09-04,42.54361
보습,효능,2023-09-11,40.85537
보습,효능,2023-09-18,40.91164
보습,효능,2023-09-25,34.60889
보습,효능,2023-10-02,53.34833
보습,효능,2023-10-09,56.94991
보습,효능,2023-10-16,80.64153
보습,효능,2023-10-23,54.86775
보습,효능,2023-10-30,49.69048
보습,효능,2023-11-06,57.34383
보습,효능,2023-11-13,60.83286
보습,효능,2023-11-20,56.21834
보습,효능,2023-11-27,65.10973
보습,효능,2023-12-04,65.22228
보습,효능,2023-12-11,47.6646
보습,효능,2023-12-18,53.17951
보습,효능,2023-12-25,49.52166
보습,효능,2024-01-01,50.81598
보습,효능,2024-01-08,57.45638
보습,효능,2024-01-15,53.79853
보습,효능,2024-01-22,63.19639
보습,효능,2024-01-29,56.16207
보습,효능,2024-02-05,43.10635
보습,효능,2024-02-12,46.59538
보습,효능,2024-02-19,42.20596
보습,효능,2024-02-26,57.79403
보습,효능,2024-03-04,59.36972
보습,효능,2024-03-11,49.40911
보습,효능,2024-03-18,47.10185
보습,효능,2024-03-25,46.25773
보습,효능,2024-04-01,47.32695
보습,효능,2024-04-08,46.65166
보습,효능,2024-04-15,46.14518
보습,효능,2024-04-22,48.39617
보습,효능,2024-04-29,38.94203
보습,효능,2024-05-06,37.81654
보습,효능,2024-05-13,39.61733
보습,효능,2024-05-20,44.40067
보습,효능,2024-05-27,46.48283
보습,효능,2024-06-03,46.48283
보습,효능,2024-06-10,44.90714
보습,효능,2024-06-17,46.25773
보습,효능,2024-06-24,42.82498
보습,효능,2024-07-01,51.09735
보습,효능,2024-07-08,42.09341
보습,효능,2024-07-15,61.67698
보습,효능,2024-07-22,44.45694
보습,효능,2024-07-29,39.05458
보습,효능,2024-08-05,45.30106
보습,효능,2024-08-12,40.74282
보습,효능,2024-08-19,52.84186
보습,효능,2024-08-26,45.24479
보습,효능,2024-09-02,45.80754
보습,효능,2024-09-09,43.61283
보습,효능,2024-09-16,36.85987
보습,효능,2024-09-23,52.22284
보습,효능,2024-09-30,53.79853
보습,효능,2024-10-07,52.61676
보습,효능,2024-10-14,77.6027
보습,효능,2024-10-21,50.36578
보습,효능,2024-10-28,46.87675
보습,효능,2024-11-04,54.24873
보습,효능,2024-11-11,46.7642
보습,효능,2024-11-18,56.61226
보습,효능,2024-11-25,62.5211
보습,효능,2024-12-02,70.56837
보습,효능,2024-12-09,58.91952
보습,효능,2024-12-16,56.55599
보습,효능,2024-12-23,46.87675
보습,효능,2024-12-30,45.46989
보습,효능,2025-01-06,64.54698
보습,효능,2025-01-13,52.39167
보습,효능,2025-01-20,44.1193
보습,효능,2025-01-27,40.1238
보습,효능,2025-02-03,50.5346
보습,효능,2025-02-10,48.50872
보습,효능,2025-02-17,49.91558
보습,효능,2025-02-24,53.96736
보습,효능,2025-03-03,51.54755
보습,효능,2025-03-10,47.83342
보습,효능,2025-03-17,48.00225
보습,효능,2025-03-24,44.68204
보습,효능,2025-03-31,42.14969
보습,효능,2025-04-07,43.27518
보습,효능,2025-04-14,41.75576
보습,효능,2025-04-21,38.71693
보습,효능,2025-04-28,35.79065
보습,효능,2025-05-05,35.6781
보습,효능,2025-05-12,39.33595
보습,효능,2025-05-19,33.08947
보습,효능,2025-05-26,33.59594
보습,효능,2025-06-02,32.1328
보습,효능,2025-06-09,35.00281
보습,효능,2025-06-16,45.92009
보습,효능,2025-06-23,48.00225
보습,효능,2025-06-30,33.0332
보습,효능,2025-07-07,35.17163
보습,효능,2025-07-14,34.44006
보습,효능,2025-07-21,29.31907
보습,효능,2025-07-28,30.78221
보습,효능,2025-08-04,35.95948
보습,효능,2025-08-11,32.86437
보습,효능,2025-08-18,39.05458
보습,효능,2025-08-25,38.71693
보습,효능,2025-09-01,40.91164
보습,효능,2025-09-08,40.29262
보습,효능,2025-09-15,41.02419
보습,효능,2025-09-22,42.37478
보습,효능,2025-09-29,31.96398
보습,효능,2025-10-06,28.53123
보습,효능,2025-10-13,63.30894
보습,효능,2025-10-20,42.26223
보습,효능,2025-10-27,42.48733
보습,효능,2025-11-03,36.97242
보습,효능,2025-11-10,33.65222
보습,효능,2025-11-17,38.54811
보습,효능,2025-11-24,69.1615
보습,효능,2025-12-01,42.54361
보습,효능,2025-12-08,33.37084
보습,효능,2025-12-15,34.27124
보습,효능,2025-12-22,47.32695
보습,효능,2025-12-29,41.13674
보습,효능,2026-01-05,34.04614
보습,효능,2026-01-12,32.69555
보습,효능,2026-01-19,33.31457
보습,효능,2026-01-26,35.9032
보습,효능,2026-02-02,30.05064
보습,효능,2026-02-09,26.44907
보습,효능,2026-02-16,26.28024
보습,효능,2026-02-23,26.11142
보습,효능,2026-03-02,31.62633
보습,효능,2026-03-09,29.60045
보습,효능,2026-03-16,25.15475
보습,효능,2026-03-23,23.46651
보습,효능,2026-03-30,21.15925
보습,효능,2026-04-06,22.39729
보습,효능,2026-04-13,20.37141
보습,효능,2026-04-20,22.45357
보습,효능,2026-04-27,18.23297
보습,효능,2026-05-04,17.67023
보습,효능,2026-05-11,21.0467
보습,효능,2026-05-18,18.23297
보습,효능,2026-05-25,16.71356
보습,효능,2026-06-01,18.34552
보습,효능,2026-06-08,37.47889
보습,효능,2026-06-15,33.08947
보습,효능,2026-06-22,14.6314
보습,효능,2026-06-29,13.89983
보습,효능,2026-07-06,15.41924
보습,효능,2026-07-13,25.09848
보습,효능,2026-07-20,15.02532
보습,효능,2026-07-27,14.1812
보습,효능,2026-08-03,13.78728
보습,효능,2026-08-10,14.91277
보습,효능,2026-08-17,13.28081
보습,효능,2026-08-24,16.76983
보습,효능,2026-08-31,17.22003
보습,효능,2026-09-07,17.38885
보습,효능,2026-09-14,16.60101
보습,효능,2026-09-21,12.43669
보습,효능,2026-09-28,2.36353
피부트러블,효능,2020-12-28,81.65447
피부트러블,효능,2021-01-04,86.66291
피부트러블,효능,2021-01-11,84.4682
피부트러블,효능,2021-01-18,91.22115
피부트러블,효능,2021-01-25,81.99212
피부트러블,효능,2021-02-01,89.36409
피부트러블,효능,2021-02-08,85.53742
피부트러블,효능,2021-02-15,90.09566
피부트러블,효능,2021-02-22,79.12211
피부트러블,효능,2021-03-01,70.62464
피부트러블,효능,2021-03-08,71.75014
피부트러블,효능,2021-03-15,75.57681
피부트러블,효능,2021-03-22,79.45976
피부트러블,효능,2021-03-29,72.98818
피부트러블,효능,2021-04-05,75.07034
피부트러블,효능,2021-04-12,78.22172
피부트러블,효능,2021-04-19,68.59876
피부트러블,효능,2021-04-26,65.8413
피부트러블,효능,2021-05-03,67.92346
피부트러블,효능,2021-05-10,65.67248
피부트러블,효능,2021-05-17,68.09229
피부트러블,효능,2021-05-24,69.6117
피부트러블,효능,2021-05-31,67.41699
피부트러블,효능,2021-06-07,72.87563
피부트러블,효능,2021-06-14,66.0664
피부트러블,효능,2021-06-21,72.59425
피부트러블,효능,2021-06-28,59.36972
피부트러블,효능,2021-07-05,63.42149
피부트러블,효능,2021-07-12,64.15306
피부트러블,효능,2021-07-19,67.30444
피부트러블,효능,2021-07-26,72.59425
피부트러블,효능,2021-08-02,72.7068
피부트러블,효능,2021-08-09,76.58975
피부트러블,효능,2021-08-16,78.84074
피부트러블,효능,2021-08-23,76.87113
피부트러블,효능,2021-08-30,75.68936
피부트러블,효능,2021-09-06,78.67191
피부트러블,효능,2021-09-13,74.45132
피부트러블,효능,2021-09-20,90.37703
피부트러블,효능,2021-09-27,79.51603
피부트러블,효능,2021-10-04,76.08328
피부트러블,효능,2021-10-11,69.27405
피부트러블,효능,2021-10-18,75.46426
피부트러블,효능,2021-10-25,72.42543
피부트러블,효능,2021-11-01,71.69386
피부트러블,효능,2021-11-08,67.47326
피부트러블,효능,2021-11-15,66.01012
피부트러블,효능,2021-11-22,60.55149
피부트러블,효능,2021-11-29,64.88463
피부트러블,효능,2021-12-06,65.05346
피부트러블,효능,2021-12-13,60.21384
피부트러블,효능,2021-12-20,67.47326
피부트러블,효능,2021-12-27,71.80641
피부트러블,효능,2022-01-03,67.24817
피부트러블,효능,2022-01-10,69.55543
피부트러블,효능,2022-01-17,74.16994
피부트러블,효능,2022-01-24,57.68148
피부트러블,효능,2022-01-31,73.8323
피부트러블,효능,2022-02-07,65.22228
피부트러블,효능,2022-02-14,64.20934
피부트러블,효능,2022-02-21,71.41249
피부트러블,효능,2022-02-28,65.05346
피부트러블,효능,2022-03-07,71.97523
피부트러블,효능,2022-03-14,60.60776
피부트러블,효능,2022-03-21,65.05346
피부트러블,효능,2022-03-28,77.03995
피부트러블,효능,2022-04-04,73.10073
피부트러블,효능,2022-04-11,72.48171
피부트러블,효능,2022-04-18,75.91446
피부트러블,효능,2022-04-25,66.74169
피부트러블,효능,2022-05-02,72.42543
피부트러블,효능,2022-05-09,70.62464
피부트러블,효능,2022-05-16,78.89701
피부트러블,효능,2022-05-23,73.3821
피부트러블,효능,2022-05-30,70.84974
피부트러블,효능,2022-06-06,70.45582
피부트러블,효능,2022-06-13,71.07484
피부트러블,효능,2022-06-20,66.85424
피부트러블,효능,2022-06-27,68.20483
피부트러블,효능,2022-07-04,73.04445
피부트러블,효능,2022-07-11,63.30894
피부트러블,효능,2022-07-18,72.42543
피부트러블,효능,2022-07-25,72.03151
피부트러블,효능,2022-08-01,67.58581
피부트러블,효능,2022-08-08,64.09679
피부트러블,효능,2022-08-15,75.52054
피부트러블,효능,2022-08-22,68.14856
피부트러블,효능,2022-08-29,62.57737
피부트러블,효능,2022-09-05,57.68148
피부트러블,효능,2022-09-12,68.09229
피부트러블,효능,2022-09-19,61.11423
피부트러블,효능,2022-09-26,59.08835
피부트러블,효능,2022-10-03,50.02813
피부트러블,효능,2022-10-10,56.10579
피부트러블,효능,2022-10-17,58.69442
피부트러블,효능,2022-10-24,57.68148
피부트러블,효능,2022-10-31,51.88519
피부트러블,효능,2022-11-07,85.25604
피부트러블,효능,2022-11-14,97.35509
피부트러블,효능,2022-11-21,61.05796
피부트러블,효능,2022-11-28,52.95441
피부트러블,효능,2022-12-05,75.52054
피부트러블,효능,2022-12-12,71.63759
피부트러블,효능,2022-12-19,54.305
피부트러블,효능,2022-12-26,42.31851
피부트러블,효능,2023-01-02,49.24029
피부트러블,효능,2023-01-09,49.52166
피부트러블,효능,2023-01-16,54.5301
피부트러블,효능,2023-01-23,77.26505
피부트러블,효능,2023-01-30,54.19245
피부트러블,효능,2023-02-06,51.94147
피부트러블,효능,2023-02-13,63.87169
피부트러블,효능,2023-02-20,65.50365
피부트러블,효능,2023-02-27,74.78897
피부트러블,효능,2023-03-06,76.81485
피부트러블,효능,2023-03-13,79.85368
피부트러블,효능,2023-03-20,75.68936
피부트러블,효능,2023-03-27,67.64209
피부트러블,효능,2023-04-03,61.00168
피부트러블,효능,2023-04-10,60.04501
피부트러블,효능,2023-04-17,61.28306
피부트러블,효능,2023-04-24,66.96679
피부트러블,효능,2023-05-01,58.41305
피부트러블,효능,2023-05-08,61.90208
피부트러블,효능,2023-05-15,59.59482
피부트러블,효능,2023-05-22,63.64659
피부트러블,효능,2023-05-29,53.34833
피부트러블,효능,2023-06-05,60.32639
피부트러블,효능,2023-06-12,56.04952
피부트러블,효능,2023-06-19,57.06246
피부트러블,효능,2023-06-26,56.33089
피부트러블,효능,2023-07-03,59.65109
피부트러블,효능,2023-07-10,48.00225
피부트러블,효능,2023-07-17,52.44794
피부트러블,효능,2023-07-24,51.71637
피부트러블,효능,2023-07-31,50.25323
피부트러블,효능,2023-08-07,49.24029
피부트러블,효능,2023-08-14,53.34833
피부트러블,효능,2023-08-21,50.92853
피부트러블,효능,2023-08-28,49.85931
피부트러블,효능,2023-09-04,56.83736
피부트러블,효능,2023-09-11,49.18401
피부트러블,효능,2023-09-18,43.61283
피부트러블,효능,2023-09-25,45.46989
피부트러블,효능,2023-10-02,49.69048
피부트러블,효능,2023-10-09,45.80754
피부트러블,효능,2023-10-16,41.64321
피부트러블,효능,2023-10-23,48.00225
피부트러블,효능,2023-10-30,40.46145
피부트러블,효능,2023-11-06,38.82948
피부트러블,효능,2023-11-13,42.59988
피부트러블,효능,2023-11-20,37.98536
피부트러블,효능,2023-11-27,37.19752
피부트러블,효능,2023-12-04,38.54811
피부트러블,효능,2023-12-11,35.73438
피부트러블,효능,2023-12-18,33.08947
피부트러블,효능,2023-12-25,33.98987
피부트러블,효능,2024-01-01,40.63027
피부트러블,효능,2024-01-08,41.75576
피부트러블,효능,2024-01-15,40.63027
피부트러블,효능,2024-01-22,41.19302
피부트러블,효능,2024-01-29,42.54361
피부트러블,효능,2024-02-05,42.54361
피부트러블,효능,2024-02-12,44.79459
피부트러블,효능,2024-02-19,42.14969
피부트러블,효능,2024-02-26,46.93303
피부트러블,효능,2024-03-04,40.91164
피부트러블,효능,2024-03-11,40.51772
피부트러블,효능,2024-03-18,45.63871
피부트러블,효능,2024-03-25,39.27968
피부트러블,효능,2024-04-01,42.9938
피부트러블,효능,2024-04-08,48.95891
피부트러블,효능,2024-04-15,47.72087
피부트러블,효능,2024-04-22,44.23185
피부트러블,효능,2024-04-29,45.35734
피부트러블,효능,2024-05-06,43.95047
피부트러블,효능,2024-05-13,43.444
피부트러블,효능,2024-05-20,44.90714
피부트러블,효능,2024-05-27,41.13674
피부트러블,효능,2024-06-03,45.69499
피부트러블,효능,2024-06-10,43.95047
피부트러블,효능,2024-06-17,39.22341
피부트러블,효능,2024-06-24,40.3489
피부트러블,효능,2024-07-01,39.11086
피부트러블,효능,2024-07-08,37.70399
피부트러블,효능,2024-07-15,39.95498
피부트러블,효능,2024-07-22,36.74732
피부트러블,효능,2024-07-29,37.92909
피부트러블,효능,2024-08-05,35.73438
피부트러블,효능,2024-08-12,34.15869
피부트러블,효능,2024-08-19,39.50478
피부트러블,효능,2024-08-26,42.93753
피부트러블,효능,2024-09-02,39.16713
피부트러블,효능,2024-09-09,41.69949
피부트러블,효능,2024-09-16,43.78165
피부트러블,효능,2024-09-23,42.65616
피부트러블,효능,2024-09-30,40.63027
피부트러블,효능,2024-10-07,47.2144
피부트러블,효능,2024-10-14,42.20596
피부트러블,효능,2024-10-21,42.71243
피부트러블,효능,2024-10-28,43.50028
피부트러블,효능,2024-11-04,42.59988
피부트러블,효능,2024-11-11,40.74282
피부트러블,효능,2024-11-18,36.97242
피부트러블,효능,2024-11-25,33.87732
피부트러블,효능,2024-12-02,33.70849
피부트러블,효능,2024-12-09,32.8081
피부트러블,효능,2024-12-16,35.62183
피부트러블,효능,2024-12-23,31.28868
피부트러블,효능,2024-12-30,28.3624
피부트러블,효능,2025-01-06,28.92515
피부트러블,효능,2025-01-13,31.79516
피부트러블,효능,2025-01-20,30.66966
피부트러블,효능,2025-01-27,32.52673
피부트러블,효능,2025-02-03,32.1328
피부트러블,효능,2025-02-10,32.52673
피부트러블,효능,2025-02-17,37.70399
피부트러블,효능,2025-02-24,35.05908
피부트러블,효능,2025-03-03,34.83398
피부트러블,효능,2025-03-10,34.83398
피부트러블,효능,2025-03-17,36.8036
피부트러블,효능,2025-03-24,34.44006
피부트러블,효능,2025-03-31,34.60889
피부트러블,효능,2025-04-07,32.1328
피부트러블,효능,2025-04-14,34.21496
피부트러블,효능,2025-04-21,34.49634
피부트러블,효능,2025-04-28,34.32751
피부트러블,효능,2025-05-05,32.583
피부트러블,효능,2025-05-12,32.02025
피부트러블,효능,2025-05-19,31.28868
피부트러블,효능,2025-05-26,31.85143
피부트러블,효능,2025-06-02,29.37535
피부트러블,효능,2025-06-09,28.70005
피부트러블,효능,2025-06-16,32.1328
피부트러블,효능,2025-06-23,29.71299
피부트러블,효능,2025-06-30,25.54867
피부트러블,효능,2025-07-07,26.50534
피부트러블,효능,2025-07-14,27.46201
피부트러블,효능,2025-07-21,27.12436
피부트러블,효능,2025-07-28,26.78671
피부트러블,효능,2025-08-04,29.31907
피부트러블,효능,2025-08-11,36.24085
피부트러블,효능,2025-08-18,42.82498
피부트러블,효능,2025-08-25,40.51772
피부트러블,효능,2025-09-01,44.40067
피부트러블,효능,2025-09-08,42.59988
피부트러블,효능,2025-09-15,43.38773
피부트러블,효능,2025-09-22,52.27912
피부트러블,효능,2025-09-29,46.53911
피부트러블,효능,2025-10-06,57.40011
피부트러블,효능,2025-10-13,44.85087
피부트러블,효능,2025-10-20,43.10635
피부트러블,효능,2025-10-27,45.86381
피부트러블,효능,2025-11-03,46.53911
피부트러블,효능,2025-11-10,43.16263
피부트러블,효능,2025-11-17,40.74282
피부트러블,효능,2025-11-24,35.73438
피부트러블,효능,2025-12-01,33.42712
피부트러블,효능,2025-12-08,33.14575
피부트러블,효능,2025-12-15,35.62183
피부트러블,효능,2025-12-22,30.55711
피부트러블,효능,2025-12-29,32.47045
피부트러블,효능,2026-01-05,35.34046
피부트러블,효능,2026-01-12,35.9032
피부트러블,효능,2026-01-19,36.24085
피부트러블,효능,2026-01-26,35.39673
피부트러블,효능,2026-02-02,32.1328
피부트러블,효능,2026-02-09,35.11536
피부트러블,효능,2026-02-16,36.91615
피부트러블,효능,2026-02-23,33.53967
피부트러블,효능,2026-03-02,32.30163
피부트러블,효능,2026-03-09,30.27574
피부트러블,효능,2026-03-16,32.3579
피부트러블,효능,2026-03-23,35.95948
피부트러블,효능,2026-03-30,30.83849
피부트러블,효능,2026-04-06,31.9077
피부트러블,효능,2026-04-13,33.2583
피부트러블,효능,2026-04-20,30.66966
피부트러블,효능,2026-04-27,25.0422
피부트러블,효능,2026-05-04,26.11142
피부트러블,효능,2026-05-11,49.46539
피부트러블,효능,2026-05-18,52.05402
피부트러블,효능,2026-05-25,60.04501
피부트러블,효능,2026-06-01,57.8503
피부트러블,효능,2026-06-08,56.33089
피부트러블,효능,2026-06-15,54.305
피부트러블,효능,2026-06-22,42.59988
피부트러블,효능,2026-06-29,30.44456
피부트러블,효능,2026-07-06,28.5875
피부트러블,효능,2026-07-13,29.71299
피부트러블,효능,2026-07-20,28.92515
피부트러블,효능,2026-07-27,25.43612
피부트러블,효능,2026-08-03,25.32357
피부트러블,효능,2026-08-10,22.22847
피부트러블,효능,2026-08-17,26.67416
피부트러블,효능,2026-08-24,26.05514
피부트러블,효능,2026-08-31,21.0467
피부트러블,효능,2026-09-07,22.28474
피부트러블,효능,2026-09-14,23.01631
피부트러블,효능,2026-09-21,22.28474
피부트러블,효능,2026-09-28,4.55824
피지조절,효능,2020-12-28,6.23476
피지조절,효능,2021-01-04,5.32915
피지조절,효능,2021-01-11,6.0606
피지조절,효능,2021-01-18,5.43364
피지조절,효능,2021-01-25,5.5033
피지조절,효능,2021-02-01,6.75722
피지조절,효능,2021-02-08,4.80668
피지조절,효능,2021-02-15,6.65273
피지조절,효능,2021-02-22,4.66736
피지조절,효능,2021-03-01,5.22466
피지조절,효능,2021-03-08,5.71229
피지조절,효능,2021-03-15,5.81678
피지조절,효능,2021-03-22,6.6179
피지조절,효능,2021-03-29,6.0606
피지조절,효능,2021-04-05,6.02577
피지조절,효능,2021-04-12,5.64263
피지조절,효능,2021-04-19,5.85161
피지조절,효능,2021-04-26,4.66736
피지조절,효능,2021-05-03,5.6078
피지조절,효능,2021-05-10,7.21003
피지조절,효능,2021-05-17,6.86172
피지조절,효능,2021-05-24,5.99094
피지조절,효능,2021-05-31,7.41901
피지조절,효능,2021-06-07,9.12574
피지조절,효능,2021-06-14,8.84709
피지조절,효능,2021-06-21,8.46394
피지조절,효능,2021-06-28,8.98641
피지조절,효능,2021-07-05,10.03134
피지조절,효능,2021-07-12,8.84709
피지조절,효능,2021-07-19,8.56844
피지조절,효능,2021-07-26,7.94148
피지조절,효능,2021-08-02,8.01114
피지조절,효능,2021-08-09,7.69766
피지조절,효능,2021-08-16,8.53361
피지조절,효능,2021-08-23,8.6381
피지조절,효능,2021-08-30,6.5134
피지조절,효능,2021-09-06,6.96621
피지조절,효능,2021-09-13,6.68756
피지조절,효능,2021-09-20,6.89655
피지조절,효능,2021-09-27,6.0606
피지조절,효능,2021-10-04,6.23476
피지조절,효능,2021-10-11,6.33925
피지조절,효능,2021-10-18,4.45837
피지조절,효능,2021-10-25,4.56287
피지조절,효능,2021-11-01,4.56287
피지조절,효능,2021-11-08,4.42354
피지조절,효능,2021-11-15,4.17972
피지조절,효능,2021-11-22,3.44827
피지조절,효능,2021-11-29,3.37861
피지조절,효능,2021-12-06,3.30895
피지조절,효능,2021-12-13,3.97074
피지조절,효능,2021-12-20,3.37861
피지조절,효능,2021-12-27,3.13479
피지조절,효능,2022-01-03,5.01567
피지조절,효능,2022-01-10,5.01567
피지조절,효능,2022-01-17,3.93591
피지조절,효능,2022-01-24,4.42354
피지조절,효능,2022-01-31,5.67746
피지조절,효능,2022-02-07,4.31905
피지조절,효능,2022-02-14,5.22466
피지조절,효능,2022-02-21,5.29432
피지조절,효능,2022-02-28,5.39881
피지조절,효능,2022-03-07,4.0404
피지조절,효능,2022-03-14,6.68756
피지조절,효능,2022-03-21,5.43364
피지조절,효능,2022-03-28,5.12016
피지조절,효능,2022-04-04,6.09543
피지조절,효능,2022-04-11,6.5134
피지조절,효능,2022-04-18,5.99094
피지조절,효능,2022-04-25,5.88645
피지조절,효능,2022-05-02,7.00104
피지조절,효능,2022-05-09,7.14036
피지조절,효능,2022-05-16,6.96621
피지조절,효능,2022-05-23,6.79205
피지조절,효능,2022-05-30,7.27969
피지조절,효능,2022-06-06,8.95158
피지조절,효능,2022-06-13,8.95158
피지조절,효능,2022-06-20,11.49425
피지조절,효능,2022-06-27,9.99651
피지조절,효능,2022-07-04,10.90212
피지조절,효능,2022-07-11,9.82236
피지조절,효능,2022-07-18,7.97631
피지조절,효능,2022-07-25,8.32462
피지조절,효능,2022-08-01,10.90212
피지조절,효능,2022-08-08,8.91675
피지조절,효능,2022-08-15,8.67293
피지조절,효능,2022-08-22,6.5134
피지조절,효능,2022-08-29,7.31452
피지조절,효능,2022-09-05,6.47857
피지조절,효능,2022-09-12,9.16057
피지조절,효능,2022-09-19,5.67746
피지조절,효능,2022-09-26,5.71229
피지조절,효능,2022-10-03,7.00104
피지조절,효능,2022-10-10,5.36398
피지조절,효능,2022-10-17,5.18982
피지조절,효능,2022-10-24,4.31905
피지조절,효능,2022-10-31,4.80668
피지조절,효능,2022-11-07,5.74712
피지조절,효능,2022-11-14,4.42354
피지조절,효능,2022-11-21,4.77185
피지조절,효능,2022-11-28,3.69209
피지조절,효능,2022-12-05,3.97074
피지조절,효능,2022-12-12,3.65726
피지조절,효능,2022-12-19,4.00557
피지조절,효능,2022-12-26,3.97074
피지조절,효능,2023-01-02,4.35388
피지조절,효능,2023-01-09,5.36398
피지조절,효능,2023-01-16,3.62243
피지조절,효능,2023-01-23,5.18982
피지조절,효능,2023-01-30,4.77185
피지조절,효능,2023-02-06,5.18982
피지조절,효능,2023-02-13,5.57297
피지조절,효능,2023-02-20,5.6078
피지조절,효능,2023-02-27,4.94601
피지조절,효능,2023-03-06,6.19993
피지조절,효능,2023-03-13,5.57297
피지조절,효능,2023-03-20,5.57297
피지조절,효능,2023-03-27,6.02577
피지조절,효능,2023-04-03,4.66736
피지조절,효능,2023-04-10,7.31452
피지조절,효능,2023-04-17,5.81678
피지조절,효능,2023-04-24,5.25949
피지조절,효능,2023-05-01,5.57297
피지조절,효능,2023-05-08,5.67746
피지조절,효능,2023-05-15,7.38418
피지조절,효능,2023-05-22,5.78195
피지조절,효능,2023-05-29,7.14036
피지조절,효능,2023-06-05,6.68756
피지조절,효능,2023-06-12,6.75722
피지조절,효능,2023-06-19,7.48867
피지조절,효능,2023-06-26,8.22013
피지조절,효능,2023-07-03,7.80215
피지조절,효능,2023-07-10,9.57854
피지조절,효능,2023-07-17,7.94148
피지조절,효능,2023-07-24,7.80215
피지조절,효능,2023-07-31,7.38418
피지조절,효능,2023-08-07,6.58307
피지조절,효능,2023-08-14,7.76732
피지조절,효능,2023-08-21,6.5134
피지조절,효능,2023-08-28,5.81678
피지조절,효능,2023-09-04,7.00104
피지조절,효능,2023-09-11,6.40891
피지조절,효능,2023-09-18,6.23476
피지조절,효능,2023-09-25,5.39881
피지조절,효능,2023-10-02,4.70219
피지조절,효능,2023-10-09,5.43364
피지조절,효능,2023-10-16,5.29432
피지조절,효능,2023-10-23,5.53814
피지조절,효능,2023-10-30,5.32915
피지조절,효능,2023-11-06,4.38871
피지조절,효능,2023-11-13,3.06513
피지조절,효능,2023-11-20,3.37861
피지조절,효능,2023-11-27,3.5876
피지조절,효능,2023-12-04,3.34378
피지조절,효능,2023-12-11,4.17972
피지조절,효능,2023-12-18,2.89097
피지조절,효능,2023-12-25,3.51793
피지조절,효능,2024-01-01,3.55276
피지조절,효능,2024-01-08,4.42354
피지조절,효능,2024-01-15,3.79658
피지조절,효능,2024-01-22,4.28422
피지조절,효능,2024-01-29,4.70219
피지조절,효능,2024-02-05,5.29432
피지조절,효능,2024-02-12,5.78195
피지조절,효능,2024-02-19,5.67746
피지조절,효능,2024-02-26,5.78195
피지조절,효능,2024-03-04,3.30895
피지조절,효능,2024-03-11,3.86624
피지조절,효능,2024-03-18,3.93591
피지조절,효능,2024-03-25,4.87634
피지조절,효능,2024-04-01,5.36398
피지조절,효능,2024-04-08,6.13026
피지조절,효능,2024-04-15,6.75722
피지조절,효능,2024-04-22,6.47857
피지조절,효능,2024-04-29,6.02577
피지조절,효능,2024-05-06,6.54824
피지조절,효능,2024-05-13,5.71229
피지조절,효능,2024-05-20,7.10553
피지조절,효능,2024-05-27,5.88645
피지조절,효능,2024-06-03,6.23476
피지조절,효능,2024-06-10,8.04597
피지조절,효능,2024-06-17,7.00104
피지조절,효능,2024-06-24,6.72239
피지조절,효능,2024-07-01,9.26506
피지조절,효능,2024-07-08,8.15047
피지조절,효능,2024-07-15,8.95158
피지조절,효능,2024-07-22,9.26506
피지조절,효능,2024-07-29,9.75269
피지조절,효능,2024-08-05,8.35945
피지조절,효능,2024-08-12,7.48867
피지조절,효능,2024-08-19,7.73249
피지조절,효능,2024-08-26,7.38418
피지조절,효능,2024-09-02,5.36398
피지조절,효능,2024-09-09,6.89655
피지조절,효능,2024-09-16,7.76732
피지조절,효능,2024-09-23,6.54824
피지조절,효능,2024-09-30,5.25949
피지조절,효능,2024-10-07,5.57297
피지조절,효능,2024-10-14,6.75722
피지조절,효능,2024-10-21,4.98084
피지조절,효능,2024-10-28,4.38871
피지조절,효능,2024-11-04,3.83141
피지조절,효능,2024-11-11,3.44827
피지조절,효능,2024-11-18,3.79658
피지조절,효능,2024-11-25,3.41344
피지조절,효능,2024-12-02,3.20445
피지조절,효능,2024-12-09,3.0303
피지조절,효능,2024-12-16,3.37861
피지조절,효능,2024-12-23,2.68199
피지조절,효능,2024-12-30,2.89097
피지조절,효능,2025-01-06,3.62243
피지조절,효능,2025-01-13,3.09996
피지조절,효능,2025-01-20,3.69209
피지조절,효능,2025-01-27,3.83141
피지조절,효능,2025-02-03,3.0303
피지조절,효능,2025-02-10,3.27412
피지조절,효능,2025-02-17,3.16962
피지조절,효능,2025-02-24,3.79658
피지조절,효능,2025-03-03,3.09996
피지조절,효능,2025-03-10,3.41344
피지조절,효능,2025-03-17,3.30895
피지조절,효능,2025-03-24,4.14489
피지조절,효능,2025-03-31,2.89097
피지조절,효능,2025-04-07,3.4831
피지조절,효능,2025-04-14,4.11006
피지조절,효능,2025-04-21,3.90107
피지조절,효능,2025-04-28,3.55276
피지조절,효능,2025-05-05,3.30895
피지조절,효능,2025-05-12,5.39881
피지조절,효능,2025-05-19,4.4932
피지조절,효능,2025-05-26,4.4932
피지조절,효능,2025-06-02,4.52803
피지조절,효능,2025-06-09,5.5033
피지조절,효능,2025-06-16,4.87634
피지조절,효능,2025-06-23,5.01567
피지조절,효능,2025-06-30,5.22466
피지조절,효능,2025-07-07,4.14489
피지조절,효능,2025-07-14,5.22466
피지조절,효능,2025-07-21,4.73702
피지조절,효능,2025-07-28,3.93591
피지조절,효능,2025-08-04,4.28422
피지조절,효능,2025-08-11,5.15499
피지조절,효능,2025-08-18,4.87634
피지조절,효능,2025-08-25,4.80668
피지조절,효능,2025-09-01,5.67746
피지조절,효능,2025-09-08,3.86624
피지조절,효능,2025-09-15,4.35388
피지조절,효능,2025-09-22,3.55276
피지조절,효능,2025-09-29,3.83141
피지조절,효능,2025-10-06,4.21455
피지조절,효능,2025-10-13,3.51793
피지조절,효능,2025-10-20,2.68199
피지조절,효능,2025-10-27,2.05503
피지조절,효능,2025-11-03,3.13479
피지조절,효능,2025-11-10,1.67189
피지조절,효능,2025-11-17,1.77638
피지조절,효능,2025-11-24,1.77638
피지조절,효능,2025-12-01,2.40334
피지조절,효능,2025-12-08,1.88087
피지조절,효능,2025-12-15,1.88087
피지조절,효능,2025-12-22,1.56739
피지조절,효능,2025-12-29,1.14942
피지조절,효능,2026-01-05,0.87077
피지조절,효능,2026-01-12,1.21908
피지조절,효능,2026-01-19,1.9157
피지조절,효능,2026-01-26,0.87077
피지조절,효능,2026-02-02,1.11459
피지조절,효능,2026-02-09,1.04493
피지조절,효능,2026-02-16,1.84604
피지조절,효능,2026-02-23,1.60222
피지조절,효능,2026-03-02,1.67189
피지조절,효능,2026-03-09,1.0101
피지조절,효능,2026-03-16,1.07976
피지조절,효능,2026-03-23,1.25391
피지조절,효능,2026-03-30,1.25391
피지조절,효능,2026-04-06,1.53256
피지조절,효능,2026-04-13,1.32358
피지조절,효능,2026-04-20,1.28874
피지조절,효능,2026-04-27,1.18425
피지조절,효능,2026-05-04,0.80111
피지조절,효능,2026-05-11,1.74155
피지조절,효능,2026-05-18,1.04493
피지조절,효능,2026-05-25,2.12469
피지조절,효능,2026-06-01,1.60222
피지조절,효능,2026-06-08,1.84604
피지조절,효능,2026-06-15,1.95053
피지조절,효능,2026-06-22,1.60222
피지조절,효능,2026-06-29,2.05503
피지조절,효능,2026-07-06,2.22918
피지조절,효능,2026-07-13,1.63706
피지조절,효능,2026-07-20,2.29885
피지조절,효능,2026-07-27,1.42807
피지조절,효능,2026-08-03,1.35841
피지조절,효능,2026-08-10,1.18425
피지조절,효능,2026-08-17,1.49773
피지조절,효능,2026-08-24,1.14942
피지조절,효능,2026-08-31,1.39324
피지조절,효능,2026-09-07,0.80111
피지조절,효능,2026-09-14,0.97526
피지조절,효능,2026-09-21,0.73145
피지조절,효능,2026-09-28,0.34831
안면홍조,효능,2020-12-28,51.16684
안면홍조,효능,2021-01-04,64.75095
안면홍조,효능,2021-01-11,57.36677
안면홍조,효능,2021-01-18,55.17241
안면홍조,효능,2021-01-25,51.44548
안면홍조,효능,2021-02-01,59.45663
안면홍조,효능,2021-02-08,51.82863
안면홍조,효능,2021-02-15,64.71612
안면홍조,효능,2021-02-22,58.79484
안면홍조,효능,2021-03-01,52.73423
안면홍조,효능,2021-03-08,57.92406
안면홍조,효능,2021-03-15,54.78927
안면홍조,효능,2021-03-22,59.38697
안면홍조,효능,2021-03-29,47.61407
안면홍조,효능,2021-04-05,50.01741
안면홍조,효능,2021-04-12,49.49494
안면홍조,효능,2021-04-19,50.71403
안면홍조,효능,2021-04-26,44.0613
안면홍조,효능,2021-05-03,40.05572
안면홍조,효능,2021-05-10,41.10066
안면홍조,효능,2021-05-17,33.89063
안면홍조,효능,2021-05-24,39.01079
안면홍조,효능,2021-05-31,42.28491
안면홍조,효능,2021-06-07,41.76245
안면홍조,효능,2021-06-14,36.18948
안면홍조,효능,2021-06-21,36.18948
안면홍조,효능,2021-06-28,33.85579
안면홍조,효능,2021-07-05,32.42772
안면홍조,효능,2021-07-12,38.55799
안면홍조,효능,2021-07-19,33.33333
안면홍조,효능,2021-07-26,35.38836
안면홍조,효능,2021-08-02,34.3086
안면홍조,효능,2021-08-09,33.40299
안면홍조,효능,2021-08-16,33.33333
안면홍조,효능,2021-08-23,35.24904
안면홍조,효능,2021-08-30,33.71647
안면홍조,효능,2021-09-06,37.3389
안면홍조,효능,2021-09-13,39.56809
안면홍조,효능,2021-09-20,48.97248
안면홍조,효능,2021-09-27,56.25217
안면홍조,효능,2021-10-04,52.45559
안면홍조,효능,2021-10-11,59.21281
안면홍조,효능,2021-10-18,76.45419
안면홍조,효능,2021-10-25,65.65656
안면홍조,효능,2021-11-01,65.90038
안면홍조,효능,2021-11-08,75.47892
안면홍조,효능,2021-11-15,70.35876
안면홍조,효능,2021-11-22,81.12156
안면홍조,효능,2021-11-29,83.14176
안면홍조,효능,2021-12-06,77.32497
안면홍조,효능,2021-12-13,84.29118
안면홍조,효능,2021-12-20,84.56983
안면홍조,효능,2021-12-27,95.15848
안면홍조,효능,2022-01-03,100
안면홍조,효능,2022-01-10,99.3382
안면홍조,효능,2022-01-17,99.75618
안면홍조,효능,2022-01-24,83.35074
안면홍조,효능,2022-01-31,89.65517
안면홍조,효능,2022-02-07,89.27203
안면홍조,효능,2022-02-14,78.99686
안면홍조,효능,2022-02-21,85.44061
안면홍조,효능,2022-02-28,68.72169
안면홍조,효능,2022-03-07,58.76001
안면홍조,효능,2022-03-14,51.48032
안면홍조,효능,2022-03-21,63.18355
안면홍조,효능,2022-03-28,65.13409
안면홍조,효능,2022-04-04,67.1543
안면홍조,효능,2022-04-11,69.97561
안면홍조,효능,2022-04-18,74.85196
안면홍조,효능,2022-04-25,64.43747
안면홍조,효능,2022-05-02,64.78578
안면홍조,효능,2022-05-09,64.82061
안면홍조,효능,2022-05-16,60.39707
안면홍조,효능,2022-05-23,54.19714
안면홍조,효능,2022-05-30,50.43538
안면홍조,효능,2022-06-06,51.132
안면홍조,효능,2022-06-13,64.08916
안면홍조,효능,2022-06-20,68.65203
안면홍조,효능,2022-06-27,55.13758
안면홍조,효능,2022-07-04,53.39602
안면홍조,효능,2022-07-11,50.08707
안면홍조,효능,2022-07-18,47.40508
안면홍조,효능,2022-07-25,50.81853
안면홍조,효능,2022-08-01,47.92755
안면홍조,효능,2022-08-08,45.0714
안면홍조,효능,2022-08-15,46.42981
안면홍조,효능,2022-08-22,45.03657
안면홍조,효능,2022-08-29,47.02194
안면홍조,효능,2022-09-05,44.09613
안면홍조,효능,2022-09-12,47.37025
안면홍조,효능,2022-09-19,37.19958
안면홍조,효능,2022-09-26,35.52769
안면홍조,효능,2022-10-03,31.38279
안면홍조,효능,2022-10-10,44.61859
안면홍조,효능,2022-10-17,41.72762
안면홍조,효능,2022-10-24,39.04562
안면홍조,효능,2022-10-31,44.40961
안면홍조,효능,2022-11-07,46.56913
안면홍조,효능,2022-11-14,44.27028
안면홍조,효능,2022-11-21,44.30512
안면홍조,효능,2022-11-28,52.00278
안면홍조,효능,2022-12-05,56.87913
안면홍조,효능,2022-12-12,53.32636
안면홍조,효능,2022-12-19,53.95332
안면홍조,효능,2022-12-26,57.81957
안면홍조,효능,2023-01-02,57.81957
안면홍조,효능,2023-01-09,56.32183
안면홍조,효능,2023-01-16,62.62626
안면홍조,효능,2023-01-23,68.30372
안면홍조,효능,2023-01-30,77.22048
안면홍조,효능,2023-02-06,74.74747
안면홍조,효능,2023-02-13,77.67328
안면홍조,효능,2023-02-20,79.41483
안면홍조,효능,2023-02-27,76.62835
안면홍조,효능,2023-03-06,71.99582
안면홍조,효능,2023-03-13,76.07105
안면홍조,효능,2023-03-20,69.80146
안면홍조,효능,2023-03-27,74.74747
안면홍조,효능,2023-04-03,64.26332
안면홍조,효능,2023-04-10,69.69696
안면홍조,효능,2023-04-17,61.82514
안면홍조,효능,2023-04-24,58.69035
안면홍조,효능,2023-05-01,54.75444
안면홍조,효능,2023-05-08,58.34204
안면홍조,효능,2023-05-15,53.814
안면홍조,효능,2023-05-22,45.83768
안면홍조,효능,2023-05-29,43.0512
안면홍조,효능,2023-06-05,42.9467
안면홍조,효능,2023-06-12,44.33995
안면홍조,효능,2023-06-19,39.9164
안면홍조,효능,2023-06-26,38.52316
안면홍조,효능,2023-07-03,33.43782
안면홍조,효능,2023-07-10,32.95019
안면홍조,효능,2023-07-17,32.60188
안면홍조,효능,2023-07-24,32.60188
안면홍조,효능,2023-07-31,29.22326
안면홍조,효능,2023-08-07,30.30303
안면홍조,효능,2023-08-14,32.42772
안면홍조,효능,2023-08-21,32.77603
안면홍조,효능,2023-08-28,30.721
안면홍조,효능,2023-09-04,29.88505
안면홍조,효능,2023-09-11,30.26819
안면홍조,효능,2023-09-18,28.17833
안면홍조,효능,2023-09-25,27.37722
안면홍조,효능,2023-10-02,40.29954
안면홍조,효능,2023-10-09,35.80633
안면홍조,효능,2023-10-16,38.76698
안면홍조,효능,2023-10-23,41.55346
안면홍조,효능,2023-10-30,40.29954
안면홍조,효능,2023-11-06,42.18042
안면홍조,효능,2023-11-13,62.73075
안면홍조,효능,2023-11-20,53.11738
안면홍조,효능,2023-11-27,56.8443
안면홍조,효능,2023-12-04,54.58028
안면홍조,효능,2023-12-11,45.97701
안면홍조,효능,2023-12-18,61.96447
안면홍조,효능,2023-12-25,48.48484
안면홍조,효능,2024-01-01,52.17694
안면홍조,효능,2024-01-08,60.29258
안면홍조,효능,2024-01-15,63.14872
안면홍조,효능,2024-01-22,68.79136
안면홍조,효능,2024-01-29,66.84082
안면홍조,효능,2024-02-05,59.56112
안면홍조,효능,2024-02-12,64.61163
안면홍조,효능,2024-02-19,63.49703
안면홍조,효능,2024-02-26,76.73284
안면홍조,효능,2024-03-04,77.98676
안면홍조,효능,2024-03-11,75.26994
안면홍조,효능,2024-03-18,70.95088
안면홍조,효능,2024-03-25,60.71055
안면홍조,효능,2024-04-01,58.34204
안면홍조,효능,2024-04-08,59.14315
안면홍조,효능,2024-04-15,53.50052
안면홍조,효능,2024-04-22,48.93765
안면홍조,효능,2024-04-29,40.29954
안면홍조,효능,2024-05-06,40.96133
안면홍조,효능,2024-05-13,41.03099
안면홍조,효능,2024-05-20,41.69278
안면홍조,효능,2024-05-27,39.98606
안면홍조,효능,2024-06-03,37.58272
안면홍조,효능,2024-06-10,37.51306
안면홍조,효능,2024-06-17,34.83106
안면홍조,효능,2024-06-24,33.26367
안면홍조,효능,2024-07-01,32.7412
안면홍조,효능,2024-07-08,30.89515
안면홍조,효능,2024-07-15,30.1637
안면홍조,효능,2024-07-22,31.45245
안면홍조,효능,2024-07-29,30.89515
안면홍조,효능,2024-08-05,33.08951
안면홍조,효능,2024-08-12,31.10414
안면홍조,효능,2024-08-19,32.14907
안면홍조,효능,2024-08-26,30.05921
안면홍조,효능,2024-09-02,30.33786
안면홍조,효능,2024-09-09,28.42215
안면홍조,효능,2024-09-16,28.24799
안면홍조,효능,2024-09-23,31.10414
안면홍조,효능,2024-09-30,30.30303
안면홍조,효능,2024-10-07,33.26367
안면홍조,효능,2024-10-14,31.59177
안면홍조,효능,2024-10-21,38.83664
안면홍조,효능,2024-10-28,36.15464
안면홍조,효능,2024-11-04,41.30964
안면홍조,효능,2024-11-11,40.57819
안면홍조,효능,2024-11-18,49.32079
안면홍조,효능,2024-11-25,46.56913
안면홍조,효능,2024-12-02,45.5242
안면홍조,효능,2024-12-09,52.35109
안면홍조,효능,2024-12-16,50.85336
안면홍조,효능,2024-12-23,45.03657
안면홍조,효능,2024-12-30,43.78265
안면홍조,효능,2025-01-06,54.89376
안면홍조,효능,2025-01-13,57.99373
안면홍조,효능,2025-01-20,53.39602
안면홍조,효능,2025-01-27,50.71403
안면홍조,효능,2025-02-03,65.90038
안면홍조,효능,2025-02-10,59.28247
안면홍조,효능,2025-02-17,63.14872
안면홍조,효능,2025-02-24,60.11842
안면홍조,효능,2025-03-03,62.17345
안면홍조,효능,2025-03-10,61.72065
안면홍조,효능,2025-03-17,67.57227
안면홍조,효능,2025-03-24,50.40055
안면홍조,효능,2025-03-31,57.05329
안면홍조,효능,2025-04-07,49.1118
안면홍조,효능,2025-04-14,55.45106
안면홍조,효능,2025-04-21,41.44897
안면홍조,효능,2025-04-28,36.64228
안면홍조,효능,2025-05-05,39.98606
안면홍조,효능,2025-05-12,41.03099
안면홍조,효능,2025-05-19,36.36363
안면홍조,효능,2025-05-26,36.7816
안면홍조,효능,2025-06-02,33.08951
안면홍조,효능,2025-06-09,33.57715
안면홍조,효능,2025-06-16,28.94461
안면홍조,효능,2025-06-23,29.11877
안면홍조,효능,2025-06-30,30.44235
안면홍조,효능,2025-07-07,27.20306
안면홍조,효능,2025-07-14,20.72448
안면홍조,효능,2025-07-21,23.37164
안면홍조,효능,2025-07-28,21.07279
안면홍조,효능,2025-08-04,21.80424
안면홍조,효능,2025-08-11,17.17171
안면홍조,효능,2025-08-18,22.08289
안면홍조,효능,2025-08-25,22.57053
안면홍조,효능,2025-09-01,21.69975
안면홍조,효능,2025-09-08,18.04249
안면홍조,효능,2025-09-15,20.72448
안면홍조,효능,2025-09-22,16.71891
안면홍조,효능,2025-09-29,16.57958
안면홍조,효능,2025-10-06,18.63462
안면홍조,효능,2025-10-13,23.02333
안면홍조,효능,2025-10-20,26.15813
안면홍조,효능,2025-10-27,28.24799
안면홍조,효능,2025-11-03,28.90978
안면홍조,효능,2025-11-10,28.38732
안면홍조,효능,2025-11-17,32.25357
안면홍조,효능,2025-11-24,31.55694
안면홍조,효능,2025-12-01,34.8659
안면홍조,효능,2025-12-08,39.25461
안면홍조,효능,2025-12-15,40.16022
안면홍조,효능,2025-12-22,37.93103
안면홍조,효능,2025-12-29,42.63322
안면홍조,효능,2026-01-05,44.37478
안면홍조,효능,2026-01-12,44.30512
안면홍조,효능,2026-01-19,44.37478
안면홍조,효능,2026-01-26,46.74329
안면홍조,효능,2026-02-02,47.75339
안면홍조,효능,2026-02-09,45.87251
안면홍조,효능,2026-02-16,41.72762
안면홍조,효능,2026-02-23,46.88261
안면홍조,효능,2026-03-02,39.60292
안면홍조,효능,2026-03-09,42.63322
안면홍조,효능,2026-03-16,47.19609
안면홍조,효능,2026-03-23,39.70741
안면홍조,효능,2026-03-30,35.17938
안면홍조,효능,2026-04-06,38.31417
안면홍조,효능,2026-04-13,38.69731
안면홍조,효능,2026-04-20,30.19853
안면홍조,효능,2026-04-27,26.54127
안면홍조,효능,2026-05-04,25.21769
안면홍조,효능,2026-05-11,22.5357
안면홍조,효능,2026-05-18,24.52107
안면홍조,효능,2026-05-25,20.44583
안면홍조,효능,2026-06-01,18.35597
안면홍조,효능,2026-06-08,17.27621
안면홍조,효능,2026-06-15,20.16718
안면홍조,효능,2026-06-22,16.78857
안면홍조,효능,2026-06-29,20.20202
안면홍조,효능,2026-07-06,18.04249
안면홍조,효능,2026-07-13,16.61442
안면홍조,효능,2026-07-20,19.67955
안면홍조,효능,2026-07-27,14.10658
안면홍조,효능,2026-08-03,13.40996
안면홍조,효능,2026-08-10,13.65377
안면홍조,효능,2026-08-17,14.8032
안면홍조,효능,2026-08-24,12.6785
안면홍조,효능,2026-08-31,11.7729
안면홍조,효능,2026-09-07,11.63357
안면홍조,효능,2026-09-14,13.2358
안면홍조,효능,2026-09-21,10.97178
안면홍조,효능,2026-09-28,1.98537
피부재생,효능,2020-12-28,16.75374
피부재생,효능,2021-01-04,18.07732
피부재생,효능,2021-01-11,17.58969
피부재생,효능,2021-01-18,18.04249
피부재생,효능,2021-01-25,18.21664
피부재생,효능,2021-02-01,17.31104
피부재생,효능,2021-02-08,15.84813
피부재생,효능,2021-02-15,18.59979
피부재생,효능,2021-02-22,15.95262
피부재생,효능,2021-03-01,14.10658
피부재생,효능,2021-03-08,15.74364
피부재생,효능,2021-03-15,18.98293
피부재생,효능,2021-03-22,16.92789
피부재생,효능,2021-03-29,16.71891
피부재생,효능,2021-04-05,16.68408
피부재생,효능,2021-04-12,15.60431
피부재생,효능,2021-04-19,15.84813
피부재생,효능,2021-04-26,16.12678
피부재생,효능,2021-05-03,14.97735
피부재생,효능,2021-05-10,15.29083
피부재생,효능,2021-05-17,14.83803
피부재생,효능,2021-05-24,14.59421
피부재생,효능,2021-05-31,16.96273
피부재생,효능,2021-06-07,15.32567
피부재생,효능,2021-06-14,14.00208
피부재생,효능,2021-06-21,16.61442
피부재생,효능,2021-06-28,13.93242
피부재생,효능,2021-07-05,18.42563
피부재생,효능,2021-07-12,17.31104
피부재생,효능,2021-07-19,14.87286
피부재생,효능,2021-07-26,14.87286
피부재생,효능,2021-08-02,13.93242
피부재생,효능,2021-08-09,16.05712
피부재생,효능,2021-08-16,16.12678
피부재생,효능,2021-08-23,18.42563
피부재생,효능,2021-08-30,16.09195
피부재생,효능,2021-09-06,17.06722
피부재생,효능,2021-09-13,16.47509
피부재생,효능,2021-09-20,14.73354
피부재생,효능,2021-09-27,14.07175
피부재생,효능,2021-10-04,13.2358
피부재생,효능,2021-10-11,15.46499
피부재생,효능,2021-10-18,13.47962
피부재생,효능,2021-10-25,14.87286
피부재생,효능,2021-11-01,14.76837
피부재생,효능,2021-11-08,13.89759
피부재생,효능,2021-11-15,14.76837
피부재생,효능,2021-11-22,13.30546
피부재생,효능,2021-11-29,12.29536
피부재생,효능,2021-12-06,13.89759
피부재생,효능,2021-12-13,12.85266
피부재생,효능,2021-12-20,13.09648
피부재생,효능,2021-12-27,13.47962
피부재생,효능,2022-01-03,15.3605
피부재생,효능,2022-01-10,16.47509
피부재생,효능,2022-01-17,15.53465
피부재생,효능,2022-01-24,13.96725
피부재생,효능,2022-01-31,16.16161
피부재생,효능,2022-02-07,15.49982
피부재생,효능,2022-02-14,14.17624
피부재생,효능,2022-02-21,15.49982
피부재생,효능,2022-02-28,14.48972
피부재생,효능,2022-03-07,13.16614
피부재생,효능,2022-03-14,14.38523
피부재생,효능,2022-03-21,14.97735
피부재생,효능,2022-03-28,14.62904
피부재생,효능,2022-04-04,16.50992
피부재생,효능,2022-04-11,19.08742
피부재생,효능,2022-04-18,18.14698
피부재생,효능,2022-04-25,18.49529
피부재생,효능,2022-05-02,16.92789
피부재생,효능,2022-05-09,16.02229
피부재생,효능,2022-05-16,17.10205
피부재생,효능,2022-05-23,15.84813
피부재생,효능,2022-05-30,15.29083
피부재생,효능,2022-06-06,15.46499
피부재생,효능,2022-06-13,15.04702
피부재생,효능,2022-06-20,14.87286
피부재생,효능,2022-06-27,15.63915
피부재생,효능,2022-07-04,14.21107
피부재생,효능,2022-07-11,14.55938
피부재생,효능,2022-07-18,16.61442
피부재생,효능,2022-07-25,14.69871
피부재생,효능,2022-08-01,17.06722
피부재생,효능,2022-08-08,16.57958
피부재생,효능,2022-08-15,15.3605
피부재생,효능,2022-08-22,16.2661
피부재생,효능,2022-08-29,16.19644
피부재생,효능,2022-09-05,14.48972
피부재생,효능,2022-09-12,16.64925
피부재생,효능,2022-09-19,16.05712
피부재생,효능,2022-09-26,15.74364
피부재생,효능,2022-10-03,14.28073
피부재생,효능,2022-10-10,14.55938
피부재생,효능,2022-10-17,13.61894
피부재생,효능,2022-10-24,14.00208
피부재생,효능,2022-10-31,15.53465
피부재생,효능,2022-11-07,13.61894
피부재생,효능,2022-11-14,14.69871
피부재생,효능,2022-11-21,15.39533
피부재생,효능,2022-11-28,13.34029
피부재생,효능,2022-12-05,13.54928
피부재생,효능,2022-12-12,12.85266
피부재생,효능,2022-12-19,12.95715
피부재생,효능,2022-12-26,13.54928
피부재생,효능,2023-01-02,14.00208
피부재생,효능,2023-01-09,14.03692
피부재생,효능,2023-01-16,15.67398
피부재생,효능,2023-01-23,15.8133
피부재생,효능,2023-01-30,15.18634
피부재생,효능,2023-02-06,13.86276
피부재생,효능,2023-02-13,15.70881
피부재생,효능,2023-02-20,14.48972
피부재생,효능,2023-02-27,16.47509
피부재생,효능,2023-03-06,16.30094
피부재생,효능,2023-03-13,16.40543
피부재생,효능,2023-03-20,15.11668
피부재생,효능,2023-03-27,16.3706
피부재생,효능,2023-04-03,16.02229
피부재생,효능,2023-04-10,13.37513
피부재생,효능,2023-04-17,13.89759
피부재생,효능,2023-04-24,13.20097
피부재생,효능,2023-05-01,15.01219
피부재생,효능,2023-05-08,17.41553
피부재생,효능,2023-05-15,14.83803
피부재생,효능,2023-05-22,14.31556
피부재생,효능,2023-05-29,12.43469
피부재생,효능,2023-06-05,15.04702
피부재생,효능,2023-06-12,13.09648
피부재생,효능,2023-06-19,13.7931
피부재생,효능,2023-06-26,13.37513
피부재생,효능,2023-07-03,14.03692
피부재생,효능,2023-07-10,13.82793
피부재생,효능,2023-07-17,13.89759
피부재생,효능,2023-07-24,12.81783
피부재생,효능,2023-07-31,14.69871
피부재생,효능,2023-08-07,13.96725
피부재생,효능,2023-08-14,14.14141
피부재생,효능,2023-08-21,13.82793
피부재생,효능,2023-08-28,13.47962
피부재생,효능,2023-09-04,14.8032
피부재생,효능,2023-09-11,13.75827
피부재생,효능,2023-09-18,12.783
피부재생,효능,2023-09-25,11.45942
피부재생,효능,2023-10-02,12.71334
피부재생,효능,2023-10-09,12.29536
피부재생,효능,2023-10-16,12.43469
피부재생,효능,2023-10-23,13.02681
피부재생,효능,2023-10-30,12.71334
피부재생,효능,2023-11-06,11.2156
피부재생,효능,2023-11-13,11.98188
피부재생,효능,2023-11-20,12.783
피부재생,효능,2023-11-27,10.93695
피부재생,효능,2023-12-04,10.06617
피부재생,효능,2023-12-11,11.14594
피부재생,효능,2023-12-18,11.91222
피부재생,효능,2023-12-25,11.7729
피부재생,효능,2024-01-01,15.3605
피부재생,효능,2024-01-08,15.46499
피부재생,효능,2024-01-15,17.55485
피부재생,효능,2024-01-22,17.13688
피부재생,효능,2024-01-29,17.69418
피부재생,효능,2024-02-05,11.42459
피부재생,효능,2024-02-12,13.30546
피부재생,효능,2024-02-19,13.06165
피부재생,효능,2024-02-26,11.63357
피부재생,효능,2024-03-04,17.65935
피부재생,효능,2024-03-11,18.14698
피부재생,효능,2024-03-18,16.68408
피부재생,효능,2024-03-25,15.39533
피부재생,효능,2024-04-01,16.09195
피부재생,효능,2024-04-08,17.65935
피부재생,효능,2024-04-15,17.55485
피부재생,효능,2024-04-22,15.08185
피부재생,효능,2024-04-29,12.85266
피부재생,효능,2024-05-06,14.8032
피부재생,효능,2024-05-13,14.90769
피부재생,효능,2024-05-20,17.65935
피부재생,효능,2024-05-27,16.8234
피부재생,효능,2024-06-03,15.256
피부재생,효능,2024-06-10,17.27621
피부재생,효능,2024-06-17,17.3807
피부재생,효능,2024-06-24,17.41553
피부재생,효능,2024-07-01,15.32567
피부재생,효능,2024-07-08,14.17624
피부재생,효능,2024-07-15,15.46499
피부재생,효능,2024-07-22,15.256
피부재생,효능,2024-07-29,14.03692
피부재생,효능,2024-08-05,14.59421
피부재생,효능,2024-08-12,14.28073
피부재생,효능,2024-08-19,13.20097
피부재생,효능,2024-08-26,15.256
피부재생,효능,2024-09-02,14.52455
피부재생,효능,2024-09-09,14.07175
피부재생,효능,2024-09-16,11.98188
피부재생,효능,2024-09-23,18.04249
피부재생,효능,2024-09-30,15.11668
피부재생,효능,2024-10-07,15.3605
피부재생,효능,2024-10-14,15.15151
피부재생,효능,2024-10-21,13.2358
피부재생,효능,2024-10-28,13.89759
피부재생,효능,2024-11-04,13.44479
피부재생,효능,2024-11-11,15.08185
피부재생,효능,2024-11-18,13.86276
피부재생,효능,2024-11-25,13.40996
피부재생,효능,2024-12-02,15.39533
피부재생,효능,2024-12-09,13.82793
피부재생,효능,2024-12-16,13.44479
피부재생,효능,2024-12-23,13.20097
피부재생,효능,2024-12-30,14.10658
피부재생,효능,2025-01-06,14.8032
피부재생,효능,2025-01-13,14.59421
피부재생,효능,2025-01-20,13.96725
피부재생,효능,2025-01-27,15.77847
피부재생,효능,2025-02-03,14.48972
피부재생,효능,2025-02-10,13.72344
피부재생,효능,2025-02-17,14.31556
피부재생,효능,2025-02-24,16.02229
피부재생,효능,2025-03-03,13.72344
피부재생,효능,2025-03-10,16.02229
피부재생,효능,2025-03-17,17.34587
피부재생,효능,2025-03-24,15.63915
피부재생,효능,2025-03-31,16.09195
피부재생,효능,2025-04-07,15.22117
피부재생,효능,2025-04-14,14.97735
피부재생,효능,2025-04-21,15.15151
피부재생,효능,2025-04-28,13.44479
피부재생,효능,2025-05-05,12.71334
피부재생,효능,2025-05-12,12.08638
피부재생,효능,2025-05-19,12.99198
피부재생,효능,2025-05-26,13.89759
피부재생,효능,2025-06-02,12.12121
피부재생,효능,2025-06-09,14.42006
피부재생,효능,2025-06-16,12.71334
피부재생,효능,2025-06-23,13.7931
피부재생,효능,2025-06-30,12.92232
피부재생,효능,2025-07-07,12.01671
피부재생,효능,2025-07-14,9.89202
피부재생,효능,2025-07-21,8.98641
피부재생,효능,2025-07-28,7.34935
피부재생,효능,2025-08-04,8.56844
피부재생,효능,2025-08-11,6.93138
피부재생,효능,2025-08-18,7.21003
피부재생,효능,2025-08-25,8.1853
피부재생,효능,2025-09-01,7.59317
피부재생,효능,2025-09-08,8.53361
피부재생,효능,2025-09-15,8.11563
피부재생,효능,2025-09-22,8.15047
피부재생,효능,2025-09-29,6.26959
피부재생,효능,2025-10-06,6.96621
피부재생,효능,2025-10-13,6.54824
피부재생,효능,2025-10-20,7.0707
피부재생,효능,2025-10-27,9.99651
피부재생,효능,2025-11-03,7.94148
피부재생,효능,2025-11-10,8.0808
피부재생,효능,2025-11-17,7.80215
피부재생,효능,2025-11-24,8.39428
피부재생,효능,2025-12-01,7.34935
피부재생,효능,2025-12-08,8.95158
피부재생,효능,2025-12-15,8.49878
피부재생,효능,2025-12-22,8.70776
피부재생,효능,2025-12-29,6.65273
피부재생,효능,2026-01-05,12.60884
피부재생,효능,2026-01-12,10.06617
피부재생,효능,2026-01-19,8.28979
피부재생,효능,2026-01-26,8.49878
피부재생,효능,2026-02-02,9.26506
피부재생,효능,2026-02-09,7.90665
피부재생,효능,2026-02-16,7.69766
피부재생,효능,2026-02-23,7.48867
피부재생,효능,2026-03-02,6.30442
피부재생,효능,2026-03-09,7.80215
피부재생,효능,2026-03-16,11.49425
피부재생,효능,2026-03-23,10.30999
피부재생,효능,2026-03-30,8.77742
피부재생,효능,2026-04-06,7.80215
피부재생,효능,2026-04-13,7.21003
피부재생,효능,2026-04-20,7.21003
피부재생,효능,2026-04-27,5.85161
피부재생,효능,2026-05-04,6.47857
피부재생,효능,2026-05-11,6.47857
피부재생,효능,2026-05-18,6.44374
피부재생,효능,2026-05-25,5.32915
피부재생,효능,2026-06-01,5.18982
피부재생,효능,2026-06-08,6.33925
피부재생,효능,2026-06-15,6.40891
피부재생,효능,2026-06-22,5.01567
피부재생,효능,2026-06-29,4.94601
피부재생,효능,2026-07-06,5.39881
피부재생,효능,2026-07-13,5.85161
피부재생,효능,2026-07-20,4.91118
피부재생,효능,2026-07-27,5.08533
피부재생,효능,2026-08-03,4.66736
피부재생,효능,2026-08-10,4.45837
피부재생,효능,2026-08-17,4.84151
피부재생,효능,2026-08-24,4.56287
피부재생,효능,2026-08-31,4.91118
피부재생,효능,2026-09-07,5.15499
피부재생,효능,2026-09-14,4.4932
피부재생,효능,2026-09-21,2.9258
피부재생,효능,2026-09-28,0.4528
브라이트닝,효능,2020-12-28,14.21107
브라이트닝,효능,2021-01-04,16.30094
브라이트닝,효능,2021-01-11,16.50992
브라이트닝,효능,2021-01-18,14.87286
브라이트닝,효능,2021-01-25,14.90769
브라이트닝,효능,2021-02-01,15.91779
브라이트닝,효능,2021-02-08,11.56391
브라이트닝,효능,2021-02-15,14.90769
브라이트닝,효능,2021-02-22,14.69871
브라이트닝,효능,2021-03-01,15.08185
브라이트닝,효능,2021-03-08,15.88296
브라이트닝,효능,2021-03-15,15.15151
브라이트닝,효능,2021-03-22,15.74364
브라이트닝,효능,2021-03-29,14.21107
브라이트닝,효능,2021-04-05,14.48972
브라이트닝,효능,2021-04-12,15.91779
브라이트닝,효능,2021-04-19,15.3605
브라이트닝,효능,2021-04-26,13.75827
브라이트닝,효능,2021-05-03,14.10658
브라이트닝,효능,2021-05-10,14.38523
브라이트닝,효능,2021-05-17,13.96725
브라이트닝,효능,2021-05-24,14.45489
브라이트닝,효능,2021-05-31,14.48972
브라이트닝,효능,2021-06-07,18.80877
브라이트닝,효능,2021-06-14,16.54475
브라이트닝,효능,2021-06-21,14.42006
브라이트닝,효능,2021-06-28,15.18634
브라이트닝,효능,2021-07-05,15.18634
브라이트닝,효능,2021-07-12,13.40996
브라이트닝,효능,2021-07-19,14.21107
브라이트닝,효능,2021-07-26,15.29083
브라이트닝,효능,2021-08-02,15.01219
브라이트닝,효능,2021-08-09,14.31556
브라이트닝,효능,2021-08-16,14.59421
브라이트닝,효능,2021-08-23,13.72344
브라이트닝,효능,2021-08-30,14.07175
브라이트닝,효능,2021-09-06,13.30546
브라이트닝,효능,2021-09-13,13.72344
브라이트닝,효능,2021-09-20,10.97178
브라이트닝,효능,2021-09-27,12.36502
브라이트닝,효능,2021-10-04,11.25043
브라이트닝,효능,2021-10-11,10.90212
브라이트닝,효능,2021-10-18,11.56391
브라이트닝,효능,2021-10-25,10.7628
브라이트닝,효능,2021-11-01,11.49425
브라이트닝,효능,2021-11-08,11.91222
브라이트닝,효능,2021-11-15,12.33019
브라이트닝,효능,2021-11-22,11.49425
브라이트닝,효능,2021-11-29,13.16614
브라이트닝,효능,2021-12-06,13.02681
브라이트닝,효능,2021-12-13,12.01671
브라이트닝,효능,2021-12-20,14.28073
브라이트닝,효능,2021-12-27,11.94705
브라이트닝,효능,2022-01-03,13.96725
브라이트닝,효능,2022-01-10,16.05712
브라이트닝,효능,2022-01-17,12.783
브라이트닝,효능,2022-01-24,11.11111
브라이트닝,효능,2022-01-31,11.04144
브라이트닝,효능,2022-02-07,18.21664
브라이트닝,효능,2022-02-14,15.3605
브라이트닝,효능,2022-02-21,13.7931
브라이트닝,효능,2022-02-28,14.42006
브라이트닝,효능,2022-03-07,15.67398
브라이트닝,효능,2022-03-14,15.84813
브라이트닝,효능,2022-03-21,18.11215
브라이트닝,효능,2022-03-28,17.03239
브라이트닝,효능,2022-04-04,14.94252
브라이트닝,효능,2022-04-11,17.90316
브라이트닝,효능,2022-04-18,17.31104
브라이트닝,효능,2022-04-25,15.88296
브라이트닝,효능,2022-05-02,15.74364
브라이트닝,효능,2022-05-09,16.40543
브라이트닝,효능,2022-05-16,14.94252
브라이트닝,효능,2022-05-23,18.11215
브라이트닝,효능,2022-05-30,18.3908
브라이트닝,효능,2022-06-06,19.9582
브라이트닝,효능,2022-06-13,21.31661
브라이트닝,효능,2022-06-20,21.5256
브라이트닝,효능,2022-06-27,18.63462
브라이트닝,효능,2022-07-04,17.55485
브라이트닝,효능,2022-07-11,15.18634
브라이트닝,효능,2022-07-18,22.91884
브라이트닝,효능,2022-07-25,29.78056
브라이트닝,효능,2022-08-01,25.70532
브라이트닝,효능,2022-08-08,19.60989
브라이트닝,효능,2022-08-15,19.88854
브라이트닝,효능,2022-08-22,16.02229
브라이트닝,효능,2022-08-29,15.77847
브라이트닝,효능,2022-09-05,18.07732
브라이트닝,효능,2022-09-12,21.73458
브라이트닝,효능,2022-09-19,17.90316
브라이트닝,효능,2022-09-26,17.3807
브라이트닝,효능,2022-10-03,15.56948
브라이트닝,효능,2022-10-10,15.08185
브라이트닝,효능,2022-10-17,13.06165
브라이트닝,효능,2022-10-24,14.31556
브라이트닝,효능,2022-10-31,12.05154
브라이트닝,효능,2022-11-07,10.7628
브라이트닝,효능,2022-11-14,13.54928
브라이트닝,효능,2022-11-21,14.52455
브라이트닝,효능,2022-11-28,12.71334
브라이트닝,효능,2022-12-05,11.98188
브라이트닝,효능,2022-12-12,11.00661
브라이트닝,효능,2022-12-19,11.91222
브라이트닝,효능,2022-12-26,9.82236
브라이트닝,효능,2023-01-02,14.3504
브라이트닝,효능,2023-01-09,14.28073
브라이트닝,효능,2023-01-16,13.47962
브라이트닝,효능,2023-01-23,12.50435
브라이트닝,효능,2023-01-30,13.20097
브라이트닝,효능,2023-02-06,13.86276
브라이트닝,효능,2023-02-13,14.10658
브라이트닝,효능,2023-02-20,14.76837
브라이트닝,효능,2023-02-27,14.48972
브라이트닝,효능,2023-03-06,14.31556
브라이트닝,효능,2023-03-13,13.30546
브라이트닝,효능,2023-03-20,12.88749
브라이트닝,효능,2023-03-27,15.84813
브라이트닝,효능,2023-04-03,15.63915
브라이트닝,효능,2023-04-10,13.44479
브라이트닝,효능,2023-04-17,13.54928
브라이트닝,효능,2023-04-24,11.28526
브라이트닝,효능,2023-05-01,11.28526
브라이트닝,효능,2023-05-08,12.19087
브라이트닝,효능,2023-05-15,13.58411
브라이트닝,효능,2023-05-22,18.14698
브라이트닝,효능,2023-05-29,17.938
브라이트닝,효능,2023-06-05,16.92789
브라이트닝,효능,2023-06-12,15.74364
브라이트닝,효능,2023-06-19,14.69871
브라이트닝,효능,2023-06-26,14.00208
브라이트닝,효능,2023-07-03,14.87286
브라이트닝,효능,2023-07-10,16.57958
브라이트닝,효능,2023-07-17,17.69418
브라이트닝,효능,2023-07-24,16.61442
브라이트닝,효능,2023-07-31,15.53465
브라이트닝,효능,2023-08-07,18.91327
브라이트닝,효능,2023-08-14,19.22675
브라이트닝,효능,2023-08-21,22.9885
브라이트닝,효능,2023-08-28,17.69418
브라이트닝,효능,2023-09-04,22.11772
브라이트닝,효능,2023-09-11,18.07732
브라이트닝,효능,2023-09-18,16.3706
브라이트닝,효능,2023-09-25,12.60884
브라이트닝,효능,2023-10-02,13.96725
브라이트닝,효능,2023-10-09,14.17624
브라이트닝,효능,2023-10-16,16.47509
브라이트닝,효능,2023-10-23,14.28073
브라이트닝,효능,2023-10-30,10.93695
브라이트닝,효능,2023-11-06,9.33472
브라이트닝,효능,2023-11-13,10.6583
브라이트닝,효능,2023-11-20,9.75269
브라이트닝,효능,2023-11-27,10.55381
브라이트닝,효능,2023-12-04,10.58864
브라이트닝,효능,2023-12-11,10.7628
브라이트닝,효능,2023-12-18,8.46394
브라이트닝,효능,2023-12-25,11.00661
브라이트닝,효능,2024-01-01,13.89759
브라이트닝,효능,2024-01-08,16.71891
브라이트닝,효능,2024-01-15,14.21107
브라이트닝,효능,2024-01-22,14.28073
브라이트닝,효능,2024-01-29,16.19644
브라이트닝,효능,2024-02-05,13.61894
브라이트닝,효능,2024-02-12,15.98746
브라이트닝,효능,2024-02-19,15.56948
브라이트닝,효능,2024-02-26,14.76837
브라이트닝,효능,2024-03-04,13.86276
브라이트닝,효능,2024-03-11,13.20097
브라이트닝,효능,2024-03-18,12.12121
브라이트닝,효능,2024-03-25,11.84256
브라이트닝,효능,2024-04-01,11.80773
브라이트닝,효능,2024-04-08,16.23127
브라이트닝,효능,2024-04-15,17.31104
브라이트닝,효능,2024-04-22,16.47509
브라이트닝,효능,2024-04-29,11.52908
브라이트닝,효능,2024-05-06,13.75827
브라이트닝,효능,2024-05-13,11.18077
브라이트닝,효능,2024-05-20,12.81783
브라이트닝,효능,2024-05-27,13.93242
브라이트닝,효능,2024-06-03,10.6583
브라이트닝,효능,2024-06-10,11.07628
브라이트닝,효능,2024-06-17,10.6583
브라이트닝,효능,2024-06-24,9.61337
브라이트닝,효능,2024-07-01,9.57854
브라이트닝,효능,2024-07-08,9.71786
브라이트닝,효능,2024-07-15,10.34482
브라이트닝,효능,2024-07-22,9.85719
브라이트닝,효능,2024-07-29,9.71786
브라이트닝,효능,2024-08-05,11.00661
브라이트닝,효능,2024-08-12,10.58864
브라이트닝,효능,2024-08-19,14.69871
브라이트닝,효능,2024-08-26,11.94705
브라이트닝,효능,2024-09-02,10.72796
브라이트닝,효능,2024-09-09,10.27516
브라이트닝,효능,2024-09-16,10.55381
브라이트닝,효능,2024-09-23,11.38975
브라이트닝,효능,2024-09-30,9.1954
브라이트닝,효능,2024-10-07,9.71786
브라이트닝,효능,2024-10-14,8.98641
브라이트닝,효능,2024-10-21,11.52908
브라이트닝,효능,2024-10-28,9.68303
브라이트닝,효능,2024-11-04,9.92685
브라이트닝,효능,2024-11-11,8.60327
브라이트닝,효능,2024-11-18,9.12574
브라이트닝,효능,2024-11-25,8.49878
브라이트닝,효능,2024-12-02,8.32462
브라이트닝,효능,2024-12-09,7.90665
브라이트닝,효능,2024-12-16,7.69766
브라이트닝,효능,2024-12-23,8.04597
브라이트닝,효능,2024-12-30,6.82688
브라이트닝,효능,2025-01-06,7.628
브라이트닝,효능,2025-01-13,8.39428
브라이트닝,효능,2025-01-20,8.46394
브라이트닝,효능,2025-01-27,6.30442
브라이트닝,효능,2025-02-03,9.6482
브라이트닝,효능,2025-02-10,10.30999
브라이트닝,효능,2025-02-17,9.29989
브라이트닝,효능,2025-02-24,8.74259
브라이트닝,효능,2025-03-03,8.39428
브라이트닝,효능,2025-03-10,8.98641
브라이트닝,효능,2025-03-17,9.0909
브라이트닝,효능,2025-03-24,7.90665
브라이트닝,효능,2025-03-31,11.07628
브라이트닝,효능,2025-04-07,8.0808
브라이트닝,효능,2025-04-14,8.53361
브라이트닝,효능,2025-04-21,8.35945
브라이트닝,효능,2025-04-28,8.35945
브라이트닝,효능,2025-05-05,6.89655
브라이트닝,효능,2025-05-12,7.66283
브라이트닝,효능,2025-05-19,7.38418
브라이트닝,효능,2025-05-26,8.49878
브라이트닝,효능,2025-06-02,7.21003
브라이트닝,효능,2025-06-09,10.6583
브라이트닝,효능,2025-06-16,9.29989
브라이트닝,효능,2025-06-23,8.15047
브라이트닝,효능,2025-06-30,8.98641
브라이트닝,효능,2025-07-07,7.45384
브라이트닝,효능,2025-07-14,7.14036
브라이트닝,효능,2025-07-21,9.12574
브라이트닝,효능,2025-07-28,8.22013
브라이트닝,효능,2025-08-04,9.05607
브라이트닝,효능,2025-08-11,7.76732
브라이트닝,효능,2025-08-18,8.91675
브라이트닝,효능,2025-08-25,8.11563
브라이트닝,효능,2025-09-01,8.91675
브라이트닝,효능,2025-09-08,6.89655
브라이트닝,효능,2025-09-15,6.5134
브라이트닝,효능,2025-09-22,6.44374
브라이트닝,효능,2025-09-29,4.87634
브라이트닝,효능,2025-10-06,4.73702
브라이트닝,효능,2025-10-13,8.39428
브라이트닝,효능,2025-10-20,5.64263
브라이트닝,효능,2025-10-27,6.23476
브라이트닝,효능,2025-11-03,5.36398
브라이트닝,효능,2025-11-10,6.75722
브라이트닝,효능,2025-11-17,7.69766
브라이트닝,효능,2025-11-24,6.86172
브라이트닝,효능,2025-12-01,5.92128
브라이트닝,효능,2025-12-08,6.65273
브라이트닝,효능,2025-12-15,5.22466
브라이트닝,효능,2025-12-22,5.92128
브라이트닝,효능,2025-12-29,5.57297
브라이트닝,효능,2026-01-05,6.09543
브라이트닝,효능,2026-01-12,5.95611
브라이트닝,효능,2026-01-19,7.48867
브라이트닝,효능,2026-01-26,6.44374
브라이트닝,효능,2026-02-02,6.82688
브라이트닝,효능,2026-02-09,5.99094
브라이트닝,효능,2026-02-16,5.5033
브라이트닝,효능,2026-02-23,11.32009
브라이트닝,효능,2026-03-02,6.79205
브라이트닝,효능,2026-03-09,8.15047
브라이트닝,효능,2026-03-16,7.83699
브라이트닝,효능,2026-03-23,8.81226
브라이트닝,효능,2026-03-30,7.00104
브라이트닝,효능,2026-04-06,11.6684
브라이트닝,효능,2026-04-13,11.18077
브라이트닝,효능,2026-04-20,11.98188
브라이트닝,효능,2026-04-27,9.85719
브라이트닝,효능,2026-05-04,9.02124
브라이트닝,효능,2026-05-11,8.49878
브라이트닝,효능,2026-05-18,10.62347
브라이트닝,효능,2026-05-25,11.14594
브라이트닝,효능,2026-06-01,8.77742
브라이트닝,효능,2026-06-08,10.41448
브라이트닝,효능,2026-06-15,9.89202
브라이트닝,효능,2026-06-22,6.5134
브라이트닝,효능,2026-06-29,6.82688
브라이트닝,효능,2026-07-06,5.25949
브라이트닝,효능,2026-07-13,4.4932
브라이트닝,효능,2026-07-20,5.85161
브라이트닝,효능,2026-07-27,4.73702
브라이트닝,효능,2026-08-03,4.56287
브라이트닝,효능,2026-08-10,6.16509
브라이트닝,효능,2026-08-17,4.00557
브라이트닝,효능,2026-08-24,4.63253
브라이트닝,효능,2026-08-31,5.08533
브라이트닝,효능,2026-09-07,4.73702
브라이트닝,효능,2026-09-14,4.35388
브라이트닝,효능,2026-09-21,4.38871
브라이트닝,효능,2026-09-28,0.83594
수분공급,효능,2020-12-28,0.66179
수분공급,효능,2021-01-04,0.73145
수분공급,효능,2021-01-11,0.41797
수분공급,효능,2021-01-18,0.20898
수분공급,효능,2021-02-01,1.21908
수분공급,효능,2021-02-08,0.48763
수분공급,효능,2021-02-15,0.55729
수분공급,효능,2021-02-22,0.34831
수분공급,효능,2021-03-01,0.52246
수분공급,효능,2021-03-08,0.83594
수분공급,효능,2021-03-15,0.87077
수분공급,효능,2021-03-22,0.62695
수분공급,효능,2021-03-29,0.62695
수분공급,효능,2021-04-05,1.0101
수분공급,효능,2021-04-12,0.66179
수분공급,효능,2021-04-19,1.21908
수분공급,효능,2021-04-26,1.0101
수분공급,효능,2021-05-03,0.76628
수분공급,효능,2021-05-10,0.69662
수분공급,효능,2021-05-17,1.04493
수분공급,효능,2021-05-31,1.0101
수분공급,효능,2021-06-07,0.59212
수분공급,효능,2021-06-14,0.34831
수분공급,효능,2021-06-21,0.59212
수분공급,효능,2021-06-28,0.52246
수분공급,효능,2021-07-05,0.69662
수분공급,효능,2021-07-12,0.76628
수분공급,효능,2021-07-19,0.41797
수분공급,효능,2021-07-26,1.39324
수분공급,효능,2021-08-02,0.80111
수분공급,효능,2021-08-09,0.55729
수분공급,효능,2021-08-16,0.52246
수분공급,효능,2021-08-23,0.17415
수분공급,효능,2021-09-13,0.83594
수분공급,효능,2021-09-20,1.63706
수분공급,효능,2021-10-04,0.17415
수분공급,효능,2021-10-11,0.38314
수분공급,효능,2021-10-18,0.94043
수분공급,효능,2021-10-25,0.52246
수분공급,효능,2021-11-01,0.20898
수분공급,효능,2021-11-08,0.66179
수분공급,효능,2021-11-15,0.17415
수분공급,효능,2021-11-22,0.76628
수분공급,효능,2021-11-29,0.55729
수분공급,효능,2021-12-06,0.41797
수분공급,효능,2021-12-13,0.48763
수분공급,효능,2021-12-20,0.55729
수분공급,효능,2021-12-27,0.41797
수분공급,효능,2022-01-03,0.20898
수분공급,효능,2022-01-10,0.73145
수분공급,효능,2022-01-24,0.76628
수분공급,효능,2022-01-31,1.0101
수분공급,효능,2022-02-14,0.52246
수분공급,효능,2022-02-21,0.17415
수분공급,효능,2022-02-28,0.62695
수분공급,효능,2022-03-07,0.94043
수분공급,효능,2022-03-14,0.38314
수분공급,효능,2022-03-21,0.87077
수분공급,효능,2022-03-28,0.83594
수분공급,효능,2022-04-04,0.27864
수분공급,효능,2022-04-11,1.18425
수분공급,효능,2022-04-18,0.80111
수분공급,효능,2022-04-25,0.76628
수분공급,효능,2022-05-02,0.48763
수분공급,효능,2022-05-09,1.25391
수분공급,효능,2022-05-16,1.28874
수분공급,효능,2022-05-23,0.4528
수분공급,효능,2022-05-30,1.21908
수분공급,효능,2022-06-06,0.55729
수분공급,효능,2022-06-13,0.38314
수분공급,효능,2022-06-20,0.38314
수분공급,효능,2022-06-27,0.38314
수분공급,효능,2022-07-04,0.38314
수분공급,효능,2022-07-11,0.38314
수분공급,효능,2022-07-18,1.28874
수분공급,효능,2022-07-25,0.20898
수분공급,효능,2022-08-01,0.59212
수분공급,효능,2022-08-08,0.62695
수분공급,효능,2022-08-15,0.83594
수분공급,효능,2022-08-22,0.83594
수분공급,효능,2022-08-29,0.38314
수분공급,효능,2022-09-05,0.41797
수분공급,효능,2022-09-12,0.4528
수분공급,효능,2022-09-19,0.34831
수분공급,효능,2022-09-26,0.34831
수분공급,효능,2022-10-03,0.17415
수분공급,효능,2022-10-10,0.66179
수분공급,효능,2022-10-17,1.0101
수분공급,효능,2022-10-24,0.17415
수분공급,효능,2022-10-31,0.52246
수분공급,효능,2022-11-07,0.66179
수분공급,효능,2022-11-14,0.76628
수분공급,효능,2022-11-21,0.87077
수분공급,효능,2022-11-28,0.52246
수분공급,효능,2022-12-05,0.41797
수분공급,효능,2022-12-12,0.17415
수분공급,효능,2022-12-19,0.69662
수분공급,효능,2022-12-26,0.9056
수분공급,효능,2023-01-02,0.59212
수분공급,효능,2023-01-09,0.41797
수분공급,효능,2023-01-16,0.94043
수분공급,효능,2023-01-23,1.21908
수분공급,효능,2023-01-30,0.83594
수분공급,효능,2023-02-06,0.69662
수분공급,효능,2023-02-13,0.34831
수분공급,효능,2023-02-20,0.20898
수분공급,효능,2023-02-27,0.52246
수분공급,효능,2023-03-06,0.62695
수분공급,효능,2023-03-13,0.69662
수분공급,효능,2023-03-20,0.76628
수분공급,효능,2023-03-27,0.38314
수분공급,효능,2023-04-03,0.20898
수분공급,효능,2023-04-10,0.62695
수분공급,효능,2023-04-17,0.38314
수분공급,효능,2023-04-24,0.76628
수분공급,효능,2023-05-01,0.38314
수분공급,효능,2023-05-08,0.59212
수분공급,효능,2023-05-22,0.24381
수분공급,효능,2023-05-29,0.69662
수분공급,효능,2023-06-05,1.07976
수분공급,효능,2023-06-12,1.0101
수분공급,효능,2023-06-19,0.4528
수분공급,효능,2023-06-26,0.73145
수분공급,효능,2023-07-03,0.69662
수분공급,효능,2023-07-17,0.52246
수분공급,효능,2023-07-24,0.41797
수분공급,효능,2023-07-31,0.38314
수분공급,효능,2023-08-07,0.20898
수분공급,효능,2023-08-14,0.34831
수분공급,효능,2023-08-28,0.41797
수분공급,효능,2023-09-04,0.41797
수분공급,효능,2023-09-25,0.4528
수분공급,효능,2023-10-02,0.34831
수분공급,효능,2023-10-23,0.55729
수분공급,효능,2023-10-30,0.17415
수분공급,효능,2023-11-06,0.41797
수분공급,효능,2023-11-13,0.62695
수분공급,효능,2023-11-20,0.69662
수분공급,효능,2023-11-27,0.20898
수분공급,효능,2023-12-11,0.17415
수분공급,효능,2023-12-18,0.17415
수분공급,효능,2023-12-25,0.20898
수분공급,효능,2024-01-01,0.52246
수분공급,효능,2024-01-08,0.20898
수분공급,효능,2024-01-15,0.17415
수분공급,효능,2024-01-22,0.17415
수분공급,효능,2024-01-29,0.4528
수분공급,효능,2024-02-05,0.17415
수분공급,효능,2024-02-19,0.17415
수분공급,효능,2024-02-26,0.52246
수분공급,효능,2024-03-04,0.97526
수분공급,효능,2024-03-18,0.17415
수분공급,효능,2024-03-25,0.41797
수분공급,효능,2024-04-01,0.17415
수분공급,효능,2024-04-08,0.4528
수분공급,효능,2024-04-15,0.17415
수분공급,효능,2024-04-22,0.17415
수분공급,효능,2024-04-29,0.24381
수분공급,효능,2024-05-06,0.38314
수분공급,효능,2024-05-13,0.38314
수분공급,효능,2024-05-20,0.94043
수분공급,효능,2024-05-27,0.17415
수분공급,효능,2024-06-03,0.62695
수분공급,효능,2024-06-10,0.41797
수분공급,효능,2024-06-17,0.52246
수분공급,효능,2024-06-24,0.17415
수분공급,효능,2024-07-01,0.38314
수분공급,효능,2024-07-15,0.38314
수분공급,효능,2024-07-22,0.55729
수분공급,효능,2024-07-29,1.21908
수분공급,효능,2024-08-05,0.76628
수분공급,효능,2024-08-12,0.83594
수분공급,효능,2024-08-26,0.41797
수분공급,효능,2024-09-09,0.17415
수분공급,효능,2024-10-14,0.34831
수분공급,효능,2024-10-21,0.17415
수분공급,효능,2024-10-28,0.55729
수분공급,효능,2024-11-11,0.52246
수분공급,효능,2024-11-18,0.20898
수분공급,효능,2024-12-02,0.38314
수분공급,효능,2024-12-16,0.34831
수분공급,효능,2024-12-23,0.17415
수분공급,효능,2024-12-30,0.41797
수분공급,효능,2025-01-13,0.73145
수분공급,효능,2025-01-20,0.41797
수분공급,효능,2025-02-03,0.24381
수분공급,효능,2025-02-17,0.9056
수분공급,효능,2025-02-24,0.38314
수분공급,효능,2025-03-10,0.17415
수분공급,효능,2025-04-07,0.17415
수분공급,효능,2025-04-28,0.17415
수분공급,효능,2025-05-05,0.20898
수분공급,효능,2025-05-12,0.24381
수분공급,효능,2025-06-02,0.27864
수분공급,효능,2025-06-16,0.17415
수분공급,효능,2025-06-30,0.59212
수분공급,효능,2025-07-07,0.38314
수분공급,효능,2025-07-14,0.17415
수분공급,효능,2025-07-21,0.17415
수분공급,효능,2025-07-28,0.17415
수분공급,효능,2025-09-08,0.17415
수분공급,효능,2025-12-08,0.17415
수분공급,효능,2026-01-05,3.4831
수분공급,효능,2026-01-12,0.69662
수분공급,효능,2026-01-19,0.20898
수분공급,효능,2026-01-26,0.17415
수분공급,효능,2026-02-02,0.20898
수분공급,효능,2026-02-09,0.20898
수분공급,효능,2026-02-16,0.17415
수분공급,효능,2026-02-23,0.17415
수분공급,효능,2026-07-27,0.24381
수분공급,효능,2026-08-24,0.20898
피부장벽,효능,2020-12-28,14.77074
피부장벽,효능,2021-01-04,17.84677
피부장벽,효능,2021-01-11,17.93383
피부장벽,효능,2021-01-18,16.80208
피부장벽,효능,2021-01-25,14.50957
피부장벽,효능,2021-02-01,16.04759
피부장벽,효능,2021-02-08,14.77074
피부장벽,효능,2021-02-15,18.25304
피부장벽,효능,2021-02-22,15.40917
피부장벽,효능,2021-03-01,15.49622
피부장벽,효능,2021-03-08,17.55658
피부장벽,효능,2021-03-15,14.88682
피부장벽,효능,2021-03-22,14.36448
피부장벽,효능,2021-03-29,14.01625
피부장벽,효능,2021-04-05,14.33546
피부장벽,효능,2021-04-12,15.4672
피부장벽,효능,2021-04-19,15.38015
피부장벽,효능,2021-04-26,13.75507
피부장벽,효능,2021-05-03,11.34648
피부장벽,효능,2021-05-10,14.21938
피부장벽,효능,2021-05-17,13.29077
피부장벽,효능,2021-05-24,14.21938
피부장벽,효능,2021-05-31,13.46488
피부장벽,효능,2021-06-07,13.02959
피부장벽,효능,2021-06-14,12.97156
피부장벽,효능,2021-06-21,12.07196
피부장벽,효능,2021-06-28,12.82646
피부장벽,효능,2021-07-05,11.72373
피부장벽,효능,2021-07-12,12.62333
피부장벽,효능,2021-07-19,12.44921
피부장벽,효능,2021-07-26,13.23273
피부장벽,효능,2021-08-02,19.00754
피부장벽,효능,2021-08-09,15.40917
피부장벽,효능,2021-08-16,16.33778
피부장벽,효능,2021-08-23,13.81311
피부장벽,효능,2021-08-30,14.48055
피부장벽,효능,2021-09-06,13.37782
피부장벽,효능,2021-09-13,13.58096
피부장벽,효능,2021-09-20,13.75507
피부장벽,효능,2021-09-27,14.77074
피부장벽,효능,2021-10-04,14.59663
피부장벽,효능,2021-10-11,15.38015
피부장벽,효능,2021-10-18,16.88914
피부장벽,효능,2021-10-25,15.35113
피부장벽,효능,2021-11-01,14.79976
피부장벽,효능,2021-11-08,12.44921
피부장벽,효능,2021-11-15,15.06094
피부장벽,효능,2021-11-22,13.72605
피부장벽,효능,2021-11-29,16.33778
피부장벽,효능,2021-12-06,13.90017
피부장벽,효능,2021-12-13,12.33313
피부장벽,효능,2021-12-20,12.13
피부장벽,효능,2021-12-27,12.04294
피부장벽,효능,2022-01-03,13.87115
피부장벽,효능,2022-01-10,14.01625
피부장벽,효능,2022-01-17,15.32211
피부장벽,효능,2022-01-24,12.56529
피부장벽,효능,2022-01-31,12.94254
피부장벽,효능,2022-02-07,15.43818
피부장벽,효능,2022-02-14,12.56529
피부장벽,효능,2022-02-21,13.02959
피부장벽,효능,2022-02-28,12.13
피부장벽,효능,2022-03-07,13.75507
피부장벽,효능,2022-03-14,13.02959
피부장벽,효능,2022-03-21,13.11665
피부장벽,효능,2022-03-28,12.33313
피부장벽,효능,2022-04-04,11.46256
피부장벽,효능,2022-04-11,14.48055
피부장벽,효능,2022-04-18,15.75739
피부장벽,효능,2022-04-25,12.33313
피부장벽,효능,2022-05-02,11.66569
피부장벽,효능,2022-05-09,13.26175
피부장벽,효능,2022-05-16,14.04526
피부장벽,효능,2022-05-23,12.10098
피부장벽,효능,2022-05-30,14.50957
피부장벽,효능,2022-06-06,13.81311
피부장벽,효능,2022-06-13,13.37782
피부장벽,효능,2022-06-20,12.76842
피부장벽,효능,2022-06-27,11.78177
피부장벽,효능,2022-07-04,12.24608
피부장벽,효능,2022-07-11,13.37782
피부장벽,효능,2022-07-18,11.31746
피부장벽,효능,2022-07-25,12.01392
피부장벽,효능,2022-08-01,13.02959
피부장벽,효능,2022-08-08,12.01392
피부장벽,효능,2022-08-15,11.66569
피부장벽,효능,2022-08-22,11.83981
피부장벽,효능,2022-08-29,12.97156
피부장벽,효능,2022-09-05,11.69471
피부장벽,효능,2022-09-12,13.87115
피부장벽,효능,2022-09-19,12.85548
피부장벽,효능,2022-09-26,13.98723
피부장벽,효능,2022-10-03,12.82646
피부장벽,효능,2022-10-10,12.15902
피부장벽,효능,2022-10-17,14.56761
피부장벽,효능,2022-10-24,12.53627
피부장벽,효능,2022-10-31,13.29077
피부장벽,효능,2022-11-07,14.50957
피부장벽,효능,2022-11-14,13.46488
피부장벽,효능,2022-11-21,14.53859
피부장벽,효능,2022-11-28,14.2484
피부장벽,효능,2022-12-05,15.64132
피부장벽,효능,2022-12-12,13.43586
피부장벽,효능,2022-12-19,13.14567
피부장벽,효능,2022-12-26,11.92687
피부장벽,효능,2023-01-02,13.08763
피부장벽,효능,2023-01-09,14.88682
피부장벽,효능,2023-01-16,11.57864
피부장벽,효능,2023-01-23,12.30412
피부장벽,효능,2023-01-30,13.75507
피부장벽,효능,2023-02-06,13.43586
피부장벽,효능,2023-02-13,15.11897
피부장벽,효능,2023-02-20,14.59663
피부장벽,효능,2023-02-27,14.62565
피부장벽,효능,2023-03-06,15.0029
피부장벽,효능,2023-03-13,16.3668
피부장벽,효능,2023-03-20,16.51189
피부장벽,효능,2023-03-27,15.52524
피부장벽,효능,2023-04-03,13.98723
피부장벽,효능,2023-04-10,14.74172
피부장벽,효능,2023-04-17,15.40917
피부장벽,효능,2023-04-24,14.21938
피부장벽,효능,2023-05-01,14.16134
피부장벽,효능,2023-05-08,14.77074
피부장벽,효능,2023-05-15,14.16134
피부장벽,효능,2023-05-22,13.95821
피부장벽,효능,2023-05-29,13.14567
피부장벽,효능,2023-06-05,10.99825
피부장벽,효능,2023-06-12,12.85548
피부장벽,효능,2023-06-19,11.49158
피부장벽,효능,2023-06-26,11.17237
피부장벽,효능,2023-07-03,10.82414
피부장벽,효능,2023-07-10,10.96923
피부장벽,효능,2023-07-17,10.30179
피부장벽,효능,2023-07-24,11.40452
피부장벽,효능,2023-07-31,9.80847
피부장벽,효능,2023-08-07,13.11665
피부장벽,효능,2023-08-14,11.28845
피부장벽,효능,2023-08-21,12.44921
피부장벽,효능,2023-08-28,13.43586
피부장벽,효능,2023-09-04,11.81079
피부장벽,효능,2023-09-11,11.63668
피부장벽,효능,2023-09-18,13.31979
피부장벽,효능,2023-09-25,10.21474
피부장벽,효능,2023-10-02,13.81311
피부장벽,효능,2023-10-09,14.36448
피부장벽,효능,2023-10-16,15.23505
피부장벽,효능,2023-10-23,14.30644
피부장벽,효능,2023-10-30,13.98723
피부장벽,효능,2023-11-06,14.56761
피부장벽,효능,2023-11-13,15.14799
피부장벽,효능,2023-11-20,14.77074
피부장벽,효능,2023-11-27,15.58328
피부장벽,효능,2023-12-04,13.14567
피부장벽,효능,2023-12-11,12.47823
피부장벽,효능,2023-12-18,12.97156
피부장벽,효능,2023-12-25,13.11665
피부장벽,효능,2024-01-01,13.55194
피부장벽,효능,2024-01-08,15.84445
피부장벽,효능,2024-01-15,15.64132
피부장벽,효능,2024-01-22,16.8311
피부장벽,효능,2024-01-29,17.81775
피부장벽,효능,2024-02-05,13.95821
피부장벽,효능,2024-02-12,15.87347
피부장벽,효능,2024-02-19,14.42251
피부장벽,효능,2024-02-26,16.01857
피부장벽,효능,2024-03-04,16.91816
피부장벽,효능,2024-03-11,16.10562
피부장벽,효능,2024-03-18,14.77074
피부장벽,효능,2024-03-25,11.95589
피부장벽,효능,2024-04-01,13.26175
피부장벽,효능,2024-04-08,15.90249
피부장벽,효능,2024-04-15,17.03424
피부장벽,효능,2024-04-22,13.40684
피부장벽,효능,2024-04-29,14.79976
피부장벽,효능,2024-05-06,14.21938
피부장벽,효능,2024-05-13,15.03192
피부장벽,효능,2024-05-20,14.36448
피부장벽,효능,2024-05-27,15.11897
피부장벽,효능,2024-06-03,13.78409
피부장벽,효능,2024-06-10,15.20603
피부장벽,효능,2024-06-17,14.30644
피부장벽,효능,2024-06-24,12.79744
피부장벽,효능,2024-07-01,13.08763
피부장벽,효능,2024-07-08,11.78177
피부장벽,효능,2024-07-15,13.34881
피부장벽,효능,2024-07-22,12.39117
피부장벽,효능,2024-07-29,11.49158
피부장벽,효능,2024-08-05,15.26407
피부장벽,효능,2024-08-12,14.30644
피부장벽,효능,2024-08-19,13.37782
피부장벽,효능,2024-08-26,14.56761
피부장벽,효능,2024-09-02,16.01857
피부장벽,효능,2024-09-09,13.55194
피부장벽,효능,2024-09-16,12.82646
피부장벽,효능,2024-09-23,17.87579
피부장벽,효능,2024-09-30,16.9762
피부장벽,효능,2024-10-07,15.72838
피부장벽,효능,2024-10-14,15.17701
피부장벽,효능,2024-10-21,15.4672
피부장벽,효능,2024-10-28,16.19268
피부장벽,효능,2024-11-04,16.19268
피부장벽,효능,2024-11-11,17.15031
피부장벽,효능,2024-11-18,16.56993
피부장벽,효능,2024-11-25,17.23737
피부장벽,효능,2024-12-02,14.13232
피부장벽,효능,2024-12-09,15.20603
피부장벽,효능,2024-12-16,13.66802
피부장벽,효능,2024-12-23,12.97156
피부장벽,효능,2024-12-30,12.79744
피부장벽,효능,2025-01-06,13.69704
피부장벽,효능,2025-01-13,15.08995
피부장벽,효능,2025-01-20,15.96053
피부장벽,효능,2025-01-27,13.81311
피부장벽,효능,2025-02-03,17.17933
피부장벽,효능,2025-02-10,15.11897
피부장벽,효능,2025-02-17,15.49622
피부장벽,효능,2025-02-24,19.23969
피부장벽,효능,2025-03-03,15.81543
피부장벽,효능,2025-03-10,14.42251
피부장벽,효능,2025-03-17,15.29309
피부장벽,효능,2025-03-24,16.04759
피부장벽,효능,2025-03-31,15.75739
피부장벽,효능,2025-04-07,13.90017
피부장벽,효능,2025-04-14,13.78409
피부장벽,효능,2025-04-21,13.40684
피부장벽,효능,2025-04-28,13.34881
피부장벽,효능,2025-05-05,12.42019
피부장벽,효능,2025-05-12,13.75507
피부장벽,효능,2025-05-19,12.59431
피부장벽,효능,2025-05-26,11.72373
피부장벽,효능,2025-06-02,11.72373
피부장벽,효능,2025-06-09,12.39117
피부장벽,효능,2025-06-16,12.65235
피부장벽,효능,2025-06-23,10.24376
피부장벽,효능,2025-06-30,10.30179
피부장벽,효능,2025-07-07,11.17237
피부장벽,효능,2025-07-14,10.96923
피부장벽,효능,2025-07-21,10.65002
피부장벽,효능,2025-07-28,10.44689
피부장벽,효능,2025-08-04,9.48926
피부장벽,효능,2025-08-11,9.51828
피부장벽,효능,2025-08-18,9.72141
피부장벽,효능,2025-08-25,11.78177
피부장벽,효능,2025-09-01,11.34648
피부장벽,효능,2025-09-08,11.43354
피부장벽,효능,2025-09-15,11.86883
피부장벽,효능,2025-09-22,9.11201
피부장벽,효능,2025-09-29,8.27045
피부장벽,효능,2025-10-06,8.41555
피부장벽,효능,2025-10-13,9.86651
피부장벽,효능,2025-10-20,11.17237
피부장벽,효능,2025-10-27,10.53395
피부장벽,효능,2025-11-03,9.66337
피부장벽,효능,2025-11-10,10.85316
피부장벽,효능,2025-11-17,11.89785
피부장벽,효능,2025-11-24,10.21474
피부장벽,효능,2025-12-01,11.3755
피부장벽,효능,2025-12-08,10.33081
피부장벽,효능,2025-12-15,8.93789
피부장벽,효능,2025-12-22,8.09634
피부장벽,효능,2025-12-29,8.7928
피부장벽,효능,2026-01-05,10.21474
피부장벽,효능,2026-01-12,8.67672
피부장벽,효능,2026-01-19,9.92455
피부장벽,효능,2026-01-26,8.87986
피부장벽,효능,2026-02-02,9.02495
피부장벽,효능,2026-02-09,9.28612
피부장벽,효능,2026-02-16,7.80615
피부장벽,효능,2026-02-23,9.19907
피부장벽,효능,2026-03-02,8.70574
피부장벽,효능,2026-03-09,8.99593
피부장벽,효능,2026-03-16,9.77945
피부장벽,효능,2026-03-23,10.06964
피부장벽,효능,2026-03-30,9.51828
피부장벽,효능,2026-04-06,10.44689
피부장벽,효능,2026-04-13,9.60533
피부장벽,효능,2026-04-20,9.95356
피부장벽,효능,2026-04-27,9.19907
피부장벽,효능,2026-05-04,8.09634
피부장벽,효능,2026-05-11,8.82182
피부장벽,효능,2026-05-18,6.99361
피부장벽,효능,2026-05-25,6.70342
피부장벽,효능,2026-06-01,7.80615
피부장벽,효능,2026-06-08,7.74811
피부장벽,효능,2026-06-15,7.63203
피부장벽,효능,2026-06-22,6.38421
피부장벽,효능,2026-06-29,6.76146
피부장벽,효능,2026-07-06,6.93557
피부장벽,효능,2026-07-13,6.41323
피부장벽,효능,2026-07-20,7.83517
피부장벽,효능,2026-07-27,7.02263
피부장벽,효능,2026-08-03,6.73244
피부장벽,효능,2026-08-10,8.15438
피부장벽,효능,2026-08-17,6.03598
피부장벽,효능,2026-08-24,7.10969
피부장벽,효능,2026-08-31,9.31514
피부장벽,효능,2026-09-07,8.70574
피부장벽,효능,2026-09-14,8.21242
피부장벽,효능,2026-09-21,6.5293
피부장벽,효능,2026-09-28,1.0737
모공수렴,효능,2020-12-28,4.43993
모공수렴,효능,2021-01-04,5.04933
모공수렴,효능,2021-01-11,5.36854
모공수렴,효능,2021-01-18,5.42658
모공수렴,효능,2021-01-25,5.07835
모공수렴,효능,2021-02-01,5.28148
모공수렴,효능,2021-02-08,4.17875
모공수렴,효능,2021-02-15,4.75914
모공수렴,효능,2021-02-22,4.32385
모공수렴,효능,2021-03-01,4.81717
모공수렴,효능,2021-03-08,5.10737
모공수렴,효능,2021-03-15,3.8015
모공수렴,효능,2021-03-22,4.38189
모공수렴,효능,2021-03-29,3.45327
모공수렴,효능,2021-04-05,3.91758
모공수렴,효능,2021-04-12,4.61404
모공수렴,효능,2021-04-19,4.17875
모공수렴,효능,2021-04-26,3.62739
모공수렴,효능,2021-05-03,3.8015
모공수렴,효능,2021-05-10,4.52698
모공수렴,효능,2021-05-17,3.54033
모공수렴,효능,2021-05-24,4.87521
모공수렴,효능,2021-05-31,3.59837
모공수렴,효능,2021-06-07,4.49796
모공수렴,효능,2021-06-14,4.49796
모공수렴,효능,2021-06-21,3.74347
모공수렴,효능,2021-06-28,4.52698
모공수렴,효능,2021-07-05,4.38189
모공수렴,효능,2021-07-12,4.32385
모공수렴,효능,2021-07-19,4.29483
모공수렴,효능,2021-07-26,4.26581
모공수렴,효능,2021-08-02,4.73012
모공수렴,효능,2021-08-09,4.93325
모공수렴,효능,2021-08-16,4.06268
모공수렴,효능,2021-08-23,4.23679
모공수렴,효능,2021-08-30,3.16308
모공수렴,효능,2021-09-06,2.87289
모공수렴,효능,2021-09-13,3.1921
모공수렴,효능,2021-09-20,2.61172
모공수렴,효능,2021-09-27,3.13406
모공수렴,효능,2021-10-04,3.25014
모공수렴,효능,2021-10-11,2.4376
모공수렴,효능,2021-10-18,2.20545
모공수렴,효능,2021-10-25,2.23447
모공수렴,효능,2021-11-01,2.95995
모공수렴,효능,2021-11-08,1.94428
모공수렴,효능,2021-11-15,2.20545
모공수렴,효능,2021-11-22,1.47997
모공수렴,효능,2021-11-29,1.9733
모공수렴,효능,2021-12-06,2.26349
모공수렴,효능,2021-12-13,1.9733
모공수렴,효능,2021-12-20,1.59605
모공수렴,효능,2021-12-27,1.47997
모공수렴,효능,2022-01-03,2.61172
모공수렴,효능,2022-01-10,3.16308
모공수렴,효능,2022-01-17,2.40858
모공수렴,효능,2022-01-24,2.5827
모공수렴,효능,2022-01-31,2.20545
모공수렴,효능,2022-02-07,2.81485
모공수렴,효능,2022-02-14,3.10504
모공수렴,효능,2022-02-21,2.87289
모공수렴,효능,2022-02-28,2.7278
모공수렴,효능,2022-03-07,2.20545
모공수렴,효능,2022-03-14,2.14741
모공수렴,효능,2022-03-21,2.49564
모공수렴,효능,2022-03-28,2.61172
모공수렴,효능,2022-04-04,1.9733
모공수렴,효능,2022-04-11,2.4376
모공수렴,효능,2022-04-18,1.27684
모공수렴,효능,2022-04-25,1.91526
모공수렴,효능,2022-05-02,2.49564
모공수렴,효능,2022-05-09,2.17643
모공수렴,효능,2022-05-16,2.23447
모공수렴,효능,2022-05-23,1.9733
모공수렴,효능,2022-05-30,1.88624
모공수렴,효능,2022-06-06,2.20545
모공수렴,효능,2022-06-13,2.93093
모공수렴,효능,2022-06-20,1.77016
모공수렴,효능,2022-06-27,2.75681
모공수렴,효능,2022-07-04,2.06035
모공수렴,효능,2022-07-11,2.49564
모공수렴,효능,2022-07-18,2.4376
모공수렴,효능,2022-07-25,2.5827
모공수렴,효능,2022-08-01,2.5827
모공수렴,효능,2022-08-08,2.66976
모공수렴,효능,2022-08-15,2.32153
모공수렴,효능,2022-08-22,1.88624
모공수렴,효능,2022-08-29,2.4376
모공수렴,효능,2022-09-05,1.68311
모공수렴,효능,2022-09-12,2.00232
모공수렴,효능,2022-09-19,1.9733
모공수렴,효능,2022-09-26,1.59605
모공수렴,효능,2022-10-03,0.81253
모공수렴,효능,2022-10-10,1.30586
모공수렴,효능,2022-10-17,1.30586
모공수렴,효능,2022-10-24,0.63842
모공수렴,효능,2022-10-31,0.95763
모공수렴,효능,2022-11-07,0.72547
모공수렴,효능,2022-11-14,0.55136
모공수렴,효능,2022-11-21,0.14509
모공수렴,효능,2022-11-28,0.69645
모공수렴,효능,2022-12-05,0.92861
모공수렴,효능,2022-12-12,0.78351
모공수렴,효능,2022-12-19,0.69645
모공수렴,효능,2022-12-26,0.55136
모공수렴,효능,2023-01-02,0.63842
모공수렴,효능,2023-01-09,0.95763
모공수렴,효능,2023-01-16,0.81253
모공수렴,효능,2023-01-23,0.58038
모공수렴,효능,2023-01-30,0.92861
모공수렴,효능,2023-02-06,0.31921
모공수렴,효능,2023-02-13,0.52234
모공수렴,효능,2023-02-20,1.33488
모공수렴,효능,2023-02-27,1.50899
모공수렴,효능,2023-03-06,1.71213
모공수렴,효능,2023-03-13,1.27684
모공수렴,효능,2023-03-20,1.68311
모공수렴,효능,2023-03-27,0.6094
모공수렴,효능,2023-04-03,0.49332
모공수렴,효능,2023-04-10,1.0737
모공수렴,효능,2023-04-17,1.18978
모공수렴,효능,2023-04-24,0.43528
모공수렴,효능,2023-05-01,0.49332
모공수렴,효능,2023-05-08,1.24782
모공수렴,효능,2023-05-15,0.89959
모공수렴,효능,2023-05-22,1.10272
모공수렴,효능,2023-05-29,1.01567
모공수렴,효능,2023-06-05,2.14741
모공수렴,효능,2023-06-12,1.50899
모공수렴,효능,2023-06-19,1.39291
모공수렴,효능,2023-06-26,1.24782
모공수렴,효능,2023-07-03,0.95763
모공수렴,효능,2023-07-10,1.30586
모공수렴,효능,2023-07-17,1.74114
모공수렴,효능,2023-07-24,0.87057
모공수렴,효능,2023-07-31,1.33488
모공수렴,효능,2023-08-07,1.68311
모공수렴,효능,2023-08-14,1.0737
모공수렴,효능,2023-08-21,1.27684
모공수렴,효능,2023-08-28,1.27684
모공수렴,효능,2023-09-04,1.04468
모공수렴,효능,2023-09-11,1.10272
모공수렴,효능,2023-09-18,1.30586
모공수렴,효능,2023-09-25,0.58038
모공수렴,효능,2023-10-02,0.34822
모공수렴,효능,2023-10-09,0.78351
모공수렴,효능,2023-10-16,0.14509
모공수렴,효능,2023-10-30,0.72547
모공수렴,효능,2023-11-06,0.31921
모공수렴,효능,2023-11-13,0.43528
모공수렴,효능,2023-11-20,0.40626
모공수렴,효능,2023-11-27,0.89959
모공수렴,효능,2023-12-04,0.6094
모공수렴,효능,2023-12-11,0.31921
모공수렴,효능,2023-12-18,0.20313
모공수렴,효능,2023-12-25,0.14509
모공수렴,효능,2024-01-01,0.87057
모공수렴,효능,2024-01-08,0.75449
모공수렴,효능,2024-01-15,0.52234
모공수렴,효능,2024-01-22,1.39291
모공수렴,효능,2024-01-29,0.4643
모공수렴,효능,2024-02-05,0.49332
모공수렴,효능,2024-02-12,0.89959
모공수렴,효능,2024-02-19,1.39291
모공수렴,효능,2024-02-26,0.6094
모공수렴,효능,2024-03-04,1.42193
모공수렴,효능,2024-03-11,0.87057
모공수렴,효능,2024-03-18,0.34822
모공수렴,효능,2024-03-25,0.55136
모공수렴,효능,2024-04-01,0.6094
모공수렴,효능,2024-04-08,0.17411
모공수렴,효능,2024-04-15,1.16076
모공수렴,효능,2024-04-22,1.24782
모공수렴,효능,2024-04-29,0.78351
모공수렴,효능,2024-05-06,0.4643
모공수렴,효능,2024-05-13,0.4643
모공수렴,효능,2024-05-20,0.14509
모공수렴,효능,2024-05-27,0.55136
모공수렴,효능,2024-06-03,0.69645
모공수렴,효능,2024-06-10,0.69645
모공수렴,효능,2024-06-17,0.20313
모공수렴,효능,2024-06-24,0.78351
모공수렴,효능,2024-07-01,0.66744
모공수렴,효능,2024-07-08,1.13174
모공수렴,효능,2024-07-15,0.78351
모공수렴,효능,2024-07-22,0.40626
모공수렴,효능,2024-07-29,0.43528
모공수렴,효능,2024-08-05,0.34822
모공수렴,효능,2024-08-12,0.84155
모공수렴,효능,2024-08-19,0.78351
모공수렴,효능,2024-08-26,0.87057
모공수렴,효능,2024-09-02,0.75449
모공수렴,효능,2024-09-09,0.58038
모공수렴,효능,2024-09-16,0.75449
모공수렴,효능,2024-09-23,0.6094
모공수렴,효능,2024-09-30,0.75449
모공수렴,효능,2024-10-07,0.14509
모공수렴,효능,2024-10-14,0.34822
모공수렴,효능,2024-10-21,0.34822
모공수렴,효능,2024-11-04,0.26117
모공수렴,효능,2024-11-11,0.14509
모공수렴,효능,2024-11-18,0.17411
모공수렴,효능,2024-11-25,0.20313
모공수렴,효능,2024-12-02,0.31921
모공수렴,효능,2024-12-09,0.17411
모공수렴,효능,2024-12-16,0.17411
모공수렴,효능,2025-01-06,0.34822
모공수렴,효능,2025-01-13,0.14509
모공수렴,효능,2025-01-20,0.14509
모공수렴,효능,2025-01-27,0.23215
모공수렴,효능,2025-02-03,0.20313
모공수렴,효능,2025-02-10,0.66744
모공수렴,효능,2025-02-17,0.40626
모공수렴,효능,2025-02-24,0.40626
모공수렴,효능,2025-03-03,0.14509
모공수렴,효능,2025-03-10,0.31921
모공수렴,효능,2025-03-17,0.17411
모공수렴,효능,2025-03-31,0.17411
모공수렴,효능,2025-04-07,0.34822
모공수렴,효능,2025-04-14,0.17411
모공수렴,효능,2025-04-28,0.14509
모공수렴,효능,2025-05-05,0.14509
모공수렴,효능,2025-05-12,0.49332
모공수렴,효능,2025-05-26,0.14509
모공수렴,효능,2025-06-02,0.14509
모공수렴,효능,2025-06-30,0.14509
모공수렴,효능,2025-07-07,0.20313
모공수렴,효능,2025-07-14,0.14509
모공수렴,효능,2025-07-21,0.43528
모공수렴,효능,2025-08-04,0.29019
모공수렴,효능,2025-09-01,0.14509
모공수렴,효능,2026-01-05,0.17411
영양공급,효능,2021-01-04,0.20313
영양공급,효능,2021-01-11,0.29019
영양공급,효능,2021-02-01,0.14509
영양공급,효능,2021-02-15,0.14509
영양공급,효능,2021-03-15,0.14509
영양공급,효능,2021-03-22,0.14509
영양공급,효능,2021-03-29,0.34822
영양공급,효능,2021-04-05,0.58038
영양공급,효능,2021-04-12,0.14509
영양공급,효능,2021-04-26,0.14509
영양공급,효능,2021-05-10,0.14509
영양공급,효능,2021-05-17,0.17411
영양공급,효능,2021-05-24,0.49332
영양공급,효능,2021-06-07,0.98665
영양공급,효능,2021-06-14,0.29019
영양공급,효능,2021-07-19,0.20313
영양공급,효능,2021-08-02,0.14509
영양공급,효능,2021-08-09,0.31921
영양공급,효능,2021-08-16,0.20313
영양공급,효능,2021-08-23,0.14509
영양공급,효능,2021-08-30,0.29019
영양공급,효능,2021-09-06,0.14509
영양공급,효능,2021-09-13,0.17411
영양공급,효능,2021-09-27,0.23215
영양공급,효능,2021-10-04,0.17411
영양공급,효능,2021-10-18,0.20313
영양공급,효능,2021-10-25,0.14509
영양공급,효능,2021-11-01,1.56703
영양공급,효능,2021-11-08,0.14509
영양공급,효능,2021-11-22,0.20313
영양공급,효능,2021-11-29,0.17411
영양공급,효능,2022-01-03,0.23215
영양공급,효능,2022-01-24,0.14509
영양공급,효능,2022-01-31,0.14509
영양공급,효능,2022-02-14,0.17411
영양공급,효능,2022-02-28,0.17411
영양공급,효능,2022-03-07,0.34822
영양공급,효능,2022-03-14,0.14509
영양공급,효능,2022-03-21,0.29019
영양공급,효능,2022-03-28,0.34822
영양공급,효능,2022-04-04,0.17411
영양공급,효능,2022-04-11,0.14509
영양공급,효능,2022-04-18,0.14509
영양공급,효능,2022-04-25,0.49332
영양공급,효능,2022-05-02,0.31921
영양공급,효능,2022-05-09,0.20313
영양공급,효능,2022-05-16,0.31921
영양공급,효능,2022-05-23,0.31921
영양공급,효능,2022-05-30,0.34822
영양공급,효능,2022-06-13,0.14509
영양공급,효능,2022-06-20,0.14509
영양공급,효능,2022-06-27,0.66744
영양공급,효능,2022-07-04,0.14509
영양공급,효능,2022-07-11,0.43528
영양공급,효능,2022-07-18,0.14509
영양공급,효능,2022-08-08,0.14509
영양공급,효능,2022-08-22,0.14509
영양공급,효능,2022-09-12,0.17411
영양공급,효능,2022-10-17,0.14509
영양공급,효능,2022-10-24,0.17411
영양공급,효능,2022-10-31,0.37724
영양공급,효능,2022-11-07,0.29019
영양공급,효능,2022-11-14,0.14509
영양공급,효능,2022-11-21,0.14509
영양공급,효능,2022-11-28,0.17411
영양공급,효능,2023-01-02,0.23215
영양공급,효능,2023-03-06,0.31921
영양공급,효능,2023-03-20,0.14509
영양공급,효능,2023-03-27,0.34822
영양공급,효능,2023-05-01,0.14509
영양공급,효능,2023-05-15,0.29019
영양공급,효능,2023-05-22,0.31921
영양공급,효능,2023-05-29,0.14509
영양공급,효능,2023-06-26,0.14509
영양공급,효능,2023-07-03,0.29019
영양공급,효능,2023-07-17,0.26117
영양공급,효능,2023-07-24,0.14509
영양공급,효능,2023-09-04,0.14509
영양공급,효능,2023-09-18,0.52234
영양공급,효능,2023-10-23,0.14509
영양공급,효능,2023-10-30,0.17411
영양공급,효능,2023-11-06,0.17411
영양공급,효능,2023-11-20,0.14509
영양공급,효능,2024-03-25,0.14509
영양공급,효능,2024-04-08,0.14509
영양공급,효능,2024-05-06,0.20313
영양공급,효능,2024-05-20,0.17411
영양공급,효능,2024-06-17,0.14509
영양공급,효능,2024-07-01,0.14509
영양공급,효능,2024-07-15,0.34822
영양공급,효능,2024-07-22,0.52234
영양공급,효능,2024-07-29,0.58038
영양공급,효능,2024-08-05,0.14509
영양공급,효능,2024-08-19,0.14509
영양공급,효능,2024-09-30,0.14509
영양공급,효능,2024-10-28,0.17411
영양공급,효능,2026-09-21,0.17411
항산화,효능,2020-12-28,61.69471
항산화,효능,2021-01-04,72.37376
항산화,효능,2021-01-11,69.96517
항산화,효능,2021-01-18,62.01392
항산화,효능,2021-01-25,58.12536
항산화,효능,2021-02-01,56.32617
항산화,효능,2021-02-08,43.70284
항산화,효능,2021-02-15,64.2484
항산화,효능,2021-02-22,51.30586
항산화,효능,2021-03-01,49.65177
항산화,효능,2021-03-08,56.58734
항산화,효능,2021-03-15,61.63668
항산화,효능,2021-03-22,57.31282
항산화,효능,2021-03-29,59.63435
항산화,효능,2021-04-05,60.67904
항산화,효능,2021-04-12,64.53859
항산화,효능,2021-04-19,59.69239
항산화,효능,2021-04-26,56.6744
항산화,효능,2021-05-03,56.41323
항산화,효능,2021-05-10,62.50725
항산화,효능,2021-05-17,57.77713
항산화,효능,2021-05-24,66.3668
항산화,효능,2021-05-31,66.13464
항산화,효능,2021-06-07,66.71503
항산화,효능,2021-06-14,57.71909
항산화,효능,2021-06-21,57.77713
항산화,효능,2021-06-28,49.53569
항산화,효능,2021-07-05,56.47127
항산화,효능,2021-07-12,56.35519
항산화,효능,2021-07-19,50.11607
항산화,효능,2021-07-26,48.98432
항산화,효능,2021-08-02,45.03772
항산화,효능,2021-08-09,52.32153
항산화,효능,2021-08-16,52.35055
항산화,효능,2021-08-23,58.73476
항산화,효능,2021-08-30,55.77481
항산화,효능,2021-09-06,62.44921
항산화,효능,2021-09-13,56.55832
항산화,효능,2021-09-20,43.0354
항산화,효능,2021-09-27,52.64074
항산화,효능,2021-10-04,53.88856
항산화,효능,2021-10-11,52.87289
항산화,효능,2021-10-18,54.87521
항산화,효능,2021-10-25,54.93325
항산화,효능,2021-11-01,52.64074
항산화,효능,2021-11-08,51.27684
항산화,효능,2021-11-15,53.04701
항산화,효능,2021-11-22,55.94892
항산화,효능,2021-11-29,55.94892
항산화,효능,2021-12-06,52.29251
항산화,효능,2021-12-13,47.99767
항산화,효능,2021-12-20,47.27219
항산화,효능,2021-12-27,42.19384
항산화,효능,2022-01-03,46.11143
항산화,효능,2022-01-10,48.57806
항산화,효능,2022-01-17,47.50435
항산화,효능,2022-01-24,41.72954
항산화,효능,2022-01-31,39.05977
항산화,효능,2022-02-07,49.15844
항산화,효능,2022-02-14,51.45095
항산화,효능,2022-02-21,45.6181
항산화,효능,2022-02-28,44.68949
항산화,효능,2022-03-07,53.42426
항산화,효능,2022-03-14,58.76378
항산화,효능,2022-03-21,58.87986
항산화,효능,2022-03-28,58.82182
항산화,효능,2022-04-04,61.28845
항산화,효능,2022-04-11,59.5473
항산화,효능,2022-04-18,59.11201
항산화,효능,2022-04-25,53.16308
항산화,효능,2022-05-02,48.37492
항산화,효능,2022-05-09,57.83517
항산화,효능,2022-05-16,65.06094
항산화,효능,2022-05-23,68.10795
항산화,효능,2022-05-30,58.96691
항산화,효능,2022-06-06,63.29077
항산화,효능,2022-06-13,67.06326
항산화,효능,2022-06-20,63.05861
항산화,효능,2022-06-27,55.19442
항산화,효능,2022-07-04,53.07603
항산화,효능,2022-07-11,59.66337
항산화,효능,2022-07-18,52.49564
항산화,효능,2022-07-25,48.92629
항산화,효능,2022-08-01,50.63842
항산화,효능,2022-08-08,49.12942
항산화,효능,2022-08-15,53.8015
항산화,효능,2022-08-22,57.10969
항산화,효능,2022-08-29,56.76146
항산화,효능,2022-09-05,50.63842
항산화,효능,2022-09-12,64.65467
항산화,효능,2022-09-19,63.66802
항산화,효능,2022-09-26,56.29715
항산화,효능,2022-10-03,52.26349
항산화,효능,2022-10-10,56.64538
항산화,효능,2022-10-17,65.43818
항산화,효능,2022-10-24,59.48926
항산화,효능,2022-10-31,60.9112
항산화,효능,2022-11-07,63.75507
항산화,효능,2022-11-14,66.3668
항산화,효능,2022-11-21,67.00522
항산화,효능,2022-11-28,64.88682
항산화,효능,2022-12-05,64.45153
항산화,효능,2022-12-12,71.44515
항산화,효능,2022-12-19,61.11433
항산화,효능,2022-12-26,59.66337
항산화,효능,2023-01-02,64.65467
항산화,효능,2023-01-09,71.93847
항산화,효능,2023-01-16,61.46256
항산화,효능,2023-01-23,59.4022
항산화,효능,2023-01-30,69.90713
항산화,효능,2023-02-06,68.45618
항산화,효능,2023-02-13,65.72838
항산화,효능,2023-02-20,68.51421
항산화,효능,2023-02-27,64.01625
항산화,효능,2023-03-06,72.5769
항산화,효능,2023-03-13,79.74463
항산화,효능,2023-03-20,77.36506
항산화,효능,2023-03-27,77.82936
항산화,효능,2023-04-03,77.62623
항산화,효능,2023-04-10,82.55948
항산화,효능,2023-04-17,82.26929
항산화,효능,2023-04-24,70.69065
항산화,효능,2023-05-01,70.60359
항산화,효능,2023-05-08,84.06848
항산화,효능,2023-05-15,78.23563
항산화,효능,2023-05-22,77.39408
항산화,효능,2023-05-29,76.3784
항산화,효능,2023-06-05,82.55948
항산화,효능,2023-06-12,81.42774
항산화,효능,2023-06-19,69.61694
항산화,효능,2023-06-26,66.10562
항산화,효능,2023-07-03,73.44747
항산화,효능,2023-07-10,74.63726
항산화,효능,2023-07-17,65.03192
항산화,효능,2023-07-24,61.75275
항산화,효능,2023-07-31,57.63203
항산화,효능,2023-08-07,59.14103
항산화,효능,2023-08-14,58.35751
항산화,효능,2023-08-21,67.90481
항산화,효능,2023-08-28,66.33778
항산화,효능,2023-09-04,69.0946
항산화,효능,2023-09-11,73.47649
항산화,효능,2023-09-18,72.75101
항산화,효능,2023-09-25,49.07138
항산화,효능,2023-10-02,60.50493
항산화,효능,2023-10-09,67.26639
항산화,효능,2023-10-16,74.98549
항산화,효능,2023-10-23,72.02553
항산화,효능,2023-10-30,71.18398
항산화,효능,2023-11-06,68.22402
항산화,효능,2023-11-13,67.20835
항산화,효능,2023-11-20,75.1596
항산화,효능,2023-11-27,69.8491
항산화,효능,2023-12-04,63.84213
항산화,효능,2023-12-11,64.16134
항산화,효능,2023-12-18,56.70342
항산화,효능,2023-12-25,52.7278
항산화,효능,2024-01-01,57.71909
항산화,효능,2024-01-08,58.15438
항산화,효능,2024-01-15,61.75275
항산화,효능,2024-01-22,59.92455
항산화,효능,2024-01-29,63.05861
항산화,효능,2024-02-05,51.18978
항산화,효능,2024-02-12,62.44921
항산화,효능,2024-02-19,60.621
항산화,효능,2024-02-26,53.85954
항산화,효능,2024-03-04,61.95589
항산화,효능,2024-03-11,68.97852
항산화,효능,2024-03-18,69.18165
항산화,효능,2024-03-25,72.40278
항산화,효능,2024-04-01,70.71967
항산화,효능,2024-04-08,67.20835
항산화,효능,2024-04-15,76.23331
항산화,효능,2024-04-22,65.72838
항산화,효능,2024-04-29,61.95589
항산화,효능,2024-05-06,69.18165
항산화,효능,2024-05-13,68.39814
항산화,효능,2024-05-20,72.72199
항산화,효능,2024-05-27,86.99941
항산화,효능,2024-06-03,69.38479
항산화,효능,2024-06-10,74.72431
항산화,효능,2024-06-17,66.19268
항산화,효능,2024-06-24,63.60998
항산화,효능,2024-07-01,60.9112
항산화,효능,2024-07-08,70.37144
항산화,효능,2024-07-15,68.57225
항산화,효능,2024-07-22,53.48229
항산화,효능,2024-07-29,50.63842
항산화,효능,2024-08-05,61.92687
항산화,효능,2024-08-12,76.32037
항산화,효능,2024-08-19,99.65177
항산화,효능,2024-08-26,99.7098
항산화,효능,2024-09-02,100
항산화,효능,2024-09-09,95.96633
항산화,효능,2024-09-16,71.213
항산화,효능,2024-09-23,59.63435
항산화,효능,2024-09-30,52.06035
항산화,효능,2024-10-07,50.84155
항산화,효능,2024-10-14,59.28612
항산화,효능,2024-10-21,57.60301
항산화,효능,2024-10-28,56.26813
항산화,효능,2024-11-04,54.7011
항산화,효능,2024-11-11,54.64306
항산화,효능,2024-11-18,56.32617
항산화,효능,2024-11-25,54.49796
항산화,효능,2024-12-02,46.54672
항산화,효능,2024-12-09,46.28554
항산화,효능,2024-12-16,54.12071
항산화,효능,2024-12-23,43.20951
항산화,효능,2024-12-30,38.9437
항산화,효능,2025-01-06,44.05107
항산화,효능,2025-01-13,43.00638
항산화,효능,2025-01-20,38.88566
항산화,효능,2025-01-27,31.51479
항산화,효능,2025-02-03,45.67614
항산화,효능,2025-02-10,45.0087
항산화,효능,2025-02-17,45.64712
항산화,효능,2025-02-24,42.94834
항산화,효능,2025-03-03,45.85026
항산화,효능,2025-03-10,50.84155
항산화,효능,2025-03-17,55.36854
항산화,효능,2025-03-24,54.29483
항산화,효능,2025-03-31,50.89959
항산화,효능,2025-04-07,53.62739
항산화,효능,2025-04-14,49.91294
항산화,효능,2025-04-21,45.87928
항산화,효능,2025-04-28,40.82994
항산화,효능,2025-05-05,42.94834
항산화,효능,2025-05-12,49.27452
항산화,효능,2025-05-19,48.02669
항산화,효능,2025-05-26,44.92164
항산화,효능,2025-06-02,38.85664
항산화,효능,2025-06-09,49.7098
항산화,효능,2025-06-16,45.87928
항산화,효능,2025-06-23,42.16482
항산화,효능,2025-06-30,41.26523
항산화,효능,2025-07-07,54.87521
항산화,효능,2025-07-14,51.30586
항산화,효능,2025-07-21,41.12013
항산화,효능,2025-07-28,38.76958
항산화,효능,2025-08-04,43.7899
항산화,효능,2025-08-11,45.85026
항산화,효능,2025-08-18,48.89727
항산화,효능,2025-08-25,48.83923
항산화,효능,2025-09-01,47.04004
항산화,효능,2025-09-08,44.57341
항산화,효능,2025-09-15,49.65177
항산화,효능,2025-09-22,46.19849
항산화,효능,2025-09-29,39.17585
항산화,효능,2025-10-06,32.87869
항산화,효능,2025-10-13,47.82356
항산화,효능,2025-10-20,43.23853
항산화,효능,2025-10-27,37.81195
항산화,효능,2025-11-03,39.32095
항산화,효능,2025-11-10,37.05745
항산화,효능,2025-11-17,38.30528
항산화,효능,2025-11-24,39.72721
항산화,효능,2025-12-01,34.53279
항산화,효능,2025-12-08,34.96807
항산화,효능,2025-12-15,32.38537
항산화,효능,2025-12-22,26.61056
항산화,효능,2025-12-29,24.84039
항산화,효능,2026-01-05,31.07951
항산화,효능,2026-01-12,30.29599
항산화,효능,2026-01-19,29.30934
항산화,효능,2026-01-26,29.91874
항산화,효능,2026-02-02,31.63087
항산화,효능,2026-02-09,30.6152
항산화,효능,2026-02-16,26.69762
항산화,효능,2026-02-23,28.35171
항산화,효능,2026-03-02,27.65525
항산화,효능,2026-03-09,31.05049
항산화,효능,2026-03-16,33.86535
항산화,효능,2026-03-23,32.32733
항산화,효능,2026-03-30,38.91468
항산화,효능,2026-04-06,36.0708
항산화,효능,2026-04-13,33.45908
항산화,효능,2026-04-20,29.07719
항산화,효능,2026-04-27,28.90307
항산화,효능,2026-05-04,25.9141
항산화,효능,2026-05-11,29.01915
항산화,효능,2026-05-18,28.38073
항산화,효능,2026-05-25,29.77365
항산화,효능,2026-06-01,30.23795
항산화,효능,2026-06-08,32.38537
항산화,효능,2026-06-15,29.54149
항산화,효능,2026-06-22,29.01915
항산화,효능,2026-06-29,28.78699
항산화,효능,2026-07-06,29.16424
항산화,효능,2026-07-13,23.70864
항산화,효능,2026-07-20,24.43412
항산화,효능,2026-07-27,23.30237
항산화,효능,2026-08-03,24.08589
항산화,효능,2026-08-10,24.26001
항산화,효능,2026-08-17,23.53453
항산화,효능,2026-08-24,26.5235
항산화,효능,2026-08-31,23.09924
항산화,효능,2026-09-07,25.21764
항산화,효능,2026-09-14,25.33372
항산화,효능,2026-09-21,16.74405
항산화,효능,2026-09-28,2.84387
