rank,goodsNo,name,ingredient_count,ingredients
1,A000000223633,[스완 PICK/모공&잡티 완벽커버]  미닉 미니멀 커버 로션 40ml (라이트베이지/내추럴베이지) 단품/단독기획,151,"01 라이트베이지
정제수,메틸트라이메티콘,에칠헥실메톡시신나메이트,티타늄디옥사이드 (CI 77891),징크옥사이드 (CI 77947),에칠헥실살리실레이트,다이페닐실록시페닐트라이메티콘,세틸다이글리세릴트리스(트라이메틸실록시)실릴에틸다이메티콘,다이실록세인,프로판다이올,세틸에틸헥사노에이트,나이아신아마이드,펜틸렌글라이콜,1,2-헥산다이올,스페인감초뿌리추출물,해바라기씨오일,마트리카리아꽃추출물,병풀추출물,약모밀추출물,소듐하이알루로네이트,병풀잎추출물,병풀뿌리추출물,감나무잎추출물,포도추출물,잇꽃꽃추출물,커피콩추출물,호장근뿌리추출물,녹차추출물,밤껍질추출물,초피나무열매추출물,하이드롤라이즈드하이알루로닉애씨드,티트리추출물,하이알루로닉애씨드,다이스테아다이모늄헥토라이트,라우릴폴리글리세릴-3폴리다이메틸실록시에틸다이메티콘,부틸렌글라이콜,마그네슘설페이트,아이소도데케인,글리세릴트라이베헤네이트/아이소스테아레이트/에이코산디오에이트,실리카,트라이메틸실록시실리케이트,알루미늄하이드록사이드,솔비탄세스퀴올리에이트,폴리글리세릴-4다이아이소스테아레이트/폴리하이드록시스테아레이트/세바케이트,스테아릭애씨드,옥틸도데칸올,카프릴릭/카프릭트라이글리세라이드,폴리글리세릴-3올리에이트,다이메티콘,다이아이소스테아로일폴리글리세릴-3다이머다이리놀리에이트,트라이에톡시카프릴릴실레인,에틸헥실글리세린,폴리글리세릴-4아이소스테아레이트,아데노신,트라이소듐에틸렌다이아민다이석시네이트,아이소프로필티타늄트라이아이소스테아레이트,토코페롤,알란토인,베타인,판테놀,글리세린,벤질글라이콜,하이드롤라이즈드글라이코사미노글리칸,베타-글루칸,소듐하이알루로네이트크로스폴리머,하이드록시프로필트라이모늄하이알루로네이트,마데카소사이드,아시아티코사이드,아시아틱애씨드,마데카식애씨드,소듐아세틸레이티드하이알루로네이트,향료,황색산화철 (CI 77492),적색산화철 (CI 77491),흑색산화철 (CI 77499)

02 내추럴베이지
정제수,메틸트라이메티콘,에칠헥실메톡시신나메이트,티타늄디옥사이드 (CI 77891),징크옥사이드 (CI 77947),에칠헥실살리실레이트,다이페닐실록시페닐트라이메티콘,세틸다이글리세릴트리스(트라이메틸실록시)실릴에틸다이메티콘,다이실록세인,프로판다이올,세틸에틸헥사노에이트,나이아신아마이드,펜틸렌글라이콜,1,2-헥산다이올,스페인감초뿌리추출물,해바라기씨오일,마트리카리아꽃추출물,병풀추출물,약모밀추출물,소듐하이알루로네이트,병풀잎추출물,병풀뿌리추출물,감나무잎추출물,포도추출물,잇꽃꽃추출물,커피콩추출물,호장근뿌리추출물,녹차추출물,밤껍질추출물,초피나무열매추출물,하이드롤라이즈드하이알루로닉애씨드,티트리추출물,하이알루로닉애씨드,다이스테아다이모늄헥토라이트,라우릴폴리글리세릴-3폴리다이메틸실록시에틸다이메티콘,마그네슘설페이트,아이소도데케인,솔비탄세스퀴올리에이트,글리세릴트라이베헤네이트/아이소스테아레이트/에이코산디오에이트,실리카,옥틸도데칸올,트라이메틸실록시실리케이트,알루미늄하이드록사이드,스테아릭애씨드,폴리글리세릴-4다이아이소스테아레이트/폴리하이드록시스테아레이트/세바케이트,카프릴릭/카프릭트라이글리세라이드,폴리글리세릴-3올리에이트,다이메티콘,폴리글리세릴-4아이소스테아레이트,다이아이소스테아로일폴리글리세릴-3다이머다이리놀리에이트,트라이에톡시카프릴릴실레인,에틸헥실글리세린,아데노신,트라이소듐에틸렌다이아민다이석시네이트,아이소프로필티타늄트라이아이소스테아레이트,토코페롤,알란토인,베타인,판테놀,부틸렌글라이콜,글리세린,벤질글라이콜,하이드롤라이즈드글라이코사미노글리칸,베타-글루칸,소듐하이알루로네이트크로스폴리머,하이드록시프로필트라이모늄하이알루로네이트,마데카소사이드,아시아티코사이드,아시아틱애씨드,마데카식애씨드,소듐아세틸레이티드하이알루로네이트,향료,황색산화철 (CI 77492),적색산화철 (CI 77491),흑색산화철 (CI 77499)"
2,A000000223414,[15년 연속 1위] 메디힐 에센셜 마스크팩 10/10+1매 기획 7종 골라담기,310,"[마데카소사이드] 정제수, 프로판다이올, 다이프로필렌글라이콜, 나이아신아마이드, 글리세린, 1,2-헥산다이올, 트레할로오스, 하이드록시아세토페논, 알지닌, 카보머, 폴리글리세릴-10라우레이트, 에틸헥실글리세린, 폴리글리세릴-4라우레이트, 잔탄검, 다이소듐이디티에이, 옥틸도데세스-16, 연필향나무오일, 마데카소사이드, 서양배추출물, 호호바씨오일, 다마스크장미꽃수, 광곽향오일, 글리세릴아크릴레이트/아크릴릭애씨드코폴리머, 오리스뿌리추출물, 멜론추출물, 불가리스쑥오일, 서양송악잎/줄기추출물, 로즈마리잎오일, 부틸렌글라이콜, 해수, 소듐하이알루로네이트, 병풀추출물, 소듐하이알루로네이트크로스폴리머, 하이드롤라이즈드글라이코사미노글리칸, 하이드로제네이티드레시틴, 향부자추출물, 벤질글라이콜, 하이드롤라이즈드하이알루로닉애씨드, 하이알루로닉애씨드, 판테놀, 세라마이드엔피

[PDRN] 정제수, 글리세린, 프로판다이올, 부틸렌글라이콜, 글리세레스-26, 1,2-헥산다이올, 다마스크장미추출물, 잔탄검, 카보머, 판테놀, 알지닌, 하이드록시아세토페논, 카놀라오일, 폴리글리세릴-10라우레이트, 아데노신, 해바라기씨오일, 메도우폼씨오일, 다이프로필렌글라이콜, 폴리글리세릴-4라우레이트, 폴리글리세릴-10스테아레이트, 다이소듐이디티에이, 하이드록시에틸셀룰로오스, 아르간커넬오일, 다마스크장미꽃수, 치자나무꽃추출물, 락토바실러스발효물, 양까막까치밥나무잎추출물, 첨차잎추출물, 해수, 서양송악잎/줄기추출물, 센티드제라늄꽃오일, 스쿠알란, 검정콩추출물, 무화과추출물, 밤껍질추출물, 버지니아풍년화잎수, 퀴노아씨추출물, 하이드로제네이티드레시틴, 향부자추출물, 밤부사 불가리스잎추출물, 아마씨추출물, 에틸헥실글리세린, 소듐디엔에이, 글루코노락톤, 세라마이드엔피

[티트리] 정제수, 글리세린, 다이프로필렌글라이콜, 1,2-헥산다이올, 티트리추출물, 메틸프로판다이올, 프로판다이올, 하이드록시아세토페논, 알지닌, 카보머, 아미노부티릭애씨드, 부틸렌글라이콜, 잔탄검, 폴리글리세릴-10라우레이트, 아데노신, 폴리글리세릴-4라우레이트, 해수, 다이소듐이디티에이, 트루로즈오브예리코추출물, 티트리잎오일, 폴리쿼터늄-51, 하이드로제네이티드레시틴, 베르가모트오일, 티트리잎추출물, 4-터피네올, 글리세릴글루코사이드, 트레할로오스, 티트리꽃/잎/줄기추출물, 티트리잎수, 화이트티트리잎추출물, 서양민들레뿌리줄기/뿌리추출물, 소엽잎추출물, 향부자추출물, 소두구씨오일, 판테놀, 세라마이드엔피

[콜라겐] 정제수, 글리세린, 메틸프로판다이올, 프로판다이올, 1,2-헥산다이올, 하이드롤라이즈드익스텐신, 하이드록시아세토페논, 카보머, 알지닌, 잔탄검, 베타인, 트레할로오스, 아데노신, 폴리글리세릴-10라우레이트, 해수, 다이프로필렌글라이콜, 폴리글리세릴-4라우레이트, 다이소듐이디티에이, 옥틸도데세스-16, 소듐하이알루로네이트, 판테놀, 아미노부티릭애씨드, 부틸렌글라이콜, 스위트아몬드오일, 글리세릴글루코사이드, 소듐폴리아크릴레이트, 센티드제라늄꽃오일, 라벤더오일, 하이드로제네이티드레시틴, 흰목이버섯폴리사카라이드, 캐모마일꽃오일, 오렌지껍질오일, 소엽잎추출물, 서양민들레뿌리줄기/뿌리추출물, 멕시칸주니퍼오일, 엘라스틴, 향부자추출물, 카프릴릭/카프릭트라이글리세라이드, 아세틸헥사펩타이드-8, 카퍼트라이펩타이드-1, 헥사펩타이드-9, 노나펩타이드-1, 팔미토일펜타펩타이드-4, 팔미토일테트라펩타이드-7, 트라이펩타이드-1, 세라마이드엔피

[비타민씨] 정제수, 프로판다이올, 나이아신아마이드(30,000 ppm), 글리세린, 1,2-헥산다이올, 다이프로필렌글라이콜, 귤껍질추출물(2,000 ppm), 비타민나무추출물(2,000 ppm), 하이드록시아세토페논, 글리세릴글루코사이드, 알지닌, 카보머, 판테놀(1,300 ppm), 아미노부티릭애씨드, 하이드록시에틸우레아, 폴리글리세릴-10라우레이트, 잔탄검, 다이소듐이디티에이, 부틸렌글라이콜, 글리세릴아크릴레이트/아크릴릭애씨드코폴리머, 3-O-에틸아스코빅애씨드(50 ppm), 센티드제라늄꽃오일, 글루코오스, 시트로넬올, 해수, 바이오틴(24 ppm), 카르니틴에이치씨엘(24 ppm), 폴릭애씨드(24 ppm), 헤스페리딘(24 ppm), 메나다이온(24 ppm), 피리독신에이치씨엘(24 ppm), 리보플라빈(24 ppm), 티아민에이치씨엘(24 ppm), 토코페릴아세테이트(24 ppm), 제라니올, 황련추출물, 하이드로제네이티드레시틴, 아스코빅애씨드(5,000 ppb), 밤부사 불가리스잎추출물, 아마씨추출물, 향부자추출물, 에틸헥실글리세린, 소듐하이알루로네이트, 세라마이드엔피

[히알루론산] 정제수, 글리세린, 다이프로필렌글라이콜, 부틸렌글라이콜, 나이아신아마이드, 1,2-헥산다이올, 판테놀, 소듐하이알루로네이트, 알지닌, 카보머, 하이드록시아세토페논, 아미노부티릭애씨드, 잔탄검, 아데노신, 해수, 폴리글리세릴-10라우레이트, 다이소듐이디티에이, 서양배추출물, 폴리글리세릴-4라우레이트, 다마스크장미꽃수, 옥틸도데세스-16, 오리스뿌리추출물, 폴리쿼터늄-51, 멜론추출물, 서양송악잎/줄기추출물, 하이드로제네이티드레시틴, 향부자추출물, 소엽잎추출물, 서양민들레뿌리줄기/뿌리추출물, 스쿠알란, 카프릴릭/카프릭트라이글리세라이드, 다이메틸실란올하이알루로네이트, 글루코노락톤, 글루타티온, 하이알루로닉애씨드, 하이드롤라이즈드하이알루로닉애씨드, 하이드롤라이즈드소듐하이알루로네이트, 하이드록시프로필트라이모늄하이알루로네이트, 포타슘하이알루로네이트, 소듐아세틸레이티드하이알루로네이트, 소듐하이알루로네이트크로스폴리머, 소듐하이알루로네이트다이메틸실란올, 피토스테롤, 세라마이드엔피

[세라마이드] 정제수, 글리세린, 다이프로필렌글라이콜, 트라이에틸헥사노인, 프로판다이올, 시어버터, 글리세릴스테아레이트, 1,2-헥산다이올, 폴리글리세릴-3메틸글루코오스다이스테아레이트, 하이드록시아세토페논, 알지닌, 폴리글리세릴-10라우레이트, 아크릴레이트/C10-30알킬아크릴레이트크로스폴리머, 폴리글리세릴-4라우레이트, 잔탄검, 에틸헥실글리세린, 향료, 팔미틱애씨드, 카보머, 스테아릭애씨드, 세라마이드엔피, 아데노신, 다이소듐이디티에이, 서양배추출물, 부틸렌글라이콜, 다마스크장미꽃수, 판테놀, 오리스뿌리추출물, 멜론추출물, 서양송악잎/줄기추출물, 글라이신, 글루타믹애씨드, 아스파틱애씨드, 소듐폴리아크릴레이트, 소듐클로라이드, 향부자추출물, 엑토인, 히스티딘, 세린, 시트릭애씨드, 알라닌, 프롤린, 트레오닌, 마그네슘클로라이드, 칼슘클로라이드, 세라마이드에이피, 세라마이드이오피, 세라마이드엔에스"
3,A000000263009,[9월 올영픽]라로슈포제 시카플라스트밤 B5+ 100ml 기획 (+시카에센스7.5ml+히알루세럼3ml),2,"[시카플라스트 밤 B5+]
정제수 하이드로제네이티드폴리아이소부텐 다이메티콘 글리세린 시어버터 판테놀 옥수수전분 프로판다이올 부틸렌글라이콜 세틸피이지/피피지-10/1다이메티콘 트라이하이드록시스테아린 병풀잎추출물 야콘뿌리즙 징크글루코네이트 마데카소사이드 망가니즈글루코네이트 알파-글루칸올리고사카라이드 실리카 알루미늄하이드록사이드 마그네슘설페이트 만노오스 카프릴로일글라이신 카프릴릴글라이콜 비트레오스실라발효물 시트릭애씨드 트라이소듐에틸렌다이아민다이석시네이트 락토바실러스 아세틸레이티드글라이콜스테아레이트 말토덱스트린 폴리글리세릴-4아이소스테아레이트 토코페롤 펜타에리스리틸테트라-다이-t-부틸하이드록시하이드로신나메이트 티타늄디옥사이드

[시카플라스트 에센스]
정제수 비피다발효용해물 판테놀 다이메티콘 베타인 글리세린 부틸렌글라이콜 펜틸렌글라이콜 아이소프로필미리스테이트 피이지/피피지/폴리부틸렌글라이콜-8/5/3글리세린 소듐하이드록사이드 만노오스 메틸다이하이드로자스모네이트 아크릴레이트/C10-30알킬아크릴레이트크로스폴리머 페녹시에탄올 하이드로제네이티드레시틴 알파-글루칸올리고사카라이드 카프릴릴글라이콜 폴리솔베이트20 마데카소사이드 스핑고모나스발효추출물 시트릭애씨드 야콘뿌리즙 소듐메틸스테아로일타우레이트 아세틸다이펩타이드-1세틸에스터 소듐벤조에이트 말토덱스트린 징크글루코네이트 망가니즈글루코네이트 소듐하이알루로네이트 엑토인 단삼뿌리추출물 살리실로일피토스핑고신 락토바실러스 트라이소듐에틸렌다이아민다이석시네이트 비사보롤

[히알루 세럼]
정제수 글리세린 변성알코올 프로필렌글라이콜 판테놀 펜틸렌글라이콜 다이메티콘 피이지-6카프릴릭/카프릭글리세라이즈 갈랑가갈랑갈잎추출물 칼슘클로라이드 글리세릴아이소스테아레이트 마데카소사이드 피피지-6-데실테트라데세스-30 소듐아세틸레이티드하이알루로네이트(0.01%) 소듐하이알루로네이트(0.2004%) 알진 아데노신 암모늄폴리아크릴로일다이메틸타우레이트 프로판다이올 하이드롤라이즈드하이알루로닉애씨드(0.1208%) 하이드록시아세토페논 카프릴릭/카프릭트라이글리세라이드 카프릴릴글라이콜 시트릭애씨드 트라이소듐에틸렌다이아민다이석시네이트 아세틸글루코사민 잔탄검 부틸렌글라이콜 1,2-헥산다이올 토코페롤 페녹시에탄올 향료"
4,A000000245960,[1등 진정] 센텔리안24 마데카 크림 타임 리버스 50ml 기획 (+15ml*2+더마 마스크팩 3매),204,"- 마데카크림 타임리버스(50ml, 15ml) 정제수*, 다이프로필렌글라이콜*, 하이드로제네이티드폴리데센, 카프릴릭/카프릭트라이글리세라이드, 글리세린, 글리세릴스테아레이트, 펜타에리스리틸테트라에틸헥사노에이트, 나이아신아마이드*, 사이클로헥사실록세인, 세틸알코올, 폴리글리세릴-6다이스테아레이트, 비닐다이메티콘, 다이카프릴릴에터, 병풀단백질추출물, 아시아티코사이드*, 아시아틱애씨드*, 마데카식애씨드(4,800 ppm)*, 병풀오일, 병풀아미노산, 마데카소사이드, 아스코빌아시아테이트, 병풀폴리펩타이드, 하이드롤라이즈드하이알루로닉애씨드, 하이드롤라이즈드병풀추출물, 병풀추출물, 병풀잎추출물*, 라케모사승마뿌리추출물*, 흰무늬엉겅퀴추출물*, 마카뿌리추출물*, 마카다미아씨오일*, 돌콩오일*, 하이드로제네이티드레시틴*, 소듐하이알루로네이트, 폴리글리세릴-10라우레이트, 스테아릴알코올, 비즈왁스, 소듐스테아로일글루타메이트, 판테놀, 자일리틸글루코사이드*, 하이드록시에틸아크릴레이트/소듐아크릴로일다이메틸타우레이트코폴리머, 호호바에스터*, 안하이드로자일리톨*, 부틸렌글라이콜*, 폴리글리세릴-3비즈왁스, 1,2-헥산다이올*, 하이드록시아세토페논, 자일리톨*, 메틸프로판다이올*, 알란토인, 프로판다이올*, 칸디다 봄비콜라/글루코오스/메틸레이프씨데이트발효물*, 잔탄검, 에톡시다이글라이콜*, 다이소듐이디티에이, 글루코오스*, 아데노신, 솔비탄아이소스테아레이트, 에틸헥실글리세린, 소듐라우레이트, 사이클로덱스트린*, 라우릭애씨드, 소듐폴리아크릴레이트, 피브이엠/엠에이코폴리머, 옥틸도데칸올*, 글라이코리피드*, 카페인*, C12-13파레스-9*, 콜라겐아미노산, 세라마이드엔피, 레스베라트롤*, 알지닌*, 글라이코젠, 엑토인, 타우린*, 하이드롤라이즈드엘라스틴, 레티놀*, 말토덱스트린*, 피토스핑고신, 수크로오스다이스테아레이트*, 소듐디엔에이, 사이아노코발아민*, 글라이신, 글루타믹애씨드, 해바라기씨왁스*, 폴리글리세린-3*, 토코페롤*, 쓴쑥추출물, 바닐라열매추출물, 올리브오일, 오렌지오일, 필리핀오렌지껍질오일, 라벤더오일, 베르가모트오일, 로즈마리잎오일, 오렌지껍질오일, 리씨열매오일, 연필향나무오일, 왕귤껍질오일, 아틀라스시다나무껍질오일, 센티드제라늄꽃오일, 커먼자스민오일, 마텔오일, 장미꽃오일, 갈바눔수지오일, 발삼코파이바수지, 리모넨, 리날룰, 시트랄 (*활성-TECATM) - 마데카랩 마스크(링클) 정제수, 글리세린, 메틸프로판다이올, 세틸에틸헥사노에이트, 나이아신아마이드, 카프릴릭/카프릭트라이글리세라이드, 병풀추출물, 아시아티코사이드, 마데카식애씨드, 아시아틱애씨드, 클로렐라 불가리스추출물, 소듐하이알루로네이트, 백미꽃추출물, 접시꽃추출물, 레틴알, 하이드롤라이즈드콜라겐, 아세틸헥사펩타이드-8, 아스코빅애씨드폴리펩타이드, 아세틸옥타펩타이드-3, 아세틸테트라펩타이드-2, 아세틸테트라펩타이드-3, 아세틸테트라펩타이드-5, 아세틸테트라펩타이드-9, 카르노신, 카퍼트라이펩타이드-1, 노나펩타이드-1, 팔미토일펜타펩타이드-4, 팔미토일트라이펩타이드-1, 팔미토일트라이펩타이드-5, 발삼코파이바수지, 올리브오일, 베르가모트오일, 라벤더오일, 아틀라스시다나무껍질오일, 센티드제라늄꽃오일, 마카다미아씨오일, 커먼자스민오일, 오렌지오일, 쓴쑥추출물, 장미꽃오일, 왕귤껍질오일, 마텔오일, 인삼열매추출물, 바닐라열매추출물, 갈바눔수지오일, 아스퍼질러스발효물, 금사연둥지추출물, 글리세레스-26, 폴리글리세릴-3메틸글루코오스다이스테아레이트, 베타인, 글리세릴스테아레이트, 글루코오스, 판테놀, 아크릴레이트/C10-30알킬아크릴레이트크로스폴리머, 부틸렌글라이콜, 알란토인, 프룩토올리고사카라이드, 프룩토오스, 세테아레스-20, 소듐폴리아크릴로일다이메틸타우레이트, 아데노신, 1,2-헥산다이올, 하이드로제네이티드레시틴, 다이포타슘글리시리제이트, 아세틸글루코사민, 소듐하이알루로네이트크로스폴리머, 프로판다이올, 콜레스테롤, 유채스테롤, 피이지-5레이프씨드스테롤, 실리카, 세테스-3, 세테스-5, 알루미늄/마그네슘하이드록사이드스테아레이트, 토코페롤, 토코페릴아세테이트, 포타슘세틸포스페이트, 펜타에리스리틸테트라-다이-t-부틸하이드록시하이드로신나메이트, 바쿠치올, 하이드롤라이즈드엘라스틴, 피토스테롤, 구아하이드록시프로필트라이모늄클로라이드, 세라마이드엔피, 카페인, 잔탄검, 하이드록시아세토페논, 피이지-100스테아레이트, 트로메타민, 카프릴릴글라이콜, 에틸헥실글리세린, 펜틸렌글라이콜, 다이소듐이디티에이, 리모넨"
5,A000000262413,[산리오캐릭터즈 에디션] 메디힐 더마 토너패드 100+100매 더블기획 7종 골라담기,242,"[마데카소사이드] 정제수, 다이프로필렌글라이콜, 글리세레스-26, 나이아신아마이드, 글리세린, 1,2-헥산다이올, 다이페닐다이메티콘, 트라이에틸헥사노인, 하이드록시아세토페논, 하이드로제네이티드레시틴, 폴리글리세릴-10올리에이트, 병풀추출물, 다이포타슘글리시리제이트, 소듐시트레이트, 알란토인, 옥틸도데세스-16, 시트릭애씨드, 다이소듐이디티에이, 폴리글리세릴-10라우레이트, 연필향나무오일, 부틸렌글라이콜, 불가리스쑥오일, 광곽향오일, 마데카소사이드, 로즈마리잎오일, 향기제비꽃잎추출물, 병풀뿌리추출물, 병풀잎추출물, 효모발효물, 망고추출물, 락토바실러스발효물, 아시아티코사이드, 마데카식애씨드, 아시아틱애씨드

[PDRN] 정제수, 글리세린, 글리세레스-26, 나이아신아마이드, 메틸프로판다이올, 다마스크장미꽃수, 1,2-헥산다이올, 베타인, 하이드록시아세토페논, 하이드록시에틸우레아, 다이포타슘글리시리제이트, 소듐시트레이트, 옥틸도데세스-16, 판테놀, 피브이피, 시트릭애씨드, 아데노신, 다이소듐이디티에이, 부틸렌글라이콜, 알란토인, 메틸다이아이소프로필프로피온아마이드, 치자나무꽃추출물, 양까막까치밥나무잎추출물, 첨차잎추출물, 해수, 서양송악잎/줄기추출물, 약모밀추출물, 산구절초추출물, 센티드제라늄꽃오일, 돌콩추출물, 물망초꽃/잎/줄기추출물, 폴리글리세릴-10라우레이트, 글루타티온, 하이드로제네이티드레시틴, 엑토인, 글루코노락톤, 에틸헥산다이올, 다마스크장미꽃추출물, 쿼세틴, 스쿠알란, 소듐디엔에이, 카프릴릴글라이콜, 하이드롤라이즈드프로안토시아니딘, 아세틸헥사펩타이드-8

[콜라겐] 정제수,글리세린,글리세레스-26,1,2-헥산다이올,다이페닐다이메티콘,트라이에틸헥사노인,하이드록시아세토페논,옥틸도데세스-16,하이드로제네이티드레시틴,폴리글리세릴-10라우레이트,하이드록시에틸우레아,베타인,하이드롤라이즈드익스텐신,하이드록시에틸셀룰로오스,잔탄검,알란토인,다이포타슘글리시리제이트,아데노신,다이소듐이디티에이,소듐시트레이트,시트릭애씨드,올리브오일,센티드제라늄꽃오일,라벤더오일,캐모마일꽃오일,오렌지껍질오일,멕시칸주니퍼오일,돌콩오일,부틸렌글라이콜,세라마이드엔피,락토바실러스발효물,망고추출물,레티놀,카프릴릴글라이콜,아세틸헥사펩타이드-8,카퍼트라이펩타이드-1,팔미토일펜타펩타이드-4,팔미토일트라이펩타이드-1,트라이펩타이드-1,헥사펩타이드-9,노나펩타이드-1

[티트리] 정제수, 부틸렌글라이콜, 메틸프로판다이올, 1,2-헥산다이올, 하이드록시아세토페논, 티트리잎수, 락토바실러스발효물, 다이포타슘글리시리제이트, 소듐시트레이트, 알란토인, 옥틸도데세스-16, 글리세린, 시트릭애씨드, 다이소듐이디티에이, 티트리잎오일, 하이드로제네이티드레시틴, 티트리잎추출물, 티트리추출물, 망고추출물

[히알루론산] 정제수,다이프로필렌글라이콜,글리세레스-26,베타인,1,2-헥산다이올,글리세린,솔비톨,하이드록시아세토페논,하이드록시에틸우레아,소듐하이알루로네이트,알란토인,옥틸도데세스-16,부틸렌글라이콜,다이포타슘글리시리제이트,잔탄검,다이소듐이디티에이,올리브오일,시트릭애씨드,소듐시트레이트,다이메틸실란올하이알루로네이트,하이알루로닉애씨드,하이드롤라이즈드하이알루로닉애씨드,하이드롤라이즈드소듐하이알루로네이트,포타슘하이알루로네이트,스쿠알란,하이드록시프로필트라이모늄하이알루로네이트,소듐하이알루로네이트크로스폴리머,분비나무오일,소듐하이알루로네이트다이메틸실란올,베타-글루칸,소듐아세틸레이티드하이알루로네이트,로즈마리잎오일,클레리오일,캐모마일꽃오일,멕시칸주니퍼오일,마트리카리아꽃오일,에리스리톨,소듐피씨에이,자일리틸글루코사이드,안하이드로자일리톨,자일리톨,글루코오스

[비타민씨] 정제수, 다이프로필렌글라이콜, 나이아신아마이드, 글리세레스-26, 1,2-헥산다이올, 비타민나무수, 하이드록시아세토페논, 베타인, 옥틸도데세스-16, 하이드록시에틸우레아, 다이포타슘글리시리제이트, 알란토인, 잔탄검, 트레할로오스, 하이드록시에틸셀룰로오스, 다이소듐이디티에이, 폴리글리세릴-10라우레이트, 올리브오일, 하이드로제네이티드레시틴, 센티드제라늄꽃오일, 라벤더오일, 캐모마일꽃오일, 오렌지껍질오일, 아스코빅애씨드, 멕시칸주니퍼오일, 글루타티온, 소듐아스코빌포스페이트, 토코페릴아세테이트, 리보플라빈, 티아민에이치씨엘, 피리독신에이치씨엘, 메나다이온, 시트로넬올, 리날룰, 제라니올, 리모넨

[피토엔자임] 정제수,다이프로필렌글라이콜,글리세린,부틸렌글라이콜,1,2-헥산다이올,베타인,베타인살리실레이트,하이드록시아세토페논,옥틸도데세스-16,트로메타민,파파인,다이소듐이디티에이,시트릭애씨드,소듐시트레이트,콘민트오일,불가리스쑥오일,멕시칸주니퍼오일,광곽향오일,브로멜라인,하이드로제네이티드레시틴,베타-글루칸,카프릴로일살리실릭애씨드,글루코노락톤,락토바이오닉애씨드,소듐하이알루로네이트"
6,A000000261423,[속건조필수템] 웰라쥬 리얼 히알루로닉 블루 100 앰플 100ml 기획 (+60ml 리필+수딩크림 30ml),64,"앰플: 정제수, 프로판다이올, 펜틸렌글라이콜, 글리세린, 1,2-헥산다이올, 판테놀, 메틸프로판다이올, 소듐아크릴릭애씨드/엠에이코폴리머, 부틸렌글라이콜, 참마뿌리추출물, 잔탄검, 소듐시트레이트, 에틸헥실글리세린, 소듐하이알루로네이트(1,000ppm), 글라이코실트레할로오스, 하이드로제네이티드스타치하이드롤리세이트, 시트릭애씨드, 라피노오스, 아데노신, 레시틴, 트라이소듐에틸렌다이아민다이석시네이트, 카프릴릴글라이콜, 사카라이드아이소머레이트, 폴리쿼터늄-51, 말라카이트추출물, 알지닌, 소듐디엔에이, 갈랑가갈랑갈추출물, 바이오사카라이드검-1, 사이아노코발아민, 토코페롤, 카프릴릭/카프릭트라이글리세라이드, 하이드로제네이티드레시틴, 하이드롤라이즈드하이알루로닉애씨드(0.100052ppm), 하이드롤라이즈드소듐하이알루로네이트(0.1ppm), 수크로오스라우레이트, 소듐스테아로일글루타메이트, 암모늄아크릴로일다이메틸타우레이트/브이피코폴리머, 글라이신, 세린, 히스티딘, 돌콩추출물, 라이소레시틴, 플로레틴, 테트라하이드로피페린, 다이메틸아이소소바이드, 소듐하이알루로네이트크로스폴리머(2.08ppb), 벤질글라이콜, 하이드롤라이즈드글라이코사미노글리칸, 올레일알코올, 베타-글루칸, 하이드록시프로필트라이모늄하이알루로네이트(0.012ppb), 하이알루로닉애씨드(0.001ppb), 소듐아세틸레이티드하이알루로네이트(0.0002ppb)
수딩 크림:  아데노신, 토코페롤, 시트릭애씨드, 하이드롤라이즈드하이알루로닉애씨드(1ppm), 소듐하이알루로네이트크로스폴리머(0.1981ppm), 소듐하이알루로네이트(0.52ppb), 하이드록시프로필트라이모늄하이알루로네이트(0.012ppb), 하이알루로닉애씨드(0.001ppb), 소듐아세틸레이티드하이알루로네이트(0.0002ppb)"
7,A000000263019,[9월 올영픽/데일리장벽케어] 라로슈포제 시카플라스트 멀티 리페어 크림 100ml 기획 (+시카에센스 7.5ml*2),1,"[시카플라스트 멀티 리페어 크림]
정제수 다이카프릴릴에터 판테놀 글리세린 펜틸렌글라이콜 폴리글리세릴-6다이스테아레이트 프로판다이올 세틸에스터 호호바에스터 베헤닐알코올 그린와틀꽃왁스 해바라기씨왁스 병풀잎추출물 야콘뿌리즙 솔비탄올리에이트 징크글루코네이트 마데카소사이드 세테아릴아이소노나노에이트 망가니즈글루코네이트 아이소헥사데칸 알파-글루칸올리고사카라이드 소듐하이알루로네이트 소듐스테아로일글루타메이트 아데노신 만노오스 카퍼글루코네이트 하이드록시아세토페논 하이드록시프로필스타치포스페이트 카프릴로일살리실릭애씨드 비트레오스실라발효물 시트릭애씨드 트라이소듐에틸렌다이아민다이석시네이트 락토바실러스 말토덱스트린 폴리글리세린-3 폴리글리세릴-3비즈왁스 폴리솔베이트80 아크릴아마이드/소듐아크릴로일다이메틸타우레이트코폴리머 세틸알코올 토코페롤

[시카플라스트 리페어 에센스]
정제수 비피다발효용해물 판테놀 다이메티콘 베타인 글리세린 부틸렌글라이콜 펜틸렌글라이콜 아이소프로필미리스테이트 피이지/피피지/폴리부틸렌글라이콜-8/5/3글리세린 소듐하이드록사이드 만노오스 메틸다이하이드로자스모네이트 아크릴레이트/C10-30알킬아크릴레이트크로스폴리머 페녹시에탄올 하이드로제네이티드레시틴 알파-글루칸올리고사카라이드 카프릴릴글라이콜 폴리솔베이트20 마데카소사이드 스핑고모나스발효추출물 시트릭애씨드 야콘뿌리즙 소듐메틸스테아로일타우레이트 아세틸다이펩타이드-1세틸에스터 소듐벤조에이트 말토덱스트린 징크글루코네이트 망가니즈글루코네이트 소듐하이알루로네이트 엑토인 단삼뿌리추출물 살리실로일피토스핑고신 락토바실러스 트라이소듐에틸렌다이아민다이석시네이트 비사보롤"
8,A000000139063,[미니쿠션 증정] 정샘물 에센셜 스킨 누더 쿠션 한정 기획,445,"[크림] 정제수, 사이클로펜타실록세인, 티타늄디옥사이드 (CI 77891), 에칠헥실메톡시신나메이트, 트라이메틸실록시실리케이트, 에칠헥실살리실레이트, 글리세린, 피이지-10다이메티콘, 부틸렌글라이콜, 세틸에틸헥사노에이트, 나이아신아마이드, 펜틸렌글라이콜, 합성플루오르플로고파이트, 세틸피이지/피피지-10/1다이메티콘, 카프릴릴메티콘, 폴리프로필실세스퀴옥세인, 브이피/헥사데센코폴리머, 다이스테아다이모늄헥토라이트, 마그네슘설페이트, 아크릴레이트/다이메티콘코폴리머, 스테아릭애씨드, 알루미나, 알루미늄하이드록사이드, 트라이에톡시카프릴릴실레인, 에틸헥실글리세린, 다이메티콘, 아데노신, 트라이소듐에틸렌다이아민다이석시네이트, 다이메티콘/비닐다이메티콘크로스폴리머, 펜타에리스리틸테트라-다이-t-부틸하이드록시하이드로신나메이트, 폴리글루타믹애씨드, 틴옥사이드, 페녹시에탄올, 향료, 황색산화철 (CI 77492), 적색산화철 (CI 77491), 흑색산화철 (CI 77499), 마이카 (CI 77019)

[페어] 정제수, 사이클로펜타실록산, 티타늄디옥사이드 (CI 77891), 에칠헥실메톡시신나메이트, 트리메칠실록시실리케이트, 에칠헥실살리실레이트, 글리세린, 피이지-10디메치콘, 부틸렌글라이콜, 세틸에칠헥사노에이트, 나이아신아마이드, 펜틸렌글라이콜, 합성플루오르플로고파이트, 카프릴릴메치콘, 폴리프로필실세스퀴옥산, 브이피/헥사데센코폴리머, 마그네슘설페이트, 세틸피이지/피피지-10/1디메치콘, 디스테아디모늄헥토라이트, 스테아릭애씨드, 알루미나, 아크릴레이트/디메치콘코폴리머, 알루미늄하이드록사이드, 트리에톡시카프릴릴실란, 디메치콘, 에칠헥실글리세린, 디메치콘크로스폴리머, 아데노신, 디메치콘/비닐디메치콘크로스폴리머, 폴리글루타믹애씨드, 디소듐이디티에이, 틴옥사이드 (CI 77861), 페녹시에탄올, 향료, 황색산화철 (CI 77492), 적색산화철 (CI 77491), 흑색산화철 (CI 77499), 마이카 (CI 77019)

[크림핑크] 정제수, 사이클로펜타실록세인, 티타늄디옥사이드 (CI 77891), 에칠헥실메톡시신나메이트, 트라이메틸실록시실리케이트, 에칠헥실살리실레이트, 글리세린, 피이지-10다이메티콘, 부틸렌글라이콜, 세틸에틸헥사노에이트, 나이아신아마이드, 펜틸렌글라이콜, 합성플루오르플로고파이트, 세틸피이지/피피지-10/1다이메티콘, 카프릴릴메티콘, 폴리프로필실세스퀴옥세인, 브이피/헥사데센코폴리머, 다이스테아다이모늄헥토라이트, 마그네슘설페이트, 아크릴레이트/다이메티콘코폴리머, 스테아릭애씨드, 알루미나, 알루미늄하이드록사이드, 트라이에톡시카프릴릴실레인, 에틸헥실글리세린, 다이메티콘, 아데노신, 트라이소듐에틸렌다이아민다이석시네이트, 다이메티콘/비닐다이메티콘크로스폴리머, 펜타에리스리틸테트라-다이-t-부틸하이드록시하이드로신나메이트, 폴리글루타믹애씨드, 틴옥사이드, 페녹시에탄올, 향료, 황색산화철 (CI 77492), 적색산화철 (CI 77491), 흑색산화철 (CI 77499), 마이카 (CI 77019)

[페어로즈] 정제수, 사이클로펜타실록세인, 티타늄디옥사이드 (CI 77891), 에칠헥실메톡시신나메이트, 트라이메틸실록시실리케이트, 에칠헥실살리실레이트, 글리세린, 피이지-10다이메티콘, 부틸렌글라이콜, 세틸에틸헥사노에이트, 나이아신아마이드, 펜틸렌글라이콜, 합성플루오르플로고파이트, 세틸피이지/피피지-10/1다이메티콘, 카프릴릴메티콘, 폴리프로필실세스퀴옥세인, 브이피/헥사데센코폴리머, 다이스테아다이모늄헥토라이트, 마그네슘설페이트, 아크릴레이트/다이메티콘코폴리머, 스테아릭애씨드, 알루미나, 알루미늄하이드록사이드, 트라이에톡시카프릴릴실레인, 에틸헥실글리세린, 다이메티콘, 아데노신, 트라이소듐에틸렌다이아민다이석시네이트, 다이메티콘/비닐다이메티콘크로스폴리머, 펜타에리스리틸테트라-다이-t-부틸하이드록시하이드로신나메이트, 폴리글루타믹애씨드, 틴옥사이드, 페녹시에탄올, 향료, 황색산화철 (CI 77492), 적색산화철 (CI 77491), 흑색산화철 (CI 77499), 마이카 (CI 77019)

[페어라이트] 정제수,사이클로펜타실록산,티타늄디옥사이드 (CI 77891),에칠헥실메톡시신나메이트,트리메칠실록시실리케이트,에칠헥실살리실레이트,글리세린,피이지-10디메치콘,부틸렌글라이콜,세틸에칠헥사노에이트,나이아신아마이드,펜틸렌글라이콜,합성플루오르플로고파이트,카프릴릴메치콘,폴리프로필실세스퀴옥산,브이피/헥사데센코폴리머,마그네슘설페이트,세틸피이지/피피지-10/1디메치콘,스테아릭애씨드,디스테아디모늄헥토라이트,알루미나,아크릴레이트/디메치콘코폴리머,알루미늄하이드록사이드,트리에톡시카프릴릴실란,디메치콘,에칠헥실글리세린,디메치콘크로스폴리머,아데노신,디메치콘/비닐디메치콘크로스폴리머,폴리글루타믹애씨드,디소듐이디티에이,틴옥사이드 (CI 77861),페녹시에탄올,향료,황색산화철 (CI 77492),적색산화철 (CI 77491),흑색산화철 (CI 77499),마이카 (CI 77019) 

[페어핑크] 정제수, 사이클로펜타실록산, 티타늄디옥사이드 (CI 77891), 에칠헥실메톡시신나메이트, 트리메칠실록시실리케이트, 에칠헥실살리실레이트, 글리세린, 피이지-10디메치콘, 부틸렌글라이콜, 세틸에칠헥사노에이트, 나이아신아마이드, 펜틸렌글라이콜, 합성플루오르플로고파이트, 황색산화철 (CI 77492), 카프릴릴메치콘, 폴리프로필실세스퀴옥산, 브이피/헥사데센코폴리머, 마그네슘설페이트, 세틸피이지/피피지-10/1디메치콘, 디스테아디모늄헥토라이트, 스테아릭애씨드, 알루미나, 아크릴레이트/디메치콘코폴리머, 알루미늄하이드록사이드, 트리에톡시카프릴릴실란, 디메치콘, 에칠헥실글리세린, 디메치콘크로스폴리머, 아데노신, 디메치콘/비닐디메치콘크로스폴리머, 폴리글루타믹애씨드, 디소듐이디티에이, 틴옥사이드 (CI 77861), 페녹시에탄올, 향료, 적색산화철 (CI 77491), 흑색산화철 (CI 77499), 마이카 (CI 77019)

[엔라이트] 정제수, 사이클로펜타실록세인, 티타늄디옥사이드 (CI 77891), 에칠헥실메톡시신나메이트, 트라이메틸실록시실리케이트,에칠헥실살리실레이트, 글리세린, 피이지-10다이메티콘, 부틸렌글라이콜, 세틸에틸헥사노에이트, 나이아신아마이드, 펜틸렌글라이콜, 합성플루오르플로고파이트, 황색산화철 (CI 77492), 카프릴릴메티콘, 폴리프로필실세스퀴옥세인, 브이피/헥사데센코폴리머, 마그네슘설페이트, 세틸피이지/피피지-10/1다이메티콘, 다이스테아다이모늄헥토라이트, 스테아릭애씨드, 알루미나, 알루미늄하이드록사이드, 아크릴레이트/다이메티콘코폴리머, 트라이에톡시카프릴릴실레인, 다이메티콘, 에틸헥실글리세린, 다이메티콘크로스폴리머, 아데노신, 다이메티콘/비닐다이메티콘크로스폴리머, 폴리글루타믹애씨드, 다이소듐이디티에이, 틴옥사이드 (CI 77861), 페녹시에탄올, 향료, 적색산화철 (CI 77491), 흑색산화철 (CI 77499), 마이카 (CI 77019)

[로즈라이트] 정제수, 사이클로펜타실록세인, 티타늄디옥사이드 (CI 77891), 에칠헥실메톡시신나메이트, 트라이메틸실록시실리케이트, 에칠헥실살리실레이트, 글리세린, 피이지-10다이메티콘, 부틸렌글라이콜, 세틸에틸헥사노에이트, 나이아신아마이드, 펜틸렌글라이콜, 세틸피이지/피피지-10/1다이메티콘, 합성플루오르플로고파이트, 카프릴릴메티콘, 폴리프로필실세스퀴옥세인, 브이피/헥사데센코폴리머, 다이스테아다이모늄헥토라이트, 마그네슘설페이트, 아크릴레이트/다이메티콘코폴리머, 스테아릭애씨드, 알루미나, 알루미늄하이드록사이드, 트라이에톡시카프릴릴실레인, 에틸헥실글리세린, 다이메티콘, 아데노신, 트라이소듐에틸렌다이아민다이석시네이트, 다이메티콘/비닐다이메티콘크로스폴리머, 펜타에리스리틸테트라-다이-t-부틸하이드록시하이드로신나메이트, 폴리글루타믹애씨드, 틴옥사이드, 페녹시에탄올, 향료, 황색산화철 (CI 77492), 적색산화철 (CI 77491), 흑색산화철 (CI 77499), 마이카 (CI 77019)

[라이트] 정제수,사이클로펜타실록산,티타늄디옥사이드 (CI 77891),에칠헥실메톡시신나메이트,트리메칠실록시실리케이트,글리세린,에칠헥실살리실레이트,피이지-10디메치콘,부틸렌글라이콜,나이아신아마이드,세틸에칠헥사노에이트,펜틸렌글라이콜,황색산화철 (CI 77492),브이피/헥사데센코폴리머,카프릴릴메치콘,폴리프로필실세스퀴옥산,마그네슘설페이트,세틸피이지/피피지-10/1디메치콘,합성플루오르플로고파이트,스테아릭애씨드,디스테아디모늄헥토라이트,알루미나,아크릴레이트/디메치콘코폴리머,알루미늄하이드록사이드,트리에톡시카프릴릴실란,디메치콘,에칠헥실글리세린,디메치콘크로스폴리머,아데노신,디메치콘/비닐디메치콘크로스폴리머,폴리글루타믹애씨드,디소듐이디티에이,틴옥사이드(CI 77861),페녹시에탄올,향료,적색산화철 (CI 77491),흑색산화철 (CI 77499),마이카 (CI 77019)

[핑크라이트] 정제수, 사이클로펜타실록산, 티타늄디옥사이드 (CI 77891), 에칠헥실메톡시신나메이트, 트리메칠실록시실리케이트, 에칠헥실살리실레이트, 글리세린, 피이지-10디메치콘, 부틸렌글라이콜, 세틸에칠헥사노에이트, 나이아신아마이드, 펜틸렌글라이콜, 합성플루오르플로고파이트, 카프릴릴메치콘, 폴리프로필실세스퀴옥산, 브이피/헥사데센코폴리머, 마그네슘설페이트, 세틸피이지/피피지-10/1디메치콘, 디스테아디모늄헥토라이트, 스테아릭애씨드, 알루미나, 아크릴레이트/디메치콘코폴리머, 알루미늄하이드록사이드, 트리에톡시카프릴릴실란, 디메치콘, 에칠헥실글리세린, 디메치콘크로스폴리머, 아데노신, 디메치콘/비닐디메치콘크로스폴리머, 폴리글루타믹애씨드, 틴옥사이드 (CI 77861), 디소듐이디티에이, 페녹시에탄올, 향료, 황색산화철 (CI 77492), 적색산화철 (CI 77491), 흑색산화철 (CI 77499), 마이카 (CI 77019)

[미디엄] 정제수,사이클로펜타실록산,티타늄디옥사이드 (CI 77891),에칠헥실메톡시신나메이트,트리메칠실록시실리케이트,글리세린,에칠헥실살리실레이트,피이지-10디메치콘,부틸렌글라이콜,나이아신아마이드,세틸에칠헥사노에이트,펜틸렌글라이콜,황색산화철 (CI 77492),브이피/헥사데센코폴리머,카프릴릴메치콘,폴리프로필실세스퀴옥산,마그네슘설페이트,세틸피이지/피피지-10/1디메치콘,스테아릭애씨드,디스테아디모늄헥토라이트,합성플루오르플로고파이트,알루미나,아크릴레이트/디메치콘코폴리머,트리에톡시카프릴릴실란,알루미늄하이드록사이드,디메치콘,에칠헥실글리세린,디메치콘크로스폴리머,아데노신,디메치콘/비닐디메치콘크로스폴리머,폴리글루타믹애씨드,디소듐이디티에이,틴옥사이드(CI 77861),향료,페녹시에탄올,적색산화철 (CI 77491),흑색산화철 (CI 77499),마이카 (CI 77019)

[미디엄딥] 정제수,사이클로펜타실록산,티타늄디옥사이드 (CI 77891),에칠헥실메톡시신나메이트,트리메칠실록시실리케이트,글리세린,에칠헥실살리실레이트,피이지-10디메치콘,부틸렌글라이콜,나이아신아마이드,세틸에칠헥사노에이트,펜틸렌글라이콜,황색산화철 (CI 77492),브이피/헥사데센코폴리머,카프릴릴메치콘,폴리프로필실세스퀴옥산,마그네슘설페이트,세틸피이지/피피지-10/1디메치콘,스테아릭애씨드,디스테아디모늄헥토라이트,합성플루오르플로고파이트,알루미나,아크릴레이트/디메치콘코폴리머,트리에톡시카프릴릴실란,알루미늄하이드록사이드,디메치콘,에칠헥실글리세린,디메치콘크로스폴리머,아데노신,디메치콘/비닐디메치콘크로스폴리머,폴리글루타믹애씨드,디소듐이디티에이,틴옥사이드(CI 77861),향료,페녹시에탄올,적색산화철 (CI 77491),흑색산화철 (CI 77499),마이카 (CI 77019)"
9,A000000225565,[스완 PICK/저자극/약산성] 미닉 퍼펙트 콜라드 그린 진정 원 스텝 선클렌저 200ml,53,"정제수,소듐C14-16올레핀설포네이트,글리세린,코카미도프로필베타인,포타슘코코일글리시네이트,소듐클로라이드,데실글루코사이드,소듐메틸코코일타우레이트,아크릴레이트코폴리머,메틸프로판다이올,솔비톨,포타슘코코에이트,살리실릭애씨드,프로필렌글라이콜라우레이트,알란토인,카프릴릴글라이콜,하이드록시프로필구아하이드록시프로필트라이모늄클로라이드,알지닌,폴리쿼터늄-10,코코넛애씨드,피록톤올아민,에틸헥실글리세린,판테놀,황금추출물,매실추출물,인동덩굴꽃추출물,올리브오일,케일잎수(98ppm),영지버섯추출물,부틸렌글라이콜,1,2-헥산다이올,흰버드나무껍질추출물,더덕뿌리추출물,시넨스국화꽃추출물,우엉뿌리추출물,겨우살이잎추출물,버지니아풍년화추출물,하이드로제네이티드포스파티딜콜린,카프릴릭/카프릭트라이글리세라이드,하이드로제네이티드레시틴,폴리글리세릴-10올리에이트,라벤더추출물,소듐하이알루로네이트,병풀추출물,수크로오스스테아레이트,피토스테롤,세테아릴알코올,라벤더오일,마데카식애씨드,마데카소사이드,아시아티코사이드,아시아틱애씨드"
10,A000000263664,[9월 올영픽] 토리든 다이브인 저분자 히알루론산 세럼 50ml 리필 기획 (+50ml 리필+자석인형) (시나모롤),39,"정제수, 부틸렌글라이콜, 글리세린, 다이프로필렌글라이콜, 1,2-헥산다이올, 판테놀, 소듐하이알루로네이트크로스폴리머, 하이드롤라이즈드하이알루로닉애씨드(1,000ppm), 소듐하이알루로네이트, 소듐아세틸레이티드하이알루로네이트, 하이드롤라이즈드소듐하이알루로네이트, 알란토인, 엑토인, 감초추출물, 2,3-부탄다이올, 트레할로오스, 베타인, 프로판다이올, 쇠비름추출물, 버지니아풍년화잎추출물, 마데카소사이드, 마데카식애씨드, 세라마이드엔피, 베타-글루칸, 말라카이트추출물, 콜레스테롤, 펜틸렌글라이콜, 글리세릴아크릴레이트/아크릴릭애씨드코폴리머, 피브이엠/엠에이코폴리머, 폴리글리세릴-10라우레이트, 잔탄검, 트로메타민, 카보머, 에틸헥실글리세린, 황금추출물, 모란뿌리추출물"
11,A000000263070,[9월올영픽] 바이오더마 시카비오 크림+ 100ml 더블 기획,29,"정제수, 카프릴릭/카프릭트라이글리세라이드, 글리세린, 폴리글리세릴-3폴리리시놀리에이트, 유채씨오일, 부틸렌글라이콜, 타피오카전분, 하이드로제네이티드유채씨오일, 자일로오스, 폴리글리세릴-3다이아이소스테아레이트, 호호바씨오일, 마그네슘설페이트, 펜틸렌글라이콜, 스쿠알란, 1,2-헥산다이올, 카프릴릴글라이콜, 소듐폴리글루타메이트, 소듐시트레이트, 잔탄검, 소듐하이알루로네이트, 토코페롤, 만니톨, 람노오스, 자일리톨, 아세틸다이펩타이드-1세틸에스터, 해바라기씨오일, 시트릭애씨드, 프룩토올리고사카라이드"
12,A000000260522,[2천만돌파] 비플레인 녹두 약산성 클렌징폼 160ml 더블 기획,40,"글리세린, 정제수, 소듐코코일글라이시네이트, 소듐라우로일글루타메이트, 1,2-헥산다이올, 하이드록시프로필스타치포스페이트, 부틸렌글라이콜, 녹두가루(9,000ppm), 라우릴베타인, 하이드록시아세토페논, 녹두추출물(3,300ppm), 에틸헥실글리세린, 소듐클로라이드, 에탄올, 베타인, 폴리쿼터늄-39, 인도멀구슬나무잎추출물, 인도멀구슬나무꽃추출물, 덱스트린, 카카오씨추출물, 아이비고드열매추출물, 알란토인, 황벽나무껍질추출물, 알로에베라꽃추출물, 가지열매추출물, 소듐벤조에이트, 홀리바질잎추출물, 참산호말추출물, 울금뿌리추출물, 캐모마일꽃추출물, 토코페롤, 하이드로제네이티드레시틴, 병풀추출물, 무화과추출물, 세라마이드엔피, 소듐하이알루로네이트, 녹차가루"
13,A000000174309,[9월 올영픽/NEW젤테일] 홀리카홀리카 마이페이브 피스 아이섀도우/젤테일/피스 빔/피스 밤,2981,"[엑셀런트]
탤크, 마이카 (CI 77019), 티타늄디옥사이드 (CI 77891), 나일론-12, 보론나이트라이드, 실리카, 네오펜틸글라이콜다이에틸헥사노에이트, 페닐트라이메티콘, 다이메티콘, 황색산화철 (CI 77492), 다이펜타에리스리틸헥사하이드록시스테아레이트/헥사스테아레이트/헥사로지네이트, 마카다미아씨오일, 마그네슘미리스테이트, 메틸프로판다이올, 다이아이소스테아릴말레이트, 아이소스테아릴네오펜타노에이트, 옥틸도데실스테아로일스테아레이트, 마그네슘스테아레이트, 프로판다이올, 폴리부텐, 라우로일라이신, 알루미늄하이드록사이드, 메티콘, 트라이에톡시카프릴릴실레인, 정제수, 적색산화철 (CI 77491), 흑색산화철 (CI 77499), 황색4호 (CI 19140)

[핑키드]
탤크, 마이카 (CI 77019), 보론나이트라이드, 실리카, 티타늄디옥사이드 (CI 77891), 옥틸도데실스테아로일스테아레이트, 페닐트라이메티콘, 마그네슘미리스테이트, 다이메티콘, 마카다미아씨오일, 사라수씨버터, 마그네슘스테아레이트, 메틸프로판다이올, 다이펜타에리스리틸헥사하이드록시스테아레이트/헥사스테아레이트/헥사로지네이트, 다이아이소스테아릴말레이트, 프로판다이올, 트라이에톡시카프릴릴실레인, 알루미늄하이드록사이드, 메티콘, 정제수, 카올린, 적색산화철 (CI 77491), 흑색산화철 (CI 77499), 적색226호 (CI 73360), 망가니즈바이올렛 (CI 77742), 울트라마린 (CI 77007), 황색산화철 (CI 77492), 황색4호 (CI 19140)

[스트로베리 크림]
탤크, 마이카 (CI 77019), 나일론-12, 티타늄디옥사이드 (CI 77891), 보론나이트라이드, 실리카, 네오펜틸글라이콜다이에틸헥사노에이트, 페닐트라이메티콘, 다이메티콘, 다이펜타에리스리틸헥사하이드록시스테아레이트/헥사스테아레이트/헥사로지네이트, 마카다미아씨오일, 마그네슘미리스테이트, 메틸프로판다이올, 다이아이소스테아릴말레이트, 아이소스테아릴네오펜타노에이트, 옥틸도데실스테아로일스테아레이트, 마그네슘스테아레이트, 프로판다이올, 폴리부텐, 라우로일라이신, 알루미늄하이드록사이드, 메티콘, 트라이에톡시카프릴릴실레인, 말토덱스트린, 정제수, 황색산화철 (CI 77492), 적색산화철 (CI 77491), 카민 (CI 75470), 흑색산화철 (CI 77499)

[팬지]
탤크, 마이카 (CI 77019), 알루미늄전분옥테닐석시네이트, 합성플루오르플로고파이트, 실리카, 마그네슘미리스테이트, 옥틸도데실스테아로일스테아레이트, 페닐트라이메티콘, 마카다미아씨오일, 마그네슘스테아레이트, 메틸프로판다이올, 다이펜타에리스리틸헥사하이드록시스테아레이트/헥사스테아레이트/헥사로지네이트, 다이아이소스테아릴말레이트, 다이메티콘, 프로판다이올, 트라이에톡시카프릴릴실레인, 라우로일라이신, 카올린, 정제수, 알루미늄하이드록사이드, 메티콘, 티타늄디옥사이드 (CI 77891), 울트라마린 (CI 77007), 망가니즈바이올렛 (CI 77742), 적색226호 (CI 73360), 흑색산화철 (CI 77499), 적색산화철 (CI 77491), 황색산화철 (CI 77492)

[소다]
탤크, 마이카 (CI 77019), 티타늄디옥사이드 (CI 77891), 나일론-12, 보론나이트라이드, 실리카, 네오펜틸글라이콜다이에틸헥사노에이트, 페닐트라이메티콘, 다이메티콘, 다이펜타에리스리틸헥사하이드록시스테아레이트/헥사스테아레이트/헥사로지네이트, 마카다미아씨오일, 마그네슘미리스테이트, 메틸프로판다이올, 다이아이소스테아릴말레이트, 아이소스테아릴네오펜타노에이트, 옥틸도데실스테아로일스테아레이트, 마그네슘스테아레이트, 프로판다이올, 폴리부텐, 라우로일라이신, 알루미늄하이드록사이드, 메티콘, 트라이에톡시카프릴릴실레인, 말토덱스트린, 정제수, 황색4호 (CI 19140), 카민 (CI 75470), 적색산화철 (CI 77491), 황색산화철 (CI 77492), 울트라마린 (CI 77007), 흑색산화철 (CI 77499)

[소프티]
탤크, 마이카 (CI 77019), 티타늄디옥사이드 (CI 77891), 실리카, 옥틸도데실스테아로일스테아레이트, 페닐트라이메티콘, 마카다미아씨오일, 마그네슘미리스테이트, 옥틸도데칸올, 메틸프로판다이올, 다이메티콘, 트라이에톡시카프릴릴실레인, 다이펜타에리스리틸헥사하이드록시스테아레이트/헥사스테아레이트/헥사로지네이트, 마그네슘스테아레이트, 프로판다이올, 다이아이소스테아릴말레이트, 하이드로제네이티드레시틴, 알루미늄하이드록사이드, 메티콘, 카올린, 정제수, 황색산화철 (CI 77492), 적색산화철 (CI 77491), 망가니즈바이올렛 (CI 77742), 흑색산화철 (CI 77499), 황색4호 (CI 19140), 적색226호 (CI 73360)

[버니]
탤크, 마이카 (CI 77019), 티타늄디옥사이드 (CI 77891), 보론나이트라이드, 나일론-12, 실리카, 네오펜틸글라이콜다이에틸헥사노에이트, 페닐트라이메티콘, 다이메티콘, 다이펜타에리스리틸헥사하이드록시스테아레이트/헥사스테아레이트/헥사로지네이트, 마카다미아씨오일, 마그네슘미리스테이트, 메틸프로판다이올, 다이아이소스테아릴말레이트, 아이소스테아릴네오펜타노에이트, 옥틸도데실스테아로일스테아레이트, 마그네슘스테아레이트, 프로판다이올, 폴리부텐, 트라이에톡시카프릴릴실레인, 알루미늄하이드록사이드, 라우로일라이신, 카올린, 정제수, 말토덱스트린, 적색산화철 (CI 77491), 울트라마린 (CI 77007), 황색산화철 (CI 77492), 흑색산화철 (CI 77499), 황색4호 (CI 19140), 카민 (CI 75470)

[카푸]
탤크, 마이카 (CI 77019), 보론나이트라이드, 다이아이소스테아릴말레이트, 나일론-12, 실리카, 마그네슘미리스테이트, 티타늄디옥사이드 (CI 77891), 카프릴릭/카프릭트라이글리세라이드, 마그네슘스테아레이트, 망가니즈바이올렛 (CI 77742), 적색산화철 (CI 77491), 황색산화철 (CI 77492), 메틸프로판다이올, 프로판다이올, 다이메티콘올스테아레이트, 다이메티콘, 하이드록시프로필비스팔미타마이드엠이에이, 라우로일라이신, 트라이에톡시카프릴릴실레인, 카올린, 알루미늄하이드록사이드, 메티콘, 정제수, 흑색산화철 (CI 77499), 울트라마린 (CI 77007)

[졸리]
탤크, 마이카 (CI 77019), 티타늄디옥사이드 (CI 77891), 나일론-12, 마그네슘미리스테이트, 네오펜틸글라이콜다이에틸헥사노에이트, 페닐트라이메티콘, 울트라마린 (CI 77007), 실리카, 마그네슘스테아레이트, 망가니즈바이올렛 (CI 77742), 다이메티콘, 메틸프로판다이올, 다이펜타에리스리틸헥사하이드록시스테아레이트/헥사스테아레이트/헥사로지네이트, 다이아이소스테아릴말레이트, 아이소스테아릴네오펜타노에이트, 옥틸도데실스테아로일스테아레이트, 프로판다이올, 폴리부텐, 라우로일라이신, 카프릴릭/카프릭트라이글리세라이드, 메티콘, 카올린, 하이드로제네이티드레시틴, 알루미늄하이드록사이드, 트라이에톡시카프릴릴실레인, 정제수, 적색산화철 (CI 77491), 황색산화철 (CI 77492), 흑색산화철 (CI 77499)

[멜로즈]
탤크, 마이카 (CI 77019), 티타늄디옥사이드 (CI 77891), 나일론-12, 망가니즈바이올렛 (CI 77742), 마그네슘미리스테이트, 네오펜틸글라이콜다이에틸헥사노에이트, 페닐트라이메티콘, 실리카, 황색산화철 (CI 77492), 적색산화철 (CI 77491), 다이메티콘, 메틸프로판다이올, 다이펜타에리스리틸헥사하이드록시스테아레이트/헥사스테아레이트/헥사로지네이트, 마그네슘스테아레이트, 트라이에톡시카프릴릴실레인, 다이아이소스테아릴말레이트, 아이소스테아릴네오펜타노에이트, 옥틸도데실스테아로일스테아레이트, 프로판다이올, 폴리부텐, 카올린, 알루미늄하이드록사이드, 라우로일라이신, 메메티콘, 말토덱스트린, 정제수, 흑색산화철 (CI 77499), 카민 (CI 75470), 황색4호 (CI 19140), 울트라마린 (CI 77007)

[위스테리아]
탤크, 알루미늄전분옥테닐석시네이트, 마이카 (CI 77019), 합성플루오르플로고파이트, 망가니즈바이올렛 (CI 77742), 카프릴릭/카프릭트라이글리세라이드, 마그네슘미리스테이트, 티타늄디옥사이드 (CI 77891), 다이아이소스테아릴말레이트, 울트라마린 (CI 77007), 실리카, 마카다미아씨오일, 마그네슘스테아레이트, 메틸프로판다이올, 트라이에톡시카프릴릴실레인, 프로판다이올, 다이메티콘, 카올린, 다이메티콘올스테아레이트, 알루미늄하이드록사이드, 메티콘, 정제수, 적색산화철 (CI 77491), 흑색산화철 (CI 77499), 황색산화철 (CI 77492), 적색226호 (CI 73360)

[폴인]
탤크, 마이카 (CI 77019), 보론나이트라이드, 나일론-12, 티타늄디옥사이드 (CI 77891), 실리카, 마그네슘미리스테이트, 적색산화철 (CI 77491), 울트라마린 (CI 77007), 네오펜틸글라이콜다이에틸헥사노에이트, 페닐트라이메티콘, 메틸프로판다이올, 다이펜타에리스리틸헥사하이드록시스테아레이트/헥사스테아레이트/헥사로지네이트, 마그네슘스테아레이트, 다이아이소스테아릴말레이트, 아이소스테아릴네오펜타노에이트, 옥틸도데실스테아로일스테아레이트, 트라이에톡시카프릴릴실레인, 다이메티콘, 프로판다이올, 폴리부텐, 하이드로제네이티드레시틴, 알루미늄하이드록사이드, 메티콘, 정제수, 황색산화철 (CI 77492), 흑색산화철 (CI 77499)

[그레이캣]
탤크, 마이카 (CI 77019), 나일론-12, 실리카, 티타늄디옥사이드 (CI 77891), 네오펜틸글라이콜다이에틸헥사노에이트, 페닐트라이메티콘, 마그네슘미리스테이트, 흑색산화철 (CI 77499), 적색산화철 (CI 77491), 메틸프로판다이올, 다이메티콘, 다이펜타에리스리틸헥사하이드록시스테아레이트/헥사스테아레이트/헥사로지네이트, 트라이에톡시카프릴릴실레인, 다이아이소스테아릴말레이트, 아이소스테아릴네오펜타노에이트, 옥틸도데실스테아로일스테아레이트, 마그네슘스테아레이트, 프로판다이올, 폴리부텐, 라우로일라이신, 알루미늄하이드록사이드, 메티콘, 카올린, 정제수, 황색산화철 (CI 77492), 망가니즈바이올렛 (CI 77742), 울트라마린 (CI 77007)

[테일러]
마이카 (CI 77019), 탤크, 실리카, 다이아이소스테아릴말레이트, 보론나이트라이드, 흑색산화철 (CI 77499), 적색산화철 (CI 77491), 티타늄디옥사이드 (CI 77891), 황색산화철 (CI 77492), 나일론-12, 가니즈바이올렛 (CI 77742), 마그네슘미리스테이트, 카프릴릭/카프릭트라이글리세라이드, 마그네슘스테아레이트, 미네랄오일, 메틸프로판다이올, 프로판다이올, 트라이에톡시카프릴릴실레인, 다이메티콘, 다이메티콘올스테아레이트, 하이드록시프로필비스팔미타마이드엠이에이, 라우로일라이신, 카올린, 알루미늄하이드록사이드, 메티콘, 말토덱스트린, 정제수, 울트라마린 (CI 77007), 카민 (CI 75470)

[투샷 아메리카노]
탤크, 마이카 (CI 77019), 흑색산화철 (CI 77499), 적색산화철 (CI 77491), 망가니즈바이올렛 (CI 77742), 실리카, 옥틸도데실스테아로일스테아레이트, 나일론-12, 페닐트라이메티콘, 황색산화철 (CI 77492), 다이메티콘, 마카다미아씨오일, 메틸프로판다이올, 다이아이소스테아릴말레이트, 마그네슘미리스테이트, 프로판다이올, 카올린, 트라이에톡시카프릴릴실레인, 정제수

[마리]
마이카 (CI 77019), 탤크, 티타늄디옥사이드 (CI 77891), 네오펜틸글라이콜다이에틸헥사노에이트, 페닐트라이메티콘, 나일론-12, 마그네슘미리스테이트, 다이펜타에리스리틸헥사하이드록시스테아레이트/헥사스테아레이트/헥사로지네이트, 다이아이소스테아릴말레이트, 아이소스테아릴네오펜타노에이트, 옥틸도데실스테아로일스테아레이트, 마그네슘스테아레이트, 실리카, 메틸프로판다이올, 폴리부텐, 합성플루오르플로고파이트, 프로판다이올, 다이메티콘, 라우로일라이신, 트라이에톡시카프릴릴실레인, 정제수, 알루미늄하이드록사이드, 메티콘, 틴옥사이드 (CI 77861), 적색산화철 (CI 77491), 황색산화철 (CI 77492), 흑색산화철 (CI 77499)

[베베]
마이카 (CI 77019), 탤크, 티타늄디옥사이드 (CI 77891), 합성플루오르플로고파이트, 네오펜틸글라이콜다이에틸헥사노에이트, 칼슘티타늄보로실리케이트, 페닐트라이메티콘, 다이펜타에리스리틸헥사하이드록시스테아레이트/헥사스테아레이트/헥사로지네이트, 나일론-12, 다이아이소스테아릴말레이트, 아이소스테아릴네오펜타노에이트, 옥틸도데실스테아로일스테아레이트, 마그네슘미리스테이트, 실리카, 메틸프로판다이올, 마그네슘스테아레이트, 폴리부텐, 프로판다이올, 트라이에톡시카프릴릴실레인, 다이메티콘, 라우로일라이신, 알루미늄하이드록사이드, 메티콘, 정제수, 말토덱스트린, 틴옥사이드 (CI 77861), 적색산화철 (CI 77491), 카민 (CI 75470), 황색산화철 (CI 77492), 울트라마린 (CI 77007), 흑색산화철 (CI 77499)

[키티]
마이카 (CI 77019), 티타늄디옥사이드 (CI 77891), 탤크, 에틸헥실팔미테이트, 합성플루오르플로고파이트, 칼슘소듐보로실리케이트, 마그네슘미리스테이트, 다이아이소스테아릴말레이트, 보론나이트라이드, 알루미나, 비스머스옥시클로라이드 (CI 77163), 나일론-12, 다이메티콘, 마그네슘스테아레이트, 적색산화철 (CI 77491), 사라수씨버터, 메틸프로판다이올, 프로판다이올, 실리카, 트라이에톡시카프릴릴실레인, 정제수, 말토덱스트린, 라우로일라이신, 틴옥사이드 (CI 77861), 카민 (CI 75470), 황색산화철 (CI 77492), 흑색산화철 (CI 77499)

[샬롯]
마이카 (CI 77019), 티타늄디옥사이드 (CI 77891), 탤크, 합성플루오르플로고파이트, 네오펜틸글라이콜다이에틸헥사노에이트, 페닐트라이메티콘, 나일론-12, 마그네슘미리스테이트, 다이펜타에리스리틸헥사하이드록시스테아레이트/헥사스테아레이트/헥사로지네이트, 마그네슘스테아레이트, 실리카, 다이아이소스테아릴말레이트, 아이소스테아릴네오펜타노에이트, 옥틸도데실스테아로일스테아레이트, 메틸프로판다이올, 폴리부텐, 프로판다이올, 트라이에톡시카프릴릴실레인, 라우로일라이신, 정제수, 알루미늄하이드록사이드, 다이메티콘, 메티콘, 말토덱스트린, 틴옥사이드 (CI 77861), 적색산화철 (CI 77491), 카민 (CI 75470), 황색산화철 (CI 77492)

[러비]
마이카 (CI 77019), 티타늄디옥사이드 (CI 77891), 탤크, 나일론-12, 네오펜틸글라이콜다이에틸헥사노에이트, 페닐트라이메티콘, 칼슘소듐보로실리케이트, 다이펜타에리스리틸헥사하이드록시스테아레이트/헥사스테아레이트/헥사로지네이트, 마그네슘미리스테이트, 다이아이소스테아릴말레이트, 아이소스테아릴네오펜타노에이트, 옥틸도데실스테아로일스테아레이트, 마그네슘스테아레이트, 실리카, 메틸프로판다이올, 폴리부텐, 프로판다이올, 다이메티콘, 라우로일라이신, 트라이에톡시카프릴릴실레인, 말토덱스트린, 알루미늄하이드록사이드, 메티콘, 정제수, 틴옥사이드 (CI 77861), 카민 (CI 75470), 울트라마린 (CI 77007), 황색4호 (CI 19140), 황색산화철 (CI 77492), 적색산화철 (CI 77491), 흑색산화철 (CI 77499)

[벨로]
탤크, 마이카 (CI 77019), 티타늄디옥사이드 (CI 77891), 실리카, 보론나이트라이드, 마그네슘미리스테이트, 옥틸도데실스테아로일스테아레이트, 페닐트라이메티콘, 다이메티콘, 마카다미아씨오일, 사라수씨버터, 마그네슘스테아레이트, 메틸프로판다이올, 다이펜타에리스리틸헥사하이드록시스테아레이트/헥사스테아레이트/헥사로지네이트, 다이아이소스테아릴말레이트, 프로판다이올, 라우로일라이신, 알루미늄하이드록사이드, 트라이에톡시카프릴릴실레인, 메티콘, 말토덱스트린, 카올린, 황색산화철 (CI 77492), 적색산화철 (CI 77491), 울트라마린 (CI 77007), 카민 (CI 75470), 흑색산화철 (CI 77499), 망가니즈바이올렛 (CI 77742)

[헤더]
탤크, 마이카 (CI 77019), 티타늄디옥사이드 (CI 77891), 실리카, 보론나이트라이드, 옥틸도데실스테아로일스테아레이트, 페닐트라이메티콘, 마그네슘미리스테이트, 다이메티콘, 마그네슘스테아레이트, 마카다미아씨오일, 사라수씨버터, 메틸프로판다이올, 다이펜타에리스리틸헥사하이드록시스테아레이트/헥사스테아레이트/헥사로지네이트, 다이아이소스테아릴말레이트, 프로판다이올, 라우로일라이신, 트라이에톡시카프릴릴실레인, 알루미늄하이드록사이드, 카올린, 말토덱스트린, 망가니즈바이올렛 (CI 77742), 카민 (CI 75470), 황색산화철 (CI 77492), 울트라마린 (CI 77007), 흑색산화철 (CI 77499), 적색산화철 (CI 77491), 적색226호 (CI 73360)

[다크 에스프레소]
탤크, 흑색산화철 (CI 77499), 마이카 (CI 77019), 적색산화철 (CI 77491), 황색산화철 (CI 77492), 실리카, 나일론-12, 옥틸도데실스테아로일스테아레이트, 페닐트라이메티콘, 다이메티콘, 마카다미아씨오일, 마그네슘미리스테이트, 메틸프로판다이올, 다이펜타에리스리틸헥사하이드록시스테아레이트/헥사스테아레이트/헥사로지네이트, 다이아이소스테아릴말레이트, 마그네슘스테아레이트, 프로판다이올, 트라이에톡시카프릴릴실레인, 카올린, 말토덱스트린, 알루미늄하이드록사이드, 울트라마린 (CI 77007), 망가니즈바이올렛 (CI 77742), 카민 (CI 75470), 황색4호 (CI 19140), 티타늄디옥사이드 (CI 77891)

[로탈릭]
마이카 (CI 77019), 탤크, 티타늄디옥사이드 (CI 77891), 네오펜틸글라이콜다이에틸헥사노에이트, 나일론-12, 합성플루오르플로고파이트, 페닐트라이메티콘, 마그네슘미리스테이트, 다이펜타에리스리틸헥사하이드록시스테아레이트/헥사스테아레이트/헥사로지네이트, 마그네슘스테아레이트, 다이아이소스테아릴말레이트, 아이소스테아릴네오펜타노에이트, 옥틸도데실스테아로일스테아레이트, 메틸프로판다이올, 폴리부텐, 프로판다이올, 실리카, 트라이에톡시카프릴릴실레인, 다이메티콘, 카올린, 말토덱스트린, 틴옥사이드 (CI 77861), 망가니즈바이올렛 (CI 77742), 적색산화철 (CI 77491), 울트라마린 (CI 77007), 카민 (CI 75470), 황색산화철 (CI 77492), 적색226호 (CI 73360), 흑색산화철 (CI 77499)

[튤]
마이카 (CI 77019), 티타늄디옥사이드 (CI 77891), 알루미나, 탤크, 에틸헥실팔미테이트, 합성플루오르플로고파이트, 다이아이소스테아릴말레이트, 다이메티콘, 마그네슘미리스테이트, 나일론-12, 실리카, 사라수씨버터, 마그네슘스테아레이트, 메틸프로판다이올, 프로판다이올, 트라이에톡시카프릴릴실레인, 라우로일라이신, 알루미늄하이드록사이드, 메티콘, 말토덱스트린, 카올린, 틴옥사이드 (CI 77861), 적색산화철 (CI 77491), 카민 (CI 75470), 황색산화철 (CI 77492), 울트라마린 (CI 77007), 망가니즈바이올렛 (CI 77742), 황색4호 (CI 19140), 흑색산화철 (CI 77499)

[프랄린]
마이카 (CI 77019), 탤크, 티타늄디옥사이드 (CI 77891), 합성플루오르플로고파이트, 나일론-12, 네오펜틸글라이콜다이에틸헥사노에이트, 페닐트라이메티콘, 적색산화철 (CI 77491), 마그네슘미리스테이트, 다이펜타에리스리틸헥사하이드록시스테아레이트/헥사스테아레이트/헥사로지네이트, 다이아이소스테아릴말레이트, 아이소스테아릴네오펜타노에이트, 옥틸도데실스테아로일스테아레이트, 마그네슘스테아레이트, 메틸프로판다이올, 실리카, 폴리부텐, 트라이에톡시카프릴릴실레인, 프로판다이올, 다이메티콘, 카올린, 말토덱스트린, 알루미늄하이드록사이드, 메티콘, 틴옥사이드 (CI 77861), 망가니즈바이올렛 (CI 77742), 흑색산화철 (CI 77499), 카민 (CI 75470), 황색산화철 (CI 77492)

[수퍼핑크]
탤크, 마이카 (CI 77019), 티타늄디옥사이드 (CI 77891), 나일론-12, 보론나이트라이드, 실리카, 네오펜틸글라이콜다이에틸헥사노에이트, 페닐트라이메티콘, 다이메티콘, 마그네슘미리스테이트, 다이펜타에리스리틸헥사하이드록시스테아레이트/헥사스테아레이트/헥사로지네이트, 마카다미아씨오일, 메틸프로판다이올, 다이아이소스테아릴말레이트, 아이소스테아릴네오펜타노에이트, 옥틸도데실스테아로일스테아레이트, 마그네슘스테아레이트, 프로판다이올, 폴리부텐, 트라이에톡시카프릴릴실레인, 알루미늄하이드록사이드, 라우로일라이신, 적색226호 (CI 73360), 울트라마린 (CI 77007), 황색산화철 (CI 77492), 적색산화철 (CI 77491), 흑색산화철 (CI 77499), 황색4호 (CI 19140), 청색1호 (CI 42090)

[스트로베리 오트]
탤크, 마이카 (CI 77019), 합성플루오르플로고파이트, 티타늄디옥사이드 (CI 77891), 알루미늄전분옥테닐석시네이트, 마그네슘미리스테이트, 실리카, 옥틸도데실스테아로일스테아레이트, 페닐트라이메티콘, 메틸프로판다이올, 다이펜타에리스리틸헥사하이드록시스테아레이트/헥사스테아레이트/헥사로지네이트, 다이메티콘, 다이아이소스테아릴말레이트, 마그네슘스테아레이트, 프로판다이올, 라우로일라이신, 트라이에톡시카프릴릴실레인, 알루미늄하이드록사이드, 카올린, 말토덱스트린, 황색산화철 (CI 77492), 망가니즈바이올렛 (CI 77742), 울트라마린 (CI 77007), 흑색산화철 (CI 77499), 적색226호 (CI 73360), 적색산화철 (CI 77491), 카민 (CI 75470), 황색4호 (CI 19140)

[츄]
합성플루오르플로고파이트, 마이카 (CI 77019), 탤크, 칼슘카보네이트, 옥틸도데실스테아로일스테아레이트, 실리카, 티타늄디옥사이드 (CI 77891), 칼슘알루미늄보로실리케이트, 다이페닐다이메티콘/비닐다이페닐다이메티콘/실세스퀴옥세인크로스폴리머, 칼슘티타늄보로실리케이트, 다이아이소스테아릴말레이트, 다이메티콘, 카프릴릴글라이콜, 하이드로제네이티드캐스터오일아이소스테아레이트, 에틸헥실글리세린, 마그네슘미리스테이트, 라우로일라이신, 알루미늄하이드록사이드, 토코페롤, 틴옥사이드 (CI 77861), 적색226호 (CI 73360), 울트라마린 (CI 77007), 적색산화철 (CI 77491), 황색산화철 (CI 77492), 흑색산화철 (CI 77499)

[베리]
마이카 (CI 77019), 탤크, 티타늄디옥사이드 (CI 77891), 알루미나, 에틸헥실팔미테이트, 합성플루오르플로고파이트, 다이아이소스테아릴말레이트, 마그네슘미리스테이트, 다이메티콘, 나일론-12, 마그네슘스테아레이트, 메틸프로판다이올, 실리카, 프로판다이올, 트라이에톡시카프릴릴실레인, 라우로일라이신, 말토덱스트린, 카올린, 틴옥사이드 (CI 77861), 카민 (CI 75470), 적색산화철 (CI 77491), 울트라마린 (CI 77007), 망가니즈바이올렛 (CI 77742), 황색산화철 (CI 77492), 흑색산화철 (CI 77499), 적색226호 (CI 73360)

[베리휘그]
합성플루오르플로고파이트, 마이카 (CI 77019), 탤크, 칼슘카보네이트, 칼슘티타늄보로실리케이트, 옥틸도데실스테아로일스테아레이트, 실리카, 티타늄디옥사이드 (CI 77891), 다이페닐다이메티콘/비닐다이페닐다이메티콘/실세스퀴옥세인크로스폴리머, 다이아이소스테아릴말레이트, 다이메티콘, 망가니즈바이올렛 (CI 77742), 카프릴릴글라이콜, 하이드로제네이티드캐스터오일아이소스테아레이트, 에틸헥실글리세린, 마그네슘미리스테이트, 라우로일라이신, 알루미늄하이드록사이드, 카올린, 토코페롤, 틴옥사이드 (CI 77861), 황색산화철 (CI 77492), 울트라마린 (CI 77007), 적색산화철 (CI 77491), 적색226호 (CI 73360), 흑색산화철 (CI 77499)

[로즈토프]
탤크, 마이카 (CI 77019), 실리카, 망가니즈바이올렛 (CI 77742), 칼슘카보네이트, 옥틸도데실스테아로일스테아레이트, 페닐트라이메티콘, 마그네슘미리스테이트, 울트라마린 (CI 77007), 적색산화철 (CI 77491), 마그네슘스테아레이트, 메틸프로판다이올, 다이펜타에리스리틸헥사하이드록시스테아레이트/헥사스테아레이트/헥사로지네이트, 다이아이소스테아릴말레이트, 프로판다이올, 다이메티콘, 하이드로제네이티드레시틴, 카올린, 트라이에톡시카프릴릴실레인, 아이소프로필티타늄트라이아이소스테아레이트, 알루미늄하이드록사이드, 메티콘, 세테아릴알코올, 티타늄디옥사이드 (CI 77891), 황색산화철 (CI 77492), 흑색산화철 (CI 77499), 적색226호 (CI 73360)

[아로마 에스프레소]
탤크, 흑색산화철 (CI 77499), 마이카 (CI 77019), 적색산화철 (CI 77491), 울트라마린 (CI 77007), 실리카, 카민 (CI 75470), 황색산화철 (CI 77492), 옥틸도데실스테아로일스테아레이트, 나일론-12, 페닐트라이메티콘, 다이메티콘, 마카다미아씨오일, 메틸프로판다이올, 다이아이소스테아릴말레이트, 마그네슘미리스테이트, 프로판다이올, 트라이에톡시카프릴릴실레인, 말토덱스트린, 적색226호 (CI 73360)

[블러쉬 그레이]
탤크, 마이카 (CI 77019), 실리카, 망가니즈바이올렛 (CI 77742), 보론나이트라이드, 마그네슘미리스테이트, 티타늄디옥사이드 (CI 77891), 옥틸도데실스테아로일스테아레이트, 페닐트라이메티콘, 다이메티콘, 마카다미아씨오일, 마그네슘스테아레이트, 메틸프로판다이올, 다이펜타에리스리틸헥사하이드록시스테아레이트/헥사스테아레이트/헥사로지네이트, 다이아이소스테아릴말레이트, 프로판다이올, 라우로일라이신, 카올린, 트라이에톡시카프릴릴실레인, 다이메티콘올스테아레이트, 알루미늄하이드록사이드, 메티콘, 흑색산화철 (CI 77499), 적색산화철 (CI 77491), 울트라마린 (CI 77007), 황색산화철 (CI 77492)

[허니드피치]
합성플루오르플로고파이트, 마이카 (CI 77019), 탤크, 칼슘카보네이트, 옥틸도데실스테아로일스테아레이트, 티타늄디옥사이드 (CI 77891), 실리카, 다이페닐다이메티콘/비닐다이페닐다이메티콘/실세스퀴옥세인크로스폴리머, 칼슘소듐보로실리케이트, 칼슘티타늄보로실리케이트, 다이아이소스테아릴말레이트, 다이메티콘, 카프릴릴글라이콜, 하이드로제네이티드캐스터오일아이소스테아레이트, 에틸헥실글리세린, 마그네슘미리스테이트, 라우로일라이신, 알루미늄하이드록사이드, 토코페롤, 틴옥사이드 (CI 77861), 황색산화철 (CI 77492), 적색산화철 (CI 77491), 적색226호 (CI 73360), 울트라마린 (CI 77007), 흑색산화철 (CI 77499)

[오뜨휘그]
합성플루오르플로고파이트, 마이카 (CI 77019), 탤크, 칼슘카보네이트, 옥틸도데실스테아로일스테아레이트, 칼슘티타늄보로실리케이트, 실리카, 티타늄디옥사이드 (CI 77891), 다이페닐다이메티콘/비닐다이페닐다이메티콘/실세스퀴옥세인크로스폴리머, 다이아이소스테아릴말레이트, 다이메티콘, 카프릴릴글라이콜, 하이드로제네이티드캐스터오일아이소스테아레이트, 칼슘소듐보로실리케이트, 에틸헥실글리세린, 마그네슘미리스테이트, 라우로일라이신, 알루미늄하이드록사이드, 카올린, 토코페롤, 틴옥사이드 (CI 77861), 황색산화철 (CI 77492), 적색산화철 (CI 77491), 망가니즈바이올렛 (CI 77742), 울트라마린 (CI 77007), 흑색산화철 (CI 77499), 적색226호 (CI 73360)

[핑크어텐션]
마이카 (CI 77019), 티타늄디옥사이드 (CI 77891), 옥틸도데실스테아로일스테아레이트, 합성플루오르플로고파이트, 다이메티콘, 다이아이소스테아릴말레이트, 글리세린, 펜틸렌글라이콜, 실리카, 마그네슘미리스테이트, 나일론-12, 폴리메틸실세스퀴옥세인, 폴리솔베이트20, 소듐아크릴레이트/소듐아크릴로일다이메틸타우레이트코폴리머, 마그네슘알루미늄실리케이트, 솔비탄올리베이트, 솔비탄스테아레이트, 아이소헥사데칸, 비닐다이메티콘/메티콘실세스퀴옥세인크로스폴리머, 에틸헥실글리세린, 트라이에톡시카프릴릴실레인, 폴리솔베이트80, 솔비탄올리에이트, 토코페롤, 틴옥사이드 (CI 77861), 소듐데하이드로아세테이트, 울트라마린 (CI 77007), 적색산화철 (CI 77491), 적색226호 (CI 73360)

[피치포지]
합성플루오르플로고파이트, 마이카 (CI 77019), 탤크, 칼슘카보네이트, 옥틸도데실스테아로일스테아레이트, 실리카, 티타늄디옥사이드 (CI 77891), 칼슘티타늄보로실리케이트, 다이페닐다이메티콘/비닐다이페닐다이메티콘/실세스퀴옥세인크로스폴리머, 다이아이소스테아릴말레이트, 다이메티콘, 칼슘소듐보로실리케이트, 카프릴릴글라이콜, 하이드로제네이티드캐스터오일아이소스테아레이트, 에틸헥실글리세린, 마그네슘미리스테이트, 라우로일라이신, 알루미늄하이드록사이드, 말토덱스트린, 토코페롤, 틴옥사이드, 황색산화철 (CI 77492), 적색산화철 (CI 77491), 카민 (CI 75470), 흑색산화철 (CI 77499), 울트라마린 (CI 77007)

[피치 우롱티]
합성플루오르플로고파이트, 마이카 (CI 77019), 탤크, 칼슘카보네이트, 칼슘티타늄보로실리케이트, 옥틸도데실스테아로일스테아레이트, 실리카, 티타늄디옥사이드 (CI 77891), 다이페닐다이메티콘/비닐다이페닐다이메티콘/실세스퀴옥세인크로스폴리머, 다이아이소스테아릴말레이트, 다이메티콘, 황색산화철 (CI 77492), 카프릴릴글라이콜, 하이드로제네이티드캐스터오일아이소스테아레이트, 에틸헥실글리세린, 마그네슘미리스테이트, 라우로일라이신, 알루미늄하이드록사이드, 카올린, 토코페롤, 틴옥사이드, 적색산화철 (CI 77491), 울트라마린 (CI 77007), 망가니즈바이올렛 (CI 77742), 흑색산화철 (CI 77499), 적색226호 (CI 73360)

[수퍼피치]
탤크, 마이카 (CI 77019), 티타늄디옥사이드 (CI 77891), 알루미늄전분옥테닐석시네이트, 옥틸도데실스테아로일스테아레이트, 페닐트라이메티콘, 보론나이트라이드, 마그네슘미리스테이트, 메틸프로판다이올, 다이펜타에리스리틸헥사하이드록시스테아레이트/헥사스테아레이트/헥사로지네이트, 다이아이소스테아릴말레이트, 프로판다이올, 다이메티콘, 마그네슘스테아레이트, 알루미늄하이드록사이드, 메티콘, 틴옥사이드, 적색226호 (CI 73360), 황색산화철 (CI 77492), 황색4호 (CI 19140), 적색산화철 (CI 77491), 흑색산화철 (CI 77499), 울트라마린 (CI 77007)

[피치오트]
탤크, 마이카 (CI 77019), 티타늄디옥사이드 (CI 77891), 실리카, 보론나이트라이드, 옥틸도데실스테아로일스테아레이트, 페닐트라이메티콘, 옥틸도데칸올, 마카다미아씨오일, 마그네슘미리스테이트, 마그네슘스테아레이트, 메틸프로판다이올, 다이펜타에리스리틸헥사하이드록시스테아레이트/헥사스테아레이트/헥사로지네이트, 다이아이소스테아릴말레이트, 다이메티콘, 프로판다이올, 트라이에톡시카프릴릴실레인, 다이메티콘올스테아레이트, 알루미늄하이드록사이드, 하이드로제네이티드레시틴, 적색산화철 (CI 77491), 황색산화철 (CI 77492), 흑색산화철 (CI 77499), 적색226호 (CI 73360), 울트라마린 (CI 77007), 황색4호 (CI 19140)

[피치얼그레이]
탤크, 마이카 (CI 77019), 티타늄디옥사이드 (CI 77891), 실리카, 보론나이트라이드, 옥틸도데실스테아로일스테아레이트, 페닐트라이메티콘, 옥틸도데칸올, 마카다미아씨오일, 마그네슘미리스테이트, 마그네슘스테아레이트, 메틸프로판다이올, 다이메티콘올스테아레이트, 다이펜타에리스리틸헥사하이드록시스테아레이트/헥사스테아레이트/헥사로지네이트, 다이메티콘, 다이아이소스테아릴말레이트, 프로판다이올, 트라이에톡시카프릴릴실레인, 하이드로제네이티드레시틴, 알루미늄하이드록사이드, 메티콘, 카올린, 황색산화철 (CI 77492), 적색산화철 (CI 77491), 흑색산화철 (CI 77499), 망가니즈바이올렛 (CI 77742), 울트라마린 (CI 77007), 적색226호 (CI 73360), 황색4호 (CI 19140)

[윈터베리]
탤크, 마이카 (CI 77019), 실리카, 보론나이트라이드, 티타늄디옥사이드 (CI 77891), 마그네슘미리스테이트, 옥틸도데실스테아로일스테아레이트, 페닐트라이메티콘, 다이메티콘, 마카다미아씨오일, 마그네슘스테아레이트, 메틸프로판다이올, 다이펜타에리스리틸헥사하이드록시스테아레이트/헥사스테아레이트/헥사로지네이트, 다이아이소스테아릴말레이트, 프로판다이올, 라우로일라이신, 다이메티콘올스테아레이트, 트라이에톡시카프릴릴실레인, 알루미늄하이드록사이드, 메티콘, 말토덱스트린, 카올린, 황색산화철 (CI 77492), 적색산화철 (CI 77491), 카민 (CI 75470), 울트라마린 (CI 77007), 흑색산화철 (CI 77499), 황색4호 (CI 19140), 망가니즈바이올렛 (CI 77742)

[앙고라]
탤크, 마이카 (CI 77019), 나일론-12, 마그네슘미리스테이트, 티타늄디옥사이드 (CI 77891), 네오펜틸글라이콜다이에틸헥사노에이트, 페닐트라이메티콘, 망가니즈바이올렛 (CI 77742), 실리카, 마그네슘스테아레이트, 다이메티콘, 메틸프로판다이올, 다이펜타에리스리틸헥사하이드록시스테아레이트/헥사스테아레이트/헥사로지네이트, 다이아이소스테아릴말레이트, 아이소스테아릴네오펜타노에이트, 옥틸도데실스테아로일스테아레이트, 프로판다이올, 폴리부텐, 하이드로제네이티드레시틴, 라우로일라이신, 카프릴릭/카프릭트라이글리세라이드, 트라이에톡시카프릴릴실레인, 메티콘, 알루미늄하이드록사이드, 카올린, 흑색산화철 (CI 77499), 황색산화철 (CI 77492), 적색산화철 (CI 77491), 울트라마린 (CI 77007)

[콜드브루]
탤크, 마이카 (CI 77019), 실리카, 티타늄디옥사이드 (CI 77891), 칼슘카보네이트, 흑색산화철 (CI 77499), 옥틸도데실스테아로일스테아레이트, 페닐트라이메티콘, 마그네슘미리스테이트, 적색산화철 (CI 77491), 망가니즈바이올렛 (CI 77742), 마그네슘스테아레이트, 메틸프로판다이올, 다이펜타에리스리틸헥사하이드록시스테아레이트/헥사스테아레이트/헥사로지네이트, 다이아이소스테아릴말레이트, 다이메티콘, 프로판다이올, 하이드로제네이티드레시틴, 트라이에톡시카프릴릴실레인, 알루미늄하이드록사이드, 메티콘, 카올린, 아이소프로필티타늄트라이아이소스테아레이트, 세테아릴알코올, 황색산화철 (CI 77492), 울트라마린 (CI 77007)

[슈가리스]
마이카 (CI 77019), 티타늄디옥사이드 (CI 77891), 옥틸도데실스테아로일스테아레이트, 다이메티콘, 다이아이소스테아릴말레이트, 글리세린, 펜틸렌글라이콜, 실리카, 마그네슘미리스테이트, 나일론-12, 폴리메틸실세스퀴옥세인, 폴리솔베이트20, 소듐아크릴레이트/소듐아크릴로일다이메틸타우레이트코폴리머, 마그네슘알루미늄실리케이트, 합성플루오르플로고파이트, 솔비탄올리베이트, 솔비탄스테아레이트, 아이소헥사데칸, 비닐다이메티콘/메티콘실세스퀴옥세인크로스폴리머, 에틸헥실글리세린, 폴리솔베이트80, 트라이에톡시카프릴릴실레인, 솔비탄올리에이트, 토코페롤, 틴옥사이드 (CI 77861), 소듐데하이드로아세테이트, 적색산화철 (CI 77491)

[하이퍼핑크]
마이카 (CI 77019), 티타늄디옥사이드 (CI 77891), 다이메티콘, 합성플루오르플로고파이트, 에이치디아이/트라이메틸올헥실락톤크로스폴리머, 실리카, 칼슘티타늄보로실리케이트, 폴리메틸실세스퀴옥세인, 나일론-12, 글리세린, 펜틸렌글라이콜, 마그네슘미리스테이트, 폴리솔베이트20, 소듐아크릴레이트/소듐아크릴로일다이메틸타우레이트코폴리머, 트라이에톡시카프릴릴실레인, 비닐다이메티콘/메티콘실세스퀴옥세인크로스폴리머, 마그네슘알루미늄실리케이트, 솔비탄올리베이트, 솔비탄스테아레이트, 아이소헥사데칸, 에틸헥실글리세린, 폴리솔베이트80, 솔비탄올리에이트, 토코페롤, 틴옥사이드 (CI 77861), 소듐데하이드로아세테이트, 적색산화철 (CI 77491), 울트라마린 (CI 77007), 적색226호 (CI 73360)


[치키구아바]
마이카 (CI 77019), 티타늄디옥사이드 (CI 77891), 다이메티콘, 실리카, 에이치디아이/트라이메틸올헥실락톤크로스폴리머, 폴리메틸실세스퀴옥세인, 나일론-12, 글리세린, 펜틸렌글라이콜, 마그네슘미리스테이트, 폴리솔베이트20, 소듐아크릴레이트/소듐아크릴로일다이메틸타우레이트코폴리머, 비닐다이메티콘/메티콘실세스퀴옥세인크로스폴리머, 마그네슘알루미늄실리케이트, 솔비탄올리베이트, 솔비탄스테아레이트, 아이소헥사데칸, 에틸헥실글리세린, 트라이에톡시카프릴릴실레인, 폴리솔베이트80, 솔비탄올리에이트, 토코페롤, 틴옥사이드 (CI 77861), 소듐데하이드로아세테이트, 적색산화철 (CI 77491), 적색226호 (CI 73360), 흑색산화철 (CI 77499), 황색산화철 (CI 77492)

[슈가코트]
마이카 (CI 77019), 합성플루오르플로고파이트, 티타늄디옥사이드 (CI 77891), 옥틸도데실스테아로일스테아레이트, 다이메티콘, 다이아이소스테아릴말레이트, 글리세린, 펜틸렌글라이콜, 실리카, 마그네슘미리스테이트, 나일론-12, 폴리메틸실세스퀴옥세인, 폴리솔베이트20, 트라이에톡시카프릴릴실레인, 소듐아크릴레이트/소듐아크릴로일다이메틸타우레이트코폴리머, 마그네슘알루미늄실리케이트, 솔비탄올리베이트, 솔비탄스테아레이트, 아이소헥사데칸, 비닐다이메티콘/메티콘실세스퀴옥세인크로스폴리머, 에틸헥실글리세린, 폴리솔베이트80, 솔비탄올리에이트, 토코페롤, 틴옥사이드 (CI 77861), 소듐데하이드로아세테이트, 적색산화철 (CI 77491)

[애프리콧듀]
마이카 (CI 77019), 티타늄디옥사이드 (CI 77891), 옥틸도데실스테아로일스테아레이트, 합성플루오르플로고파이트, 다이메티콘, 다이아이소스테아릴말레이트, 글리세린, 펜틸렌글라이콜, 실리카, 마그네슘미리스테이트, 나일론-12, 폴리메틸실세스퀴옥세인, 폴리솔베이트20, 소듐아크릴레이트/소듐아크릴로일다이메틸타우레이트코폴리머, 마그네슘알루미늄실리케이트, 트라이에톡시카프릴릴실레인, 솔비탄올리베이트, 솔비탄스테아레이트, 아이소헥사데칸, 비닐다이메티콘/메티콘실세스퀴옥세인크로스폴리머, 에틸헥실글리세린, 폴리솔베이트80, 솔비탄올리에이트, 토코페롤, 틴옥사이드 (CI 77861), 소듐데하이드로아세테이트, 적색산화철 (CI 77491)

[크림릿]
마이카 (CI 77019), 실리카, 다이메티콘, 보론나이트라이드, 티타늄디옥사이드 (CI 77891), 합성플루오르플로고파이트, 글리세린, 펜틸렌글라이콜, 마그네슘미리스테이트, 트라이에톡시카프릴릴실레인, 폴리솔베이트20, 소듐아크릴레이트/소듐아크릴로일다이메틸타우레이트코폴리머, 마그네슘알루미늄실리케이트, 솔비탄올리베이트, 솔비탄스테아레이트, 아이소헥사데칸, 에틸헥실글리세린, 폴리솔베이트80, 알루미늄하이드록사이드, 솔비탄올리에이트, 메티콘, 토코페롤, 틴옥사이드, 소듐데하이드로아세테이트, 황색산화철 (CI 77492), 적색산화철 (CI 77491), 울트라마린 (CI 77007), 흑색산화철 (CI 77499)

[아이보릿]
마이카 (CI 77019), 실리카, 티타늄디옥사이드 (CI 77891), 다이메티콘, 합성플루오르플로고파이트, 보론나이트라이드, 글리세린, 펜틸렌글라이콜, 마그네슘미리스테이트, 트라이에톡시카프릴릴실레인, 폴리솔베이트20, 소듐아크릴레이트/소듐아크릴로일다이메틸타우레이트코폴리머, 마그네슘알루미늄실리케이트, 솔비탄올리베이트, 솔비탄스테아레이트, 아이소헥사데칸, 에틸헥실글리세린, 폴리솔베이트80, 솔비탄올리에이트, 알루미늄하이드록사이드, 메티콘, 토코페롤, 틴옥사이드, 소듐데하이드로아세테이트, 적색산화철 (CI 77491), 황색산화철 (CI 77492)

[스트로베리밀크]
탤크, 마이카 (CI 77019), 티타늄디옥사이드 (CI 77891), 나일론-12, 보론나이트라이드, 실리카, 네오펜틸글라이콜다이에틸헥사노에이트, 페닐트라이메티콘, 다이메티콘, 다이펜타에리스리틸헥사하이드록시스테아레이트/헥사스테아레이트/헥사로지네이트, 마카다미아씨오일, 마그네슘미리스테이트, 메틸프로판다이올, 다이아이소스테아릴말레이트, 아이소스테아릴네오펜타노에이트, 옥틸도데실스테아로일스테아레이트, 마그네슘스테아레이트, 프로판다이올, 폴리부텐, 트라이에톡시카프릴릴실레인, 알루미늄하이드록사이드, 라우로일라이신, 카올린, 적색산화철 (CI 77491), 황색산화철 (CI 77492), 적색226호 (CI 73360), 망가니즈바이올렛 (CI 77742), 흑색산화철 (CI 77499), 울트라마린 (CI 77007), 황색4호 (CI 19140)

[베리폼]
실리카, 마이카 (CI 77019), 티타늄디옥사이드 (CI 77891), 다이메티콘, 보론나이트라이드, 합성플루오르플로고파이트, 글리세린, 펜틸렌글라이콜, 적색산화철 (CI 77491), 마그네슘미리스테이트, 폴리솔베이트20, 소듐아크릴레이트/소듐아크릴로일다이메틸타우레이트코폴리머, 트라이에톡시카프릴릴실레인, 마그네슘알루미늄실리케이트, 솔비탄올리베이트, 솔비탄스테아레이트, 아이소헥사데칸, 에틸헥실글리세린, 폴리솔베이트80, 알루미늄하이드록사이드, 솔비탄올리에이트, 메티콘, 토코페롤, 틴옥사이드, 소듐데하이드로아세테이트

[스트로베리 라떼]
탤크, 마이카 (CI 77019), 티타늄디옥사이드 (CI 77891), 실리카, 보론나이트라이드, 마그네슘미리스테이트, 옥틸도데실스테아로일스테아레이트, 페닐트라이메티콘, 다이메티콘, 마카다미아씨버터, 사라수씨버터, 마그네슘스테아레이트, 메틸프로판다이올, 다이펜타에리스리틸헥사하이드록시스테아레이트/헥사스테아레이트/헥사로지네이트, 다이아이소스테아릴말레이트, 프로판다이올, 라우로일라이신, 알루미늄하이드록사이드, 트라이에톡시카프릴릴실레인, 메티콘, 말토덱스트린, 카올린, 황색산화철 (CI 77492), 적색산화철 (CI 77491), 울트라마린 (CI 77007), 카민 (CI 75470), 흑색산화철 (CI 77499), 망가니즈바이올렛 (CI 77742)

[베리 시럽]
티타늄디옥사이드 (CI 77891), 마이카 (CI 77019), 실리카, 합성플루오르플로고파이트, 옥틸도데실스테아로일스테아레이트, 다이메티콘, 다이아이소스테아릴말레이트, 마그네슘미리스테이트, 나일론-12, 폴리메틸실세스퀴옥세인, 글리세린, 펜틸렌글라이콜, 폴리솔베이트20, 트라이에톡시카프릴릴실레인, 소듐아크릴레이트/소듐아크릴로일다이메틸타우레이트코폴리머, 마그네슘알루미늄실리케이트, 솔비탄올리베이트, 솔비탄스테아레이트, 아이소헥사데칸, 비닐다이메티콘/메티콘실세스퀴옥세인크로스폴리머, 에틸헥실글리세린, 폴리솔베이트80, 솔비탄올리에이트, 토코페롤, 틴옥사이드, 소듐데하이드로아세테이트, 적색산화철 (CI 77491)

[클린 솝]
탤크, 마이카 (CI 77019), 칼슘카보네이트, 티타늄디옥사이드 (CI 77891), 실리카, 트라이에틸헥사노인, 카프릴릭/카프릭트라이글리세라이드, 마그네슘미리스테이트, 마그네슘스테아레이트, 다이펜타에리스리틸헥사하이드록시스테아레이트/헥사스테아레이트/헥사로지네이트, 카프릴릴글라이콜, 트라이에톡시카프릴릴실레인, 다이메티콘, 글리세릴카프릴레이트, 하이드로제네이티드레시틴, 에틸헥실글리세린, 알루미늄하이드록사이드, 토코페롤, 황색산화철 (CI 77492), 적색산화철 (CI 77491), 흑색산화철 (CI 77499), 적색226호 (CI 73360), 황색4호 (CI 19140)

[이너프]
탤크, 마이카 (CI 77019), 티타늄디옥사이드 (CI 77891), 알루미늄전분옥테닐석시네이트, 합성플루오르플로고파이트, 카프릴릭/카프릭트라이글리세라이드, 마그네슘미리스테이트, 다이아이소스테아릴말레이트, 트라이에톡시카프릴릴실레인, 카프릴릴글라이콜, 마그네슘스테아레이트, 실리카, 알루미늄하이드록사이드, 다이메티콘, 글리세릴카프릴레이트, 에틸헥실글리세린, 카올린, 토코페롤, 망가니즈바이올렛 (CI 77742), 적색산화철 (CI 77491), 황색산화철 (CI 77492), 흑색산화철 (CI 77499), 적색226호 (CI 73360)

[베이비 타로]
탤크, 마이카 (CI 77019), 티타늄디옥사이드 (CI 77891), 나일론-12, 마그네슘미리스테이트, 네오펜틸글라이콜다이에틸헥사노에이트, 페닐트라이메티콘, 실리카, 마그네슘스테아레이트, 다이펜타에리스리틸헥사하이드록시스테아레이트/헥사스테아레이트/헥사로지네이트, 다이메티콘, 다이아이소스테아릴말레이트, 아이소스테아릴네오펜타노에이트, 옥틸도데실스테아로일스테아레이트, 카프릴릴글라이콜, 트라이에톡시카프릴릴실레인, 폴리부텐, 알루미늄하이드록사이드, 글리세릴카프릴레이트, 하이드로제네이티드레시틴, 라우로일라이신, 카프릴릭/카프릭트라이글리세라이드, 에틸헥실글리세린, 메티콘, 말토덱스트린, 카올린, 토코페롤, 카민 (CI 75470), 황색산화철 (CI 77492), 망가니즈바이올렛 (CI 77742), 울트라마린 (CI 77007), 적색산화철 (CI 77491), 흑색산화철 (CI 77499), 황색4호 (CI 19140)

[그레이프 오트]
탤크, 마이카 (CI 77019), 티타늄디옥사이드 (CI 77891), 실리카, 옥틸도데실스테아로일스테아레이트, 페닐트라이메티콘, 망가니즈바이올렛 (CI 77742), 마카다미아씨오일, 마그네슘미리스테이트, 다이펜타에리스리틸헥사하이드록시스테아레이트/헥사스테아레이트/헥사로지네이트, 다이메티콘, 다이아이소스테아릴말레이트, 카프릴릴글라이콜, 마그네슘스테아레이트, 트라이에톡시카프릴릴실레인, 다이메티콘올스테아레이트, 글리세릴카프릴레이트, 알루미늄하이드록사이드, 하이드로제네이티드레시틴, 에틸헥실글리세린, 카올린, 토코페롤, 울트라마린 (CI 77007), 적색산화철 (CI 77491), 황색산화철 (CI 77492), 흑색산화철 (CI 77499), 적색226호 (CI 73360)

[돌체 그레이프]
탤크, 합성플루오르플로고파이트, 알루미늄전분옥테닐석시네이트, 마이카 (CI 77019), 티타늄디옥사이드 (CI 77891), 망가니즈바이올렛 (CI 77742), 카프릴릭/카프릭트라이글리세라이드, 다이아이소스테아릴말레이트, 마그네슘미리스테이트, 황색산화철 (CI 77492), 적색산화철 (CI 77491), 실리카, 트라이에톡시카프릴릴실레인, 카프릴릴글라이콜, 마그네슘스테아레이트, 글리세릴카프릴레이트, 카올린, 알루미늄하이드록사이드, 다이메티콘, 에틸헥실글리세린, 말토덱스트린, 토코페롤, 카민 (CI 75470), 울트라마린 (CI 77007), 흑색산화철 (CI 77499), 황색4호 (CI 19140), 적색226호 (CI 73360)

[타로 튜튜]
합성플루오르플로고파이트, 마이카 (CI 77019), 탤크, 실리카, 옥틸도데실스테아로일스테아레이트, 칼슘카보네이트, 티타늄디옥사이드 (CI 77891), 칼슘티타늄보로실리케이트, 다이페닐다이메티콘/비닐다이페닐다이메티콘/실세스퀴옥세인크로스폴리머, 다이아이소스테아릴말레이트, 다이메티콘, 칼슘소듐보로실리케이트, 카프릴릴글라이콜, 하이드로제네이티드캐스터오일아이소스테아레이트, 에틸헥실글리세린, 마그네슘미리스테이트, 라우로일라이신, 알루미늄하이드록사이드, 하이드로제네이티드레시틴, 카올린, 토코페롤, 틴옥사이드, 울트라마린 (CI 77007), 적색226호 (CI 73360), 흑색산화철 (CI 77499), 황색4호 (CI 19140), 망가니즈바이올렛 (CI 77742), 황색산화철 (CI 77492)

[퍼플릿]
합성플루오르플로고파이트, 마이카 (CI 77019), 탤크, 실리카, 옥틸도데실스테아로일스테아레이트, 칼슘카보네이트, 티타늄디옥사이드 (CI 77891), 칼슘알루미늄보로실리케이트, 다이페닐다이메티콘/비닐다이페닐다이메티콘/실세스퀴옥세인크로스폴리머, 칼슘티타늄보로실리케이트, 다이아이소스테아릴말레이트, 다이메티콘, 망가니즈바이올렛 (CI 77742), 카프릴릴글라이콜, 하이드로제네이티드캐스터오일아이소스테아레이트, 에틸헥실글리세린, 마그네슘미리스테이트, 라우로일라이신, 알루미늄하이드록사이드, 카올린, 토코페롤, 틴옥사이드, 울트라마린 (CI 77007), 적색226호 (CI 73360), 적색산화철 (CI 77491), 황색산화철 (CI 77492), 흑색산화철 (CI 77499)

[돌체 피치]
탤크, 마이카 (CI 77019), 보론나이트라이드, 실리카, 티타늄디옥사이드 (CI 77891), 합성플루오르플로고파이트, 페닐트라이메티콘, 옥틸도데실스테아로일스테아레이트, 마카다미아씨오일, 마그네슘미리스테이트, 옥틸도데칸올, 다이펜타에리스리틸헥사하이드록시스테아레이트/헥사스테아레이트/헥사로지네이트, 다이메티콘, 다이아이소스테아릴말레이트, 카프릴릴글라이콜, 마그네슘스테아레이트, 글리세릴카프릴레이트, 아이소프로필티타늄트라이아이소스테아레이트, 트라이에톡시카프릴릴실레인, 다이메티콘올스테아레이트, 하이드로제네이티드레시틴, 에틸헥실글리세린, 아이소스테아릭애씨드, 알루미늄하이드록사이드, 토코페롤, 틴옥사이드, 적색산화철 (CI 77491), 황색산화철 (CI 77492), 흑색산화철 (CI 77499), 울트라마린 (CI 77007), 적색226호 (CI 73360), 황색4호 (CI 19140)

[얼리 샤인]
합성플루오르플로고파이트, 티타늄디옥사이드, 다이페닐실록시페닐트라이메티콘, 칼슘알루미늄보로실리케이트, 피토스테릴/이소스테아릴/세틸/스테아릴/베헤닐다이머디리놀리에이트, 비스-베헤닐/아이소스테아릴/피토스테릴다이머다이리놀레일다이머다이리놀리에이트, 폴리프로필렌, 비스-다이글리세릴폴리아실아디페이트-2, 다이펜타에리스리틸헥사하이드록시스테아레이트/헥사스테아레이트/헥사로지네이트, 실리카, 탤크, 1,2-헥산다이올, 글리세릴카프릴레이트, 틴옥사이드

[슈가 클라우드]
탤크, 마이카 (CI 77019), 보론나이트라이드, 실리카, 티타늄디옥사이드 (CI 77891), 옥틸도데칸올, 다이메티콘, 옥틸도데실스테아로일스테아레이트, 페닐트라이메티콘, 마카다미아씨오일, 마그네슘스테아레이트, 마그네슘미리스테이트, 다이펜타에리스리틸헥사하이드록시스테아레이트/헥사스테아레이트/헥사로지네이트, 트라이에톡시카프릴릴실레인, 카프릴릴글라이콜, 다이아이소스테아릴말레이트, 글리세릴카프릴레이트, 에틸헥실글리세린, 알루미늄하이드록사이드, 메티콘, 카올린, 토코페롤, 적색산화철 (CI 77491), 황색산화철 (CI 77492), 망가니즈바이올렛 (CI 77742), 적색226호 (CI 73360), 황색4호 (CI 19140), 흑색산화철 (CI 77499), 울트라마린 (CI 77007)

[쥬시 모닝]
탤크, 마이카 (CI 77019), 보론나이트라이드, 실리카, 티타늄디옥사이드 (CI 77891), 옥틸도데칸올, 다이메티콘, 옥틸도데실스테아로일스테아레이트, 페닐트라이메티콘, 마카다미아씨오일, 마그네슘스테아레이트, 마그네슘미리스테이트, 다이펜타에리스리틸헥사하이드록시스테아레이트/헥사스테아레이트/헥사로지네이트, 트라이에톡시카프릴릴실레인, 카프릴릴글라이콜, 다이아이소스테아릴말레이트, 글리세릴카프릴레이트, 에틸헥실글리세린, 알루미늄하이드록사이드, 메티콘, 카올린, 토코페롤, 황색산화철 (CI 77492), 황색4호 (CI 19140), 적색산화철 (CI 77491), 적색226호 (CI 73360), 망가니즈바이올렛 (CI 77742), 황색5호 (CI 15985), 울트라마린 (CI 77007)

[레이지 듀]
티타늄디옥사이드 (CI 77891), 합성플루오르플로고파이트, 탤크, 칼슘알루미늄보로실리케이트, 마이카 (CI 77019), 칼슘소듐보로실리케이트, 네오펜틸글라이콜다이에틸헥사노에이트, 페닐트라이메티콘, 칼슘티타늄보로실리케이트, 마그네슘스테아레이트, 실리카, 다이펜타에리스리틸헥사하이드록시스테아레이트/헥사스테아레이트/헥사로지네이트, 마그네슘미리스테이트, 나일론-12, 다이아이소스테아릴말레이트, 아이소스테아릴네오펜타노에이트, 옥틸도데실스테아로일스테아레이트, 폴리부텐, 카프릴릴글라이콜, 글리세릴카프릴레이트, 트라이에톡시카프릴릴실레인, 다이메티콘, 에틸헥실글리세린, 알루미늄하이드록사이드, 메티콘, 말토덱스트린, 토코페롤, 틴옥사이드, 적색산화철 (CI 77491), 카민 (CI 75470), 황색산화철 (CI 77492), 울트라마린 (CI 77007), 흑색산화철 (CI 77499)

[블러쉬 데이즈]
티타늄디옥사이드 (CI 77891), 합성플루오르플로고파이트, 마이카 (CI 77019), 칼슘알루미늄보로실리케이트, 탤크, 칼슘소듐보로실리케이트, 네오펜틸글라이콜다이에틸헥사노에이트, 페닐트라이메티콘, 칼슘티타늄보로실리케이트, 실리카, 다이펜타에리스리틸헥사하이드록시스테아레이트/헥사스테아레이트/헥사로지네이트, 마그네슘미리스테이트, 마그네슘스테아레이트, 나일론-12, 다이아이소스테아릴말레이트, 아이소스테아릴네오펜타노에이트, 옥틸도데실스테아로일스테아레이트, 폴리부텐, 카프릴릴글라이콜, 글리세릴카프릴레이트, 트라이에톡시카프릴릴실레인, 다이메티콘, 에틸헥실글리세린, 알루미늄하이드록사이드, 메티콘, 토코페롤, 틴옥사이드, 황색산화철 (CI 77492), 적색산화철 (CI 77491), 적색226호 (CI 73360), 황색4호 (CI 19140), 울트라마린 (CI 77007), 흑색산화철 (CI 77499), 카민 (CI 75470)

[피치 멜바]
다이메티콘, 페닐트라이메티콘, 실리카, 합성플루오르플로고파이트, 다이페닐실록시페닐트라이메티콘, 폴리글리세릴-2트라이아이소스테아레이트, 티타늄디옥사이드, 파라핀, 라우릴폴리글리세릴-3폴리다이메틸실록시에틸다이메티콘, 칼슘티타늄보로실리케이트, 마이크로크리스탈린왁스, 다이메티콘크로스폴리머, 카프릴릭/카프릭글리세라이즈, 트라이베헤닌, 카프릴릴글라이콜, 트라이에톡시카프릴릴실레인, 황색5호, 알루미늄하이드록사이드, 황색산화철, 황색4호, 메티콘, 적색202호, 적색226호, 흑색산화철, 틴옥사이드, 토코페롤

[핑카부]
다이메티콘, 페닐트라이메티콘, 실리카, 합성플루오르플로고파이트, 다이페닐실록시페닐트라이메티콘, 폴리글리세릴-2트라이아이소스테아레이트, 티타늄디옥사이드, 파라핀, 라우릴폴리글리세릴-3폴리다이메틸실록시에틸다이메티콘, 칼슘티타늄보로실리케이트, 마이크로크리스탈린왁스, 다이메티콘크로스폴리머, 카프릴릭/카프릭글리세라이즈, 트라이베헤닌, 카프릴릴글라이콜, 트라이에톡시카프릴릴실레인, 황색5호, 알루미늄하이드록사이드, 메티콘, 적색202호, 틴옥사이드, 토코페롤, 황색산화철

[슬리피 버니]
다이메티콘, 페닐트라이메티콘, 실리카, 합성플루오르플로고파이트, 다이페닐실록시페닐트라이메티콘, 폴리글리세릴-2트라이아이소스테아레이트, 티타늄디옥사이드, 파라핀, 라우릴폴리글리세릴-3폴리다이메틸실록시에틸다이메티콘, 칼슘티타늄보로실리케이트, 마이크로크리스탈린왁스, 다이메티콘크로스폴리머, 카프릴릭/카프릭글리세라이즈, 트라이베헤닌, 카프릴릴글라이콜, 트라이에톡시카프릴릴실레인, 적색산화철, 알루미늄하이드록사이드, 메티콘, 적색202호, 황색4호, 흑색산화철, 틴옥사이드, 토코페롤, 황색산화철

[펄리]
마이카 (CI 77019), 티타늄디옥사이드 (CI 77891), 옥틸도데실스테아로일스테아레이트, 합성플루오르플로고파이트, 다이메티콘, 다이아이소스테아릴말레이트, 실리카, 글리세린, 펜틸렌글라이콜, 마그네슘미리스테이트, 나일론-12, 폴리메틸실세스퀴옥세인, 폴리솔베이트20, 소듐아크릴레이트/소듐아크릴로일다이메틸타우레이트코폴리머, 마그네슘알루미늄실리케이트, 솔비탄올리베이트, 솔비탄스테아레이트, 아이소헥사데칸, 비닐다이메티콘/메티콘실세스퀴옥세인크로스폴리머, 에틸헥실글리세린, 트라이에톡시카프릴릴실레인, 폴리솔베이트80, 솔비탄올리에이트, 토코페롤, 틴옥사이드, 소듐데하이드로아세테이트, 울트라마린 (CI 77007), 적색226호 (CI 73360), 적색산화철 (CI 77491)

[드리미 듀]
마이카 (CI 77019), 티타늄디옥사이드 (CI 77891), 옥틸도데실스테아로일스테아레이트, 합성플루오르플로고파이트, 다이메티콘, 다이아이소스테아릴말레이트, 실리카, 글리세린, 펜틸렌글라이콜, 마그네슘미리스테이트, 나일론-12, 폴리메틸실세스퀴옥세인, 폴리솔베이트20, 소듐아크릴레이트/소듐아크릴로일다이메틸타우레이트코폴리머, 마그네슘알루미늄실리케이트, 솔비탄올리베이트, 솔비탄스테아레이트, 아이소헥사데칸, 비닐다이메티콘/메티콘실세스퀴옥세인크로스폴리머, 에틸헥실글리세린, 트라이에톡시카프릴릴실레인, 폴리솔베이트80, 솔비탄올리에이트, 토코페롤, 틴옥사이드, 소듐데하이드로아세테이트, 울트라마린 (CI 77007), 적색산화철 (CI 77491), 적색226호 (CI 73360)

[환타스틱]
티타늄디옥사이드 (CI 77891), 마이카 (CI 77019), 합성플루오르플로고파이트, 실리카, 옥틸도데실스테아로일스테아레이트, 다이메티콘, 다이아이소스테아릴말레이트, 마그네슘미리스테이트, 나일론-12, 폴리메틸실세스퀴옥세인, 글리세린, 펜틸렌글라이콜, 폴리솔베이트20, 트라이에톡시카프릴릴실레인, 소듐아크릴레이트/소듐아크릴로일다이메틸타우레이트코폴리머, 마그네슘알루미늄실리케이트, 솔비탄올리베이트, 솔비탄스테아레이트, 아이소헥사데칸, 비닐다이메티콘/메티콘실세스퀴옥세인크로스폴리머, 에틸헥실글리세린, 폴리솔베이트80, 솔비탄올리에이트, 토코페롤, 틴옥사이드, 소듐데하이드로아세테이트, 적색산화철 (CI 77491)

[탄젤로]
칼슘알루미늄보로실리케이트, 다이메티콘/비닐다이메티콘크로스폴리머, 폴리메틸메타크릴레이트, 티타늄디옥사이드, 다이아이소스테아릴말레이트, 카프릴릭/카프릭트라이글리세라이드, 폴리프로필렌, 마그네슘미리스테이트, 비스-다이글리세릴폴리아실아디페이트-2, 피토스테릴/이소스테아릴/세틸/스테아릴/베헤닐다이머디리놀리에이트, 카프릴릴글라이콜, 틴옥사이드, 글리세릴카프릴레이트, 에틸헥실글리세린, 토코페롤

[레모니]
합성플루오르플로고파이트, 티타늄디옥사이드, 다이페닐실록시페닐트라이메티콘, 피토스테릴/이소스테아릴/세틸/스테아릴/베헤닐다이머디리놀리에이트, 마이카, 비스-베헤닐/아이소스테아릴/피토스테릴다이머다이리놀레일다이머다이리놀리에이트, 칼슘티타늄보로실리케이트, 비스-다이글리세릴폴리아실아디페이트-2, 폴리프로필렌, 다이펜타에리스리틸헥사하이드록시스테아레이트/헥사스테아레이트/헥사로지네이트, 실리카, 탤크, 카프릴릴글라이콜, 글리세릴카프릴레이트, 틴옥사이드, 에틸헥실글리세린, 토코페롤

[프로스티]
합성플루오르플로고파이트, 칼슘알루미늄보로실리케이트, 다이페닐실록시페닐트라이메티콘, 탤크, 피토스테릴/이소스테아릴/세틸/스테아릴/베헤닐다이머디리놀리에이트, 폴리프로필렌, 비스-베헤닐/아이소스테아릴/피토스테릴다이머다이리놀레일다이머다이리놀리에이트, 비스-다이글리세릴폴리아실아디페이트-2, 티타늄디옥사이드, 다이펜타에리스리틸헥사하이드록시스테아레이트/헥사스테아레이트/헥사로지네이트, 실리카, 칼슘티타늄보로실리케이트, 카프릴릴글라이콜, 글리세릴카프릴레이트, 에틸헥실글리세린, 틴옥사이드, 토코페롤

[스플래시]
합성플루오르플로고파이트, 탤크, 칼슘알루미늄보로실리케이트, 다이페닐실록시페닐트라이메티콘, 티타늄디옥사이드, 폴리프로필렌, 피토스테릴/이소스테아릴/세틸/스테아릴/베헤닐다이머디리놀리에이트, 비스-베헤닐/아이소스테아릴/피토스테릴다이머다이리놀레일다이머다이리놀리에이트, 칼슘소듐보로실리케이트, 비스-다이글리세릴폴리아실아디페이트-2, 다이펜타에리스리틸헥사하이드록시스테아레이트/헥사스테아레이트/헥사로지네이트, 카프릴릴글라이콜, 틴옥사이드, 글리세릴카프릴레이트, 실리카, 에틸헥실글리세린, 토코페롤

[바이올릿]
합성플루오르플로고파이트, 티타늄디옥사이드, 다이페닐실록시페닐트라이메티콘, 피토스테릴/이소스테아릴/세틸/스테아릴/베헤닐다이머디리놀리에이트, 마이카, 비스-베헤닐/아이소스테아릴/피토스테릴다이머다이리놀레일다이머다이리놀리에이트, 칼슘티타늄보로실리케이트, 비스-다이글리세릴폴리아실아디페이트-2, 폴리프로필렌, 다이펜타에리스리틸헥사하이드록시스테아레이트/헥사스테아레이트/헥사로지네이트, 실리카, 탤크, 카프릴릴글라이콜, 글리세릴카프릴레이트, 틴옥사이드, 에틸헥실글리세린, 토코페롤

[굿 이너프]
탤크, 마이카 (CI 77019), 티타늄디옥사이드 (CI 77891), 나일론-12, 마그네슘미리스테이트, 네오펜틸글라이콜다이에틸헥사노에이트, 페닐트라이메티콘, 실리카, 망가니즈바이올렛 (CI 77742), 마그네슘스테아레이트, 다이메티콘, 다이펜타에리스리틸헥사하이드록시스테아레이트/헥사스테아레이트/헥사로지네이트, 다이아이소스테아릴말레이트, 아이소스테아릴네오펜타노에이트, 옥틸도데실스테아로일스테아레이트, 카프릴릴글라이콜, 글리세릴카프릴레이트, 폴리부텐, 알루미늄하이드록사이드, 라우로일라이신, 메티콘, 카프릴릭/카프릭트라이글리세라이드, 하이드로제네이티드레시틴, 에틸헥실글리세린, 카올린, 트라이에톡시카프릴릴실레인, 토코페롤, 울트라마린 (CI 77007), 적색산화철 (CI 77491), 황색산화철 (CI 77492), 흑색산화철 (CI 77499)

[그릴드 피치]
탤크, 마이카 (CI 77019), 알루미늄전분옥테닐석시네이트, 합성플루오르플로고파이트, 티타늄디옥사이드 (CI 77891), 카프릴릭/카프릭트라이글리세라이드, 울트라마린 (CI 77007), 망가니즈바이올렛 (CI 77742), 마그네슘미리스테이트, 황색산화철 (CI 77492), 다이아이소스테아릴말레이트, 실리카, 마카다미아씨오일, 마그네슘스테아레이트, 트라이에톡시카프릴릴실레인, 카프릴릴글라이콜, 다이메티콘, 글리세릴카프릴레이트, 에틸헥실글리세린, 카올린, 다이메티콘올스테아레이트, 알루미늄하이드록사이드, 메티콘, 말토덱스트린, 토코페롤, 적색산화철 (CI 77491), 카민 (CI 75470), 황색4호 (CI 19140), 흑색산화철 (CI 77499)

[시나몬 스파이스]
탤크, 티타늄디옥사이드 (CI 77891), 마이카 (CI 77019), 알루미늄전분옥테닐석시네이트, 합성플루오르플로고파이트, 칼슘티타늄보로실리케이트, 칼슘알루미늄보로실리케이트, 카프릴릭/카프릭트라이글리세라이드, 실리카, 마그네슘미리스테이트, 나일론-12, 망가니즈바이올렛 (CI 77742), 적색산화철 (CI 77491), 울트라마린 (CI 77007), 다이아이소스테아릴말레이트, 황색산화철 (CI 77492), 카프릴릴글라이콜, 마그네슘스테아레이트, 트라이에톡시카프릴릴실레인, 다이메티콘, 글리세릴카프릴레이트, 알루미늄하이드록사이드, 에틸헥실글리세린, 카올린, 토코페롤, 틴옥사이드, 흑색산화철 (CI 77499)

[오버 더 피치]
탤크, 알루미늄전분옥테닐석시네이트, 마이카 (CI 77019), 합성플루오르플로고파이트, 보론나이트라이드, 티타늄디옥사이드 (CI 77891), 실리카, 마그네슘미리스테이트, 페닐트라이메티콘, 옥틸도데실스테아로일스테아레이트, 다이메티콘, 마카다미아씨오일, 마그네슘스테아레이트, 옥틸도데칸올, 다이펜타에리스리틸헥사하이드록시스테아레이트/헥사스테아레이트/헥사로지네이트, 카프릴릴글라이콜, 다이아이소스테아릴말레이트, 트라이에톡시카프릴릴실레인, 글리세릴카프릴레이트, 에틸헥실글리세린, 카올린, 알루미늄하이드록사이드, 메티콘, 토코페롤, 울트라마린 (CI 77007), 망가니즈바이올렛 (CI 77742), 황색산화철 (CI 77492), 적색산화철 (CI 77491), 적색226호 (CI 73360), 흑색산화철 (CI 77499), 황색4호 (CI 19140)

[크림드 베리]
탤크, 마이카 (CI 77019), 티타늄디옥사이드 (CI 77891), 실리카, 보론나이트라이드, 옥틸도데실스테아로일스테아레이트, 페닐트라이메티콘, 마그네슘미리스테이트, 다이메티콘, 마카다미아씨오일, 마그네슘스테아레이트, 다이펜타에리스리틸헥사하이드록시스테아레이트/헥사스테아레이트/헥사로지네이트, 다이아이소스테아릴말레이트, 카프릴릴글라이콜, 글리세릴카프릴레이트, 알루미늄하이드록사이드, 라우로일라이신, 트라이에톡시카프릴릴실레인, 에틸헥실글리세린, 다이메티콘올스테아레이트, 카올린, 메티콘, 말토덱스트린, 토코페롤, 적색산화철 (CI 77491), 황색산화철 (CI 77492), 울트라마린 (CI 77007), 망가니즈바이올렛 (CI 77742), 카민 (CI 75470), 흑색산화철 (CI 77499), 황색4호 (CI 19140)

[핑크 시어링]
탤크, 마이카 (CI 77019), 나일론-12, 페닐트라이메티콘, 울트라마린 (CI 77007), 티타늄디옥사이드 (CI 77891), 다이페닐다이메티콘/비닐다이페닐다이메티콘/실세스퀴옥세인크로스폴리머, 마그네슘미리스테이트, 옥틸도데실스테아로일스테아레이트, 실리카, 트라이에톡시카프릴릴실레인, 다이메티콘, 다이펜타에리스리틸헥사하이드록시스테아레이트/헥사스테아레이트/헥사로지네이트, 카프릴릴글라이콜, 라우로일라이신, 다이아이소스테아릴말레이트, 카올린, 글리세릴카프릴레이트, 마그네슘스테아레이트, 에틸헥실글리세린, 하이드로제네이티드레시틴, 알루미늄하이드록사이드, 메티콘, 토코페롤, 황색산화철 (CI 77492), 적색산화철 (CI 77491), 흑색산화철 (CI 77499), 적색226호 (CI 73360), 황색4호 (CI 19140)

[모브 시즈닝]
탤크, 티타늄디옥사이드 (CI 77891), 마이카 (CI 77019), 알루미늄전분옥테닐석시네이트, 합성플루오르플로고파이트, 칼슘티타늄보로실리케이트, 망가니즈바이올렛 (CI 77742), 카프릴릭/카프릭트라이글리세라이드, 실리카, 울트라마린 (CI 77007), 마그네슘미리스테이트, 적색산화철 (CI 77491), 칼슘알루미늄보로실리케이트, 다이아이소스테아릴말레이트, 나일론-12, 카프릴릴글라이콜, 마그네슘스테아레이트, 트라이에톡시카프릴릴실레인, 다이메티콘, 글리세릴카프릴레이트, 알루미늄하이드록사이드, 카올린, 에틸헥실글리세린, 토코페롤, 틴옥사이드, 흑색산화철 (CI 77499), 황색산화철 (CI 77492)

[오버 더 핑크]
탤크, 알루미늄전분옥테닐석시네이트, 마이카 (CI 77019), 티타늄디옥사이드 (CI 77891), 합성플루오르플로고파이트, 보론나이트라이드, 실리카, 마그네슘미리스테이트, 페닐트라이메티콘, 옥틸도데실스테아로일스테아레이트, 마카다미아씨오일, 마그네슘스테아레이트, 옥틸도데칸올, 다이메티콘, 다이펜타에리스리틸헥사하이드록시스테아레이트/헥사스테아레이트/헥사로지네이트, 카프릴릴글라이콜, 다이아이소스테아릴말레이트, 트라이에톡시카프릴릴실레인, 글리세릴카프릴레이트, 알루미늄하이드록사이드, 에틸헥실글리세린, 메티콘, 카올린, 말토덱스트린, 토코페롤, 울트라마린 (CI 77007), 적색226호 (CI 73360), 황색산화철 (CI 77492), 적색산화철 (CI 77491), 망가니즈바이올렛 (CI 77742), 카민 (CI 75470), 황색4호 (CI 19140), 흑색산화철 (CI 77499)

[수티 위스테리아]
탤크, 알루미늄전분옥테닐석시네이트, 마이카 (CI 77019), 망가니즈바이올렛 (CI 77742), 합성플루오르플로고파이트, 카프릴릭/카프릭트라이글리세라이드, 마그네슘미리스테이트, 티타늄디옥사이드 (CI 77891), 적색산화철 (CI 77491), 울트라마린 (CI 77007), 다이아이소스테아릴말레이트, 실리카, 마카다미아씨오일, 마그네슘스테아레이트, 트라이에톡시카프릴릴실레인, 카프릴릴글라이콜, 글리세릴카프릴레이트, 다이메티콘, 카올린, 에틸헥실글리세린, 다이메티콘올스테아레이트, 알루미늄하이드록사이드, 메티콘, 말토덱스트린, 토코페롤, 흑색산화철 (CI 77499), 황색산화철 (CI 77492), 카민 (CI 75470)


# 마이페이브 피스 아이글리츠

[엔젤릭]
마이카 (CI 77019), 칼슘티타늄보로실리케이트, 칼슘소듐보로실리케이트, 티타늄디옥사이드 (CI 77891), 다이메티콘, 합성플루오르플로고파이트, 옥틸도데실스테아로일스테아레이트, 칼슘알루미늄보로실리케이트, 실리카, 적색산화철 (CI 77491), 다이아이소스테아릴말레이트, 글리세린, 마그네슘미리스테이트, 아이소프로필팔미테이트, 알루미늄전분옥테닐석시네이트, 마그네슘스테아레이트, 펜틸렌글라이콜, 폴리솔베이트20, 트라이에톡시카프릴릴실레인, 아크릴아마이드/소듐아크릴로일다이메틸타우레이트코폴리머, 마그네슘알루미늄실리케이트, 솔비탄올리베이트, 솔비탄스테아레이트, 아이소헥사데칸, 에틸헥실글리세린, 폴리솔베이트80, 솔비탄올리에이트, 토코페롤, 틴옥사이드 (CI 77861), 페녹시에탄올, 포타슘솔베이트, 소듐데하이드로아세테이트

[디뮤어]
마이카 (CI 77019), 칼슘티타늄보로실리케이트, 칼슘소듐보로실리케이트, 티타늄디옥사이드 (CI 77891), 다이메티콘, 합성플루오르플로고파이트, 옥틸도데실스테아로일스테아레이트, 적색산화철 (CI 77491), 다이아이소스테아릴말레이트, 글리세린, 마그네슘미리스테이트, 실리카, 아이소프로필팔미테이트, 알루미늄전분옥테닐석시네이트, 마그네슘스테아레이트, 펜틸렌글라이콜, 트라이에톡시카프릴릴실레인, 폴리솔베이트20, 아크릴아마이드/소듐아크릴로일다이메틸타우레이트코폴리머, 마그네슘알루미늄실리케이트, 솔비탄올리베이트, 솔비탄스테아레이트, 아이소헥사데칸, 에틸헥실글리세린, 폴리솔베이트80, 솔비탄올리에이트, 토코페롤, 틴옥사이드 (CI 77861), 페녹시에탄올, 포타슘솔베이트, 소듐데하이드로아세테이트

[문샤인]
칼슘소듐보로실리케이트, 마이카 (CI 77019), 칼슘티타늄보로실리케이트, 다이메티콘, 티타늄디옥사이드 (CI 77891), 합성플루오르플로고파이트, 옥틸도데실스테아로일스테아레이트, 글리세린, 다이아이소스테아릴말레이트, 실리카, 적색산화철 (CI 77491), 마그네슘미리스테이트, 아이소프로필팔미테이트, 알루미늄전분옥테닐석시네이트, 마그네슘스테아레이트, 펜틸렌글라이콜, 폴리솔베이트20, 트라이에톡시카프릴릴실레인, 아크릴아마이드/소듐아크릴로일다이메틸타우레이트코폴리머, 마그네슘알루미늄실리케이트, 솔비탄올리베이트, 솔비탄스테아레이트, 아이소헥사데칸, 에틸헥실글리세린, 폴리솔베이트80, 솔비탄올리에이트, 토코페롤, 틴옥사이드 (CI 77861), 페녹시에탄올, 포타슘솔베이트, 소듐데하이드로아세테이트, 흑색산화철 (CI 77499)

[샌들릿]
마이카 (CI 77019), 칼슘티타늄보로실리케이트, 칼슘알루미늄보로실리케이트, 다이메티콘, 티타늄디옥사이드 (CI 77891), 칼슘소듐보로실리케이트, 옥틸도데실스테아로일스테아레이트, 실리카, 합성플루오르플로고파이트, 다이아이소스테아릴말레이트, 적색산화철 (CI 77491), 글리세린, 마그네슘미리스테이트, 아이소프로필팔미테이트, 알루미늄전분옥테닐석시네이트, 마그네슘스테아레이트, 펜틸렌글라이콜, 폴리솔베이트20, 트라이에톡시카프릴릴실레인, 아크릴아마이드/소듐아크릴로일다이메틸타우레이트코폴리머, 마그네슘알루미늄실리케이트, 솔비탄올리베이트, 솔비탄스테아레이트, 아이소헥사데칸, 에틸헥실글리세린, 폴리솔베이트80, 솔비탄올리에이트, 토코페롤, 틴옥사이드 (CI 77861), 페녹시에탄올, 포타슘솔베이트, 소듐데하이드로아세테이트

[플레어]
칼슘티타늄보로실리케이트, 마이카 (CI 77019), 다이메티콘, 칼슘소듐보로실리케이트, 옥틸도데실스테아로일스테아레이트, 티타늄디옥사이드 (CI 77891), 적색산화철 (CI 77491), 다이아이소스테아릴말레이트, 글리세린, 마그네슘미리스테이트, 아이소프로필팔미테이트, 알루미늄전분옥테닐석시네이트, 마그네슘스테아레이트, 실리카, 펜틸렌글라이콜, 폴리솔베이트20, 트라이에톡시카프릴릴실레인, 아크릴아마이드/소듐아크릴로일다이메틸타우레이트코폴리머, 마그네슘알루미늄실리케이트, 솔비탄올리베이트, 솔비탄스테아레이트, 아이소헥사데칸, 에틸헥실글리세린, 폴리솔베이트80, 솔비탄올리에이트, 토코페롤, 틴옥사이드 (CI 77861), 페녹시에탄올, 포타슘솔베이트, 소듐데하이드로아세테이트, 흑색산화철 (CI 77499)

[위티]
마이카 (CI 77019), 다이메티콘, 칼슘티타늄보로실리케이트, 합성플루오르플로고파이트, 칼슘알루미늄보로실리케이트, 티타늄디옥사이드 (CI 77891), 옥틸도데실스테아로일스테아레이트, 실리카, 다이아이소스테아릴말레이트, 글리세린, 마그네슘미리스테이트, 적색산화철 (CI 77491), 아이소프로필팔미테이트, 마그네슘스테아레이트, 펜틸렌글라이콜, 트라이에톡시카프릴릴실레인, 폴리솔베이트20, 아크릴아마이드/소듐아크릴로일다이메틸타우레이트코폴리머, 마그네슘알루미늄실리케이트, 솔비탄올리베이트, 솔비탄스테아레이트, 아이소헥사데칸, 에틸헥실글리세린, 폴리솔베이트80, 솔비탄올리에이트, 토코페롤, 틴옥사이드 (CI 77861), 페녹시에탄올, 포타슘솔베이트, 소듐데하이드로아세테이트

#마이 페이브 피스 젤테일 

[우드 스모크]
흑색산화철, 다이카프릴릴카보네이트, 다이메티콘, 메틸메타크릴레이트크로스폴리머, 합성플루오르플로고파이트, 마이카, 황색산화철, 적색산화철, 울트라마린, 폴리프로필렌, 다이메티콘/비닐다이메티콘크로스폴리머, 페닐트라이메티콘, 다이펜타에리스리틸헥사하이드록시스테아레이트/헥사스테아레이트/헥사로지네이트, 1,2-헥산다이올, 트라이에톡시카프릴릴실레인, 글리세릴카프릴레이트, 알루미늄하이드록사이드, 토코페롤,

[코코아브륄레]
마이카, 다이카프릴릴카보네이트, 흑색산화철, 다이메티콘, 메틸메타크릴레이트크로스폴리머, 합성플루오르플로고파이트, 적색산화철, 다이메티콘/비닐다이메티콘크로스폴리머, 폴리프로필렌, 황색산화철, 페닐트라이메티콘, 울트라마린, 다이펜타에리스리틸헥사하이드록시스테아레이트/헥사스테아레이트/헥사로지네이트, 1,2-헥산다이올, 트라이에톡시카프릴릴실레인, 글리세릴카프릴레이트, 알루미늄하이드록사이드, 토코페롤,

[몰튼 아메리카노]
적색산화철, 다이카프릴릴카보네이트, 마이카, 다이메티콘, 흑색산화철, 메틸메타크릴레이트크로스폴리머, 합성플루오르플로고파이트, 다이메티콘/비닐다이메티콘크로스폴리머, 폴리프로필렌, 페닐트라이메티콘, 카민, 울트라마린, 황색산화철, 다이펜타에리스리틸헥사하이드록시스테아레이트/헥사스테아레이트/헥사로지네이트, 1,2-헥산다이올, 트라이에톡시카프릴릴실레인, 글리세릴카프릴레이트, 알루미늄하이드록사이드, 토코페롤


[베리 시럽]
티타늄디옥사이드 (CI 77891), 마이카 (CI 77019), 실리카, 합성플루오르플로고파이트, 옥틸도데실스테아로일스테아레이트, 다이메티콘, 다이아이소스테아릴말레이트, 마그네슘미리스테이트, 나일론-12, 폴리메틸실세스퀴옥세인, 글리세린, 펜틸렌글라이콜, 폴리솔베이트20, 트라이에톡시카프릴릴실레인, 소듐아크릴레이트/소듐아크릴로일다이메틸타우레이트코폴리머, 마그네슘알루미늄실리케이트, 솔비탄올리베이트, 솔비탄스테아레이트, 아이소헥사데칸, 비닐다이메티콘/메티콘실세스퀴옥세인크로스폴리머, 에틸헥실글리세린, 폴리솔베이트80, 솔비탄올리에이트, 토코페롤, 틴옥사이드, 소듐데하이드로아세테이트, 적색산화철 (CI 77491)

[디어 미]
탤크, 마이카 (CI 77019), 티타늄디옥사이드 (CI 77891), 나일론-12, 실리카, 네오펜틸글라이콜다이에틸헥사노에이트, 페닐트라이메티콘, 마그네슘스테아레이트, 다이메티콘, 다이펜타에리스리틸헥사하이드록시스테아레이트/헥사스테아레이트/헥사로지네이트, 다이아이소스테아릴말레이트, 아이소스테아릴네오펜타노에이트, 옥틸도데실스테아로일스테아레이트, 카프릴릴글라이콜, 라우로일라이신, 카프릴릭/카프릭트라이글리세라이드, 글리세릴카프릴레이트, 하이드로제네이티드레시틴, 폴리부텐, 트라이에톡시카프릴릴실레인, 에틸헥실글리세린, 메티콘, 알루미늄하이드록사이드, 말토덱스트린, 토코페롤, 황색산화철 (CI 77492), 적색산화철 (CI 77491), 카민 (CI 75470), 울트라마린 (CI 77007), 흑색산화철 (CI 77499)

[럭키 피치]
합성플루오르플로고파이트, 마이카 (CI 77019), 탤크, 칼슘카보네이트, 옥틸도데실스테아로일스테아레이트, 티타늄디옥사이드 (CI 77891), 실리카, 다이페닐다이메티콘/비닐다이페닐다이메티콘/실세스퀴옥세인크로스폴리머, 칼슘소듐보로실리케이트, 칼슘티타늄보로실리케이트, 다이아이소스테아릴말레이트, 다이메티콘, 카프릴릴글라이콜, 하이드로제네이티드캐스터오일아이소스테아레이트, 에틸헥실글리세린, 마그네슘미리스테이트, 라우로일라이신, 알루미늄하이드록사이드, 토코페롤, 틴옥사이드, 황색산화철 (CI 77492), 적색산화철 (CI 77491), 적색226호 (CI 73360), 울트라마린 (CI 77007), 황색4호 (CI 19140), 흑색산화철 (CI 77499)

[얼모스트 그레이프]
탤크, 마이카 (CI 77019), 티타늄디옥사이드 (CI 77891), 나일론-12, 네오펜틸글라이콜다이에틸헥사노에이트, 페닐트라이메티콘, 마그네슘스테아레이트, 실리카, 다이메티콘, 망가니즈바이올렛 (CI 77742), 다이펜타에리스리틸헥사하이드록시스테아레이트/헥사스테아레이트/헥사로지네이트, 다이아이소스테아릴말레이트, 아이소스테아릴네오펜타노에이트, 옥틸도데실스테아로일스테아레이트, 카프릴릴글라이콜, 글리세릴카프릴레이트, 폴리부텐, 라우로일라이신, 카프릴릭/카프릭트라이글리세라이드, 하이드로제네이티드레시틴, 에틸헥실글리세린, 메티콘, 카올린, 트라이에톡시카프릴릴실레인, 알루미늄하이드록사이드, 토코페롤, 울트라마린 (CI 77007), 황색산화철 (CI 77492), 적색산화철 (CI 77491), 흑색산화철 (CI 77499), 황색4호 (CI 19140)

[헤이지 문]
탤크, 망가니즈바이올렛 (CI 77742), 마이카 (CI 77019), 실리카, 칼슘카보네이트, 티타늄디옥사이드 (CI 77891), 옥틸도데실스테아로일스테아레이트, 페닐트라이메티콘, 마그네슘미리스테이트, 마그네슘스테아레이트, 메틸프로판다이올, 다이펜타에리스리틸헥사하이드록시스테아레이트/헥사스테아레이트/헥사로지네이트, 카올린, 다이아이소스테아릴말레이트, 프로판다이올, 다이메티콘, 하이드로제네이티드레시틴, 트라이에톡시카프릴릴실레인, 알루미늄하이드록사이드, 메티콘, 아이소프로필티타늄트라이아이소스테아레이트, 세테아릴알코올, 울트라마린 (CI 77007), 적색산화철 (CI 77491), 황색산화철 (CI 77492), 흑색산화철 (CI 77499)

[유니콘 헤어]
마이카 (CI 77019), 탤크, 티타늄디옥사이드 (CI 77891), 네오펜틸글라이콜다이에틸헥사노에이트, 망가니즈바이올렛 (CI 77742), 페닐트라이메티콘, 합성플루오르플로고파이트, 나일론-12, 실리카, 다이펜타에리스리틸헥사하이드록시스테아레이트/헥사스테아레이트/헥사로지네이트, 적색산화철 (CI 77491), 다이아이소스테아릴말레이트, 아이소스테아릴네오펜타노에이트, 옥틸도데실스테아로일스테아레이트, 마카다미아씨오일, 마그네슘스테아레이트, 다이메티콘, 폴리부텐, 카프릴릴글라이콜, 글리세릴카프릴레이트, 라우로일라이신, 카올린, 에틸헥실글리세린, 트라이에톡시카프릴릴실레인, 말토덱스트린, 토코페롤, 틴옥사이드, 울트라마린 (CI 77007), 황색산화철 (CI 77492), 흑색산화철 (CI 77499), 카민 (CI 75470)

[001]
칼슘알루미늄보로실리케이트, 다이페닐실록시페닐트라이메티콘, 비스-다이글리세릴폴리아실아디페이트-2, 비스-베헤닐/아이소스테아릴/피토스테릴다이머다이리놀레일다이머다이리놀리에이트, 티타늄디옥사이드 (CI 77891), 피토스테릴/이소스테아릴/세틸/스테아릴/베헤닐다이머디리놀리에이트, 폴리프로필렌, 다이아이소스테아릴말레이트, 폴리글리세릴-2트라이아이소스테아레이트, 마그네슘스테아레이트, 카프릴릴글라이콜, 글리세릴카프릴레이트, 에틸헥실글리세린, 토코페롤, 틴옥사이드

[002]
칼슘알루미늄보로실리케이트, 다이페닐실록시페닐트라이메티콘, 비스-다이글리세릴폴리아실아디페이트-2, 폴리프로필렌, 티타늄디옥사이드 (CI 77891), 비스-베헤닐/아이소스테아릴/피토스테릴다이머다이리놀레일다이머다이리놀리에이트, 실리카, 피토스테릴/이소스테아릴/세틸/스테아릴/베헤닐다이머디리놀리에이트, 다이아이소스테아릴말레이트, 폴리글리세릴-2트라이아이소스테아레이트, 마그네슘스테아레이트, 카프릴릴글라이콜, 글리세릴카프릴레이트, 에틸헥실글리세린, 토코페롤, 틴옥사이드, 마이카 (CI 77019), 카민 (CI 75470)

[003]
칼슘알루미늄보로실리케이트, 다이페닐실록시페닐트라이메티콘, 비스-다이글리세릴폴리아실아디페이트-2, 티타늄디옥사이드 (CI 77891), 폴리프로필렌, 비스-베헤닐/아이소스테아릴/피토스테릴다이머다이리놀레일다이머다이리놀리에이트, 피토스테릴/이소스테아릴/세틸/스테아릴/베헤닐다이머디리놀리에이트, 다이아이소스테아릴말레이트, 폴리글리세릴-2트라이아이소스테아레이트, 마그네슘스테아레이트, 실리카, 카프릴릴글라이콜, 글리세릴카프릴레이트, 에틸헥실글리세린, 토코페롤, 틴옥사이드, 마이카 (CI 77019), 황색5호 (CI 15985), 카민 (CI 75470)

[베리 문]
다이메티콘, 페닐트라이메티콘, 실리카, 합성플루오르플로고파이트, 다이페닐실록시페닐트라이메티콘, 폴리글리세릴-2트라이아이소스테아레이트, 티타늄디옥사이드, 파라핀, 라우릴폴리글리세릴-3폴리다이메틸실록시에틸다이메티콘, 칼슘티타늄보로실리케이트, 마이크로크리스탈린왁스, 다이메티콘크로스폴리머, 카프릴릭/카프릭글리세라이즈, 트라이베헤닌, 카프릴릴글라이콜, 트라이에톡시카프릴릴실레인, 적색산화철, 알루미늄하이드록사이드, 메티콘, 적색202호, 흑색산화철, 틴옥사이드, 토코페롤, 황색산화철

[포미 로즈]
다이메티콘, 페닐트라이메티콘, 실리카, 합성플루오르플로고파이트, 다이페닐실록시페닐트라이메티콘, 폴리글리세릴-2트라이아이소스테아레이트, 티타늄디옥사이드, 파라핀, 라우릴폴리글리세릴-3폴리다이메틸실록시에틸다이메티콘, 칼슘티타늄보로실리케이트, 마이크로크리스탈린왁스, 다이메티콘크로스폴리머, 카프릴릭/카프릭글리세라이즈, 트라이베헤닌, 카프릴릴글라이콜, 트라이에톡시카프릴릴실레인, 알루미늄하이드록사이드, 황색산화철, 적색226호, 황색4호, 메티콘, 흑색산화철, 적색산화철, 청색1호, 틴옥사이드, 토코페롤

[로지 클레이]
다이메티콘, 페닐트라이메티콘, 실리카, 합성플루오르플로고파이트, 다이페닐실록시페닐트라이메티콘, 폴리글리세릴-2트라이아이소스테아레이트, 티타늄디옥사이드, 파라핀, 라우릴폴리글리세릴-3폴리다이메틸실록시에틸다이메티콘, 칼슘티타늄보로실리케이트, 마이크로크리스탈린왁스, 다이메티콘크로스폴리머, 카프릴릭/카프릭글리세라이즈, 트라이베헤닌, 황색산화철, 카프릴릴글라이콜, 알루미늄하이드록사이드, 트라이에톡시카프릴릴실레인, 적색226호, 흑색산화철, 적색산화철, 청색1호, 메티콘, 틴옥사이드, 토코페롤

[베이지우드]
마이카, 티타늄디옥사이드, 다이카프릴릴카보네이트, 다이메티콘, 메틸메타크릴레이트크로스폴리머, 합성플루오르플로고파이트, 황색산화철, 다이메티콘/비닐다이메티콘크로스폴리머, 폴리프로필렌, 페닐트라이메티콘, 흑색산화철, 적색산화철, 다이펜타에리스리틸헥사하이드록시스테아레이트/헥사스테아레이트/헥사로지네이트, 트라이에톡시카프릴릴실레인, 울트라마린, 1,2-헥산다이올, 알루미늄하이드록사이드, 글리세릴카프릴레이트, 카민, 토코페롤

[소이 로즈]
마이카, 다이카프릴릴카보네이트, 다이메티콘, 티타늄디옥사이드, 메틸메타크릴레이트크로스폴리머, 합성플루오르플로고파이트, 황색산화철, 적색산화철, 다이메티콘/비닐다이메티콘크로스폴리머, 폴리프로필렌, 페닐트라이메티콘, 울트라마린, 카민, 다이펜타에리스리틸헥사하이드록시스테아레이트/헥사스테아레이트/헥사로지네이트, 트라이에톡시카프릴릴실레인, 흑색산화철, 1,2-헥산다이올, 알루미늄하이드록사이드, 글리세릴카프릴레이트, 토코페롤

[시나몬 브루]
마이카, 다이카프릴릴카보네이트, 다이메티콘, 메틸메타크릴레이트크로스폴리머, 합성플루오르플로고파이트, 황색산화철, 티타늄디옥사이드, 다이메티콘/비닐다이메티콘크로스폴리머, 폴리프로필렌, 적색산화철, 페닐트라이메티콘, 흑색산화철, 다이펜타에리스리틸헥사하이드록시스테아레이트/헥사스테아레이트/헥사로지네이트, 트라이에톡시카프릴릴실레인, 울트라마린, 1,2-헥산다이올, 카민, 글리세릴카프릴레이트, 알루미늄하이드록사이드, 토코페롤

[멜티드 헤이즐]
마이카, 다이카프릴릴카보네이트, 다이메티콘, 메틸메타크릴레이트크로스폴리머, 합성플루오르플로고파이트, 티타늄디옥사이드, 황색산화철, 적색산화철, 폴리프로필렌, 다이메티콘/비닐다이메티콘크로스폴리머, 흑색산화철, 페닐트라이메티콘, 울트라마린, 다이펜타에리스리틸헥사하이드록시스테아레이트/헥사스테아레이트/헥사로지네이트, 트라이에톡시카프릴릴실레인, 1,2-헥산다이올, 알루미늄하이드록사이드, 글리세릴카프릴레이트, 카민, 토코페롤

[휩드 베리]
티타늄디옥사이드, 마이카, 다이카프릴릴카보네이트, 다이메티콘, 실리카, 폴리메틸메타크릴레이트, 폴리에틸렌, 다이메티콘/비닐다이메티콘크로스폴리머, 페닐트라이메티콘, 적색산화철, 다이펜타에리스리틸헥사하이드록시스테아레이트/헥사스테아레이트/헥사로지네이트, 1,2-헥산다이올, 황색4호, 알루미늄하이드록사이드, 카민, 트라이에톡시카프릴릴실레인, 글리세릴카프릴레이트, 울트라마린, 흑색산화철, 토코페롤

[신더 로즈]
마이카, 다이카프릴릴카보네이트, 티타늄디옥사이드, 다이메티콘, 메틸메타크릴레이트크로스폴리머, 합성플루오르플로고파이트, 다이메티콘/비닐다이메티콘크로스폴리머, 폴리프로필렌, 적색산화철, 페닐트라이메티콘, 카민, 울트라마린, 황색산화철, 다이펜타에리스리틸헥사하이드록시스테아레이트/헥사스테아레이트/헥사로지네이트, 트라이에톡시카프릴릴실레인, 1,2-헥산다이올, 흑색산화철, 알루미늄하이드록사이드, 글리세릴카프릴레이트, 토코페롤

[울리 그레이]
마이카, 다이카프릴릴카보네이트, 다이메티콘, 메틸메타크릴레이트크로스폴리머, 합성플루오르플로고파이트, 티타늄디옥사이드, 흑색산화철, 황색산화철, 다이메티콘/비닐다이메티콘크로스폴리머, 폴리프로필렌, 페닐트라이메티콘, 적색산화철, 울트라마린, 다이펜타에리스리틸헥사하이드록시스테아레이트/헥사스테아레이트/헥사로지네이트, 트라이에톡시카프릴릴실레인, 1,2-헥산다이올, 글리세릴카프릴레이트, 카민, 알루미늄하이드록사이드, 토코페롤"
14,A000000186792,도브 바디 스크럽 298g 4종 택 1,161,"[도브 바디스크럽 벚꽃 & 머스크향 298G]
정제수, 글리세린, 소듐라우로일이세티오네이트, 스테아릭애씨드, 하이드레이티드실리카, 코카미도프로필베타인, 소듐팔미테이트, 라우릭애씨드, 소듐이세티오네이트, 소듐스테아레이트, 마이크로크리스탈린왁스, 세테아릴알코올, 소듐클로라이드, 소듐하이드록사이드, 소듐팜커넬레이트, 소듐벤조에이트, 나이아신아마이드, 하이드록시아세토페논, 테트라소듐이디티에이, 티타늄디옥사이드, 징크옥사이드, 적색산화철, 소듐카보네이트, 테트라소듐에티드로네이트, 하이드록시스테아릭애씨드, 세룰라타벚나무꽃추출물(5 ppm), 향료(머스크향 1%), 황색산화철, 알루미나, 시트릭애씨드, 흑색산화철, 적색504호, 포타슘솔베이트, 소듐시트레이트, 락틱애씨드, 소듐설페이트, 벤질알코올, 벤질살리실레이트, 헥실신남알, 리날룰

[도브 바디스크럽 석류 & 시어버터 298G]
정제수, 글리세린, 하이드레이티드실리카, 소듐라우로일이세티오네이트, 스테아릭애씨드, 코카미도프로필베타인, 향료, 소듐팔미테이트, 세테아릴알코올, 티타늄디옥사이드, 라우릭애씨드, 소듐이세티오네이트, 합성왁스, 소듐스테아레이트, 하이드록시아세토페논, 페녹시에탄올, 소듐클로라이드, 소듐하이드록사이드, 소듐팜커넬레이트, 테트라소듐이디티에이, 소듐벤조에이트, 징크옥사이드, 시어버터(0.01%), 석류씨가루(0.01 %), 카프릴릭/카프릭트라이글리세라이드, 나이아신아마이드, 토코페릴아세테이트, 소듐카보네이트, 황색산화철, 테트라소듐에티드로네이트, 흑색산화철, 적색산화철, 하이드록시스테아릭애씨드, 알루미나, 적색227호, 시트릭애씨드, 소듐설페이트, 벤질살리실레이트, 헥실신남알, 리날룰

[도브 바디스크럽 코코넛 & 메이플 슈가향 298G]
정제수, 글리세린, 소듐라우로일이세티오네이트, 스테아릭애씨드, 펄라이트, 하이드레이티드실리카, 코카미도프로필베타인, 소듐팔미테이트, 라우릭애씨드, 소듐이세티오네이트, 향료(메이플슈가향 0.9 %), 소듐스테아레이트, 세테아릴알코올, 합성왁스, 소듐하이드록사이드, 소듐클로라이드, 소듐팜커넬레이트, 카라멜, 소듐벤조에이트, 락틱애씨드, 나이아신아마이드, 하이드록시아세토페논, 테트라소듐이디티에이, 티타늄디옥사이드, 징크옥사이드, 카프릴릭/카프릭트라이글리세라이드, 수크로오스, 소듐카보네이트, 프로필렌글라이콜, 테트라소듐에티드로네이트, 황색산화철, 흑색산화철, 적색산화철, 적색504호, 하이드록시스테아릭애씨드, 알루미나, 시트릭애씨드, 피이지-60하이드로제네이티드캐스터오일, 코코넛야자열매추출물 (1 ppm), 소듐설페이트, 포타슘솔베이트, 벤질알코올, 벤질살리실레이트, 쿠마린, 리모넨, 리날룰

[도브 바디 스크럽 미드나잇 라벤더 298G]
정제수, 글리세린^, 소듐라우로일이세티오네이트, 스테아릭애씨드^, 하이드레이티드실리카, 코카미도프로필베타인^, 소듐팔미테이트, 라우릭애씨드, 향료, 소듐이세티오네이트, 소듐스테아레이트,합성왁스, 세테아릴알코올^, 소듐클로라이드, 소듐하이드록사이드, 소듐팜커넬레이트, 소듐벤조에이트,하이드록시아세토페논, 테트라소듐이디티에이, 티타늄디옥사이드, 징크옥사이드, 흑색산화철, 소듐카보네이트, 테트라소듐에티드로네이트, 프로필렌글라이콜, 라벤더꽃추출물(5 ppm), 적색227호,알루미나, 청색1호, 시트릭애씨드, 나이아신아마이드, 락틱애씨드, 소듐설페이트, 글루코오스, 포타슘솔베이트, 쿠마린, 리모넨, 리날룰"
15,A000000261864,[1등크림] 에스트라 아토베리어365 크림 80ml 기획(+토너25ml+클렌징폼3g*3EA),42,"정제수, 부틸렌글라이콜, 글리세린, 부틸렌글라이콜다이카프릴레이트/다이카프레이트, 세틸에틸헥사노에이트, 스쿠알란, 펜타에리스리틸테트라아이소스테아레이트, 다이카프릴릴카보네이트, 베헤닐알코올, 다이메티콘, 하이드록시프로필비스팔미타마이드엠이에이, 스테아릭애씨드, 베타인, 만니톨, C14-22알코올, 팔미틱애씨드, 하이드록시프로필비스라우라마이드엠이에이, 아라키딜알코올, 콜레스테롤, 폴리아크릴레이트-13, C12-20알킬글루코사이드, 알란토인, 아라키딜글루코사이드, 나이아신아마이드, 세라마이드엔피, 글리세릴카프릴레이트, 에틸헥실글리세린, 하이드로제네이티드폴리아이소부텐, 카보머, 트로메타민, 다이메티콘올, 폴리글리세릴-10라우레이트, 하이드로제네이티드레시틴, 에틸헥실팔미테이트, 아크릴레이트/암모늄메타크릴레이트코폴리머, 솔비탄아이소스테아레이트, 실리카, 피토스핑고신, 스핑고리피드, 아라키딕애씨드, 토코페롤, 올레익애씨드"
16,A000000164419,[투명생기충전] 빌리프 슈퍼 나이츠 멀티 비타민 마스크 75ml 기획 (+50ml 추가 증정),54,"[슈퍼나이츠 멀티 비타민 마스크 본품/증정 동일]
정제수, 글리세린, 해바라기씨오일, 다이카프릴릴카보네이트, 글리세릴스테아레이트, 1,2-헥산다이올, 세틸알코올, 베타인, 판테놀, 폴리글리세릴-3메틸글루코오스다이스테아레이트, 세테아릴올리베이트, 글리세릴스테아레이트시트레이트, 스테아릭애씨드, 부틸렌글라이콜, 마카다미아씨오일폴리글리세릴-6에스터스베헤네이트, 솔비탄올리베이트, 락토바실러스/콩발효추출물, 효모/감자추출물, 발효여과물, 효모/보리씨발효여과물, 트로메타민, 나이아신아마이드(100 ppm), 토코페롤(84.75 ppm), 귀리커넬추출물*, 포트마리골드꽃추출물*, 개박하추출물*, 라즈베리잎추출물*, 와일드인디고뿌리추출물*, 별꽃추출물*, 레이디스맨틀잎추출물+, 마시멜로뿌리추출물+, 다마스크장미꽃추출물+, 메도우스위트꽃추출물+, 삼색제비꽃추출물+, 아스코빅애씨드(10 ppm), 사이아노코발아민(1 ppm), 카보머, 말토덱스트린, 돌콩오일, 소듐시트레이트, 오일팜오일, 시트릭애씨드, 트라이소듐이디티에이, 잔탄검, 라임전초오일**, 센티드제라늄꽃오일**, 로즈마리잎오일**, 오렌지껍질오일**, 리모넨, 시트로넬올, 제라니올, 시트랄, 리날룰
(*표시 : Napiers original formula / +표시 : Napiers moisture formula / **표시 : 식물 유래 향)"
17,A000000234422,[1위 원조 버블팩] 메노킨 30초 퀵 버블 마스크 6종 택1(+30ml 증정),224,"리프트 :
정제수, 프로판다이올, 글리세린, 다이프로필렌글라이콜, 글리세레스-26, 나이아신아마이드, 부틸렌글라이콜, 폴리글리세릴-10라우레이트, 1,2-헥산다이올, 메틸글루세스-20, 하이드록시아세토페논, 에틸헥실글리세린, 시트릭애씨드, 다이소듐이디티에이, 하이드롤라이즈드치자추출물, 하이드롤라이즈드맥아추출물, 아데노신, 하이드롤라이즈드삼색제비꽃추출물, 치자추출물, 글리세릴아크릴레이트/아크릴릭애씨드코폴리머, 덱스트린, 암모늄폴리아크릴로일다이메틸타우레이트, 하이드롤라이즈드콜라겐, 소듐하이알루로네이트, 하이알루로닉애씨드, 하이드롤라이즈드하이알루로닉애씨드, 소듐시트레이트, 펜틸렌글라이콜, 병풀추출물, 마데카소사이드, 데실글루코사이드, 하이드록시프로필트라이모늄하이알루로네이트, 하이드롤라이즈드소듐하이알루로네이트, 포타슘하이알루로네이트, 소듐하이알루로네이트크로스폴리머, 카프릴릴글라이콜, 소듐아세틸레이티드하이알루로네이트

모이스트 : 
정제수, 글리세린, 프로판다이올, 글리세레스-26, 다이프로필렌글라이콜, 나이아신아마이드, 부틸렌글라이콜, 폴리글리세릴-10라우레이트, 1,2-헥산다이올, 메틸글루세스-20, 하이드록시아세토페논, 에틸헥실글리세린, 시트릭애씨드, 다이소듐이디티에이, 하이드롤라이즈드치자추출물, 하이드롤라이즈드맥아추출물, 아데노신, 하이드롤라이즈드삼색제비꽃추출물, 암모늄폴리아크릴로일다이메틸타우레이트, 덱스트린, 소듐하이알루로네이트, 하이알루로닉애씨드, 하이드롤라이즈드하이알루로닉애씨드, 치자추출물, 카카오씨추출물, 소듐시트레이트, 펜틸렌글라이콜, 병풀추출물, 마데카소사이드, 데실글루코사이드, 팔미토일트라이펩타이드-5, 카프릴릴글라이콜, 하이드록시프로필트라이모늄하이알루로네이트, 하이드롤라이즈드소듐하이알루로네이트, 포타슘하이알루로네이트, 소듐하이알루로네이트크로스폴리머, 소듐아세틸레이티드하이알루로네이트

리바이탈: 
정제수, 부틸렌글라이콜, 프로판다이올, 다이프로필렌글라이콜, 글리세린, 글리세레스-26, 나이아신아마이드, 폴리글리세릴-10라우레이트, 메틸프로판다이올, 솔비톨, 1,2-헥산다이올, 하이드록시아세토페논, 다이소듐코코일글루타메이트, 코튼열매수, 아데노신, 하이드롤라이즈드치자추출물, 하이드롤라이즈드맥아추출물, 하이드롤라이즈드삼색제비꽃추출물, 에틸헥실글리세린, 맥아추출물, 옥수수커넬추출물, 트라이소듐에틸렌다이아민다이석시네이트, 여주열매추출물, 소듐코코일글루타메이트, 접시꽃추출물, 무궁화나무껍질추출물, 하이알루로닉애씨드, 하이드롤라이즈드하이알루로닉애씨드, 소듐하이알루로네이트, 프룩탄, 시트릭애씨드, 글루코오스, 소듐시트레이트, 락토바실러스발효물, 포트마리골드꽃추출물, 팔미토일트라이펩타이드-5, 딸기즙, 락토바실러스발효용해물, 소듐디엔에이(100ppb), 하이드로제네이티드레시틴, 콜레스테롤, 아세틸테트라펩타이드-2, 니코틴아마이드아데닌다이뉴클레오타이드(7ppb)

브라이트 : 
정제수, 프로판다이올, 글리세린, 다이프로필렌글라이콜, 글리세레스-26, 나이아신아마이드, 부틸렌글라이콜, 폴리글리세릴-10라우레이트, 1,2-헥산다이올, 하이드록시아세토페논, 치자추출물, 에틸헥실글리세린, 시트릭애씨드, 다이소듐이디티에이, 하이드롤라이즈드치자추출물, 하이드롤라이즈드맥아추출물, 아데노신, 하이드롤라이즈드삼색제비꽃추출물, 덱스트린, 암모늄폴리아크릴로일다이메틸타우레이트, 레몬추출물, 자몽즙, 하이알루로닉애씨드, 하이드롤라이즈드하이알루로닉애씨드, 비타민나무열매즙, 망고즙, 소듐하이알루로네이트, 글루타티온, 소듐시트레이트, 펜틸렌글라이콜, 병풀추출물, 마데카소사이드, 데실글루코사이드, 카프릴릴글라이콜

클리어 : 
정제수, 부틸렌글라이콜, 프로판다이올, 다이프로필렌글라이콜, 글리세린, 글리세레스-26, 나이아신아마이드, 폴리글리세릴-10라우레이트, 1,2-헥산다이올, 메틸프로판다이올, 솔비톨, 하이드록시아세토페논, 코튼열매수, 다이소듐이디티에이, 하이드롤라이즈드치자추출물, 하이드롤라이즈드맥아추출물, 아데노신, 하이드롤라이즈드삼색제비꽃추출물, 에틸헥실글리세린, 맥아추출물, 옥수수커넬추출물, 여주열매추출물, 인도멀구슬나무잎추출물, 접시꽃추출물, 하이알루로닉애씨드, 하이드롤라이즈드하이알루로닉애씨드, 무궁화나무껍질추출물, 소듐하이알루로네이트, 인도멀구슬나무꽃추출물, 병풀잎추출물, 프록탄, 시트릭애씨드, 글루코오스, 소듐시트레이트, 약모밀추출물

리페어 : 
정제수, 부틸렌글라이콜, 다이프로필렌글라이콜, 프로판다이올, 글리세레스-26, 글리세린, 나이아신아마이드, 폴리글리세릴-10라우레이트, 메틸프로판다이올, 솔비톨, 1,2-헥산다이올, 하이드록시아세토페논, 코튼열매수, 다이소듐이디티에이, 에틸헥실글리세린, 하이드롤라이즈드치자추출물, 하이드롤라이즈드맥아추출물, 아데노신, 하이드롤라이즈드삼색제비꽃추출물, 맥아추출물, 옥수수커넬추출물, 여주열매추출물, 접시꽃추출물, 하이알루로닉애씨드, 하이드롤라이즈드하이알루로닉애씨드, 무궁화나무껍질추출물, 소듐하이알루로네이트, 프룩탄, 펜틸렌글라이콜, 시트릭애씨드, 글루코오스, 소듐시트레이트, 미로탐누스플라벨리폴리아캘러스배양추출물, 카프릴릴글라이콜, 하이드로제네이티드레시틴, 소듐포스페이트, 에스에이치-올리고펩타이드-1"
18,A000000263782,[산리오 하루특가/리뷰이벤트/헬로키티] 에스네이처 아쿠아 스쿠알란 수분크림 60ml 더블기획 (+헬로키티 키캡키링),29,"정제수, 스쿠알란(150,000ppm), 글리세린, 1,2-헥산다이올, 베타인, 판테놀, 소듐하이알루로네이트, 하이드롤라이즈드콜라겐, 하이드록시프로필트라이모늄하이알루로네이트, 하이드롤라이즈드하이알루로닉애씨드, 소듐아세틸레이티드하이알루로네이트, 아세틸헥사펩타이드-8, 아데노신, 하이알루로닉애씨드, 하이드롤라이즈드소듐하이알루로네이트, 소듐하이알루로네이트크로스폴리머, 포타슘하이알루로네이트, 아크릴레이트/C10-30알킬아크릴레이트크로스폴리머, 알지닌, 알란토인, 자일리틸글루코사이드, 안하이드로자일리톨, 자일리톨, 글루코오스, 부틸렌글라이콜, 암모늄아크릴로일다이메틸타우레이트/브이피코폴리머, 카프릴릴글라이콜"
19,A000000217620,[15년연속 1위] 메디힐 에센셜 마스크팩 1매 고기능 7종 골라담기,310,"[마데카소사이드] 정제수, 프로판다이올, 다이프로필렌글라이콜, 나이아신아마이드, 글리세린, 1,2-헥산다이올, 트레할로오스, 하이드록시아세토페논, 알지닌, 카보머, 폴리글리세릴-10라우레이트, 에틸헥실글리세린, 폴리글리세릴-4라우레이트, 잔탄검, 다이소듐이디티에이, 옥틸도데세스-16, 연필향나무오일, 마데카소사이드, 서양배추출물, 호호바씨오일, 다마스크장미꽃수, 광곽향오일, 글리세릴아크릴레이트/아크릴릭애씨드코폴리머, 오리스뿌리추출물, 멜론추출물, 불가리스쑥오일, 서양송악잎/줄기추출물, 로즈마리잎오일, 부틸렌글라이콜, 해수, 소듐하이알루로네이트, 병풀추출물, 소듐하이알루로네이트크로스폴리머, 하이드롤라이즈드글라이코사미노글리칸, 하이드로제네이티드레시틴, 향부자추출물, 벤질글라이콜, 하이드롤라이즈드하이알루로닉애씨드, 하이알루로닉애씨드, 판테놀, 세라마이드엔피

[PDRN] 정제수, 글리세린, 프로판다이올, 부틸렌글라이콜, 글리세레스-26, 1,2-헥산다이올, 다마스크장미추출물, 잔탄검, 카보머, 판테놀, 알지닌, 하이드록시아세토페논, 카놀라오일, 폴리글리세릴-10라우레이트, 아데노신, 해바라기씨오일, 메도우폼씨오일, 다이프로필렌글라이콜, 폴리글리세릴-4라우레이트, 폴리글리세릴-10스테아레이트, 다이소듐이디티에이, 하이드록시에틸셀룰로오스, 아르간커넬오일, 다마스크장미꽃수, 치자나무꽃추출물, 락토바실러스발효물, 양까막까치밥나무잎추출물, 첨차잎추출물, 해수, 서양송악잎/줄기추출물, 센티드제라늄꽃오일, 스쿠알란, 검정콩추출물, 무화과추출물, 밤껍질추출물, 버지니아풍년화잎수, 퀴노아씨추출물, 하이드로제네이티드레시틴, 향부자추출물, 밤부사 불가리스잎추출물, 아마씨추출물, 에틸헥실글리세린, 소듐디엔에이, 글루코노락톤, 세라마이드엔피

[티트리] 정제수, 글리세린, 다이프로필렌글라이콜, 1,2-헥산다이올, 티트리추출물, 메틸프로판다이올, 프로판다이올, 하이드록시아세토페논, 알지닌, 카보머, 아미노부티릭애씨드, 부틸렌글라이콜, 잔탄검, 폴리글리세릴-10라우레이트, 아데노신, 폴리글리세릴-4라우레이트, 해수, 다이소듐이디티에이, 트루로즈오브예리코추출물, 티트리잎오일, 폴리쿼터늄-51, 하이드로제네이티드레시틴, 베르가모트오일, 티트리잎추출물, 4-터피네올, 글리세릴글루코사이드, 트레할로오스, 티트리꽃/잎/줄기추출물, 티트리잎수, 화이트티트리잎추출물, 서양민들레뿌리줄기/뿌리추출물, 소엽잎추출물, 향부자추출물, 소두구씨오일, 판테놀, 세라마이드엔피

[콜라겐] 정제수, 글리세린, 메틸프로판다이올, 프로판다이올, 1,2-헥산다이올, 하이드롤라이즈드익스텐신, 하이드록시아세토페논, 카보머, 알지닌, 잔탄검, 베타인, 트레할로오스, 아데노신, 폴리글리세릴-10라우레이트, 해수, 다이프로필렌글라이콜, 폴리글리세릴-4라우레이트, 다이소듐이디티에이, 옥틸도데세스-16, 소듐하이알루로네이트, 판테놀, 아미노부티릭애씨드, 부틸렌글라이콜, 스위트아몬드오일, 글리세릴글루코사이드, 소듐폴리아크릴레이트, 센티드제라늄꽃오일, 라벤더오일, 하이드로제네이티드레시틴, 흰목이버섯폴리사카라이드, 캐모마일꽃오일, 오렌지껍질오일, 소엽잎추출물, 서양민들레뿌리줄기/뿌리추출물, 멕시칸주니퍼오일, 엘라스틴, 향부자추출물, 카프릴릭/카프릭트라이글리세라이드, 아세틸헥사펩타이드-8, 카퍼트라이펩타이드-1, 헥사펩타이드-9, 노나펩타이드-1, 팔미토일펜타펩타이드-4, 팔미토일테트라펩타이드-7, 트라이펩타이드-1, 세라마이드엔피

[비타민씨] 정제수, 프로판다이올, 나이아신아마이드(30,000 ppm), 글리세린, 1,2-헥산다이올, 다이프로필렌글라이콜, 귤껍질추출물(2,000 ppm), 비타민나무추출물(2,000 ppm), 하이드록시아세토페논, 글리세릴글루코사이드, 알지닌, 카보머, 판테놀(1,300 ppm), 아미노부티릭애씨드, 하이드록시에틸우레아, 폴리글리세릴-10라우레이트, 잔탄검, 다이소듐이디티에이, 부틸렌글라이콜, 글리세릴아크릴레이트/아크릴릭애씨드코폴리머, 3-O-에틸아스코빅애씨드(50 ppm), 센티드제라늄꽃오일, 글루코오스, 시트로넬올, 해수, 바이오틴(24 ppm), 카르니틴에이치씨엘(24 ppm), 폴릭애씨드(24 ppm), 헤스페리딘(24 ppm), 메나다이온(24 ppm), 피리독신에이치씨엘(24 ppm), 리보플라빈(24 ppm), 티아민에이치씨엘(24 ppm), 토코페릴아세테이트(24 ppm), 제라니올, 황련추출물, 하이드로제네이티드레시틴, 아스코빅애씨드(5,000 ppb), 밤부사 불가리스잎추출물, 아마씨추출물, 향부자추출물, 에틸헥실글리세린, 소듐하이알루로네이트, 세라마이드엔피

[히알루론산] 정제수, 글리세린, 다이프로필렌글라이콜, 부틸렌글라이콜, 나이아신아마이드, 1,2-헥산다이올, 판테놀, 소듐하이알루로네이트, 알지닌, 카보머, 하이드록시아세토페논, 아미노부티릭애씨드, 잔탄검, 아데노신, 해수, 폴리글리세릴-10라우레이트, 다이소듐이디티에이, 서양배추출물, 폴리글리세릴-4라우레이트, 다마스크장미꽃수, 옥틸도데세스-16, 오리스뿌리추출물, 폴리쿼터늄-51, 멜론추출물, 서양송악잎/줄기추출물, 하이드로제네이티드레시틴, 향부자추출물, 소엽잎추출물, 서양민들레뿌리줄기/뿌리추출물, 스쿠알란, 카프릴릭/카프릭트라이글리세라이드, 다이메틸실란올하이알루로네이트, 글루코노락톤, 글루타티온, 하이알루로닉애씨드, 하이드롤라이즈드하이알루로닉애씨드, 하이드롤라이즈드소듐하이알루로네이트, 하이드록시프로필트라이모늄하이알루로네이트, 포타슘하이알루로네이트, 소듐아세틸레이티드하이알루로네이트, 소듐하이알루로네이트크로스폴리머, 소듐하이알루로네이트다이메틸실란올, 피토스테롤, 세라마이드엔피

[세라마이드] 정제수, 글리세린, 다이프로필렌글라이콜, 트라이에틸헥사노인, 프로판다이올, 시어버터, 글리세릴스테아레이트, 1,2-헥산다이올, 폴리글리세릴-3메틸글루코오스다이스테아레이트, 하이드록시아세토페논, 알지닌, 폴리글리세릴-10라우레이트, 아크릴레이트/C10-30알킬아크릴레이트크로스폴리머, 폴리글리세릴-4라우레이트, 잔탄검, 에틸헥실글리세린, 향료, 팔미틱애씨드, 카보머, 스테아릭애씨드, 세라마이드엔피, 아데노신, 다이소듐이디티에이, 서양배추출물, 부틸렌글라이콜, 다마스크장미꽃수, 판테놀, 오리스뿌리추출물, 멜론추출물, 서양송악잎/줄기추출물, 글라이신, 글루타믹애씨드, 아스파틱애씨드, 소듐폴리아크릴레이트, 소듐클로라이드, 향부자추출물, 엑토인, 히스티딘, 세린, 시트릭애씨드, 알라닌, 프롤린, 트레오닌, 마그네슘클로라이드, 칼슘클로라이드, 세라마이드에이피, 세라마이드이오피, 세라마이드엔에스"
20,A000000171423,[4년 연속 1위] 어노브 딥 데미지 리페어 헤어 마스크 (트리트먼트/헤어팩) 320ml 더블/듀오 기획,144,"[텐더블룸]
정제수, 글리세린, 다이메티콘, 세틸알코올, 베헨트라이모늄클로라이드, 부틸렌글라이콜, 세테아릴알코올, 다이프로필렌글라이콜, 베헤닐알코올, 향료, 베헨트라이모늄메토설페이트, 아모다이메티콘, 아이소프로필알코올, 솔비톨, 스테아라미도프로필다이메틸아민, 트레할로오스, 스테아트라이모늄클로라이드, 카프릴릴글라이콜, 락틱애씨드, 스테아릴알코올, 아라키딜알코올, 토코페릴아세테이트, 프로필렌글라이콜, 헥실신남알, 시트릭애씨드, 세트리모늄클로라이드, 트라이데세스-15, 트라이데세스-3, 제라니올, 시트로넬올, 리모넨, 페녹시에탄올, 하이드롤라이즈드우유단백질, 하이드롤라이즈드케라틴, 에탄올, 1,2-헥산다이올, 하이드롤라이즈드콜라겐, 아세틱애씨드, 하이드롤라이즈드실크, 실크아미노산, 에틸헥산다이올, 글라이신, 글루타믹애씨드, 글루타민, 라이신, 류신, 메티오닌, 발린, 세린, 시스틴, 아스파라진, 아스파틱애씨드, 아이소류신, 알라닌, 알지닌, 오르니틴, 타우린, 타이로신, 트레오닌, 트립토판, 페닐알라닌, 프롤린, 히스티딘, 퀸즈랜드넛오일, 동백나무씨오일, 시스테인, 아르간커넬오일, 에틸헥실글리세린, 올리브오일, 해바라기씨오일, 하이드롤라이즈드옥수수단백질, 하이드롤라이즈드밀단백질, 하이드롤라이즈드콩단백질

[웜페탈]
정제수, 글리세린, 다이메티콘, 세틸알코올, 베헨트라이모늄클로라이드, 부틸렌글라이콜, 세테아릴알코올, 향료, 다이프로필렌글라이콜, 베헤닐알코올, 베헨트라이모늄메토설페이트, 아모다이메티콘, 아이소프로필알코올, 솔비톨, 스테아라미도프로필다이메틸아민, 트레할로오스, 스테아트라이모늄클로라이드, 카프릴릴글라이콜, 락틱애씨드, 스테아릴알코올, 아라키딜알코올, 토코페릴아세테이트, 프로필렌글라이콜, 시트릭애씨드, 세트리모늄클로라이드, 트라이데세스-15, 트라이데세스-3, 벤질살리실레이트, 페녹시에탄올, 하이드롤라이즈드케라틴, 에탄올, 하이드롤라이즈드콜라겐, 아세틱애씨드, 하이드롤라이즈드실크, 1,2-헥산다이올, 하이드롤라이즈드우유단백질, 실크아미노산, 에틸헥산다이올, 동백나무씨오일, 시스테인, 아르간커넬오일, 에틸헥실글리세린, 올리브오일, 퀸즈랜드넛오일, 해바라기씨오일, 하이드롤라이즈드옥수수단백질, 하이드롤라이즈드밀단백질, 하이드롤라이즈드콩단백질, 류신, 발린, 아이소류신, 타우린, 아스파틱애씨드, 오르니틴, 글루타믹애씨드, 글라이신, 글루타민, 라이신, 메티오닌, 세린, 시스틴, 아스파라진, 알라닌, 알지닌, 타이로신, 트레오닌, 트립토판, 페닐알라닌, 프롤린, 히스티딘"
21,A000000262602,[9월 올영픽/산리오캐릭터즈 콜라보] 아누아 피디알엔 히알루론산 캡슐 100 세럼 30ml 더블기획(+시나모롤 파우치),36,"정제수, 부틸렌글라이콜, 프로판다이올, 글리세린, 하이드롤라이즈드하이알루로닉애씨드(29,049ppm), 1,2-헥산다이올, 나이아신아마이드, 글리세릴올리에이트, 라우릴글루코사이드, 미리스틸글루코사이드, 폴리글리세릴-6라우레이트, 하이드로제네이티드레시틴, 글루타티온, 하이드롤라이즈드콜라겐, 소듐하이알루로네이트(800ppm), 황련뿌리추출물, 아데노신, 소듐디엔에이(100ppm), 하이알루로닉애씨드(30ppm), 하이드롤라이즈드소듐하이알루로네이트(30ppm), 하이드록시프로필트라이모늄하이알루로네이트(30ppm), 포타슘하이알루로네이트(30ppm), 소듐하이알루로네이트크로스폴리머(30ppm), 소듐아세틸레이티드하이알루로네이트(1ppm), 인도멀구슬나무잎추출물, 인도멀구슬나무꽃추출물, 아이비고드열매추출물, 가지열매추출물, 홀리바질잎추출물, 시트릭애씨드, 울금뿌리추출물, 참산호말추출물, 소듐시트레이트, 펜틸렌글라이콜"
22,A000000250199,[단독기획/모공탄력] 셀리맥스 더 비타 A 레티날 샷 타이트닝 부스터 15ml 기획(+3ml),33,"정제수, 부틸렌글라이콜, 글리세린, 카프릴릭/카프릭트라이글리세라이드, 세테아릴알코올, 나이아신아마이드, 다이아이소스테아릴말레이트, 1,2-헥산다이올, 폴리프로필실세스퀴옥세인, 판테놀, 세테아릴올리베이트, 세테아릴글루코사이드, 솔비탄올리베이트, 하이드록시에틸아크릴레이트/소듐아크릴로일다이메틸타우레이트코폴리머, 레시틴, 카보머, 알지닌, 다이메티콘/비닐다이메티콘크로스폴리머, 토코페롤, 레틴알(0.1%), 잔탄검, 에틸헥실글리세린, 아데노신, 솔비탄아이소스테아레이트, 소듐락테이트, 하이드롤라이즈드해면, 다이소듐이디티에이, 폴리솔베이트20, 아스코빅애씨드, 글루코오스, 팔미토일트라이펩타이드-1, 팔미토일테트라펩타이드-7"
23,A000000013194,[설윤PICK] 바이오더마 센시비오 H2O 500ml 2입,10,"정제수, 피이지-6카프릴릭/카프릭글리세라이드, 디소듐이디티에이, 세트리모늄브로마이드, 프로필렌글라이콜, 오이추출물, 프룩토올리고사카라이드, 만니톨, 자일리톨, 람노오스"
24,A000000241210,[NEW산리오캐릭터즈 /1등 틴트]  롬앤 더 쥬시 래스팅 틴트 (쿠로미/한교동),1848,"롬앤 더 쥬시 래스팅 틴트 3.5g 01 포멜로스킨
정제수,옥틸도데칸올,변성알코올,폴리솔베이트60,트라이메틸실록시페닐다이메티콘,에틸셀룰로오스,베헤닐알코올,펜틸렌글라이콜,피토스테릴이소스테아릴다이머디리놀리에이트,아크릴레이트코폴리머,실리카,솔비탄스테아레이트,소듐아크릴레이트/소듐아크릴로일다이메틸타우레이트코폴리머,아이소헥사데칸,다이아이소스테아릴말레이트,페녹시에탄올,티타늄디옥사이드 (CI 77891),폴리글리세릴-2트라이아이소스테아레이트,글리세릴스테아레이트,피이지-100스테아레이트,적색산화철 (CI 77491),폴리솔베이트80,황색산화철 (CI 77492),흑색산화철 (CI 77499),솔비탄올리에이트,향료,트라이소듐에틸렌다이아민다이석시네이트,향료,에틸헥실글리세린,적색202호 (CI 15850),폴리글리세릴-2다이아이소스테아레이트,적색227호 (CI 17200),황색5호 (CI 15985),벤질알코올,리날룰,청색1호 (CI 42090),망고씨버터,서양자두씨추출물,라즈베리씨오일/토코페릴석시네이트아미노프로판다이올에스터,부틸렌글라이콜,1,2-헥산다이올,다이메틸실란올하이알루로네이트,하이드롤라이즈드하이알루로닉애씨드,하이드롤라이즈드소듐하이알루로네이트,하이알루로닉애씨드,포타슘하이알루로네이트,소듐하이알루로네이트,하이드록시프로필트라이모늄하이알루로네이트,소듐하이알루로네이트크로스폴리머,소듐하이알루로네이트다이메틸실란올,소듐아세틸레이티드하이알루로네이트

롬앤 더 쥬시 래스팅 틴트 02 누카다미아	
정제수,옥틸도데칸올,변성알코올,폴리솔베이트60,트라이메틸실록시페닐다이메티콘,에틸셀룰로오스,베헤닐알코올,펜틸렌글라이콜,피토스테릴이소스테아릴다이머디리놀리에이트,아크릴레이트코폴리머,실리카,솔비탄스테아레이트,소듐아크릴레이트/소듐아크릴로일다이메틸타우레이트코폴리머,아이소헥사데칸,페녹시에탄올,다이아이소스테아릴말레이트,티타늄디옥사이드 (CI 77891),글리세릴스테아레이트,피이지-100스테아레이트,폴리글리세릴-2트라이아이소스테아레이트,폴리솔베이트80,적색산화철 (CI 77491),흑색산화철 (CI 77499),향료,솔비탄올리에이트,황색산화철 (CI 77492),황색5호 (CI 15985),트라이소듐에틸렌다이아민다이석시네이트,적색202호 (CI 15850),적색227호 (CI 17200),향료,폴리글리세릴-2다이아이소스테아레이트,에틸헥실글리세린,황색4호 (CI 19140),벤질알코올,청색1호 (CI 42090),리날룰,망고씨버터,서양자두씨추출물,라즈베리씨오일/토코페릴석시네이트아미노프로판다이올에스터,부틸렌글라이콜,1,2-헥산다이올,다이메틸실란올하이알루로네이트,하이드롤라이즈드하이알루로닉애씨드,하이드롤라이즈드소듐하이알루로네이트,하이알루로닉애씨드,포타슘하이알루로네이트,소듐하이알루로네이트,하이드록시프로필트라이모늄하이알루로네이트,소듐하이알루로네이트크로스폴리머,소듐하이알루로네이트다이메틸실란올,소듐아세틸레이티드하이알루로네이트

롬앤 더 쥬시 래스팅 틴트 03 베어 그레이프	
정제수,옥틸도데칸올,변성알코올,폴리솔베이트60,트라이메틸실록시페닐다이메티콘,에틸셀룰로오스,베헤닐알코올,펜틸렌글라이콜,피토스테릴이소스테아릴다이머디리놀리에이트,아크릴레이트코폴리머,실리카,솔비탄스테아레이트,소듐아크릴레이트/소듐아크릴로일다이메틸타우레이트코폴리머,페녹시에탄올,아이소헥사데칸,다이아이소스테아릴말레이트,티타늄디옥사이드 (CI 77891),글리세릴스테아레이트,피이지-100스테아레이트,폴리글리세릴-2트라이아이소스테아레이트,폴리솔베이트80,적색산화철 (CI 77491),흑색산화철 (CI 77499),향료,황색산화철 (CI 77492),솔비탄올리에이트,트라이소듐에틸렌다이아민다이석시네이트,향료,에틸헥실글리세린,적색227호 (CI 17200),적색227호 (CI 17200),적색202호 (CI 15850),황색5호 (CI 15985),폴리글리세릴-2다이아이소스테아레이트,벤질알코올,적색104호의(1) (CI 45410),리날룰,청색1호 (CI 42090),망고씨버터,서양자두씨추출물,라즈베리씨오일/토코페릴석시네이트아미노프로판다이올에스터,부틸렌글라이콜,1,2-헥산다이올,다이메틸실란올하이알루로네이트,하이드롤라이즈드하이알루로닉애씨드,하이드롤라이즈드소듐하이알루로네이트,하이알루로닉애씨드,포타슘하이알루로네이트,소듐하이알루로네이트,하이드록시프로필트라이모늄하이알루로네이트,소듐하이알루로네이트크로스폴리머,소듐하이알루로네이트다이메틸실란올,소듐아세틸레이티드하이알루로네이트

롬앤 더 쥬시 래스팅 틴트 04 피그피그	
정제수,옥틸도데칸올,변성알코올,폴리솔베이트60,트라이메틸실록시페닐다이메티콘,에틸셀룰로오스,베헤닐알코올,펜틸렌글라이콜,피토스테릴이소스테아릴다이머디리놀리에이트,아크릴레이트코폴리머,실리카,솔비탄스테아레이트,소듐아크릴레이트/소듐아크릴로일다이메틸타우레이트코폴리머,다이아이소스테아릴말레이트,아이소헥사데칸,페녹시에탄올,티타늄디옥사이드 (CI 77891),폴리글리세릴-2트라이아이소스테아레이트,글리세릴스테아레이트,피이지-100스테아레이트,적색산화철 (CI 77491),폴리솔베이트80,적색227호 (CI 17200),흑색산화철 (CI 77499),적색202호 (CI 15850),향료,적색227호 (CI 17200),솔비탄올리에이트,황색5호 (CI 15985),폴리글리세릴-2다이아이소스테아레이트,트라이소듐에틸렌다이아민다이석시네이트,향료,에틸헥실글리세린,적색104호의(1) (CI 45410),벤질알코올,청색1호 (CI 42090),리날룰,망고씨버터,서양자두씨추출물,라즈베리씨오일/토코페릴석시네이트아미노프로판다이올에스터,부틸렌글라이콜,1,2-헥산다이올,다이메틸실란올하이알루로네이트,하이드롤라이즈드하이알루로닉애씨드,하이드롤라이즈드소듐하이알루로네이트,하이알루로닉애씨드,포타슘하이알루로네이트,소듐하이알루로네이트,하이드록시프로필트라이모늄하이알루로네이트,소듐하이알루로네이트크로스폴리머,소듐하이알루로네이트다이메틸실란올,소듐아세틸레이티드하이알루로네이트

롬앤 더 쥬시 래스팅 틴트 05 쥬쥬브	
정제수,옥틸도데칸올,변성알코올,폴리솔베이트60,트라이메틸실록시페닐다이메티콘,에틸셀룰로오스,베헤닐알코올,펜틸렌글라이콜,피토스테릴이소스테아릴다이머디리놀리에이트,아크릴레이트코폴리머,소듐아크릴레이트/소듐아크릴로일다이메틸타우레이트코폴리머,실리카,솔비탄스테아레이트,아이소헥사데칸,페녹시에탄올,다이아이소스테아릴말레이트,폴리글리세릴-2트라이아이소스테아레이트,티타늄디옥사이드 (CI 77891),글리세릴스테아레이트,피이지-100스테아레이트,폴리솔베이트80,황색산화철 (CI 77492),적색산화철 (CI 77491),솔비탄올리에이트,적색227호 (CI 17200),적색202호 (CI 15850),향료,폴리글리세릴-2다이아이소스테아레이트,트라이소듐에틸렌다이아민다이석시네이트,황색5호 (CI 15985),향료,에틸헥실글리세린,황색4호 (CI 19140),벤질알코올,청색1호 (CI 42090),리날룰,망고씨버터,서양자두씨추출물,라즈베리씨오일/토코페릴석시네이트아미노프로판다이올에스터,부틸렌글라이콜,1,2-헥산다이올,다이메틸실란올하이알루로네이트,하이드롤라이즈드하이알루로닉애씨드,하이드롤라이즈드소듐하이알루로네이트,하이알루로닉애씨드,포타슘하이알루로네이트,소듐하이알루로네이트,하이드록시프로필트라이모늄하이알루로네이트,소듐하이알루로네이트크로스폴리머,소듐하이알루로네이트다이메틸실란올,소듐아세틸레이티드하이알루로네이트

롬앤 더 쥬시 래스팅 틴트 06 필링앵두	
정제수,옥틸도데칸올,변성알코올,폴리솔베이트60,트라이메틸실록시페닐다이메티콘,에틸셀룰로오스,베헤닐알코올,펜틸렌글라이콜,피토스테릴이소스테아릴다이머디리놀리에이트,아크릴레이트코폴리머,소듐아크릴레이트/소듐아크릴로일다이메틸타우레이트코폴리머,실리카,솔비탄스테아레이트,아이소헥사데칸,페녹시에탄올,폴리글리세릴-2트라이아이소스테아레이트,다이아이소스테아릴말레이트,글리세릴스테아레이트,피이지-100스테아레이트,폴리솔베이트80,적색산화철 (CI 77491),황색산화철 (CI 77492),티타늄디옥사이드 (CI 77891),적색202호 (CI 15850),솔비탄올리에이트,폴리글리세릴-2다이아이소스테아레이트,향료,흑색산화철 (CI 77499),적색227호 (CI 17200),트라이소듐에틸렌다이아민다이석시네이트,향료,에틸헥실글리세린,황색5호 (CI 15985),벤질알코올,적색104호의(1) (CI 45410),청색1호 (CI 42090),리날룰,망고씨버터,서양자두씨추출물,라즈베리씨오일/토코페릴석시네이트아미노프로판다이올에스터,부틸렌글라이콜,1,2-헥산다이올,다이메틸실란올하이알루로네이트,하이드롤라이즈드하이알루로닉애씨드,하이드롤라이즈드소듐하이알루로네이트,하이알루로닉애씨드,포타슘하이알루로네이트,소듐하이알루로네이트,하이드록시프로필트라이모늄하이알루로네이트,소듐하이알루로네이트크로스폴리머,소듐하이알루로네이트다이메틸실란올,소듐아세틸레이티드하이알루로네이트

롬앤 더 쥬시 래스팅 틴트 07 체리밤	
정제수,옥틸도데칸올,변성알코올,폴리솔베이트60,트라이메틸실록시페닐다이메티콘,에틸셀룰로오스,베헤닐알코올,펜틸렌글라이콜,피토스테릴이소스테아릴다이머디리놀리에이트,아크릴레이트코폴리머,소듐아크릴레이트/소듐아크릴로일다이메틸타우레이트코폴리머,실리카,솔비탄스테아레이트,아이소헥사데칸,페녹시에탄올,글리세릴스테아레이트,피이지-100스테아레이트,폴리솔베이트80,폴리글리세릴-2트라이아이소스테아레이트,적색104호의(1) (CI 45410),적색227호 (CI 17200),황색5호 (CI 15985),솔비탄올리에이트,향료,다이아이소스테아릴말레이트,흑색산화철 (CI 77499),적색227호 (CI 17200),트라이소듐에틸렌다이아민다이석시네이트,폴리글리세릴-2다이아이소스테아레이트,황색4호 (CI 19140),향료,에틸헥실글리세린,청색1호 (CI 42090),벤질알코올,리날룰,청색1호 (CI 42090),망고씨버터,서양자두씨추출물,라즈베리씨오일/토코페릴석시네이트아미노프로판다이올에스터,부틸렌글라이콜,1,2-헥산다이올,다이메틸실란올하이알루로네이트,하이드롤라이즈드하이알루로닉애씨드,하이드롤라이즈드소듐하이알루로네이트,하이알루로닉애씨드,포타슘하이알루로네이트,소듐하이알루로네이트,하이드록시프로필트라이모늄하이알루로네이트,소듐하이알루로네이트크로스폴리머,소듐하이알루로네이트다이메틸실란올,소듐아세틸레이티드하이알루로네이트

롬앤 더 쥬시 래스팅 틴트 08 핑크 펌킨	
정제수,옥틸도데칸올,변성알코올,폴리솔베이트60,트라이메틸실록시페닐다이메티콘,에틸셀룰로오스,베헤닐알코올,펜틸렌글라이콜,피토스테릴이소스테아릴다이머디리놀리에이트,아크릴레이트코폴리머,소듐아크릴레이트/소듐아크릴로일다이메틸타우레이트코폴리머,실리카,솔비탄스테아레이트,다이아이소스테아릴말레이트,아이소헥사데칸,티타늄디옥사이드 (CI 77891),페녹시에탄올,폴리글리세릴-2트라이아이소스테아레이트,글리세릴스테아레이트,피이지-100스테아레이트,폴리솔베이트80,적색산화철 (CI 77491),황색산화철 (CI 77492),적색202호 (CI 15850),솔비탄올리에이트,황색4호 (CI 19140),향료,폴리글리세릴-2다이아이소스테아레이트,적색227호 (CI 17200),흑색산화철 (CI 77499),적색227호 (CI 17200),황색5호 (CI 15985),트라이소듐에틸렌다이아민다이석시네이트,향료,에틸헥실글리세린,적색104호의(1) (CI 45410),벤질알코올,리날룰,청색1호 (CI 42090),망고씨버터,서양자두씨추출물,라즈베리씨오일/토코페릴석시네이트아미노프로판다이올에스터,부틸렌글라이콜,1,2-헥산다이올,다이메틸실란올하이알루로네이트,하이드롤라이즈드하이알루로닉애씨드,하이드롤라이즈드소듐하이알루로네이트,하이알루로닉애씨드,포타슘하이알루로네이트,소듐하이알루로네이트,하이드록시프로필트라이모늄하이알루로네이트,소듐하이알루로네이트크로스폴리머,소듐하이알루로네이트다이메틸실란올,소듐아세틸레이티드하이알루로네이트

롬앤 더 쥬시 래스팅 틴트 09 멀드 피치	
정제수,옥틸도데칸올,변성알코올,폴리솔베이트60,트라이메틸실록시페닐다이메티콘,에틸셀룰로오스,베헤닐알코올,펜틸렌글라이콜,피토스테릴이소스테아릴다이머디리놀리에이트,아크릴레이트코폴리머,실리카,솔비탄스테아레이트,소듐아크릴레이트/소듐아크릴로일다이메틸타우레이트코폴리머,아이소헥사데칸,페녹시에탄올,다이아이소스테아릴말레이트,폴리글리세릴-2트라이아이소스테아레이트,글리세릴스테아레이트,피이지-100스테아레이트,티타늄디옥사이드 (CI 77891),폴리솔베이트80,적색산화철 (CI 77491),황색5호 (CI 15985),솔비탄올리에이트,향료,트라이소듐에틸렌다이아민다이석시네이트,적색202호 (CI 15850),청색1호 (CI 42090),향료,폴리글리세릴-2다이아이소스테아레이트,에틸헥실글리세린,적색227호 (CI 17200),황색5호 (CI 15985),적색104호의(1) (CI 45410),흑색산화철 (CI 77499),벤질알코올,리날룰,청색1호 (CI 42090),망고씨버터,서양자두씨추출물,라즈베리씨오일/토코페릴석시네이트아미노프로판다이올에스터,부틸렌글라이콜,1,2-헥산다이올,다이메틸실란올하이알루로네이트,하이드롤라이즈드하이알루로닉애씨드,하이드롤라이즈드소듐하이알루로네이트,하이알루로닉애씨드,포타슘하이알루로네이트,소듐하이알루로네이트,하이드록시프로필트라이모늄하이알루로네이트,소듐하이알루로네이트크로스폴리머,소듐하이알루로네이트다이메틸실란올,소듐아세틸레이티드하이알루로네이트

롬앤 더 쥬시 래스팅 틴트 10 베어 애프리콧	
정제수,옥틸도데칸올,변성알코올,폴리솔베이트60,트라이메틸실록시페닐다이메티콘,에틸셀룰로오스,베헤닐알코올,펜틸렌글라이콜,피토스테릴이소스테아릴다이머디리놀리에이트,아크릴레이트코폴리머,실리카,솔비탄스테아레이트,소듐아크릴레이트/소듐아크릴로일다이메틸타우레이트코폴리머,아이소헥사데칸,다이아이소스테아릴말레이트,티타늄디옥사이드 (CI 77891),페녹시에탄올,폴리글리세릴-2트라이아이소스테아레이트,글리세릴스테아레이트,피이지-100스테아레이트,폴리솔베이트80,적색104호의(1) (CI 45410),황색5호 (CI 15985),적색227호 (CI 17200),솔비탄올리에이트,향료,황색4호 (CI 19140),트라이소듐에틸렌다이아민다이석시네이트,향료,에틸헥실글리세린,폴리글리세릴-2다이아이소스테아레이트,황색4호 (CI 19140),황색5호 (CI 15985),적색104호의(1) (CI 45410),청색1호 (CI 42090),적색227호 (CI 17200),벤질알코올,리날룰,청색1호 (CI 42090),망고씨버터,서양자두씨추출물,라즈베리씨오일/토코페릴석시네이트아미노프로판다이올에스터,부틸렌글라이콜,1,2-헥산다이올,다이메틸실란올하이알루로네이트,하이드롤라이즈드하이알루로닉애씨드,하이드롤라이즈드소듐하이알루로네이트,하이알루로닉애씨드,포타슘하이알루로네이트,소듐하이알루로네이트,하이드록시프로필트라이모늄하이알루로네이트,소듐하이알루로네이트크로스폴리머,소듐하이알루로네이트다이메틸실란올,소듐아세틸레이티드하이알루로네이트

롬앤 더 쥬시 래스팅 틴트 11 파파야 잼	
정제수,옥틸도데칸올,변성알코올,폴리솔베이트60,트라이메틸실록시페닐다이메티콘,에틸셀룰로오스,베헤닐알코올,펜틸렌글라이콜,피토스테릴이소스테아릴다이머디리놀리에이트,아크릴레이트코폴리머,실리카,솔비탄스테아레이트,소듐아크릴레이트/소듐아크릴로일다이메틸타우레이트코폴리머,아이소헥사데칸,페녹시에탄올,다이아이소스테아릴말레이트,폴리글리세릴-2트라이아이소스테아레이트,티타늄디옥사이드 (CI 77891),글리세릴스테아레이트,피이지-100스테아레이트,폴리솔베이트80,황색산화철 (CI 77492),적색산화철 (CI 77491),적색202호 (CI 15850),솔비탄올리에이트,향료,폴리글리세릴-2다이아이소스테아레이트,적색227호 (CI 17200),황색5호 (CI 15985),트라이소듐에틸렌다이아민다이석시네이트,적색227호 (CI 17200),향료,에틸헥실글리세린,황색4호 (CI 19140),적색104호의(1) (CI 45410),벤질알코올,청색1호 (CI 42090),리날룰,망고씨버터,서양자두씨추출물,라즈베리씨오일/토코페릴석시네이트아미노프로판다이올에스터,부틸렌글라이콜,1,2-헥산다이올,다이메틸실란올하이알루로네이트,하이드롤라이즈드하이알루로닉애씨드,하이드롤라이즈드소듐하이알루로네이트,하이알루로닉애씨드,포타슘하이알루로네이트,소듐하이알루로네이트,하이드록시프로필트라이모늄하이알루로네이트,소듐하이알루로네이트크로스폴리머,소듐하이알루로네이트다이메틸실란올,소듐아세틸레이티드하이알루로네이트

롬앤 더 쥬시 래스팅 틴트 12 애플브라운	
정제수,옥틸도데칸올,변성알코올,폴리솔베이트60,트라이메틸실록시페닐다이메티콘,에틸셀룰로오스,베헤닐알코올,펜틸렌글라이콜,피토스테릴이소스테아릴다이머디리놀리에이트,아크릴레이트코폴리머,소듐아크릴레이트/소듐아크릴로일다이메틸타우레이트코폴리머,실리카,솔비탄스테아레이트,아이소헥사데칸,폴리글리세릴-2트라이아이소스테아레이트,페녹시에탄올,다이아이소스테아릴말레이트,적색산화철 (CI 77491),황색산화철 (CI 77492),글리세릴스테아레이트,피이지-100스테아레이트,폴리솔베이트80,황색5호 (CI 15985),적색202호 (CI 15850),티타늄디옥사이드 (CI 77891),폴리글리세릴-2다이아이소스테아레이트,솔비탄올리에이트,향료,흑색산화철 (CI 77499),트라이소듐에틸렌다이아민다이석시네이트,향료,에틸헥실글리세린,적색227호 (CI 17200),벤질알코올,청색1호 (CI 42090),리날룰,망고씨버터,서양자두씨추출물,라즈베리씨오일/토코페릴석시네이트아미노프로판다이올에스터,부틸렌글라이콜,1,2-헥산다이올,다이메틸실란올하이알루로네이트,하이드롤라이즈드하이알루로닉애씨드,하이드롤라이즈드소듐하이알루로네이트,하이알루로닉애씨드,포타슘하이알루로네이트,소듐하이알루로네이트,하이드록시프로필트라이모늄하이알루로네이트,소듐하이알루로네이트크로스폴리머,소듐하이알루로네이트다이메틸실란올,소듐아세틸레이티드하이알루로네이트

롬앤 더 쥬시 래스팅 틴트 13 잇 도토리	
정제수,옥틸도데칸올,변성알코올,폴리솔베이트60,트라이메틸실록시페닐다이메티콘,에틸셀룰로오스,베헤닐알코올,펜틸렌글라이콜,피토스테릴이소스테아릴다이머디리놀리에이트,아크릴레이트코폴리머,소듐아크릴레이트/소듐아크릴로일다이메틸타우레이트코폴리머,실리카,솔비탄스테아레이트,아이소헥사데칸,페녹시에탄올,폴리글리세릴-2트라이아이소스테아레이트,글리세릴스테아레이트,피이지-100스테아레이트,폴리솔베이트80,황색산화철 (CI 77492),다이아이소스테아릴말레이트,적색산화철 (CI 77491),황색5호 (CI 15985),적색227호 (CI 17200),티타늄디옥사이드 (CI 77891),솔비탄올리에이트,향료,황색4호 (CI 19140),흑색산화철 (CI 77499),트라이소듐에틸렌다이아민다이석시네이트,적색202호 (CI 15850),향료,폴리글리세릴-2다이아이소스테아레이트,에틸헥실글리세린,벤질알코올,청색1호 (CI 42090),리날룰,망고씨버터,서양자두씨추출물,라즈베리씨오일/토코페릴석시네이트아미노프로판다이올에스터,부틸렌글라이콜,1,2-헥산다이올,다이메틸실란올하이알루로네이트,하이드롤라이즈드하이알루로닉애씨드,하이드롤라이즈드소듐하이알루로네이트,하이알루로닉애씨드,포타슘하이알루로네이트,소듐하이알루로네이트,하이드록시프로필트라이모늄하이알루로네이트,소듐하이알루로네이트크로스폴리머,소듐하이알루로네이트다이메틸실란올,소듐아세틸레이티드하이알루로네이트

롬앤 더 쥬시 래스팅 틴트 14아몬드 로즈	
정제수,옥틸도데칸올,변성알코올,폴리솔베이트60,트라이메틸실록시페닐다이메티콘,에틸셀룰로오스,베헤닐알코올,펜틸렌글라이콜,피토스테릴이소스테아릴다이머디리놀리에이트,아크릴레이트코폴리머,실리카,솔비탄스테아레이트,소듐아크릴레이트/소듐아크릴로일다이메틸타우레이트코폴리머,아이소헥사데칸,페녹시에탄올,다이아이소스테아릴말레이트,폴리글리세릴-2트라이아이소스테아레이트,티타늄디옥사이드 (CI 77891),글리세릴스테아레이트,피이지-100스테아레이트,적색산화철 (CI 77491),폴리솔베이트80,황색산화철 (CI 77492),흑색산화철 (CI 77499),솔비탄올리에이트,향료,적색227호 (CI 17200),황색5호 (CI 15985),트라이소듐에틸렌다이아민다이석시네이트,적색202호 (CI 15850),향료,폴리글리세릴-2다이아이소스테아레이트,에틸헥실글리세린,적색227호 (CI 17200),벤질알코올,청색1호 (CI 42090),리날룰,망고씨버터,서양자두씨추출물,라즈베리씨오일/토코페릴석시네이트아미노프로판다이올에스터,부틸렌글라이콜,1,2-헥산다이올,다이메틸실란올하이알루로네이트,하이드롤라이즈드하이알루로닉애씨드,하이드롤라이즈드소듐하이알루로네이트,하이알루로닉애씨드,포타슘하이알루로네이트,소듐하이알루로네이트,하이드록시프로필트라이모늄하이알루로네이트,소듐하이알루로네이트크로스폴리머,소듐하이알루로네이트다이메틸실란올,소듐아세틸레이티드하이알루로네이트

롬앤 더 쥬시 래스팅 틴트 15 베어 피그	
정제수,옥틸도데칸올,변성알코올,폴리솔베이트60,트라이메틸실록시페닐다이메티콘,에틸셀룰로오스,베헤닐알코올,펜틸렌글라이콜,피토스테릴이소스테아릴다이머디리놀리에이트,아크릴레이트코폴리머,실리카,솔비탄스테아레이트,소듐아크릴레이트/소듐아크릴로일다이메틸타우레이트코폴리머,다이아이소스테아릴말레이트,아이소헥사데칸,티타늄디옥사이드 (CI 77891),페녹시에탄올,폴리글리세릴-2트라이아이소스테아레이트,글리세릴스테아레이트,피이지-100스테아레이트,폴리솔베이트80,적색227호 (CI 17200),적색산화철 (CI 77491),솔비탄올리에이트,향료,흑색산화철 (CI 77499),적색227호 (CI 17200),황색5호 (CI 15985),트라이소듐에틸렌다이아민다이석시네이트,적색202호 (CI 15850),향료,폴리글리세릴-2다이아이소스테아레이트,청색1호 (CI 42090),에틸헥실글리세린,적색104호의(1) (CI 45410),벤질알코올,청색1호 (CI 42090),리날룰,망고씨버터,서양자두씨추출물,라즈베리씨오일/토코페릴석시네이트아미노프로판다이올에스터,부틸렌글라이콜,1,2-헥산다이올,다이메틸실란올하이알루로네이트,하이드롤라이즈드하이알루로닉애씨드,하이드롤라이즈드소듐하이알루로네이트,하이알루로닉애씨드,포타슘하이알루로네이트,소듐하이알루로네이트,하이드록시프로필트라이모늄하이알루로네이트,소듐하이알루로네이트크로스폴리머,소듐하이알루로네이트다이메틸실란올,소듐아세틸레이티드하이알루로네이트

롬앤 더 쥬시 래스팅 틴트 16 플럼 콕	
정제수,옥틸도데칸올,변성알코올,폴리솔베이트60,트라이메틸실록시페닐다이메티콘,에틸셀룰로오스,베헤닐알코올,펜틸렌글라이콜,피토스테릴이소스테아릴다이머디리놀리에이트,아크릴레이트코폴리머,소듐아크릴레이트/소듐아크릴로일다이메틸타우레이트코폴리머,실리카,솔비탄스테아레이트,아이소헥사데칸,페녹시에탄올,폴리글리세릴-2트라이아이소스테아레이트,다이아이소스테아릴말레이트,글리세릴스테아레이트,피이지-100스테아레이트,적색산화철 (CI 77491),폴리솔베이트80,적색227호 (CI 17200),적색202호 (CI 15850),흑색산화철 (CI 77499),적색227호 (CI 17200),티타늄디옥사이드 (CI 77891),황색5호 (CI 15985),폴리글리세릴-2다이아이소스테아레이트,솔비탄올리에이트,향료,트라이소듐에틸렌다이아민다이석시네이트,향료,황색산화철 (CI 77492),에틸헥실글리세린,벤질알코올,청색1호 (CI 42090),리날룰,망고씨버터,서양자두씨추출물,라즈베리씨오일/토코페릴석시네이트아미노프로판다이올에스터,부틸렌글라이콜,1,2-헥산다이올,다이메틸실란올하이알루로네이트,하이드롤라이즈드하이알루로닉애씨드,하이드롤라이즈드소듐하이알루로네이트,하이알루로닉애씨드,포타슘하이알루로네이트,소듐하이알루로네이트,하이드록시프로필트라이모늄하이알루로네이트,소듐하이알루로네이트크로스폴리머,소듐하이알루로네이트다이메틸실란올,소듐아세틸레이티드하이알루로네이트

롬앤 더 쥬시 래스팅 틴트 17 다크 코코넛	
정제수,옥틸도데칸올,변성알코올,폴리솔베이트60,트라이메틸실록시페닐다이메티콘,에틸셀룰로오스,베헤닐알코올,펜틸렌글라이콜,피토스테릴이소스테아릴다이머디리놀리에이트,아크릴레이트코폴리머,소듐아크릴레이트/소듐아크릴로일다이메틸타우레이트코폴리머,실리카,솔비탄스테아레이트,아이소헥사데칸,페녹시에탄올,폴리글리세릴-2트라이아이소스테아레이트,글리세릴스테아레이트,피이지-100스테아레이트,다이아이소스테아릴말레이트,폴리솔베이트80,적색산화철 (CI 77491),흑색산화철 (CI 77499),황색산화철 (CI 77492),솔비탄올리에이트,향료,황색5호 (CI 15985),적색202호 (CI 15850),적색227호 (CI 17200),트라이소듐에틸렌다이아민다이석시네이트,향료,폴리글리세릴-2다이아이소스테아레이트,에틸헥실글리세린,황색4호 (CI 19140),벤질알코올,청색1호 (CI 42090),리날룰,망고씨버터,서양자두씨추출물,라즈베리씨오일/토코페릴석시네이트아미노프로판다이올에스터,부틸렌글라이콜,1,2-헥산다이올,다이메틸실란올하이알루로네이트,하이드롤라이즈드하이알루로닉애씨드,하이드롤라이즈드소듐하이알루로네이트,하이알루로닉애씨드,포타슘하이알루로네이트,소듐하이알루로네이트,하이드록시프로필트라이모늄하이알루로네이트,소듐하이알루로네이트크로스폴리머,소듐하이알루로네이트다이메틸실란올,소듐아세틸레이티드하이알루로네이트

롬앤 더 쥬시 래스팅 틴트 19 썸머 센트	
정제수,옥틸도데칸올,변성알코올,폴리솔베이트60,트라이메틸실록시페닐다이메티콘,에틸셀룰로오스,베헤닐알코올,펜틸렌글라이콜,피토스테릴이소스테아릴다이머디리놀리에이트,아크릴레이트코폴리머,실리카,솔비탄스테아레이트,소듐아크릴레이트/소듐아크릴로일다이메틸타우레이트코폴리머,아이소헥사데칸,다이아이소스테아릴말레이트,페녹시에탄올,적색202호 (CI 15850),폴리글리세릴-2다이아이소스테아레이트,글리세릴스테아레이트,피이지-100스테아레이트,폴리솔베이트80,폴리글리세릴-2트라이아이소스테아레이트,황색5호 (CI 15985),황색5호 (CI 15985),적색227호 (CI 17200),솔비탄올리에이트,향료,적색104호의(1) (CI 45410),트라이소듐에틸렌다이아민다이석시네이트,황색4호 (CI 19140),향료,에틸헥실글리세린,적색227호 (CI 17200),적색104호의(1) (CI 45410),벤질알코올,리날룰,망고씨버터,서양자두씨추출물,라즈베리씨오일/토코페릴석시네이트아미노프로판다이올에스터,부틸렌글라이콜,1,2-헥산다이올,다이메틸실란올하이알루로네이트,하이드롤라이즈드하이알루로닉애씨드,하이드롤라이즈드소듐하이알루로네이트,하이알루로닉애씨드,포타슘하이알루로네이트,소듐하이알루로네이트,하이드록시프로필트라이모늄하이알루로네이트,소듐하이알루로네이트크로스폴리머,소듐하이알루로네이트다이메틸실란올,소듐아세틸레이티드하이알루로네이트

롬앤 더 쥬시 래스팅 틴트 20 쥬쥬피그	
정제수,옥틸도데칸올,변성알코올,폴리솔베이트60,트라이메틸실록시페닐다이메티콘,에틸셀룰로오스,베헤닐알코올,펜틸렌글라이콜,피토스테릴이소스테아릴다이머디리놀리에이트,아크릴레이트코폴리머,실리카,솔비탄스테아레이트,소듐아크릴레이트/소듐아크릴로일다이메틸타우레이트코폴리머,아이소헥사데칸,페녹시에탄올,다이아이소스테아릴말레이트,티타늄디옥사이드 (CI 77891),글리세릴스테아레이트,피이지-100스테아레이트,폴리솔베이트80,폴리글리세릴-2트라이아이소스테아레이트,적색산화철 (CI 77491),적색202호 (CI 15850),향료,솔비탄올리에이트,적색227호 (CI 17200),황색산화철 (CI 77492),흑색산화철 (CI 77499),폴리글리세릴-2다이아이소스테아레이트,황색5호 (CI 15985),트라이소듐에틸렌다이아민다이석시네이트,향료,에틸헥실글리세린,적색104호의(1) (CI 45410),벤질알코올,청색1호 (CI 42090),리날룰,망고씨버터,서양자두씨추출물,라즈베리씨오일/토코페릴석시네이트아미노프로판다이올에스터,부틸렌글라이콜,1,2-헥산다이올,다이메틸실란올하이알루로네이트,하이드롤라이즈드하이알루로닉애씨드,하이드롤라이즈드소듐하이알루로네이트,하이알루로닉애씨드,포타슘하이알루로네이트,소듐하이알루로네이트,하이드록시프로필트라이모늄하이알루로네이트,소듐하이알루로네이트크로스폴리머,소듐하이알루로네이트다이메틸실란올,소듐아세틸레이티드하이알루로네이트

롬앤 더 쥬시 래스팅 틴트 21 그레이프 밤	
정제수,옥틸도데칸올,변성알코올,폴리솔베이트60,트라이메틸실록시페닐다이메티콘,에틸셀룰로오스,베헤닐알코올,펜틸렌글라이콜,피토스테릴이소스테아릴다이머디리놀리에이트,아크릴레이트코폴리머,실리카,솔비탄스테아레이트,소듐아크릴레이트/소듐아크릴로일다이메틸타우레이트코폴리머,폴리글리세릴-2트라이아이소스테아레이트,아이소헥사데칸,페녹시에탄올,적색227호 (CI 17200),글리세릴스테아레이트,피이지-100스테아레이트,폴리솔베이트80,다이아이소스테아릴말레이트,황색산화철 (CI 77492),티타늄디옥사이드 (CI 77891),향료,솔비탄올리에이트,적색104호의(1) (CI 45410),적색227호 (CI 17200),적색산화철 (CI 77491),트라이소듐에틸렌다이아민다이석시네이트,향료,에틸헥실글리세린,황색5호 (CI 15985),황색4호 (CI 19140),벤질알코올,청색1호 (CI 42090),리날룰,망고씨버터,서양자두씨추출물,라즈베리씨오일/토코페릴석시네이트아미노프로판다이올에스터,부틸렌글라이콜,1,2-헥산다이올,다이메틸실란올하이알루로네이트,하이드롤라이즈드하이알루로닉애씨드,하이드롤라이즈드소듐하이알루로네이트,하이알루로닉애씨드,포타슘하이알루로네이트,소듐하이알루로네이트,하이드록시프로필트라이모늄하이알루로네이트,소듐하이알루로네이트크로스폴리머,소듐하이알루로네이트다이메틸실란올,소듐아세틸레이티드하이알루로네이트

롬앤 더 쥬시 래스팅 틴트 22 도토리 밤	
정제수,옥틸도데칸올,변성알코올,폴리솔베이트60,트라이메틸실록시페닐다이메티콘,에틸셀룰로오스,베헤닐알코올,펜틸렌글라이콜,피토스테릴이소스테아릴다이머디리놀리에이트,아크릴레이트코폴리머,실리카,솔비탄스테아레이트,소듐아크릴레이트/소듐아크릴로일다이메틸타우레이트코폴리머,아이소헥사데칸,페녹시에탄올,폴리글리세릴-2트라이아이소스테아레이트,글리세릴스테아레이트,피이지-100스테아레이트,폴리솔베이트80,다이아이소스테아릴말레이트,적색227호 (CI 17200),황색5호 (CI 15985),적색산화철 (CI 77491),적색104호의(1) (CI 45410),흑색산화철 (CI 77499),솔비탄올리에이트,향료,황색4호 (CI 19140),황색산화철 (CI 77492),적색227호 (CI 17200),트라이소듐에틸렌다이아민다이석시네이트,폴리글리세릴-2다이아이소스테아레이트,향료,적색202호 (CI 15850),티타늄디옥사이드 (CI 77891),에틸헥실글리세린,벤질알코올,청색1호 (CI 42090),리날룰,망고씨버터,서양자두씨추출물,라즈베리씨오일/토코페릴석시네이트아미노프로판다이올에스터,부틸렌글라이콜,1,2-헥산다이올,다이메틸실란올하이알루로네이트,하이드롤라이즈드하이알루로닉애씨드,하이드롤라이즈드소듐하이알루로네이트,하이알루로닉애씨드,포타슘하이알루로네이트,소듐하이알루로네이트,하이드록시프로필트라이모늄하이알루로네이트,소듐하이알루로네이트크로스폴리머,소듐하이알루로네이트다이메틸실란올,소듐아세틸레이티드하이알루로네이트

롬앤 더 쥬시 래스팅 틴트 23 피치 피치 미	
정제수,옥틸도데칸올,변성알코올,폴리솔베이트60,트라이메틸실록시페닐다이메티콘,에틸셀룰로오스,베헤닐알코올,펜틸렌글라이콜,피토스테릴이소스테아릴다이머디리놀리에이트,아크릴레이트코폴리머,실리카,솔비탄스테아레이트,소듐아크릴레이트/소듐아크릴로일다이메틸타우레이트코폴리머,다이아이소스테아릴말레이트,아이소헥사데칸,티타늄디옥사이드 (CI 77891),페녹시에탄올,글리세릴스테아레이트,피이지-100스테아레이트,폴리글리세릴-2트라이아이소스테아레이트,폴리솔베이트80,황색산화철 (CI 77492),향료,솔비탄올리에이트,적색산화철 (CI 77491),적색227호 (CI 17200),트라이소듐에틸렌다이아민다이석시네이트,적색202호 (CI 15850),향료,흑색산화철 (CI 77499),폴리글리세릴-2다이아이소스테아레이트,적색227호 (CI 17200),에틸헥실글리세린,황색5호 (CI 15985),적색104호의(1) (CI 45410),벤질알코올,리날룰,망고씨버터,서양자두씨추출물,라즈베리씨오일/토코페릴석시네이트아미노프로판다이올에스터,부틸렌글라이콜,1,2-헥산다이올,다이메틸실란올하이알루로네이트,하이드롤라이즈드하이알루로닉애씨드,하이드롤라이즈드소듐하이알루로네이트,하이알루로닉애씨드,포타슘하이알루로네이트,소듐하이알루로네이트,하이드록시프로필트라이모늄하이알루로네이트,소듐하이알루로네이트크로스폴리머,소듐하이알루로네이트다이메틸실란올,소듐아세틸레이티드하이알루로네이트

롬앤 더 쥬시 래스팅 틴트 24 베어 쥬시 오	
정제수,옥틸도데칸올,변성알코올,폴리솔베이트60,트라이메틸실록시페닐다이메티콘,에틸셀룰로오스,베헤닐알코올,펜틸렌글라이콜,피토스테릴이소스테아릴다이머디리놀리에이트,아크릴레이트코폴리머,실리카,솔비탄스테아레이트,소듐아크릴레이트/소듐아크릴로일다이메틸타우레이트코폴리머,아이소헥사데칸,티타늄디옥사이드 (CI 77891),페녹시에탄올,폴리글리세릴-2트라이아이소스테아레이트,다이아이소스테아릴말레이트,글리세릴스테아레이트,피이지-100스테아레이트,폴리솔베이트80,황색4호 (CI 19140),황색5호 (CI 15985),솔비탄올리에이트,향료,적색227호 (CI 17200),트라이소듐에틸렌다이아민다이석시네이트,향료,적색104호의(1) (CI 45410),에틸헥실글리세린,황색4호 (CI 19140),황색5호 (CI 15985),청색1호 (CI 42090),적색227호 (CI 17200),벤질알코올,적색104호의(1) (CI 45410),폴리글리세릴-2다이아이소스테아레이트,알루미늄하이드록사이드,암모늄폴리아크릴레이트,리날룰,부틸렌글라이콜,청색1호 (CI 42090),망고씨버터,서양자두씨추출물,라즈베리씨오일/토코페릴석시네이트아미노프로판다이올에스터,1,2-헥산다이올,다이메틸실란올하이알루로네이트,하이드롤라이즈드하이알루로닉애씨드,하이드롤라이즈드소듐하이알루로네이트,하이알루로닉애씨드,포타슘하이알루로네이트,소듐하이알루로네이트,하이드록시프로필트라이모늄하이알루로네이트,소듐하이알루로네이트크로스폴리머,소듐하이알루로네이트다이메틸실란올,소듐아세틸레이티드하이알루로네이트

롬앤 더 쥬시 래스팅 틴트 26 신비 복숭아
정제수,옥틸도데칸올,변성알코올,폴리솔베이트60,트라이메틸실록시페닐다이메티콘,에틸셀룰로오스,베헤닐알코올,펜틸렌글라이콜,피토스테릴이소스테아릴다이머디리놀리에이트,아크릴레이트코폴리머,실리카,솔비탄스테아레이트,소듐아크릴레이트/소듐아크릴로일다이메틸타우레이트코폴리머,아이소헥사데칸,페녹시에탄올,글리세릴스테아레이트,피이지-100스테아레이트,폴리솔베이트80,향료,솔비탄올리에이트,황색5호 (CI 15985),적색227호 (CI 17200),티타늄디옥사이드 (CI 77891),트라이소듐에틸렌다이아민다이석시네이트,향료,다이아이소스테아릴말레이트,흑색산화철 (CI 77499),적색104호의(1) (CI 45410),에틸헥실글리세린,황색4호 (CI 19140),벤질알코올,알루미늄하이드록사이드,암모늄폴리아크릴레이트,리날룰,청색1호 (CI 42090),부틸렌글라이콜,망고씨버터,서양자두씨추출물,라즈베리씨오일/토코페릴석시네이트아미노프로판다이올에스터,1,2-헥산다이올,다이메틸실란올하이알루로네이트,하이드롤라이즈드하이알루로닉애씨드,하이드롤라이즈드소듐하이알루로네이트,하이알루로닉애씨드,포타슘하이알루로네이트,소듐하이알루로네이트,하이드록시프로필트라이모늄하이알루로네이트,소듐하이알루로네이트크로스폴리머,소듐하이알루로네이트다이메틸실란올,소듐아세틸레이티드하이알루로네이트

롬앤 더 쥬시 래스팅 틴트 27 허니 듀 멜론
정제수,옥틸도데칸올,변성알코올,폴리솔베이트60,트라이메틸실록시페닐다이메티콘,에틸셀룰로오스,베헤닐알코올,펜틸렌글라이콜,피토스테릴이소스테아릴다이머디리놀리에이트,아크릴레이트코폴리머,실리카,솔비탄스테아레이트,소듐아크릴레이트/소듐아크릴로일다이메틸타우레이트코폴리머,다이아이소스테아릴말레이트,티타늄디옥사이드 (CI 77891),아이소헥사데칸,페녹시에탄올,글리세릴스테아레이트,피이지-100스테아레이트,폴리솔베이트80,폴리글리세릴-2트라이아이소스테아레이트,황색산화철 (CI 77492),향료,솔비탄올리에이트,황색5호 (CI 15985),트라이소듐에틸렌다이아민다이석시네이트,적색227호 (CI 17200),향료,적색산화철 (CI 77491),적색227호 (CI 17200),에틸헥실글리세린,황색4호 (CI 19140),벤질알코올,청색1호 (CI 42090),리날룰,적색104호의(1) (CI 45410),망고씨버터,서양자두씨추출물,라즈베리씨오일/토코페릴석시네이트아미노프로판다이올에스터,부틸렌글라이콜,1,2-헥산다이올,다이메틸실란올하이알루로네이트,하이드롤라이즈드하이알루로닉애씨드,하이드롤라이즈드소듐하이알루로네이트,하이알루로닉애씨드,포타슘하이알루로네이트,소듐하이알루로네이트,하이드록시프로필트라이모늄하이알루로네이트,소듐하이알루로네이트크로스폴리머,소듐하이알루로네이트다이메틸실란올,소듐아세틸레이티드하이알루로네이트

롬앤 더 쥬시 래스팅 틴트 28 설화 딸기
정제수,옥틸도데칸올,변성알코올,폴리솔베이트60,트라이메틸실록시페닐다이메티콘,에틸셀룰로오스,베헤닐알코올,펜틸렌글라이콜,피토스테릴이소스테아릴다이머디리놀리에이트,아크릴레이트코폴리머,실리카,솔비탄스테아레이트,소듐아크릴레이트/소듐아크릴로일다이메틸타우레이트코폴리머,다이아이소스테아릴말레이트,티타늄디옥사이드 (CI 77891),아이소헥사데칸,페녹시에탄올,글리세릴스테아레이트,피이지-100스테아레이트,폴리솔베이트80,폴리글리세릴-2트라이아이소스테아레이트,향료,솔비탄올리에이트,적색227호 (CI 17200),트라이소듐에틸렌다이아민다이석시네이트,적색227호 (CI 17200),향료,황색산화철 (CI 77492),황색5호 (CI 15985),에틸헥실글리세린,벤질알코올,황색4호 (CI 19140),리날룰,청색1호 (CI 42090),망고씨버터,서양자두씨추출물,라즈베리씨오일/토코페릴석시네이트아미노프로판다이올에스터,부틸렌글라이콜,1,2-헥산다이올,다이메틸실란올하이알루로네이트,하이드롤라이즈드하이알루로닉애씨드,하이드롤라이즈드소듐하이알루로네이트,하이알루로닉애씨드,포타슘하이알루로네이트,소듐하이알루로네이트,하이드록시프로필트라이모늄하이알루로네이트,소듐하이알루로네이트크로스폴리머,소듐하이알루로네이트다이메틸실란올,소듐아세틸레이티드하이알루로네이트

롬앤 더 쥬시 래스팅 틴트 29 조선 무화과
정제수,옥틸도데칸올,변성알코올,폴리솔베이트60,트라이메틸실록시페닐다이메티콘,에틸셀룰로오스,베헤닐알코올,펜틸렌글라이콜,피토스테릴이소스테아릴다이머디리놀리에이트,아크릴레이트코폴리머,실리카,솔비탄스테아레이트,소듐아크릴레이트/소듐아크릴로일다이메틸타우레이트코폴리머,아이소헥사데칸,페녹시에탄올,티타늄디옥사이드 (CI 77891),글리세릴스테아레이트,피이지-100스테아레이트,폴리솔베이트80,다이아이소스테아릴말레이트,향료,솔비탄올리에이트,황색5호 (CI 15985),적색227호 (CI 17200),황색산화철 (CI 77492),폴리글리세릴-2트라이아이소스테아레이트,트라이소듐에틸렌다이아민다이석시네이트,향료,에틸헥실글리세린,적색104호의(1) (CI 45410),황색4호 (CI 19140),알루미늄하이드록사이드,암모늄폴리아크릴레이트,벤질알코올,청색1호 (CI 42090),부틸렌글라이콜,리날룰,망고씨버터,서양자두씨추출물,라즈베리씨오일/토코페릴석시네이트아미노프로판다이올에스터,1,2-헥산다이올,다이메틸실란올하이알루로네이트,하이드롤라이즈드하이알루로닉애씨드,하이드롤라이즈드소듐하이알루로네이트,하이알루로닉애씨드,포타슘하이알루로네이트,소듐하이알루로네이트,하이드록시프로필트라이모늄하이알루로네이트,소듐하이알루로네이트크로스폴리머,소듐하이알루로네이트다이메틸실란올,소듐아세틸레이티드하이알루로네이트

롬앤 더 쥬시 래스팅 틴트 30 보늬 밤
정제수,옥틸도데칸올,변성알코올,폴리솔베이트60,트라이메틸실록시페닐다이메티콘,에틸셀룰로오스,베헤닐알코올,펜틸렌글라이콜,피토스테릴이소스테아릴다이머디리놀리에이트,아크릴레이트코폴리머,실리카,솔비탄스테아레이트,소듐아크릴레이트/소듐아크릴로일다이메틸타우레이트코폴리머,티타늄디옥사이드 (CI 77891),아이소헥사데칸,페녹시에탄올,다이아이소스테아릴말레이트,폴리글리세릴-2트라이아이소스테아레이트,글리세릴스테아레이트,피이지-100스테아레이트,적색산화철 (CI 77491),폴리솔베이트80,황색산화철 (CI 77492),향료,솔비탄올리에이트,흑색산화철 (CI 77499),적색227호 (CI 17200),황색4호 (CI 19140),트라이소듐에틸렌다이아민다이석시네이트,향료,에틸헥실글리세린,황색5호 (CI 15985),알루미늄하이드록사이드,암모늄폴리아크릴레이트,벤질알코올,적색104호의(1) (CI 45410),청색1호 (CI 42090),부틸렌글라이콜,리날룰,망고씨버터,서양자두씨추출물,라즈베리씨오일/토코페릴석시네이트아미노프로판다이올에스터,1,2-헥산다이올,다이메틸실란올하이알루로네이트,하이드롤라이즈드하이알루로닉애씨드,하이드롤라이즈드소듐하이알루로네이트,하이알루로닉애씨드,포타슘하이알루로네이트,소듐하이알루로네이트,하이드록시프로필트라이모늄하이알루로네이트,소듐하이알루로네이트크로스폴리머,소듐하이알루로네이트다이메틸실란올,소듐아세틸레이티드하이알루로네이트

롬앤 더 쥬시 래스팅 틴트 31 탠드 코코
정제수,옥틸도데칸올,변성알코올,폴리솔베이트60,트라이메틸실록시페닐다이메티콘,에틸셀룰로오스,베헤닐알코올,펜틸렌글라이콜,피토스테릴이소스테아릴다이머디리놀리에이트,아크릴레이트코폴리머,실리카,솔비탄스테아레이트,소듐아크릴레이트/소듐아크릴로일다이메틸타우레이트코폴리머,아이소헥사데칸,페녹시에탄올,글리세릴스테아레이트,피이지-100스테아레이트,폴리솔베이트80,다이아이소스테아릴말레이트,티타늄디옥사이드 (CI 77891),흑색산화철 (CI 77499),향료,솔비탄올리에이트,트라이소듐에틸렌다이아민다이석시네이트,황색5호 (CI 15985),황색4호 (CI 19140),향료,적색227호 (CI 17200),적색산화철 (CI 77491),폴리글리세릴-2트라이아이소스테아레이트,에틸헥실글리세린,벤질알코올,청색1호 (CI 42090),알루미늄하이드록사이드,암모늄폴리아크릴레이트,리날룰,부틸렌글라이콜,망고씨버터,서양자두씨추출물,라즈베리씨오일/토코페릴석시네이트아미노프로판다이올에스터,1,2-헥산다이올,다이메틸실란올하이알루로네이트,하이드롤라이즈드하이알루로닉애씨드,하이드롤라이즈드소듐하이알루로네이트,하이알루로닉애씨드,포타슘하이알루로네이트,소듐하이알루로네이트,하이드록시프로필트라이모늄하이알루로네이트,소듐하이알루로네이트크로스폴리머,소듐하이알루로네이트다이메틸실란올,소듐아세틸레이티드하이알루로네이트

롬앤 더 쥬시 래스팅 틴트 32 태니 구아바
정제수,옥틸도데칸올,변성알코올,폴리솔베이트60,트라이메틸실록시페닐다이메티콘,에틸셀룰로오스,베헤닐알코올,펜틸렌글라이콜,피토스테릴이소스테아릴다이머디리놀리에이트,아크릴레이트코폴리머,실리카,솔비탄스테아레이트,소듐아크릴레이트/소듐아크릴로일다이메틸타우레이트코폴리머,아이소헥사데칸,페녹시에탄올,티타늄디옥사이드 (CI 77891),글리세릴스테아레이트,피이지-100스테아레이트,폴리솔베이트80,솔비탄올리에이트,향료,황색4호 (CI 19140),트라이소듐에틸렌다이아민다이석시네이트,적색227호 (CI 17200),향료,에틸헥실글리세린,적색104호의(1) (CI 45410),알루미늄하이드록사이드,암모늄폴리아크릴레이트,벤질알코올,청색1호 (CI 42090),부틸렌글라이콜,리날룰,망고씨버터,서양자두씨추출물,라즈베리씨오일/토코페릴석시네이트아미노프로판다이올에스터,1,2-헥산다이올,다이메틸실란올하이알루로네이트,하이드롤라이즈드하이알루로닉애씨드,하이드롤라이즈드소듐하이알루로네이트,하이알루로닉애씨드,포타슘하이알루로네이트,소듐하이알루로네이트,하이드록시프로필트라이모늄하이알루로네이트,소듐하이알루로네이트크로스폴리머,소듐하이알루로네이트다이메틸실란올,소듐아세틸레이티드하이알루로네이트

롬앤 더 쥬시 래스팅 틴트 33 알로하 쥬시
정제수,옥틸도데칸올,변성알코올,폴리솔베이트60,트라이메틸실록시페닐다이메티콘,에틸셀룰로오스,베헤닐알코올,펜틸렌글라이콜,피토스테릴이소스테아릴다이머디리놀리에이트,아크릴레이트코폴리머,실리카,솔비탄스테아레이트,소듐아크릴레이트/소듐아크릴로일다이메틸타우레이트코폴리머,아이소헥사데칸,페녹시에탄올,다이아이소스테아릴말레이트,티타늄디옥사이드 (CI 77891),글리세릴스테아레이트,피이지-100스테아레이트,폴리글리세릴-2트라이아이소스테아레이트,폴리솔베이트80,향료,솔비탄올리에이트,적색산화철 (CI 77491),적색104호의(1) (CI 45410),황색5호 (CI 15985),황색4호 (CI 19140),트라이소듐에틸렌다이아민다이석시네이트,적색227호 (CI 17200),향료,황색5호 (CI 15985),황색산화철 (CI 77492),흑색산화철 (CI 77499),에틸헥실글리세린,황색4호 (CI 19140),적색104호의(1) (CI 45410),폴리글리세릴-2다이아이소스테아레이트,벤질알코올,리날룰,청색1호 (CI 42090),망고씨버터,서양자두씨추출물,라즈베리씨오일/토코페릴석시네이트아미노프로판다이올에스터,부틸렌글라이콜,1,2-헥산다이올,다이메틸실란올하이알루로네이트,하이드롤라이즈드하이알루로닉애씨드,하이드롤라이즈드소듐하이알루로네이트,하이알루로닉애씨드,포타슘하이알루로네이트,소듐하이알루로네이트,하이드록시프로필트라이모늄하이알루로네이트,소듐하이알루로네이트크로스폴리머,소듐하이알루로네이트다이메틸실란올,소듐아세틸레이티드하이알루로네이트
롬앤 더 쥬시 래스팅 틴트 34 차이 애프리콧

정제수, 옥틸도데칸올, 변성알코올, 폴리솔베이트60, 트라이메틸실록시페닐다이메티콘, 에틸셀룰로오스, 베헤닐알코올, 펜틸렌글라이콜,
피토스테릴이소스테아릴다이머디리놀리에이트, 아크릴레이트코폴리머, 실리카, 솔비탄스테아레이트,
소듐아크릴레이트/소듐아크릴로일다이메틸타우레이트코폴리머, 아이소헥사데칸, 페녹시에탄올, 티타늄디옥사이드 (CI 77891), 글리세릴스테아레이트,
피이지-100스테아레이트, 폴리솔베이트80, 황색4호 (CI 19140), 솔비탄올리에이트, 향료, 황색5호 (CI 15985), 적색227호 (CI 17200),
트라이소듐에틸렌다이아민다이석시네이트, 향료, 에틸헥실글리세린, 알루미늄하이드록사이드, 암모늄폴리아크릴레이트,
벤질알코올, 청색1호 (CI 42090), 부틸렌글라이콜, 리날룰, 망고씨버터, 서양자두씨추출물,
라즈베리씨오일/토코페릴석시네이트아미노프로판다이올에스터, 1,2-헥산다이올,
다이메틸실란올하이알루로네이트, 하이드롤라이즈드하이알루로닉애씨드, 하이드롤라이즈드소듐하이알루로네이트, 하이알루로닉애씨드,
포타슘하이알루로네이트, 소듐하이알루로네이트, 하이드록시프로필트라이모늄하이알루로네이트,
소듐하이알루로네이트크로스폴리머, 소듐하이알루로네이트다이메틸실란올, 소듐아세틸레이티드하이알루로네이트

롬앤 더 쥬시 래스팅 틴트 35 얼그레이 리치

정제수, 옥틸도데칸올, 변성알코올, 폴리솔베이트60, 트라이메틸실록시페닐다이메티콘, 에틸셀룰로오스, 베헤닐알코올, 펜틸렌글라이콜,
피토스테릴이소스테아릴다이머디리놀리에이트, 아크릴레이트코폴리머, 실리카, 솔비탄스테아레이트,
소듐아크릴레이트/소듐아크릴로일다이메틸타우레이트코폴리머, 아이소헥사데칸, 페녹시에탄올, 글리세릴스테아레이트, 피이지-100스테아레이트,
다이아이소스테아릴말레이트, 폴리글리세릴-2트라이아이소스테아레이트, 폴리솔베이트80, 티타늄디옥사이드 (CI 77891),
적색산화철 (CI 77491), 솔비탄올리에이트, 황색산화철 (CI 77492), 흑색산화철 (CI 77499),
트라이소듐에틸렌다이아민다이석시네이트, 황색5호 (CI 15985), 적색227호 (CI 17200), 향료, 에틸헥실글리세린,
황색4호 (CI 19140), 벤질알코올, 청색1호 (CI 42090), 리날룰, 망고씨버터, 서양자두씨추출물,
라즈베리씨오일/토코페릴석시네이트아미노프로판다이올에스터, 부틸렌글라이콜, 1,2-헥산다이올,
다이메틸실란올하이알루로네이트, 하이드롤라이즈드하이알루로닉애씨드, 하이드롤라이즈드소듐하이알루로네이트, 하이알루로닉애씨드,
포타슘하이알루로네이트, 소듐하이알루로네이트, 하이드록시프로필트라이모늄하이알루로네이트,
소듐하이알루로네이트크로스폴리머, 소듐하이알루로네이트다이메틸실란올, 소듐아세틸레이티드하이알루로네이트

롬앤 더 쥬시 래스팅 틴트 36 키튼리치 

정제수, 옥틸도데칸올, 변성알코올, 트라이메틸실록시페닐다이메티콘, 폴리솔베이트60, 에틸셀룰로오스, 베헤닐알코올, 펜틸렌글라이콜,
피토스테릴이소스테아릴다이머디리놀리에이트, 아크릴레이트코폴리머, 솔비탄스테아레이트, 실리카,
소듐아크릴레이트/소듐아크릴로일다이메틸타우레이트코폴리머, 티타늄디옥사이드 (CI 77891), 아이소헥사데칸, 다이아이소스테아릴말레이트, 페녹시에탄올,
글리세릴스테아레이트, 피이지-100스테아레이트, 폴리글리세릴-2트라이아이소스테아레이트, 폴리솔베이트80, 적색227호 (CI 17200), 솔비탄올리에이트,
향료, 황색산화철 (CI 77492), 트라이소듐에틸렌다이아민다이석시네이트, 황색4호 (CI 19140), 에틸헥실글리세린,
알루미늄하이드록사이드, 암모늄폴리아크릴레이트, 벤질알코올, 청색1호 (CI 42090), 부틸렌글라이콜, 리날룰,
라즈베리씨오일/토코페릴석시네이트아미노프로판다이올에스터, 망고씨버터, 서양자두씨추출물, 1,2-헥산다이올, 다이메틸실란올하이알루로네이트,
하이드롤라이즈드소듐하이알루로네이트, 하이드롤라이즈드하이알루로닉애씨드, 소듐하이알루로네이트, 포타슘하이알루로네이트, 하이알루로닉애씨드,
소듐하이알루로네이트크로스폴리머, 하이드록시프로필트라이모늄하이알루로네이트, 소듐하이알루로네이트다이메틸실란올,
소듐아세틸레이티드하이알루로네이트

롬앤 더 쥬시 래스팅 틴트 37 구아바 데이지

정제수, 옥틸도데칸올, 변성알코올, 트라이메틸실록시페닐다이메티콘, 폴리솔베이트60, 에틸셀룰로오스, 베헤닐알코올, 펜틸렌글라이콜,
피토스테릴이소스테아릴다이머디리놀리에이트, 아크릴레이트코폴리머, 솔비탄스테아레이트, 실리카,
소듐아크릴레이트/소듐아크릴로일다이메틸타우레이트코폴리머, 아이소헥사데칸, 페녹시에탄올, 티타늄디옥사이드 (CI 77891), 글리세릴스테아레이트,
다이아이소스테아릴말레이트, 피이지-100스테아레이트, 폴리글리세릴-2트라이아이소스테아레이트, 폴리솔베이트80, 적색산화철 (CI 77491),
솔비탄올리에이트, 향료, 황색산화철 (CI 77492), 트라이소듐에틸렌다이아민다이석시네이트, 적색227호 (CI 17200),
적색104호의(1) (CI 45410), 황색4호 (CI 19140), 황색5호 (CI 15985), 에틸헥실글리세린, 벤질알코올,
청색1호 (CI 42090), 알루미늄하이드록사이드, 암모늄폴리아크릴레이트, 리날룰, 부틸렌글라이콜,
라즈베리씨오일/토코페릴석시네이트아미노프로판다이올에스터, 망고씨버터, 서양자두씨추출물, 1,2-헥산다이올,
다이메틸실란올하이알루로네이트, 하이드롤라이즈드소듐하이알루로네이트, 하이드롤라이즈드하이알루로닉애씨드, 소듐하이알루로네이트,
포타슘하이알루로네이트, 하이알루로닉애씨드, 소듐하이알루로네이트크로스폴리머, 하이드록시프로필트라이모늄하이알루로네이트,
소듐하이알루로네이트다이메틸실란올, 소듐아세틸레이티드하이알루로네이트

롬앤 더 쥬시 래스팅 틴트 38 클라우디 베리

정제수, 옥틸도데칸올, 변성알코올, 트라이메틸실록시페닐다이메티콘, 폴리솔베이트60, 에틸셀룰로오스, 베헤닐알코올, 펜틸렌글라이콜,
피토스테릴이소스테아릴다이머디리놀리에이트, 아크릴레이트코폴리머, 다이아이소스테아릴말레이트, 솔비탄스테아레이트, 실리카,
소듐아크릴레이트/소듐아크릴로일다이메틸타우레이트코폴리머, 아이소헥사데칸, 티타늄디옥사이드 (CI 77891), 흑색산화철 (CI 77499), 페녹시에탄올,
글리세릴스테아레이트, 피이지-100스테아레이트, 폴리솔베이트80, 솔비탄올리에이트, 향료, 트라이소듐에틸렌다이아민다이석시네이트,
에틸헥실글리세린, 벤질알코올, 리날룰, 라즈베리씨오일/토코페릴석시네이트아미노프로판다이올에스터, 망고씨버터,
서양자두씨추출물, 부틸렌글라이콜, 1,2-헥산다이올, 다이메틸실란올하이알루로네이트,
하이드롤라이즈드소듐하이알루로네이트, 하이드롤라이즈드하이알루로닉애씨드, 소듐하이알루로네이트, 포타슘하이알루로네이트,
하이알루로닉애씨드, 소듐하이알루로네이트크로스폴리머, 하이드록시프로필트라이모늄하이알루로네이트,
소듐하이알루로네이트다이메틸실란올, 소듐아세틸레이티드하이알루로네이트"
25,A000000231885,[속건조필수템] 웰라쥬 리얼 히알루로닉 블루 100 앰플 75ml 2입 기획,55,"정제수, 프로판다이올, 펜틸렌글라이콜, 글리세린, 1,2-헥산다이올, 판테놀, 메틸프로판다이올, 소듐아크릴릭애씨드/엠에이코폴리머, 부틸렌글라이콜, 참마뿌리추출물, 잔탄검, 소듐시트레이트, 에틸헥실글리세린, 소듐하이알루로네이트(1,000ppm), 글라이코실트레할로오스, 하이드로제네이티드스타치하이드롤리세이트, 시트릭애씨드, 라피노오스, 아데노신, 레시틴, 트라이소듐에틸렌다이아민다이석시네이트, 카프릴릴글라이콜, 사카라이드아이소머레이트, 폴리쿼터늄-51, 말라카이트추출물, 알지닌, 소듐디엔에이, 갈랑가갈랑갈추출물, 바이오사카라이드검-1, 사이아노코발아민, 토코페롤, 카프릴릭/카프릭트라이글리세라이드, 하이드로제네이티드레시틴, 하이드롤라이즈드하이알루로닉애씨드(0.100052ppm) 하이드롤라이즈드소듐하이알루로네이트(0.1ppm), 수크로오스라우레이트, 소듐스테아로일글루타메이트, 암모늄아크릴로일다이메틸타우레이트/브이피코폴리머, 글라이신, 세린, 히스티딘, 돌콩추출물, 라이소레시틴, 플로레틴, 테트라하이드로피페린, 다이메틸아이소소바이드, 소듐하이알루로네이트크로스폴리머(2.08ppb), 벤질글라이콜, 하이드롤라이즈드글라이코사미노글리칸, 올레일알코올, 베타-글루칸, 하이드록시프로필트라이모늄하이알루로네이트(0.012ppb), 하이알루로닉애씨드(0.001ppb), 소듐아세틸레이티드하이알루로네이트(0.0002ppb)"
27,A000000180532,[레오파드 헬로키티]웨이크메이크 소프트 블러링 아이팔레트(단품),5770,"[02호 생기 블러링]
[시스루] 다이메티콘, 합성플루오르플로고파이트, 티타늄디옥사이드 (CI 77891), 메틸메타크릴레이트크로스폴리머, 마이카 (CI 77019), 칼슘티타늄보로실리케이트, 네오펜틸글라이콜다이에틸헥사노에이트, 헥실라우레이트, 다이메티콘/비닐다이메티콘크로스폴리머, 나일론-12, 다이글리세릴세바케이트/아이소팔미테이트, 솔비탄세스퀴아이소스테아레이트, 마그네슘미리스테이트, 다이펜타에리스리틸헥사하이드록시스테아레이트/헥사스테아레이트/헥사로지네이트, 프로판다이올, 합성왁스, 실리카, 트라이에톡시카프릴릴실레인, 토코페롤, 틴옥사이드 (CI 77861), 페녹시에탄올, 적색산화철 (CI 77491), 카민 (CI 75470)
[스너그] 마이카 (CI 77019), 탤크, 티타늄디옥사이드 (CI 77891), 합성플루오르플로고파이트, 네오펜틸글라이콜다이에틸헥사노에이트, 페닐트라이메티콘, 나일론-12, 실리카, 마그네슘미리스테이트, 옥틸도데실스테아로일스테아레이트, 마그네슘스테아레이트, 다이아이소스테아릴말레이트, 다이펜타에리스리틸헥사하이드록시스테아레이트/헥사스테아레이트/헥사로지네이트, 아이소스테아릴네오펜타노에이트, 사라수씨버터, 메틸프로판다이올, 폴리부텐, 프로판다이올, 다이메티콘, 트라이에톡시카프릴릴실레인, 카프릴릭/카프릭트라이글리세라이드, 메티콘, 알루미늄하이드록사이드, 말토덱스트린, 카올린, 틴옥사이드 (CI 77861), 적색산화철 (CI 77491), 카민 (CI 75470), 흑색산화철 (CI 77499), 망가니즈바이올렛 (CI 77742), 황색산화철 (CI 77492), 울트라마린 (CI 77007)
[본] 탤크, 마이카 (CI 77019), 카프릴릭/카프릭트라이글리세라이드, 실리카, 바륨설페이트, 티타늄디옥사이드 (CI 77891), 보론나이트라이드, 메틸프로판다이올, 나일론-12, 다이메티콘, 마그네슘미리스테이트, 다이메티콘올스테아레이트, 프로판다이올, 마그네슘스테아레이트, 하이드록시프로필비스팔미타마이드엠이에이, 알루미늄하이드록사이드, 트라이에톡시카프릴릴실레인, 카올린, 황색4호 (CI 19140), 황색산화철 (CI 77492), 망가니즈바이올렛 (CI 77742), 적색226호 (CI 73360), 울트라마린 (CI 77007), 적색산화철 (CI 77491), 흑색산화철 (CI 77499)
[클라우드] 탤크, 마이카 (CI 77019), 카프릴릭/카프릭트라이글리세라이드, 실리카, 바륨설페이트, 티타늄디옥사이드 (CI 77891), 보론나이트라이드, 메틸프로판다이올, 다이메티콘, 마그네슘미리스테이트, 다이메티콘올스테아레이트, 프로판다이올, 마그네슘스테아레이트, 하이드록시프로필비스팔미타마이드엠이에이, 알루미늄하이드록사이드, 트라이에톡시카프릴릴실레인, 카올린, 황색4호 (CI 19140), 망가니즈바이올렛 (CI 77742), 황색산화철 (CI 77492), 적색226호 (CI 73360), 적색산화철 (CI 77491), 울트라마린 (CI 77007), 흑색산화철 (CI 77499)
[페스티벌] 다이메티콘, 칼슘티타늄보로실리케이트, 합성플루오르플로고파이트, 메틸메타크릴레이트크로스폴리머, 마이카 (CI 77019), 티타늄디옥사이드 (CI 77891), 네오펜틸글라이콜다이에틸헥사노에이트, 헥실라우레이트, 다이메티콘/비닐다이메티콘크로스폴리머, 나일론-12, 다이글리세릴세바케이트/아이소팔미테이트, 솔비탄세스퀴아이소스테아레이트, 마그네슘미리스테이트, 다이펜타에리스리틸헥사하이드록시스테아레이트/헥사스테아레이트/헥사로지네이트, 프로판다이올, 합성왁스, 카올린, 토코페롤, 틴옥사이드 (CI 77861), 페녹시에탄올, 망가니즈바이올렛 (CI 77742), 카민 (CI 75470), 적색226호 (CI 73360), 울트라마린 (CI 77007) 
[레이니] 탤크, 마이카 (CI 77019), 실리카, 카프릴릭/카프릭트라이글리세라이드, 바륨설페이트, 망가니즈바이올렛 (CI 77742), 티타늄디옥사이드 (CI 77891), 황색산화철 (CI 77492), 보론나이트라이드, 메틸프로판다이올, 다이메티콘, 마그네슘미리스테이트, 다이메티콘올스테아레이트, 프로판다이올, 마그네슘스테아레이트, 하이드록시프로필비스팔미타마이드엠이에이, 카올린, 알루미늄하이드록사이드, 트라이에톡시카프릴릴실레인, 적색산화철 (CI 77491), 흑색산화철 (CI 77499), 적색226호 (CI 73360), 울트라마린 (CI 77007) 
[밸런스] 탤크, 마이카 (CI 77019), 티타늄디옥사이드 (CI 77891), 나일론-12, 실리카, 네오펜틸글라이콜다이에틸헥사노에이트, 페닐트라이메티콘, 합성플루오르플로고파이트, 마그네슘미리스테이트, 다이펜타에리스리틸헥사하이드록시스테아레이트/헥사스테아레이트/헥사로지네이트, 다이메티콘, 마카다미아씨오일, 메틸프로판다이올, 다이아이소스테아릴말레이트, 아이소스테아릴네오펜타노에이트, 옥틸도데실스테아로일스테아레이트, 마그네슘스테아레이트, 프로판다이올, 폴리부텐, 트라이에톡시카프릴릴실레인, 라우로일라이신, 하이드로제네이티드레시틴, 알루미늄하이드록사이드, 카올린, 틴옥사이드 (CI 77861), 적색산화철 (CI 77491), 카민 (CI 75470), 적색226호 (CI 73360), 망가니즈바이올렛 (CI 77742), 황색4호 (CI 19140), 흑색산화철 (CI 77499)
[어반] 탤크, 마이카 (CI 77019), 실리카, 카프릴릭/카프릭트라이글리세라이드, 망가니즈바이올렛 (CI 77742), 바륨설페이트, 티타늄디옥사이드 (CI 77891), 황색산화철 (CI 77492), 보론나이트라이드, 메틸프로판다이올, 다이메티콘, 마그네슘미리스테이트, 다이메티콘올스테아레이트, 프로판다이올, 마그네슘스테아레이트, 하이드록시프로필비스팔미타마이드엠이에이, 카올린, 알루미늄하이드록사이드, 트라이에톡시카프릴릴실레인, 적색산화철 (CI 77491), 흑색산화철 (CI 77499), 적색226호 (CI 73360), 울트라마린 (CI 77007) 
[디퍼런스] 다이메티콘, 칼슘알루미늄보로실리케이트, 합성플루오르플로고파이트, 티타늄디옥사이드 (CI 77891), 메틸메타크릴레이트크로스폴리머, 네오펜틸글라이콜다이에틸헥사노에이트, 헥실라우레이트, 실리카, 다이메티콘/비닐다이메티콘크로스폴리머, 나일론-12, 다이글리세릴세바케이트/아이소팔미테이트, 솔비탄세스퀴아이소스테아레이트, 마그네슘미리스테이트, 다이펜타에리스리틸헥사하이드록시스테아레이트/헥사스테아레이트/헥사로지네이트, 프로판다이올, 합성왁스, 트라이에톡시카프릴릴실레인, 말토덱스트린, 토코페롤, 틴옥사이드 (CI 77861), 페녹시에탄올, 마이카 (CI 77019), 카민 (CI 75470), 적색산화철 (CI 77491), 흑색산화철 (CI 77499)
[스모크] 마이카 (CI 77019), 탤크, 티타늄디옥사이드 (CI 77891), 네오펜틸글라이콜다이에틸헥사노에이트, 페닐트라이메티콘, 다이펜타에리스리틸헥사하이드록시스테아레이트/헥사스테아레이트/헥사로지네이트, 망가니즈바이올렛 (CI 77742), 합성플루오르플로고파이트, 마그네슘미리스테이트, 다이아이소스테아릴말레이트, 아이소스테아릴네오펜타노에이트, 옥틸도데실스테아로일스테아레이트, 사라수씨버터, 메틸프로판다이올, 실리카, 폴리부텐, 마그네슘스테아레이트, 프로판다이올, 다이메티콘, 라우로일라이신, 카올린, 트라이에톡시카프릴릴실레인, 알루미늄하이드록사이드, 틴옥사이드 (CI 77861), 적색산화철 (CI 77491), 카민 (CI 75470), 흑색산화철 (CI 77499), 황색산화철 (CI 77492), 울트라마린 (CI 77007) 
[에센셜] 탤크, 마이카 (CI 77019), 망가니즈바이올렛 (CI 77742), 티타늄디옥사이드 (CI 77891), 실리카, 카프릴릭/카프릭트라이글리세라이드, 황색산화철 (CI 77492), 바륨설페이트, 적색산화철 (CI 77491), 보론나이트라이드, 메틸프로판다이올, 마그네슘미리스테이트, 카올린, 다이메티콘, 프로판다이올, 다이메티콘올스테아레이트, 알루미늄하이드록사이드, 마그네슘스테아레이트, 트라이에톡시카프릴릴실레인, 하이드록시프로필비스팔미타마이드엠이에이, 말토덱스트린, 흑색산화철 (CI 77499), 카민 (CI 75470), 적색226호 (CI 73360), 울트라마린 (CI 77007)
[더스키 로즈] 탤크, 마이카 (CI 77019), 망가니즈바이올렛 (CI 77742), 실리카, 카프릴릭/카프릭트라이글리세라이드, 바륨설페이트, 티타늄디옥사이드 (CI 77891), 적색산화철 (CI 77491), 울트라마린 (CI 77007), 황색산화철 (CI 77492), 보론나이트라이드, 메틸프로판다이올, 마그네슘미리스테이트, 다이메티콘, 프로판다이올, 다이메티콘올스테아레이트, 카올린, 마그네슘스테아레이트, 하이드록시프로필비스팔미타마이드엠이에이, 알루미늄하이드록사이드, 트라이에톡시카프릴릴실레인, 흑색산화철 (CI 77499), 적색226호 (CI 73360) 
[포그] 탤크, 마이카 (CI 77019), 티타늄디옥사이드 (CI 77891), 망가니즈바이올렛 (CI 77742), 실리카, 카프릴릭/카프릭트라이글리세라이드, 바륨설페이트, 울트라마린 (CI 77007), 황색산화철 (CI 77492), 보론나이트라이드, 메틸프로판다이올, 마그네슘미리스테이트, 카올린, 프로판다이올, 다이메티콘, 다이메티콘올스테아레이트, 알루미늄하이드록사이드, 트라이에톡시카프릴릴실레인, 마그네슘스테아레이트, 하이드록시프로필비스팔미타마이드엠이에이, 적색산화철 (CI 77491), 적색226호 (CI 73360), 흑색산화철 (CI 77499)
[뎁스] 탤크, 마이카 (CI 77019), 망가니즈바이올렛 (CI 77742), 실리카, 티타늄디옥사이드 (CI 77891), 울트라마린 (CI 77007), 카프릴릭/카프릭트라이글리세라이드, 적색산화철 (CI 77491), 바륨설페이트, 보론나이트라이드, 메틸프로판다이올, 마그네슘미리스테이트, 카올린, 프로판다이올, 다이메티콘, 다이메티콘올스테아레이트, 마그네슘스테아레이트, 하이드록시프로필비스팔미타마이드엠이에이, 알루미늄하이드록사이드, 트라이에톡시카프릴릴실레인, 흑색산화철 (CI 77499), 황색산화철 (CI 77492), 적색226호 (CI 73360)
[레더] 탤크, 티타늄디옥사이드 (CI 77891), 마이카 (CI 77019), 칼슘티타늄보로실리케이트, 알루미늄전분옥테닐석시네이트, 합성플루오르플로고파이트, 망가니즈바이올렛 (CI 77742), 울트라마린 (CI 77007), 적색산화철 (CI 77491), 카프릴릭/카프릭트라이글리세라이드, 실리카, 황색산화철 (CI 77492), 다이아이소스테아릴말레이트, 마그네슘미리스테이트, 흑색산화철 (CI 77499), 메틸프로판다이올, 나일론-12, 마그네슘스테아레이트, 프로판다이올, 트라이에톡시카프릴릴실레인, 다이메티콘, 알루미늄하이드록사이드, 카올린, 틴옥사이드 (CI 77861) 
[푸스] 마이카 (CI 77019), 탤크, 적색산화철 (CI 77491), 흑색산화철 (CI 77499), 티타늄디옥사이드 (CI 77891), 칼슘티타늄보로실리케이트, 네오펜틸글라이콜다이에틸헥사노에이트, 마그네슘미리스테이트, 페닐트라이메티콘, 나일론-12, 다이펜타에리스리틸헥사하이드록시스테아레이트/헥사스테아레이트/헥사로지네이트, 합성플루오르플로고파이트, 마그네슘스테아레이트, 다이아이소스테아릴말레이트, 아이소스테아릴네오펜타노에이트, 옥틸도데실스테아로일스테아레이트, 사라수씨버터, 메틸프로판다이올, 폴리부텐, 프로판다이올, 트라이에톡시카프릴릴실레인, 다이메티콘, 실리카, 말토덱스트린, 틴옥사이드 (CI 77861), 울트라마린 (CI 77007), 카민 (CI 75470), 황색산화철 (CI 77492)

[03호 선셋 블러링]
[페이보릿] 탤크, 티타늄디옥사이드 (CI 77891), 알루미늄전분옥테닐석시네이트, 칼슘소듐보로실리케이트, 합성플루오르플로고파이트, 마이카 (CI 77019), 실리카, 나일론-12, 카프릴릭/카프릭트라이글리세라이드, 마그네슘미리스테이트, 메틸프로판다이올, 다이아이소스테아릴말레이트, 마그네슘스테아레이트, 프로판다이올, 알루미늄하이드록사이드, 트라이에톡시카프릴릴실레인, 다이메티콘올스테아레이트, 다이메티콘, 틴옥사이드 (CI 77861), 황색산화철 (CI 77492), 황색4호 (CI 19140), 적색226호 (CI 73360), 울트라마린 (CI 77007), 적색산화철 (CI 77491), 흑색산화철 (CI 77499)
[밸런스] 탤크, 마이카 (CI 77019), 티타늄디옥사이드 (CI 77891), 실리카, 칼슘알루미늄보로실리케이트, 옥틸도데실스테아로일스테아레이트, 페닐트라이메티콘, 마그네슘미리스테이트, 메틸프로판다이올, 카프릴릭/카프릭트라이글리세라이드, 다이펜타에리스리틸헥사하이드록시스테아레이트/헥사스테아레이트/헥사로지네이트, 다이아이소스테아릴말레이트, 마그네슘스테아레이트, 프로판다이올, 다이메티콘올스테아레이트, 트라이에톡시카프릴릴실레인, 메티콘, 하이드로제네이티드레시틴, 다이메티콘, 알루미늄하이드록사이드, 카올린, 틴옥사이드 (CI 77861), 적색산화철 (CI 77491), 울트라마린 (CI 77007), 황색산화철 (CI 77492), 흑색산화철 (CI 77499), 망가니즈바이올렛 (CI 77742)
[펄] 다이메티콘, 합성플루오르플로고파이트, 칼슘티타늄보로실리케이트, 메틸메타크릴레이트크로스폴리머, 칼슘알루미늄보로실리케이트, 칼슘소듐보로실리케이트, 티타늄디옥사이드 (CI 77891), 네오펜틸글라이콜다이에틸헥사노에이트, 헥실라우레이트, 다이메티콘/비닐다이메티콘크로스폴리머, 나일론-12, 다이글리세릴세바케이트/아이소팔미테이트, 마이카 (CI 77019), 솔비탄세스퀴아이소스테아레이트, 합성왁스, 다이펜타에리스리틸헥사하이드록시스테아레이트/헥사스테아레이트/헥사로지네이트, 프로판다이올, 마그네슘미리스테이트, 토코페롤, 틴옥사이드 (CI 77861), 페녹시에탄올, 적색산화철 (CI 77491), 카민 (CI 75470), 황색산화철 (CI 77492), 흑색산화철 (CI 77499) 
[스킨] 탤크, 마이카 (CI 77019), 나일론-12, 티타늄디옥사이드 (CI 77891), 옥틸도데실스테아로일스테아레이트, 페닐트라이메티콘, 마그네슘미리스테이트, 실리카, 메틸프로판다이올, 트라이에톡시카프릴릴실레인, 다이펜타에리스리틸헥사하이드록시스테아레이트/헥사스테아레이트/헥사로지네이트, 다이아이소스테아릴말레이트, 다이메티콘, 마그네슘스테아레이트, 프로판다이올, 하이드로제네이티드레시틴, 알루미늄하이드록사이드, 메티콘, 마이크로크리스탈린셀룰로오스, 카올린, 적색산화철 (CI 77491), 황색산화철 (CI 77492), 흑색산화철 (CI 77499), 울트라마린 (CI 77007), 황색4호 (CI 19140), 망가니즈바이올렛 (CI 77742) 
[도파민] 탤크, 마이카 (CI 77019), 티타늄디옥사이드 (CI 77891), 나일론-12, 보론나이트라이드, 실리카, 네오펜틸글라이콜다이에틸헥사노에이트, 페닐트라이메티콘, 다이메티콘, 마카다미아씨오일, 마그네슘미리스테이트, 메틸프로판다이올, 다이펜타에리스리틸헥사하이드록시스테아레이트/헥사스테아레이트/헥사로지네이트, 다이아이소스테아릴말레이트, 아이소스테아릴네오펜타노에이트, 옥틸도데실스테아로일스테아레이트, 마그네슘스테아레이트, 프로판다이올, 폴리부텐, 라우로일라이신, 알루미늄하이드록사이드, 메티콘, 트라이에톡시카프릴릴실레인, 말토덱스트린, 황색4호 (CI 19140), 카민 (CI 75470), 적색산화철 (CI 77491), 황색산화철 (CI 77492), 울트라마린 (CI 77007), 흑색산화철 (CI 77499)
[유니크] 마이카 (CI 77019), 탤크, 티타늄디옥사이드 (CI 77891), 알루미늄전분옥테닐석시네이트, 옥틸도데실스테아로일스테아레이트, 페닐트라이메티콘, 실리카, 다이펜타에리스리틸헥사하이드록시스테아레이트/헥사스테아레이트/헥사로지네이트, 다이아이소스테아릴말레이트, 마그네슘미리스테이트, 마카다미아씨오일, 메틸프로판다이올, 마그네슘스테아레이트, 프로판다이올, 트라이에톡시카프릴릴실레인, 다이메티콘, 알루미늄하이드록사이드, 메티콘, 틴옥사이드 (CI 77861), 적색산화철 (CI 77491), 카민 (CI 75470), 황색4호 (CI 19140), 황색산화철 (CI 77492), 울트라마린 (CI 77007), 흑색산화철 (CI 77499)
[메리골드] 다이메티콘, 합성플루오르플로고파이트, 칼슘티타늄보로실리케이트, 티타늄디옥사이드 (CI 77891), 메틸메타크릴레이트크로스폴리머, 칼슘소듐보로실리케이트, 마이카 (CI 77019), 네오펜틸글라이콜다이에틸헥사노에이트, 헥실라우레이트, 칼슘알루미늄보로실리케이트, 다이메티콘/비닐다이메티콘크로스폴리머, 나일론-12, 다이글리세릴세바케이트/아이소팔미테이트, 솔비탄세스퀴아이소스테아레이트, 마그네슘미리스테이트, 다이펜타에리스리틸헥사하이드록시스테아레이트/헥사스테아레이트/헥사로지네이트, 프로판다이올, 실리카, 합성왁스, 트라이에톡시카프릴릴실레인, 말토덱스트린, 토코페롤, 틴옥사이드 (CI 77861), 페녹시에탄올, 적색산화철 (CI 77491), 황색4호 (CI 19140), 카민 (CI 75470), 황색5호 (CI 15985)
[코지] 탤크, 마이카 (CI 77019), 나일론-12, 티타늄디옥사이드 (CI 77891), 실리카, 옥틸도데실스테아로일스테아레이트, 페닐트라이메티콘, 적색산화철 (CI 77491), 황색산화철 (CI 77492), 메틸프로판다이올, 다이펜타에리스리틸헥사하이드록시스테아레이트/헥사스테아레이트/헥사로지네이트, 마그네슘미리스테이트, 다이아이소스테아릴말레이트, 프로판다이올, 하이드로제네이티드레시틴, 마그네슘스테아레이트, 다이메티콘, 알루미늄하이드록사이드, 메티콘, 카올린, 흑색산화철 (CI 77499), 망가니즈바이올렛 (CI 77742)
[선샤인] 탤크, 마이카 (CI 77019), 나일론-12, 티타늄디옥사이드 (CI 77891), 칼슘알루미늄보로실리케이트, 실리카, 황색산화철 (CI 77492), 적색산화철 (CI 77491), 옥틸도데실스테아로일스테아레이트, 페닐트라이메티콘, 메틸프로판다이올, 트라이에톡시카프릴릴실레인, 다이펜타에리스리틸헥사하이드록시스테아레이트/헥사스테아레이트/헥사로지네이트, 다이메티콘, 다이아이소스테아릴말레이트, 마그네슘스테아레이트, 프로판다이올, 하이드로제네이티드레시틴, 알루미늄하이드록사이드, 메티콘, 말토덱스트린, 카올린, 틴옥사이드 (CI 77861), 카민 (CI 75470), 망가니즈바이올렛 (CI 77742), 울트라마린 (CI 77007), 황색4호 (CI 19140), 흑색산화철 (CI 77499)
[러스트] 탤크, 마이카 (CI 77019), 알루미늄전분옥테닐석시네이트, 티타늄디옥사이드 (CI 77891), 카프릴릭/카프릭트라이글리세라이드, 트라이에틸헥사노인, 망가니즈바이올렛 (CI 77742), 마그네슘미리스테이트, 실리카, 적색산화철 (CI 77491), 마카다미아씨오일, 보론나이트라이드, 마그네슘스테아레이트, 메틸프로판다이올, 비닐다이메티콘/메티콘실세스퀴옥세인크로스폴리머, 트라이에톡시카프릴릴실레인, 프로판다이올, 다이펜타에리스리틸헥사하이드록시스테아레이트/헥사스테아레이트/헥사로지네이트, 다이메티콘, 알루미늄하이드록사이드, 카올린, 황색산화철 (CI 77492), 울트라마린 (CI 77007), 흑색산화철 (CI 77499), 황색4호 (CI 19140), 적색226호 (CI 73360)
[세컨드] 탤크, 마이카 (CI 77019), 티타늄디옥사이드 (CI 77891), 옥틸도데실스테아로일스테아레이트, 페닐트라이메티콘, 메틸메타크릴레이트크로스폴리머, 실리카, 다이메티콘, 적색산화철 (CI 77491), 보론나이트라이드, 메틸프로판다이올, 마그네슘미리스테이트, 프로판다이올, 하이드로제네이티드레시틴, 마그네슘스테아레이트, 알루미늄하이드록사이드, 메티콘, 라우로일라이신, 트라이에톡시카프릴릴실레인, 황색산화철 (CI 77492), 흑색산화철 (CI 77499), 적색226호 (CI 73360)
[피넛] 탤크, 마이카 (CI 77019), 나일론-12, 티타늄디옥사이드 (CI 77891), 보론나이트라이드, 실리카, 네오펜틸글라이콜다이에틸헥사노에이트, 페닐트라이메티콘, 다이메티콘, 적색산화철 (CI 77491), 황색산화철 (CI 77492), 다이펜타에리스리틸헥사하이드록시스테아레이트/헥사스테아레이트/헥사로지네이트, 마카다미아씨오일, 마그네슘미리스테이트, 메틸프로판다이올, 다이아이소스테아릴말레이트, 아이소스테아릴네오펜타노에이트, 옥틸도데실스테아로일스테아레이트, 마그네슘스테아레이트, 프로판다이올, 폴리부텐, 라우로일라이신, 알루미늄하이드록사이드, 메티콘, 트라이에톡시카프릴릴실레인, 카올린, 망가니즈바이올렛 (CI 77742), 흑색산화철 (CI 77499), 울트라마린 (CI 77007)
[번] 다이메티콘, 합성플루오르플로고파이트, 마이카 (CI 77019), 티타늄디옥사이드 (CI 77891), 보론나이트라이드, 적색산화철 (CI 77491), 글리세린, 마그네슘스테아레이트, 아이소프로필팔미테이트, 마그네슘미리스테이트, 마그네슘알루미늄실리케이트, 펜틸렌글라이콜, 트라이에톡시카프릴릴실레인, 폴리솔베이트20, 옥틸도데실스테아로일스테아레이트, 아크릴아마이드/소듐아크릴로일다이메틸타우레이트코폴리머, 솔비탄올리베이트, 솔비탄스테아레이트, 아이소헥사데칸, 에틸헥실글리세린, 폴리솔베이트80, 솔비탄올리에이트, 토코페롤, 틴옥사이드 (CI 77861), 페녹시에탄올, 포타슘솔베이트, 소듐데하이드로아세테이트, 황색산화철 (CI 77492), 적색226호 (CI 73360), 흑색산화철 (CI 77499)
[악센트] 탤크, 마이카 (CI 77019), 알루미늄전분옥테닐석시네이트, 티타늄디옥사이드 (CI 77891), 합성플루오르플로고파이트, 카프릴릭/카프릭트라이글리세라이드, 적색산화철 (CI 77491), 마그네슘미리스테이트, 다이아이소스테아릴말레이트, 메틸프로판다이올, 트라이에톡시카프릴릴실레인, 마그네슘스테아레이트, 프로판다이올, 다이메티콘, 알루미늄하이드록사이드, 말토덱스트린, 틴옥사이드 (CI 77861), 흑색산화철 (CI 77499), 황색산화철 (CI 77492), 황색4호 (CI 19140), 카민 (CI 75470), 적색226호 (CI 73360)
[코랄 워싱] 다이메티콘, 합성플루오르플로고파이트, 칼슘티타늄보로실리케이트, 티타늄디옥사이드 (CI 77891), 메틸메타크릴레이트크로스폴리머, 칼슘소듐보로실리케이트, 네오펜틸글라이콜다이에틸헥사노에이트, 헥실라우레이트, 다이메티콘/비닐다이메티콘크로스폴리머, 나일론-12, 다이글리세릴세바케이트/아이소팔미테이트, 솔비탄세스퀴아이소스테아레이트, 다이펜타에리스리틸헥사하이드록시스테아레이트/헥사스테아레이트/헥사로지네이트, 마그네슘미리스테이트, 프로판다이올, 합성왁스, 트라이에톡시카프릴릴실레인, 카올린, 말토덱스트린, 토코페롤, 틴옥사이드 (CI 77861), 페녹시에탄올, 적색산화철 (CI 77491), 망가니즈바이올렛 (CI 77742), 마이카 (CI 77019), 황색산화철 (CI 77492), 흑색산화철 (CI 77499), 카민 (CI 75470)
[트리] 탤크, 마이카 (CI 77019), 적색산화철 (CI 77491), 흑색산화철 (CI 77499), 실리카, 황색산화철 (CI 77492), 나일론-12, 울트라마린 (CI 77007), 옥틸도데실스테아로일스테아레이트, 페닐트라이메티콘, 마그네슘미리스테이트, 보론나이트라이드, 마그네슘스테아레이트, 메틸프로판다이올, 다이메티콘, 프로판다이올, 트라이에톡시카프릴릴실레인, 라우로일라이신, 하이드로제네이티드레시틴, 말토덱스트린, 카민 (CI 75470)

[04호 라벤더 블러링]
[블루밍] 칼슘알루미늄보로실리케이트, 탤크, 트라이에틸헥사노인, 마이카 (CI 77019), 폴리글리세릴-2트라이아이소스테아레이트, 티타늄디옥사이드 (CI 77891), 실리카, 마그네슘미리스테이트, 마그네슘스테아레이트, 하이드로제네이티드캐스터오일아이소스테아레이트, 메틸프로판다이올, 프로판다이올, 트라이에톡시카프릴릴실레인, 다이메티콘, 카올린, 틴옥사이드 (CI 77861), 울트라마린 (CI 77007), 황색산화철 (CI 77492), 적색산화철 (CI 77491), 흑색산화철 (CI 77499)
[페일] 티타늄디옥사이드 (CI 77891), 다이메티콘, 마이카 (CI 77019), 합성플루오르플로고파이트, 보론나이트라이드, 글리세린, 마그네슘스테아레이트, 실리카, 아이소프로필팔미테이트, 마그네슘미리스테이트, 마그네슘알루미늄실리케이트, 펜틸렌글라이콜, 폴리솔베이트20, 옥틸도데실스테아로일스테아레이트, 아크릴아마이드/소듐아크릴로일다이메틸타우레이트코폴리머, 트라이에톡시카프릴릴실레인, 솔비탄올리베이트, 솔비탄스테아레이트, 아이소헥사데칸, 에틸헥실글리세린, 폴리솔베이트80, 솔비탄올리에이트, 토코페롤, 틴옥사이드 (CI 77861), 페녹시에탄올, 포타슘솔베이트, 소듐데하이드로아세테이트, 적색226호 (CI 73360), 적색산화철 (CI 77491), 황색산화철 (CI 77492), 흑색산화철 (CI 77499)
[티어] 다이메티콘, 합성플루오르플로고파이트, 칼슘알루미늄보로실리케이트, 칼슘소듐보로실리케이트, 메틸메타크릴레이트크로스폴리머, 네오펜틸글라이콜다이에틸헥사노에이트, 티타늄디옥사이드 (CI 77891), 헥실라우레이트, 나일론-12, 다이메티콘/비닐다이메티콘크로스폴리머, 다이글리세릴세바케이트/아이소팔미테이트, 솔비탄세스퀴아이소스테아레이트, 다이펜타에리스리틸헥사하이드록시스테아레이트/헥사스테아레이트/헥사로지네이트, 마그네슘미리스테이트, 프로판다이올, 합성왁스, 실리카, 카올린, 말토덱스트린, 토코페롤, 틴옥사이드 (CI 77861), 페녹시에탄올, 마이카 (CI 77019), 적색산화철 (CI 77491), 카민 (CI 75470), 망가니즈바이올렛 (CI 77742), 울트라마린 (CI 77007)
[프로스트] 탤크, 마이카 (CI 77019), 티타늄디옥사이드 (CI 77891), 실리카, 보론나이트라이드, 마그네슘미리스테이트, 옥틸도데실스테아로일스테아레이트, 페닐트라이메티콘, 카프릴릭/카프릭트라이글리세라이드, 메틸프로판다이올, 다이펜타에리스리틸헥사하이드록시스테아레이트/헥사스테아레이트/헥사로지네이트, 트라이에톡시카프릴릴실레인, 마그네슘스테아레이트, 프로판다이올, 다이아이소스테아릴말레이트, 다이메티콘, 다이메티콘올스테아레이트, 라우로일라이신, 알루미늄하이드록사이드, 메티콘, 카올린, 망가니즈바이올렛 (CI 77742), 흑색산화철 (CI 77499), 적색산화철 (CI 77491), 황색산화철 (CI 77492), 울트라마린 (CI 77007)
[프렌치 라벤더] 탤크, 마이카 (CI 77019), 합성플루오르플로고파이트, 실리카, 티타늄디옥사이드 (CI 77891), 울트라마린 (CI 77007), 보론나이트라이드, 옥틸도데실스테아로일스테아레이트, 페닐트라이메티콘, 다이메티콘, 마카다미아씨오일, 사라수씨버터, 마그네슘미리스테이트, 마그네슘스테아레이트, 메틸프로판다이올, 다이펜타에리스리틸헥사하이드록시스테아레이트/헥사스테아레이트/헥사로지네이트, 트라이에톡시카프릴릴실레인, 다이아이소스테아릴말레이트, 프로판다이올, 카올린, 라우로일라이신, 다이메티콘올스테아레이트, 알루미늄하이드록사이드, 말토덱스트린, 카민 (CI 75470), 흑색산화철 (CI 77499), 적색산화철 (CI 77491), 황색산화철 (CI 77492)
[베이비] 탤크, 마이카 (CI 77019), 합성플루오르플로고파이트, 알루미늄전분옥테닐석시네이트, 티타늄디옥사이드 (CI 77891), 옥틸도데실스테아로일스테아레이트, 실리카, 마그네슘미리스테이트, 마카다미아씨오일, 메틸프로판다이올, 마그네슘스테아레이트, 다이메티콘, 프로판다이올, 트라이에톡시카프릴릴실레인, 알루미늄하이드록사이드, 메티콘, 말토덱스트린, 카올린, 카민 (CI 75470), 망가니즈바이올렛 (CI 77742), 적색산화철 (CI 77491), 황색산화철 (CI 77492), 울트라마린 (CI 77007), 흑색산화철 (CI 77499)
[캔디플로스] 탤크, 마이카 (CI 77019), 티타늄디옥사이드 (CI 77891), 실리카, 페닐트라이메티콘, 옥틸도데실스테아로일스테아레이트, 마그네슘미리스테이트, 보론나이트라이드, 메틸프로판다이올, 트라이에톡시카프릴릴실레인, 다이펜타에리스리틸헥사하이드록시스테아레이트/헥사스테아레이트/헥사로지네이트, 다이아이소스테아릴말레이트, 라우로일라이신, 마그네슘스테아레이트, 프로판다이올, 다이메티콘, 하이드로제네이티드레시틴, 알루미늄하이드록사이드, 적색산화철 (CI 77491), 황색산화철 (CI 77492), 흑색산화철 (CI 77499), 적색226호 (CI 73360), 울트라마린 (CI 77007)
[라이트 플럼] 탤크, 마이카 (CI 77019), 실리카, 칼슘카보네이트, 티타늄디옥사이드 (CI 77891), 합성플루오르플로고파이트, 칼슘알루미늄보로실리케이트, 망가니즈바이올렛 (CI 77742), 옥틸도데실스테아로일스테아레이트, 페닐트라이메티콘, 울트라마린 (CI 77007), 마카다미아씨오일, 보론나이트라이드, 메틸프로판다이올, 칼슘티타늄보로실리케이트, 다이펜타에리스리틸헥사하이드록시스테아레이트/헥사스테아레이트/헥사로지네이트, 트라이에톡시카프릴릴실레인, 다이메티콘, 다이아이소스테아릴말레이트, 마그네슘미리스테이트, 프로판다이올, 하이드로제네이티드레시틴, 마그네슘스테아레이트, 카올린, 알루미늄하이드록사이드, 메티콘, 아이소프로필티타늄트라이아이소스테아레이트, 말토덱스트린, 틴옥사이드 (CI 77861), 세테아릴알코올, 황색산화철 (CI 77492), 적색산화철 (CI 77491), 카민 (CI 75470), 흑색산화철 (CI 77499)
[라일락] 탤크, 마이카 (CI 77019), 합성플루오르플로고파이트, 티타늄디옥사이드 (CI 77891), 울트라마린 (CI 77007), 실리카, 카프릴릭/카프릭트라이글리세라이드, 칼슘알루미늄보로실리케이트, 다이아이소스테아릴말레이트, 마그네슘미리스테이트, 마카다미아씨오일, 보론나이트라이드, 메틸프로판다이올, 마그네슘스테아레이트, 다이메티콘, 트라이에톡시카프릴릴실레인, 프로판다이올, 다이메티콘올스테아레이트, 카올린, 하이드로제네이티드레시틴, 알루미늄하이드록사이드, 말토덱스트린, 틴옥사이드 (CI 77861), 흑색산화철 (CI 77499), 카민 (CI 75470), 적색산화철 (CI 77491), 황색산화철 (CI 77492)
[버블] 탤크, 합성플루오르플로고파이트, 마이카 (CI 77019), 카프릴릭/카프릭트라이글리세라이드, 실리카, 티타늄디옥사이드 (CI 77891), 마그네슘미리스테이트, 마그네슘스테아레이트, 다이메티콘, 마카다미아씨오일, 메틸프로판다이올, 트라이에톡시카프릴릴실레인, 프로판다이올, 라우로일라이신, 보론나이트라이드, 알루미늄하이드록사이드, 메티콘, 말토덱스트린, 카민 (CI 75470), 울트라마린 (CI 77007), 적색산화철 (CI 77491), 흑색산화철 (CI 77499), 적색226호 (CI 73360), 황색산화철 (CI 77492)
[스캔들] 탤크, 마이카 (CI 77019), 티타늄디옥사이드 (CI 77891), 실리카, 옥틸도데실스테아로일스테아레이트, 페닐트라이메티콘, 마그네슘미리스테이트, 마카다미아씨오일, 보론나이트라이드, 메틸프로판다이올, 트라이에톡시카프릴릴실레인, 다이메티콘, 마그네슘스테아레이트, 프로판다이올, 라우로일라이신, 알루미늄하이드록사이드, 적색226호 (CI 73360), 울트라마린 (CI 77007), 적색산화철 (CI 77491), 황색산화철 (CI 77492), 흑색산화철 (CI 77499), 청색1호 (CI 42090), 황색4호 (CI 19140)
[스머지] 탤크, 마이카 (CI 77019), 망가니즈바이올렛 (CI 77742), 옥틸도데실스테아로일스테아레이트, 페닐트라이메티콘, 실리카, 마그네슘미리스테이트, 메틸프로판다이올, 트라이에톡시카프릴릴실레인, 다이펜타에리스리틸헥사하이드록시스테아레이트/헥사스테아레이트/헥사로지네이트, 다이메티콘, 다이아이소스테아릴말레이트, 보론나이트라이드, 프로판다이올, 하이드로제네이티드레시틴, 카올린, 마그네슘스테아레이트, 알루미늄하이드록사이드, 메티콘, 티타늄디옥사이드 (CI 77891), 적색산화철 (CI 77491), 울트라마린 (CI 77007), 황색산화철 (CI 77492), 흑색산화철 (CI 77499), 적색226호 (CI 73360)
[라벤더] 탤크, 마이카 (CI 77019), 티타늄디옥사이드 (CI 77891), 실리카, 울트라마린 (CI 77007), 망가니즈바이올렛 (CI 77742), 옥틸도데실스테아로일스테아레이트, 페닐트라이메티콘, 마카다미아씨오일, 보론나이트라이드, 마그네슘미리스테이트, 메틸프로판다이올, 다이메티콘, 다이펜타에리스리틸헥사하이드록시스테아레이트/헥사스테아레이트/헥사로지네이트, 다이아이소스테아릴말레이트, 마그네슘스테아레이트, 프로판다이올, 다이메티콘올스테아레이트, 트라이에톡시카프릴릴실레인, 알루미늄하이드록사이드, 라우로일라이신, 하이드로제네이티드레시틴, 카올린, 메티콘, 적색226호 (CI 73360), 적색산화철 (CI 77491), 황색4호 (CI 19140), 흑색산화철 (CI 77499), 황색산화철 (CI 77492)
[러브] 탤크, 마이카 (CI 77019), 티타늄디옥사이드 (CI 77891), 합성플루오르플로고파이트, 알루미늄전분옥테닐석시네이트, 카프릴릭/카프릭트라이글리세라이드, 망가니즈바이올렛 (CI 77742), 다이아이소스테아릴말레이트, 보론나이트라이드, 메틸프로판다이올, 마그네슘미리스테이트, 트라이에톡시카프릴릴실레인, 마그네슘스테아레이트, 프로판다이올, 다이메티콘, 알루미늄하이드록사이드, 카올린, 울트라마린 (CI 77007), 적색226호 (CI 73360), 적색산화철 (CI 77491), 흑색산화철 (CI 77499), 황색산화철 (CI 77492), 황색4호 (CI 19140) 
[팝] 탤크, 합성플루오르플로고파이트, 마이카 (CI 77019), 카프릴릭/카프릭트라이글리세라이드, 실리카, 칼슘알루미늄보로실리케이트, 마그네슘미리스테이트, 마그네슘스테아레이트, 마카다미아씨오일, 보론나이트라이드, 메틸프로판다이올, 다이메티콘, 트라이에톡시카프릴릴실레인, 프로판다이올, 하이드로제네이티드레시틴, 말토덱스트린, 알루미늄하이드록사이드, 메티콘, 틴옥사이드 (CI 77861), 티타늄디옥사이드 (CI 77891), 카민 (CI 75470), 적색산화철 (CI 77491), 울트라마린 (CI 77007), 흑색산화철 (CI 77499)
[퍼지] 탤크, 마이카 (CI 77019), 보론나이트라이드, 티타늄디옥사이드 (CI 77891), 실리카, 칼슘카보네이트, 망가니즈바이올렛 (CI 77742), 옥틸도데실스테아로일스테아레이트, 페닐트라이메티콘, 흑색산화철 (CI 77499), 다이메티콘, 황색산화철 (CI 77492), 울트라마린 (CI 77007), 마카다미아씨오일, 사라수씨버터, 마그네슘미리스테이트, 메틸프로판다이올, 옥틸도데칸올, 다이펜타에리스리틸헥사하이드록시스테아레이트/헥사스테아레이트/헥사로지네이트, 다이아이소스테아릴말레이트, 마그네슘스테아레이트, 프로판다이올, 라우로일라이신, 트라이에톡시카프릴릴실레인, 하이드로제네이티드레시틴, 카올린, 알루미늄하이드록사이드, 말토덱스트린, 적색산화철 (CI 77491), 카민 (CI 75470), 적색226호 (CI 73360)

[05호 뮤트 코랄 블러링]
[퓨어] 탤크, 마이카 (CI 77019), 실리카, 옥틸도데실스테아로일스테아레이트, 페닐트라이메티콘, 티타늄디옥사이드 (CI 77891), 마그네슘미리스테이트, 메틸프로판다이올, 다이펜타에리스리틸헥사하이드록시스테아레이트/헥사스테아레이트/헥사로지네이트, 카프릴릭/카프릭트라이글리세라이드, 다이아이소스테아릴말레이트, 다이메티콘올스테아레이트, 마그네슘스테아레이트, 프로판다이올, 트라이에톡시카프릴릴실레인, 메티콘, 다이메티콘, 하이드로제네이티드레시틴, 알루미늄하이드록사이드, 카올린, 황색산화철 (CI 77492), 황색4호 (CI 19140), 망가니즈바이올렛 (CI 77742), 적색226호 (CI 73360), 울트라마린 (CI 77007), 적색산화철 (CI 77491), 흑색산화철 (CI 77499)
[로우 실크] 마이카 (CI 77019), 다이메티콘, 티타늄디옥사이드 (CI 77891), 칼슘티타늄보로실리케이트, 합성플루오르플로고파이트, 보론나이트라이드, 글리세린, 마그네슘스테아레이트, 아이소프로필팔미테이트, 마그네슘미리스테이트, 마그네슘알루미늄실리케이트, 펜틸렌글라이콜, 트라이에톡시카프릴릴실레인, 폴리솔베이트20, 옥틸도데실스테아로일스테아레이트, 아크릴아마이드/소듐아크릴로일다이메틸타우레이트코폴리머, 솔비탄올리베이트, 솔비탄스테아레이트, 아이소헥사데칸, 에틸헥실글리세린, 폴리솔베이트80, 솔비탄올리에이트, 토코페롤, 틴옥사이드 (CI 77861), 페녹시에탄올, 포타슘솔베이트, 소듐데하이드로아세테이트, 적색산화철 (CI 77491)
[매그놀리아] 탤크, 마이카 (CI 77019), 카프릴릭/카프릭트라이글리세라이드, 티타늄디옥사이드 (CI 77891), 알루미늄전분옥테닐석시네이트, 마그네슘미리스테이트, 황색산화철 (CI 77492), 메틸프로판다이올, 프로판다이올, 라우로일라이신, 마그네슘스테아레이트, 트라이에톡시카프릴릴실레인, 다이메티콘, 알루미늄하이드록사이드, 메티콘, 말토덱스트린, 적색산화철 (CI 77491), 울트라마린 (CI 77007), 카민 (CI 75470), 흑색산화철 (CI 77499)
[어텀] 탤크, 마이카 (CI 77019), 티타늄디옥사이드 (CI 77891), 보론나이트라이드, 실리카, 옥틸도데실스테아로일스테아레이트, 페닐트라이메티콘, 다이메티콘, 마카다미아씨오일, 메틸프로판다이올, 마그네슘미리스테이트, 다이펜타에리스리틸헥사하이드록시스테아레이트/헥사스테아레이트/헥사로지네이트, 다이아이소스테아릴말레이트, 트라이에톡시카프릴릴실레인, 마그네슘스테아레이트, 프로판다이올, 다이메티콘올스테아레이트, 라우로일라이신, 말토덱스트린, 황색산화철 (CI 77492), 적색산화철 (CI 77491), 울트라마린 (CI 77007), 카민 (CI 75470), 흑색산화철 (CI 77499), 적색226호 (CI 73360)
[블러쉬] 탤크, 마이카 (CI 77019), 알루미늄전분옥테닐석시네이트, 합성플루오르플로고파이트, 옥틸도데실스테아로일스테아레이트, 티타늄디옥사이드 (CI 77891), 마그네슘미리스테이트, 실리카, 마카다미아씨오일, 메틸프로판다이올, 다이메티콘, 마그네슘스테아레이트, 프로판다이올, 트라이에톡시카프릴릴실레인, 알루미늄하이드록사이드, 라우로일라이신, 황색산화철 (CI 77492), 적색산화철 (CI 77491), 울트라마린 (CI 77007), 적색226호 (CI 73360), 흑색산화철 (CI 77499), 황색4호 (CI 19140)
[파스텔 피치] 탤크, 마이카 (CI 77019), 실리카, 티타늄디옥사이드 (CI 77891), 합성플루오르플로고파이트, 옥틸도데실스테아로일스테아레이트, 페닐트라이메티콘, 마카다미아씨오일, 메틸프로판다이올, 옥틸도데칸올, 다이메티콘, 다이메티콘올스테아레이트, 다이펜타에리스리틸헥사하이드록시스테아레이트/헥사스테아레이트/헥사로지네이트, 마그네슘미리스테이트, 다이아이소스테아릴말레이트, 프로판다이올, 트라이에톡시카프릴릴실레인, 마그네슘스테아레이트, 하이드로제네이티드레시틴, 마이크로크리스탈린셀룰로오스, 알루미늄하이드록사이드, 메티콘, 틴옥사이드 (CI 77861), 황색산화철 (CI 77492), 적색산화철 (CI 77491), 흑색산화철 (CI 77499), 울트라마린 (CI 77007), 적색226호 (CI 73360), 황색4호 (CI 19140)
[내추럴] 탤크, 마이카 (CI 77019), 나일론-12, 실리카, 티타늄디옥사이드 (CI 77891), 옥틸도데실스테아로일스테아레이트, 페닐트라이메티콘, 다이메티콘, 합성플루오르플로고파이트, 마카다미아씨오일, 마그네슘미리스테이트, 메틸프로판다이올, 다이펜타에리스리틸헥사하이드록시스테아레이트/헥사스테아레이트/헥사로지네이트, 트라이에톡시카프릴릴실레인, 다이아이소스테아릴말레이트, 마그네슘스테아레이트, 프로판다이올, 알루미늄하이드록사이드, 메티콘, 황색산화철 (CI 77492), 적색산화철 (CI 77491), 흑색산화철 (CI 77499), 울트라마린 (CI 77007), 적색226호 (CI 73360), 황색4호 (CI 19140)
[히어로] 칼슘티타늄보로실리케이트, 탤크, 마이카 (CI 77019), 티타늄디옥사이드 (CI 77891), 나일론-12, 네오펜틸글라이콜다이에틸헥사노에이트, 페닐트라이메티콘, 마그네슘미리스테이트, 마그네슘스테아레이트, 다이펜타에리스리틸헥사하이드록시스테아레이트/헥사스테아레이트/헥사로지네이트, 다이아이소스테아릴말레이트, 아이소스테아릴네오펜타노에이트, 옥틸도데실스테아로일스테아레이트, 메틸프로판다이올, 폴리부텐, 프로판다이올, 다이메티콘, 라우로일라이신, 트라이에톡시카프릴릴실레인, 카올린, 틴옥사이드 (CI 77861), 망가니즈바이올렛 (CI 77742), 적색산화철 (CI 77491), 황색산화철 (CI 77492), 흑색산화철 (CI 77499)
[아이리쉬 미스트] 탤크, 마이카 (CI 77019), 보론나이트라이드, 실리카, 망가니즈바이올렛 (CI 77742), 옥틸도데실스테아로일스테아레이트, 페닐트라이메티콘, 나일론-12, 황색산화철 (CI 77492), 다이메티콘, 티타늄디옥사이드 (CI 77891), 마카다미아씨오일, 마그네슘미리스테이트, 메틸프로판다이올, 다이펜타에리스리틸헥사하이드록시스테아레이트/헥사스테아레이트/헥사로지네이트, 다이아이소스테아릴말레이트, 마그네슘스테아레이트, 프로판다이올, 라우로일라이신, 카올린, 트라이에톡시카프릴릴실레인, 알루미늄하이드록사이드, 메티콘, 적색226호 (CI 73360), 흑색산화철 (CI 77499), 울트라마린 (CI 77007)
[릴렉스] 탤크, 마이카 (CI 77019), 알루미늄전분옥테닐석시네이트, 티타늄디옥사이드 (CI 77891), 옥틸도데실스테아로일스테아레이트, 페닐트라이메티콘, 마그네슘미리스테이트, 적색산화철 (CI 77491), 망가니즈바이올렛 (CI 77742), 마카다미아씨오일, 사라수씨버터, 보론나이트라이드, 마그네슘스테아레이트, 메틸프로판다이올, 실리카, 다이메티콘, 프로판다이올, 다이메티콘올스테아레이트, 트라이에톡시카프릴릴실레인, 하이드록시프로필비스팔미타마이드엠이에이, 알루미늄하이드록사이드, 메티콘, 카올린, 황색산화철 (CI 77492), 흑색산화철 (CI 77499), 울트라마린 (CI 77007), 적색226호 (CI 73360)
[데이즈] 탤크, 마이카 (CI 77019), 카프릴릭/카프릭트라이글리세라이드, 나일론-12, 실리카, 망가니즈바이올렛 (CI 77742), 티타늄디옥사이드 (CI 77891), 마카다미아씨오일, 사라수씨버터, 보론나이트라이드, 마그네슘미리스테이트, 메틸프로판다이올, 다이메티콘, 다이메티콘올스테아레이트, 프로판다이올, 마그네슘스테아레이트, 라우로일라이신, 하이드로제네이티드레시틴, 트라이에톡시카프릴릴실레인, 카올린, 알루미늄하이드록사이드, 메티콘, 말토덱스트린, 황색산화철 (CI 77492), 적색산화철 (CI 77491), 울트라마린 (CI 77007), 흑색산화철 (CI 77499), 카민 (CI 75470), 황색4호 (CI 19140)
[위켄드] 탤크, 마이카 (CI 77019), 티타늄디옥사이드 (CI 77891), 보론나이트라이드, 실리카, 옥틸도데실스테아로일스테아레이트, 나일론-12, 페닐트라이메티콘, 합성플루오르플로고파이트, 다이펜타에리스리틸헥사하이드록시스테아레이트/헥사스테아레이트/헥사로지네이트, 적색산화철 (CI 77491), 다이아이소스테아릴말레이트, 사라수씨버터, 마그네슘미리스테이트, 메틸프로판다이올, 프로판다이올, 라우로일라이신, 트라이에톡시카프릴릴실레인, 폴리부텐, 카올린, 틴옥사이드 (CI 77861), 흑색산화철 (CI 77499), 황색산화철 (CI 77492), 망가니즈바이올렛 (CI 77742)
[모먼트] 탤크, 마이카 (CI 77019), 티타늄디옥사이드 (CI 77891), 알루미늄전분옥테닐석시네이트, 칼슘소듐보로실리케이트, 망가니즈바이올렛 (CI 77742), 옥틸도데칸올, 실리카, 합성플루오르플로고파이트, 다이아이소스테아릴말레이트, 적색산화철 (CI 77491), 마카다미아씨오일, 마그네슘미리스테이트, 메틸프로판다이올, 다이메티콘, 다이펜타에리스리틸헥사하이드록시스테아레이트/헥사스테아레이트/헥사로지네이트, 마그네슘스테아레이트, 프로판다이올, 트라이에톡시카프릴릴실레인, 알루미늄하이드록사이드, 카올린, 마이크로크리스탈린셀룰로오스, 하이드로제네이티드레시틴, 메티콘, 말토덱스트린, 틴옥사이드 (CI 77861), 황색산화철 (CI 77492), 울트라마린 (CI 77007), 흑색산화철 (CI 77499), 카민 (CI 75470), 적색226호 (CI 73360), 황색4호 (CI 19140)
[올드 리프] 탤크, 마이카 (CI 77019), 카프릴릭/카프릭트라이글리세라이드, 나일론-12, 실리카, 티타늄디옥사이드 (CI 77891), 황색산화철 (CI 77492), 망가니즈바이올렛 (CI 77742), 적색산화철 (CI 77491), 흑색산화철 (CI 77499), 마카다미아씨오일, 사라수씨버터, 마그네슘미리스테이트, 메틸프로판다이올, 다이메티콘, 마그네슘스테아레이트, 프로판다이올, 다이메티콘올스테아레이트, 하이드로제네이티드레시틴, 라우로일라이신, 트라이에톡시카프릴릴실레인, 카올린, 알루미늄하이드록사이드, 메티콘, 말토덱스트린, 카민 (CI 75470), 울트라마린 (CI 77007), 적색226호 (CI 73360)
[새들 브라운] 탤크, 마이카 (CI 77019), 티타늄디옥사이드 (CI 77891), 나일론-12, 보론나이트라이드, 실리카, 적색산화철 (CI 77491), 옥틸도데실스테아로일스테아레이트, 페닐트라이메티콘, 황색산화철 (CI 77492), 망가니즈바이올렛 (CI 77742), 흑색산화철 (CI 77499), 마그네슘미리스테이트, 마카다미아씨오일, 메틸프로판다이올, 다이펜타에리스리틸헥사하이드록시스테아레이트/헥사스테아레이트/헥사로지네이트, 다이메티콘, 다이아이소스테아릴말레이트, 다이메티콘올스테아레이트, 프로판다이올, 트라이에톡시카프릴릴실레인, 마그네슘스테아레이트, 알루미늄하이드록사이드, 라우로일라이신, 메티콘, 카올린, 울트라마린 (CI 77007), 황색4호 (CI 19140)
[월넛] 탤크, 마이카 (CI 77019), 흑색산화철 (CI 77499), 황색산화철 (CI 77492), 적색산화철 (CI 77491), 보론나이트라이드, 실리카, 옥틸도데실스테아로일스테아레이트, 페닐트라이메티콘, 티타늄디옥사이드 (CI 77891), 울트라마린 (CI 77007), 마그네슘미리스테이트, 메틸프로판다이올, 다이펜타에리스리틸헥사하이드록시스테아레이트/헥사스테아레이트/헥사로지네이트, 다이아이소스테아릴말레이트, 트라이에톡시카프릴릴실레인, 다이메티콘, 마그네슘스테아레이트, 프로판다이올, 하이드로제네이티드레시틴, 라우로일라이신, 알루미늄하이드록사이드, 메티콘, 말토덱스트린, 카민 (CI 75470)

[08호 캔디 코랄 블러링]
[어텐션] 다이메티콘, 합성플루오르플로고파이트, 티타늄디옥사이드 (CI 77891), 메틸메타크릴레이트크로스폴리머, 마이카 (CI 77019), 칼슘티타늄보로실리케이트, 네오펜틸글라이콜다이에틸헥사노에이트, 헥실라우레이트, 다이메티콘/비닐다이메티콘크로스폴리머, 나일론-12, 다이글리세릴세바케이트/아이소팔미테이트, 솔비탄세스퀴아이소스테아레이트, 마그네슘미리스테이트, 다이펜타에리스리틸헥사하이드록시스테아레이트/헥사스테아레이트/헥사로지네이트, 페녹시에탄올, 프로판다이올, 합성왁스, 트라이에톡시카프릴릴실레인, 실리카, 적색산화철 (CI 77491), 틴옥사이드 (CI 77861), 카민 (CI 75470), 토코페롤
[스트로우] 탤크, 마이카 (CI 77019), 티타늄디옥사이드 (CI 77891), 카프릴릭/카프릭트라이글리세라이드, 실리카, 바륨설페이트, 보론나이트라이드, 메틸프로판다이올, 다이메티콘, 마그네슘미리스테이트, 다이메티콘올스테아레이트, 프로판다이올, 마그네슘스테아레이트, 적색산화철 (CI 77491), 하이드록시프로필비스팔미타마이드엠이에이, 황색4호 (CI 19140), 알루미늄하이드록사이드, 트라이에톡시카프릴릴실레인, 적색226호 (CI 73360), 황색산화철 (CI 77492), 울트라마린 (CI 77007), 망가니즈바이올렛 (CI 77742), 흑색산화철 (CI 77499), 카올린
[위켄드] 칼슘티타늄보로실리케이트, 폴리부틸렌테레프탈레이트, 다이페닐실록시페닐트라이메티콘, 티타늄디옥사이드 (CI 77891), 비스-베헤닐/아이소스테아릴/피토스테릴다이머다이리놀레일다이머다이리놀리에이트, 칼슘알루미늄보로실리케이트, 폴리프로필렌, 피토스테릴/이소스테아릴/세틸/스테아릴/베헤닐다이머디리놀리에이트, 아크릴레이트코폴리머, 에틸렌/브이에이코폴리머, 비스-다이글리세릴폴리아실아디페이트-2, 다이아이소스테아릴말레이트, 마그네슘스테아레이트, 메틸프로판다이올, 마이카 (CI 77019), 실리카, 프로판다이올, 합성플루오르플로고파이트, 틴옥사이드 (CI 77861), 적색산화철 (CI 77491), 카민 (CI 75470), 트라이에톡시카프릴릴실레인
[젤라또] 탤크, 마이카 (CI 77019), 카프릴릭/카프릭트라이글리세라이드, 티타늄디옥사이드 (CI 77891), 실리카, 바륨설페이트, 보론나이트라이드, 메틸프로판다이올, 다이메티콘, 마그네슘미리스테이트, 다이메티콘올스테아레이트, 프로판다이올, 적색산화철 (CI 77491), 황색산화철 (CI 77492), 마그네슘스테아레이트, 적색226호 (CI 73360), 망가니즈바이올렛 (CI 77742), 하이드록시프로필비스팔미타마이드엠이에이, 알루미늄하이드록사이드, 트라이에톡시카프릴릴실레인, 울트라마린 (CI 77007), 황색4호 (CI 19140), 흑색산화철 (CI 77499), 카올린
[피치 잼] 탤크, 마이카 (CI 77019), 티타늄디옥사이드 (CI 77891), 카프릴릭/카프릭트라이글리세라이드, 실리카, 바륨설페이트, 보론나이트라이드, 메틸프로판다이올, 다이메티콘, 마그네슘미리스테이트, 황색4호 (CI 19140), 프로판다이올, 황색5호 (CI 15985), 다이메티콘올스테아레이트, 마그네슘스테아레이트, 적색산화철 (CI 77491), 알루미늄하이드록사이드, 하이드록시프로필비스팔미타마이드엠이에이, 적색226호 (CI 73360), 트라이에톡시카프릴릴실레인, 황색산화철 (CI 77492), 흑색산화철 (CI 77499)
[에이프릴] 탤크, 마이카 (CI 77019), 티타늄디옥사이드 (CI 77891), 카프릴릭/카프릭트라이글리세라이드, 실리카, 바륨설페이트, 보론나이트라이드, 메틸프로판다이올, 다이메티콘, 마그네슘미리스테이트, 황색4호 (CI 19140), 다이메티콘올스테아레이트, 프로판다이올, 황색산화철 (CI 77492), 적색226호 (CI 73360), 알루미늄하이드록사이드, 마그네슘스테아레이트, 하이드록시프로필비스팔미타마이드엠이에이, 트라이에톡시카프릴릴실레인, 적색산화철 (CI 77491), 흑색산화철 (CI 77499)
[히피] 탤크, 마이카 (CI 77019), 실리카, 네오펜틸글라이콜다이에틸헥사노에이트, 마그네슘미리스테이트, 페닐트라이메티콘, 다이메티콘, 티타늄디옥사이드 (CI 77891), 메틸프로판다이올, 다이펜타에리스리틸헥사하이드록시스테아레이트/헥사스테아레이트/헥사로지네이트, 마카다미아씨오일, 다이아이소스테아릴말레이트, 아이소스테아릴네오펜타노에이트, 옥틸도데실스테아로일스테아레이트, 트라이에톡시카프릴릴실레인, 마그네슘스테아레이트, 프로판다이올, 황색산화철 (CI 77492), 적색산화철 (CI 77491), 라우로일라이신, 폴리부텐, 하이드로제네이티드레시틴, 망가니즈바이올렛 (CI 77742), 흑색산화철 (CI 77499), 적색226호 (CI 73360), 울트라마린 (CI 77007), 황색4호 (CI 19140), 알루미늄하이드록사이드, 메티콘, 카올린
[드라이빙] 마이카 (CI 77019), 탤크, 티타늄디옥사이드 (CI 77891), 합성플루오르플로고파이트, 네오펜틸글라이콜다이에틸헥사노에이트, 나일론-12, 페닐트라이메티콘, 마그네슘미리스테이트, 다이펜타에리스리틸헥사하이드록시스테아레이트/헥사스테아레이트/헥사로지네이트, 다이아이소스테아릴말레이트, 아이소스테아릴네오펜타노에이트, 옥틸도데실스테아로일스테아레이트, 마그네슘스테아레이트, 메틸프로판다이올, 실리카, 폴리부텐, 다이메티콘, 프로판다이올, 적색산화철 (CI 77491), 카민 (CI 75470), 라우로일라이신, 트라이에톡시카프릴릴실레인, 틴옥사이드 (CI 77861), 황색산화철 (CI 77492), 울트라마린 (CI 77007), 망가니즈바이올렛 (CI 77742), 알루미늄하이드록사이드, 카올린, 말토덱스트린
[어나더] 탤크, 마이카 (CI 77019), 티타늄디옥사이드 (CI 77891), 카프릴릭/카프릭트라이글리세라이드, 실리카, 바륨설페이트, 보론나이트라이드, 메틸프로판다이올, 다이메티콘, 마그네슘미리스테이트, 황색4호 (CI 19140), 프로판다이올, 다이메티콘올스테아레이트, 황색5호 (CI 15985), 적색산화철 (CI 77491), 적색226호 (CI 73360), 알루미늄하이드록사이드, 마그네슘스테아레이트, 하이드록시프로필비스팔미타마이드엠이에이, 트라이에톡시카프릴릴실레인, 울트라마린 (CI 77007), 황색산화철 (CI 77492), 흑색산화철 (CI 77499)
[해피니스] 탤크, 마이카 (CI 77019), 티타늄디옥사이드 (CI 77891), 카프릴릭/카프릭트라이글리세라이드, 실리카, 바륨설페이트, 보론나이트라이드, 메틸프로판다이올, 다이메티콘, 마그네슘미리스테이트, 황색4호 (CI 19140), 적색226호 (CI 73360), 다이메티콘올스테아레이트, 프로판다이올, 황색산화철 (CI 77492), 마그네슘스테아레이트, 하이드록시프로필비스팔미타마이드엠이에이, 적색산화철 (CI 77491), 알루미늄하이드록사이드, 트라이에톡시카프릴릴실레인, 흑색산화철 (CI 77499)
[벌스데이] 탤크, 마이카 (CI 77019), 티타늄디옥사이드 (CI 77891), 칼슘알루미늄보로실리케이트, 네오펜틸글라이콜다이에틸헥사노에이트, 실리카, 페닐트라이메티콘, 마그네슘미리스테이트, 다이메티콘, 메틸프로판다이올, 적색산화철 (CI 77491), 다이펜타에리스리틸헥사하이드록시스테아레이트/헥사스테아레이트/헥사로지네이트, 카민 (CI 75470), 다이아이소스테아릴말레이트, 아이소스테아릴네오펜타노에이트, 옥틸도데실스테아로일스테아레이트, 마그네슘스테아레이트, 프로판다이올, 황색산화철 (CI 77492), 트라이에톡시카프릴릴실레인, 마카다미아씨오일, 폴리부텐, 알루미늄하이드록사이드, 하이드로제네이티드레시틴, 망가니즈바이올렛 (CI 77742), 메티콘, 황색4호 (CI 19140), 틴옥사이드 (CI 77861), 말토덱스트린, 흑색산화철 (CI 77499), 울트라마린 (CI 77007), 카올린
[콤포트] 탤크, 마이카 (CI 77019), 합성플루오르플로고파이트, 알루미늄전분옥테닐석시네이트, 티타늄디옥사이드 (CI 77891), 실리카, 옥틸도데실스테아로일스테아레이트, 페닐트라이메티콘, 마그네슘미리스테이트, 적색산화철 (CI 77491), 메틸프로판다이올, 황색산화철 (CI 77492), 다이펜타에리스리틸헥사하이드록시스테아레이트/헥사스테아레이트/헥사로지네이트, 망가니즈바이올렛 (CI 77742), 다이아이소스테아릴말레이트, 흑색산화철 (CI 77499), 마그네슘스테아레이트, 프로판다이올, 다이메티콘, 마카다미아씨오일, 울트라마린 (CI 77007), 트라이에톡시카프릴릴실레인, 알루미늄하이드록사이드, 메티콘, 카올린
[피크] 탤크, 합성플루오르플로고파이트, 카프릴릭/카프릭트라이글리세라이드, 실리카, 보론나이트라이드, 나일론-12, 폴리메틸실세스퀴옥세인, 마그네슘미리스테이트, 에이치디아이/트라이메틸올헥실락톤크로스폴리머, 폴리메틸메타크릴레이트, 티타늄디옥사이드 (CI 77891), 메틸메타크릴레이트크로스폴리머, 메틸프로판다이올, 마카다미아씨오일, 다이메티콘올스테아레이트, 다이메티콘, 황색산화철 (CI 77492), 프로판다이올, 적색226호 (CI 73360), 황색4호 (CI 19140), 사라수씨버터, 망가니즈바이올렛 (CI 77742), 울트라마린 (CI 77007), 적색산화철 (CI 77491), 알루미늄하이드록사이드, 트라이에톡시카프릴릴실레인, 카올린, 흑색산화철 (CI 77499)
[캔디 위크] 탤크, 마이카 (CI 77019), 티타늄디옥사이드 (CI 77891), 합성플루오르플로고파이트, 칼슘티타늄보로실리케이트, 네오펜틸글라이콜다이에틸헥사노에이트, 바륨설페이트, 페닐트라이메티콘, 실리카, 다이펜타에리스리틸헥사하이드록시스테아레이트/헥사스테아레이트/헥사로지네이트, 다이아이소스테아릴말레이트, 아이소스테아릴네오펜타노에이트, 옥틸도데실스테아로일스테아레이트, 마그네슘미리스테이트, 메틸프로판다이올, 폴리부텐, 다이메티콘, 마그네슘스테아레이트, 프로판다이올, 마카다미아씨오일, 트라이에톡시카프릴릴실레인, 황색산화철 (CI 77492), 적색226호 (CI 73360), 사라수씨버터, 라우로일라이신, 틴옥사이드 (CI 77861), 황색4호 (CI 19140), 적색산화철 (CI 77491), 카민 (CI 75470), 울트라마린 (CI 77007), 흑색산화철 (CI 77499)
[베리 피즈] 탤크, 마이카 (CI 77019), 카프릴릭/카프릭트라이글리세라이드, 실리카, 티타늄디옥사이드 (CI 77891), 바륨설페이트, 칼슘알루미늄보로실리케이트, 보론나이트라이드, 메틸프로판다이올, 다이메티콘, 마그네슘미리스테이트, 황색산화철 (CI 77492), 황색4호 (CI 19140), 적색226호 (CI 73360), 다이메티콘올스테아레이트, 프로판다이올, 울트라마린 (CI 77007), 카민 (CI 75470), 적색산화철 (CI 77491), 마그네슘스테아레이트, 하이드록시프로필비스팔미타마이드엠이에이, 알루미늄하이드록사이드, 트라이에톡시카프릴릴실레인, 흑색산화철 (CI 77499), 말토덱스트린, 틴옥사이드 (CI 77861)
[솔드 아웃] 탤크, 마이카 (CI 77019), 황색산화철 (CI 77492), 실리카, 적색산화철 (CI 77491), 흑색산화철 (CI 77499), 카프릴릭/카프릭트라이글리세라이드, 바륨설페이트, 망가니즈바이올렛 (CI 77742), 보론나이트라이드, 메틸프로판다이올, 나일론-12, 마그네슘미리스테이트, 다이메티콘, 프로판다이올, 다이메티콘올스테아레이트, 황색4호 (CI 19140), 적색226호 (CI 73360), 마그네슘스테아레이트, 하이드록시프로필비스팔미타마이드엠이에이, 티타늄디옥사이드 (CI 77891), 카올린, 울트라마린 (CI 77007), 알루미늄하이드록사이드, 트라이에톡시카프릴릴실레인

[10호 레이지 핑크 블러링]
[포커스] 합성플루오르플로고파이트, 티타늄디옥사이드 (CI 77891), 탤크, 마이카 (CI 77019), 페닐트라이메티콘, 다이아이소스테아릴말레이트, 마그네슘스테아레이트, 옥틸도데실스테아로일스테아레이트, C20-24알킬다이메티콘, 네오펜틸글라이콜다이에틸헥사노에이트, 실리카, 칼슘티타늄보로실리케이트, 나일론-12, 다이펜타에리스리틸헥사하이드록시스테아레이트/헥사스테아레이트/헥사로지네이트, C20-24올레핀, 마그네슘미리스테이트, 메틸프로판다이올, 아이소스테아릴네오펜타노에이트, 프로판다이올, 폴리부텐, 다이메티콘, 카올린, 라우로일라이신, 트라이에톡시카프릴릴실레인, 틴옥사이드 (CI 77861), 울트라마린 (CI 77007), 적색산화철 (CI 77491), 적색226호 (CI 73360), 황색4호 (CI 19140)
[멜팅] 탤크, 마이카 (CI 77019), 칼슘카보네이트, 실리카, 티타늄디옥사이드 (CI 77891), 옥틸도데실스테아로일스테아레이트, 페닐트라이메티콘, 마그네슘미리스테이트, 메틸프로판다이올, 다이펜타에리스리틸헥사하이드록시스테아레이트/헥사스테아레이트/헥사로지네이트, 마그네슘스테아레이트, 트라이에톡시카프릴릴실레인, 다이아이소스테아릴말레이트, 프로판다이올, 다이메티콘, 하이드로제네이티드레시틴, 라우로일라이신, 알루미늄하이드록사이드, 적색산화철 (CI 77491), 적색226호 (CI 73360), 울트라마린 (CI 77007), 황색산화철 (CI 77492), 흑색산화철 (CI 77499), 황색4호 (CI 19140)
[빔] 다이메티콘, 칼슘티타늄보로실리케이트, 합성플루오르플로고파이트, 메틸메타크릴레이트크로스폴리머, 마이카 (CI 77019), 티타늄디옥사이드 (CI 77891), 칼슘알루미늄보로실리케이트, 네오펜틸글라이콜다이에틸헥사노에이트, 헥실라우레이트, 다이메티콘/비닐다이메티콘크로스폴리머, 나일론-12, 다이글리세릴세바케이트/아이소팔미테이트, 솔비탄세스퀴아이소스테아레이트, 실리카, 마그네슘미리스테이트, 다이펜타에리스리틸헥사하이드록시스테아레이트/헥사스테아레이트/헥사로지네이트, 프로판다이올, 합성왁스, 트라이에톡시카프릴릴실레인, 토코페롤, 틴옥사이드 (CI 77861), 페녹시에탄올, 카민 (CI 75470), 적색산화철 (CI 77491)
[더스티] 탤크, 마이카 (CI 77019), 티타늄디옥사이드 (CI 77891), 실리카, 옥틸도데실스테아로일스테아레이트, 페닐트라이메티콘, 다이메티콘, 마그네슘미리스테이트, 망가니즈바이올렛 (CI 77742), 마카다미아씨오일, 메틸프로판다이올, 옥틸도데칸올, 다이펜타에리스리틸헥사하이드록시스테아레이트/헥사스테아레이트/헥사로지네이트, 다이아이소스테아릴말레이트, 마그네슘스테아레이트, 프로판다이올, 트라이에톡시카프릴릴실레인, 알루미늄하이드록사이드, 라우로일라이신, 메티콘, 카올린, 흑색산화철 (CI 77499), 황색산화철 (CI 77492), 적색산화철 (CI 77491)
[블러썸] 탤크, 합성플루오르플로고파이트, 폴리프로필렌, 티타늄디옥사이드 (CI 77891), 옥틸도데칸올, 마이카 (CI 77019), 실리카, 카프릴릭/카프릭트라이글리세라이드, 다이펜타에리스리틸헥사하이드록시스테아레이트/헥사스테아레이트/헥사로지네이트, 사라수씨버터, 마카다미아씨오일, 마그네슘미리스테이트, 메틸프로판다이올, 다이메티콘, 마그네슘스테아레이트, 프로판다이올, 트라이에톡시카프릴릴실레인, 틴옥사이드 (CI 77861), 카민 (CI 75470), 황색산화철 (CI 77492), 적색산화철 (CI 77491)
[버블검] 탤크, 마이카 (CI 77019), 알루미늄전분옥테닐석시네이트, 보론나이트라이드, 티타늄디옥사이드 (CI 77891), 옥틸도데실스테아로일스테아레이트, 페닐트라이메티콘, 마그네슘미리스테이트, 메틸프로판다이올, 다이메티콘, 다이펜타에리스리틸헥사하이드록시스테아레이트/헥사스테아레이트/헥사로지네이트, 다이아이소스테아릴말레이트, 프로판다이올, 하이드로제네이티드레시틴, 알루미늄하이드록사이드, 트라이에톡시카프릴릴실레인, 말토덱스트린, 카올린, 카민 (CI 75470), 적색산화철 (CI 77491), 울트라마린 (CI 77007), 황색산화철 (CI 77492), 망가니즈바이올렛 (CI 77742), 흑색산화철 (CI 77499)
[크리미] 탤크, 마이카 (CI 77019), 티타늄디옥사이드 (CI 77891), 실리카, 마그네슘미리스테이트, 옥틸도데실스테아로일스테아레이트, 페닐트라이메티콘, 울트라마린 (CI 77007), 다이메티콘, 다이펜타에리스리틸헥사하이드록시스테아레이트/헥사스테아레이트/헥사로지네이트, 마카다미아씨오일, 마그네슘스테아레이트, 메틸프로판다이올, 다이아이소스테아릴말레이트, 프로판다이올, 트라이에톡시카프릴릴실레인, 라우로일라이신, 카올린, 알루미늄하이드록사이드, 메티콘, 적색산화철 (CI 77491), 황색산화철 (CI 77492), 망가니즈바이올렛 (CI 77742), 흑색산화철 (CI 77499), 적색226호 (CI 73360)
[클레이] 탤크, 마이카 (CI 77019), 티타늄디옥사이드 (CI 77891), 네오펜틸글라이콜다이에틸헥사노에이트, 페닐트라이메티콘, 망가니즈바이올렛 (CI 77742), 실리카, 다이메티콘, 마카다미아씨오일, 마그네슘미리스테이트, 마그네슘스테아레이트, 메틸프로판다이올, 다이펜타에리스리틸헥사하이드록시스테아레이트/헥사스테아레이트/헥사로지네이트, 다이아이소스테아릴말레이트, 아이소스테아릴네오펜타노에이트, 옥틸도데실스테아로일스테아레이트, 프로판다이올, 트라이에톡시카프릴릴실레인, 폴리부텐, 라우로일라이신, 하이드로제네이티드레시틴, 알루미늄하이드록사이드, 메티콘, 카올린, 황색산화철 (CI 77492), 적색산화철 (CI 77491), 흑색산화철 (CI 77499), 울트라마린 (CI 77007), 적색226호 (CI 73360)
[밀키] 탤크, 보론나이트라이드, 마이카 (CI 77019), 알루미늄전분옥테닐석시네이트, 합성플루오르플로고파이트, 마그네슘미리스테이트, 실리카, 옥틸도데실스테아로일스테아레이트, 페닐트라이메티콘, 마그네슘스테아레이트, 메틸프로판다이올, 다이메티콘, 다이펜타에리스리틸헥사하이드록시스테아레이트/헥사스테아레이트/헥사로지네이트, 다이아이소스테아릴말레이트, 프로판다이올, 말토덱스트린, 카올린, 티타늄디옥사이드 (CI 77891), 카민 (CI 75470), 울트라마린 (CI 77007), 적색산화철 (CI 77491), 망가니즈바이올렛 (CI 77742), 흑색산화철 (CI 77499), 황색산화철 (CI 77492)
[와일드] 탤크, 마이카 (CI 77019), 합성플루오르플로고파이트, 알루미늄전분옥테닐석시네이트, 옥틸도데실스테아로일스테아레이트, 마그네슘미리스테이트, 티타늄디옥사이드 (CI 77891), 실리카, 마카다미아씨오일, 마그네슘스테아레이트, 메틸프로판다이올, 다이메티콘, 프로판다이올, 트라이에톡시카프릴릴실레인, 알루미늄하이드록사이드, 메티콘, 말토덱스트린, 울트라마린 (CI 77007), 적색산화철 (CI 77491), 카민 (CI 75470), 적색226호 (CI 73360), 흑색산화철 (CI 77499), 황색산화철 (CI 77492)
[원 웨이] 탤크, 마이카 (CI 77019), 나일론-12, 망가니즈바이올렛 (CI 77742), 옥틸도데실스테아로일스테아레이트, 페닐트라이메티콘, 마그네슘미리스테이트, 실리카, 메틸프로판다이올, 다이펜타에리스리틸헥사하이드록시스테아레이트/헥사스테아레이트/헥사로지네이트, 트라이에톡시카프릴릴실레인, 다이아이소스테아릴말레이트, 다이메티콘, 프로판다이올, 하이드로제네이티드레시틴, 카올린, 알루미늄하이드록사이드, 메티콘, 티타늄디옥사이드 (CI 77891), 적색산화철 (CI 77491), 울트라마린 (CI 77007), 황색산화철 (CI 77492), 흑색산화철 (CI 77499), 적색226호 (CI 73360)
[사인] 탤크, 마이카 (CI 77019), 티타늄디옥사이드 (CI 77891), 보론나이트라이드, 망가니즈바이올렛 (CI 77742), 실리카, 흑색산화철 (CI 77499), 황색산화철 (CI 77492), 옥틸도데실스테아로일스테아레이트, 페닐트라이메티콘, 적색산화철 (CI 77491), 다이메티콘, 울트라마린 (CI 77007), 마카다미아씨오일, 사라수씨버터, 메틸프로판다이올, 다이펜타에리스리틸헥사하이드록시스테아레이트/헥사스테아레이트/헥사로지네이트, 마그네슘미리스테이트, 다이아이소스테아릴말레이트, 마그네슘스테아레이트, 프로판다이올, 트라이에톡시카프릴릴실레인, 알루미늄하이드록사이드, 카올린, 라우로일라이신, 말토덱스트린, 카민 (CI 75470), 적색226호 (CI 73360)
[핑크 유] 탤크, 마이카 (CI 77019), 합성플루오르플로고파이트, 티타늄디옥사이드 (CI 77891), 알루미늄전분옥테닐석시네이트, 망가니즈바이올렛 (CI 77742), 옥틸도데실스테아로일스테아레이트, 페닐트라이메티콘, 울트라마린 (CI 77007), 마그네슘미리스테이트, 메틸프로판다이올, 옥틸도데칸올, 다이펜타에리스리틸헥사하이드록시스테아레이트/헥사스테아레이트/헥사로지네이트, 트라이에톡시카프릴릴실레인, 프로판다이올, 다이아이소스테아릴말레이트, 알루미늄하이드록사이드, 마그네슘스테아레이트, 카올린, 다이메티콘, 황색산화철 (CI 77492), 적색산화철 (CI 77491), 적색226호 (CI 73360), 흑색산화철 (CI 77499)
[로즈 토프] 탤크, 마이카 (CI 77019), 합성플루오르플로고파이트, 알루미늄전분옥테닐석시네이트, 티타늄디옥사이드 (CI 77891), 망가니즈바이올렛 (CI 77742), 칼슘티타늄보로실리케이트, 울트라마린 (CI 77007), 옥틸도데실스테아로일스테아레이트, 페닐트라이메티콘, 마그네슘미리스테이트, 메틸프로판다이올, 옥틸도데칸올, 다이펜타에리스리틸헥사하이드록시스테아레이트/헥사스테아레이트/헥사로지네이트, 마그네슘스테아레이트, 프로판다이올, 다이아이소스테아릴말레이트, 트라이에톡시카프릴릴실레인, 카올린, 알루미늄하이드록사이드, 다이메티콘, 틴옥사이드 (CI 77861), 황색산화철 (CI 77492), 적색산화철 (CI 77491), 흑색산화철 (CI 77499), 적색226호 (CI 73360)
[토피] 탤크, 마이카 (CI 77019), 알루미늄전분옥테닐석시네이트, 하이드로제네이티드폴리아이소부텐, 에이치디아이/트라이메틸올헥실락톤크로스폴리머, 폴리메틸메타크릴레이트, 망가니즈바이올렛 (CI 77742), 티타늄디옥사이드 (CI 77891), 흑색산화철 (CI 77499), 울트라마린 (CI 77007), 적색산화철 (CI 77491), 황색산화철 (CI 77492), 메틸프로판다이올, 마그네슘미리스테이트, 프로판다이올, 하이드로제네이티드레시틴, 카올린, 마그네슘스테아레이트, 알루미늄하이드록사이드, 실리카, 트라이에톡시카프릴릴실레인, 말토덱스트린, 카민 (CI 75470)
[나잇] 탤크, 마이카 (CI 77019), 흑색산화철 (CI 77499), 망가니즈바이올렛 (CI 77742), 황색산화철 (CI 77492), 실리카, 옥틸도데실스테아로일스테아레이트, 페닐트라이메티콘, 적색산화철 (CI 77491), 티타늄디옥사이드 (CI 77891), 마그네슘미리스테이트, 메틸프로판다이올, 다이펜타에리스리틸헥사하이드록시스테아레이트/헥사스테아레이트/헥사로지네이트, 다이메티콘, 다이아이소스테아릴말레이트, 마그네슘스테아레이트, 프로판다이올, 카프릴릭/카프릭트라이글리세라이드, 트라이에톡시카프릴릴실레인, 라우로일라이신, 하이드로제네이티드레시틴, 메티콘, 카올린, 알루미늄하이드록사이드, 말토덱스트린, 울트라마린 (CI 77007), 카민 (CI 75470)

[20 탠저린 비치 블러링]
[망고]탤크,마이카 (CI 77019),티타늄디옥사이드 (CI 77891),나일론-12,황색5호 (CI 15985),황색4호 (CI 19140),네오펜틸글라이콜다이에틸헥사노에이트,페닐트라이메티콘,실리카,다이펜타에리스리틸헥사하이드록시스테아레이트/헥사스테아레이트/헥사로지네이트,마그네슘미리스테이트,메틸프로판다이올,다이메티콘,다이아이소스테아릴말레이트,아이소스테아릴네오펜타노에이트,옥틸도데실스테아로일스테아레이트,프로판다이올,트라이에톡시카프릴릴실레인,폴리부텐,마그네슘스테아레이트,알루미늄하이드록사이드,메티콘,적색226호 (CI 73360),울트라마린 (CI 77007) [칵테일]칼슘알루미늄보로실리케이트,칼슘소듐보로실리케이트,칼슘티타늄보로실리케이트,마이카 (CI 77019),나일론-12,탤크,네오펜틸글라이콜다이에틸헥사노에이트,티타늄디옥사이드 (CI 77891),페닐트라이메티콘,마그네슘미리스테이트,마그네슘스테아레이트,다이펜타에리스리틸헥사하이드록시스테아레이트/헥사스테아레이트/헥사로지네이트,황색5호 (CI 15985),다이아이소스테아릴말레이트,아이소스테아릴네오펜타노에이트,옥틸도데실스테아로일스테아레이트,황색4호 (CI 19140),메틸프로판다이올,폴리부텐,프로판다이올,트라이에톡시카프릴릴실레인,다이메티콘,틴옥사이드 (CI 77861),실버 (CI 77820),적색226호 (CI 73360) [썸웨어]탤크,마이카 (CI 77019),카프릴릭/카프릭트라이글리세라이드,티타늄디옥사이드 (CI 77891),적색산화철 (CI 77491),나일론-12,망가니즈바이올렛 (CI 77742),실리카,마그네슘미리스테이트,마카다미아씨오일,메틸프로판다이올,라우로일라이신,다이메티콘,프로판다이올,마그네슘스테아레이트,알루미늄하이드록사이드,카올린,트라이에톡시카프릴릴실레인,말토덱스트린,흑색산화철 (CI 77499),적색226호 (CI 73360),황색산화철 (CI 77492),울트라마린 (CI 77007),카민 (CI 75470) [져니]탤크,마이카 (CI 77019),적색산화철 (CI 77491),카프릴릭/카프릭트라이글리세라이드,티타늄디옥사이드 (CI 77891),나일론-12,다이페닐다이메티콘/비닐다이페닐다이메티콘/실세스퀴옥세인크로스폴리머,실리카,마그네슘미리스테이트,흑색산화철 (CI 77499),마카다미아씨오일,메틸프로판다이올,다이메티콘,라우로일라이신,프로판다이올,마그네슘스테아레이트,알루미늄하이드록사이드,트라이에톡시카프릴릴실레인,말토덱스트린,적색226호 (CI 73360),황색산화철 (CI 77492),울트라마린 (CI 77007),카민 (CI 75470) [머머링]탤크,마이카 (CI 77019),티타늄디옥사이드 (CI 77891),보론나이트라이드,실리카,옥틸도데실스테아로일스테아레이트,페닐트라이메티콘,메틸프로판다이올,다이펜타에리스리틸헥사하이드록시스테아레이트/헥사스테아레이트/헥사로지네이트,마그네슘미리스테이트,다이아이소스테아릴말레이트,다이메티콘,프로판다이올,다이메티콘올스테아레이트,라우로일라이신,하이드로제네이티드레시틴,마그네슘스테아레이트,트라이에톡시카프릴릴실레인,알루미늄하이드록사이드,메티콘,카올린,황색산화철 (CI 77492),황색4호 (CI 19140),적색산화철 (CI 77491),망가니즈바이올렛 (CI 77742),적색226호 (CI 73360),황색5호 (CI 15985),울트라마린 (CI 77007),흑색산화철 (CI 77499) [영]탤크,마이카 (CI 77019),보론나이트라이드,티타늄디옥사이드 (CI 77891),마그네슘미리스테이트,옥틸도데실스테아로일스테아레이트,페닐트라이메티콘,황색5호 (CI 15985),마그네슘스테아레이트,실리카,메틸프로판다이올,다이메티콘,프로판다이올,트라이에톡시카프릴릴실레인,라우로일라이신,알루미늄하이드록사이드,메티콘,황색4호 (CI 19140),적색226호 (CI 73360) [홀리데이]다이메티콘,합성플루오르플로고파이트,칼슘알루미늄보로실리케이트,마이카 (CI 77019),티타늄디옥사이드 (CI 77891),메틸메타크릴레이트크로스폴리머,네오펜틸글라이콜다이에틸헥사노에이트,헥실라우레이트,다이메티콘/비닐다이메티콘크로스폴리머,나일론-12,다이글리세릴세바케이트/아이소팔미테이트,솔비탄세스퀴아이소스테아레이트,다이펜타에리스리틸헥사하이드록시스테아레이트/헥사스테아레이트/헥사로지네이트,마그네슘미리스테이트,프로판다이올,합성왁스,토코페롤,틴옥사이드 (CI 77861),페녹시에탄올,카민 (CI 75470),적색산화철 (CI 77491),적색226호 (CI 73360),황색4호 (CI 19140) [프리]마이카 (CI 77019),탤크,황색4호 (CI 19140),티타늄디옥사이드 (CI 77891),실리카,카민 (CI 75470),적색산화철 (CI 77491),네오펜틸글라이콜다이에틸헥사노에이트,황색산화철 (CI 77492),페닐트라이메티콘,마그네슘미리스테이트,다이메티콘,마카다미아씨오일,메틸프로판다이올,다이펜타에리스리틸헥사하이드록시스테아레이트/헥사스테아레이트/헥사로지네이트,다이아이소스테아릴말레이트,아이소스테아릴네오펜타노에이트,옥틸도데실스테아로일스테아레이트,마그네슘스테아레이트,프로판다이올,폴리부텐,라우로일라이신,마이크로크리스탈린셀룰로오스,하이드로제네이티드레시틴,말토덱스트린,알루미늄하이드록사이드,트라이에톡시카프릴릴실레인,메티콘,흑색산화철 (CI 77499),울트라마린 (CI 77007) [드링크]합성플루오르플로고파이트,티타늄디옥사이드 (CI 77891),탤크,마이카 (CI 77019),에틸헥실팔미테이트,알루미나,칼슘티타늄보로실리케이트,나일론-12,다이메티콘,마그네슘스테아레이트,실리카,하이드로제네이티드폴리아이소부텐,메틸프로판다이올,프로판다이올,트라이에톡시카프릴릴실레인,에틸렌/프로필렌/스타이렌코폴리머,부틸렌/에틸렌/스타이렌코폴리머,말토덱스트린,카올린,펜타에리스리틸테트라-다이-t-부틸하이드록시하이드로신나메이트,틴옥사이드 (CI 77861),카민 (CI 75470),망가니즈바이올렛 (CI 77742),황색산화철 (CI 77492),적색산화철 (CI 77491),흑색산화철 (CI 77499) [서핑]탤크,합성플루오르플로고파이트,카프릴릭/카프릭트라이글리세라이드,실리카,보론나이트라이드,폴리메틸실세스퀴옥세인,마그네슘미리스테이트,에이치디아이/트라이메틸올헥실락톤크로스폴리머,폴리메틸메타크릴레이트,마카다미아씨오일,사라수씨버터,메틸프로판다이올,다이메티콘올스테아레이트,다이메티콘,프로판다이올,알루미늄하이드록사이드,메티콘,황색산화철 (CI 77492),적색226호 (CI 73360),황색4호 (CI 19140),적색산화철 (CI 77491),울트라마린 (CI 77007),마이카 (CI 77019),티타늄디옥사이드 (CI 77891),흑색산화철 (CI 77499) [비치]마이카 (CI 77019),탤크,티타늄디옥사이드 (CI 77891),나일론-12,네오펜틸글라이콜다이에틸헥사노에이트,페닐트라이메티콘,카민 (CI 75470),다이메티콘,황색4호 (CI 19140),다이펜타에리스리틸헥사하이드록시스테아레이트/헥사스테아레이트/헥사로지네이트,마그네슘미리스테이트,마그네슘스테아레이트,메틸프로판다이올,실리카,다이아이소스테아릴말레이트,아이소스테아릴네오펜타노에이트,옥틸도데실스테아로일스테아레이트,프로판다이올,폴리부텐,하이드로제네이티드레시틴,알루미늄하이드록사이드,메티콘,말토덱스트린,황색5호 (CI 15985),적색산화철 (CI 77491),황색산화철 (CI 77492),흑색산화철 (CI 77499),울트라마린 (CI 77007) [세렌디피티]마이카 (CI 77019),탤크,티타늄디옥사이드 (CI 77891),합성플루오르플로고파이트,네오펜틸글라이콜다이에틸헥사노에이트,페닐트라이메티콘,칼슘티타늄보로실리케이트,나일론-12,다이펜타에리스리틸헥사하이드록시스테아레이트/헥사스테아레이트/헥사로지네이트,마그네슘미리스테이트,다이아이소스테아릴말레이트,아이소스테아릴네오펜타노에이트,옥틸도데실스테아로일스테아레이트,실리카,마그네슘스테아레이트,메틸프로판다이올,폴리부텐,프로판다이올,다이메티콘,트라이에톡시카프릴릴실레인,다이메티콘올스테아레이트,알루미늄하이드록사이드,메티콘,틴옥사이드 (CI 77861),적색226호 (CI 73360),카민 (CI 75470),황색산화철 (CI 77492),울트라마린 (CI 77007),적색산화철 (CI 77491),황색4호 (CI 19140),흑색산화철 (CI 77499) [머메이드]마이카 (CI 77019),탤크,칼슘티타늄보로실리케이트,티타늄디옥사이드 (CI 77891),보론나이트라이드,네오펜틸글라이콜다이에틸헥사노에이트,페닐트라이메티콘,나일론-12,다이펜타에리스리틸헥사하이드록시스테아레이트/헥사스테아레이트/헥사로지네이트,마그네슘미리스테이트,다이아이소스테아릴말레이트,아이소스테아릴네오펜타노에이트,옥틸도데실스테아로일스테아레이트,사라수씨버터,메틸프로판다이올,합성플루오르플로고파이트,폴리부텐,마그네슘스테아레이트,프로판다이올,실리카,말토덱스트린,틴옥사이드 (CI 77861),적색산화철 (CI 77491),카민 (CI 75470),울트라마린 (CI 77007),황색4호 (CI 19140),흑색산화철 (CI 77499),황색산화철 (CI 77492) [스웨이]탤크,합성플루오르플로고파이트,칼슘티타늄보로실리케이트,티타늄디옥사이드 (CI 77891),망가니즈바이올렛 (CI 77742),실리카,칼슘소듐보로실리케이트,네오펜틸글라이콜다이에틸헥사노에이트,페닐트라이메티콘,마카다미아씨오일,사라수씨버터,메틸프로판다이올,다이펜타에리스리틸헥사하이드록시스테아레이트/헥사스테아레이트/헥사로지네이트,다이메티콘,마그네슘미리스테이트,다이아이소스테아릴말레이트,아이소스테아릴네오펜타노에이트,옥틸도데실스테아로일스테아레이트,다이메티콘올스테아레이트,프로판다이올,폴리부텐,카올린,알루미늄하이드록사이드,트라이에톡시카프릴릴실레인,틴옥사이드 (CI 77861),황색산화철 (CI 77492),적색226호 (CI 73360),울트라마린 (CI 77007) [하이퍼]마이카 (CI 77019),탤크,칼슘티타늄보로실리케이트,티타늄디옥사이드 (CI 77891),네오펜틸글라이콜다이에틸헥사노에이트,페닐트라이메티콘,마그네슘미리스테이트,다이펜타에리스리틸헥사하이드록시스테아레이트/헥사스테아레이트/헥사로지네이트,다이아이소스테아릴말레이트,아이소스테아릴네오펜타노에이트,옥틸도데실스테아로일스테아레이트,마그네슘스테아레이트,메틸프로판다이올,폴리부텐,다이메티콘,프로판다이올,실리카,트라이에톡시카프릴릴실레인,라우로일라이신,틴옥사이드 (CI 77861),적색226호 (CI 73360),울트라마린 (CI 77007),황색4호 (CI 19140),흑색산화철 (CI 77499) [선라이즈]탤크,마이카 (CI 77019),칼슘티타늄보로실리케이트,티타늄디옥사이드 (CI 77891),합성플루오르플로고파이트,에틸헥실팔미테이트,보론나이트라이드,카민 (CI 75470),옥틸도데실스테아로일스테아레이트,페닐트라이메티콘,실리카,황색산화철 (CI 77492),마그네슘미리스테이트,사라수씨버터,마카다미아씨오일,메틸프로판다이올,마그네슘스테아레이트,프로판다이올,다이메티콘,트라이에톡시카프릴릴실레인,라우로일라이신,말토덱스트린,틴옥사이드 (CI 77861),적색산화철 (CI 77491),울트라마린 (CI 77007),흑색산화철 (CI 77499)

[21 폴 인 피그 블러링(단품/기획)]
[본품] [모닝 듀]다이메티콘,칼슘티타늄보로실리케이트,합성플루오르플로고파이트,메틸메타크릴레이트크로스폴리머,칼슘알루미늄보로실리케이트,티타늄디옥사이드 (CI 77891),마이카 (CI 77019),네오펜틸글라이콜다이에틸헥사노에이트,헥실라우레이트,다이메티콘/비닐다이메티콘크로스폴리머,나일론-12,다이글리세릴세바케이트/아이소팔미테이트,솔비탄세스퀴아이소스테아레이트,실리카,마그네슘미리스테이트,다이펜타에리스리틸헥사하이드록시스테아레이트/헥사스테아레이트/헥사로지네이트,프로판다이올,합성왁스,토코페롤,틴옥사이드 (CI 77861),페녹시에탄올,카민 (CI 75470),적색산화철 (CI 77491) [소프트 핑크]탤크,티타늄디옥사이드 (CI 77891),알루미늄전분옥테닐석시네이트,마이카 (CI 77019),합성플루오르플로고파이트,칼슘티타늄보로실리케이트,옥틸도데실스테아로일스테아레이트,페닐트라이메티콘,실리카,마그네슘미리스테이트,메틸프로판다이올,다이메티콘,마그네슘스테아레이트,프로판다이올,알루미늄하이드록사이드,트라이에톡시카프릴릴실레인,카올린,틴옥사이드 (CI 77861),울트라마린 (CI 77007),적색산화철 (CI 77491),흑색산화철 (CI 77499),적색226호 (CI 73360),황색산화철 (CI 77492) [샌디 베이지]탤크,알루미늄전분옥테닐석시네이트,마이카 (CI 77019),티타늄디옥사이드 (CI 77891),실리카,카프릴릭/카프릭트라이글리세라이드,옥틸도데실스테아로일스테아레이트,페닐트라이메티콘,트라이에톡시카프릴릴실레인,마그네슘미리스테이트,마카다미아씨오일,메틸프로판다이올,다이메티콘,프로판다이올,알루미늄하이드록사이드,황색산화철 (CI 77492),적색산화철 (CI 77491),흑색산화철 (CI 77499) [세이지]마이카 (CI 77019),티타늄디옥사이드 (CI 77891),탤크,네오펜틸글라이콜다이에틸헥사노에이트,페닐트라이메티콘,실리카,보론나이트라이드,나일론-12,다이펜타에리스리틸헥사하이드록시스테아레이트/헥사스테아레이트/헥사로지네이트,다이아이소스테아릴말레이트,아이소스테아릴네오펜타노에이트,옥틸도데실스테아로일스테아레이트,마그네슘미리스테이트,마그네슘스테아레이트,메틸프로판다이올,폴리부텐,프로판다이올,트라이에톡시카프릴릴실레인,다이메티콘,라우로일라이신,크로뮴옥사이드그린 (CI 77288),적색산화철 (CI 77491),울트라마린 (CI 77007),황색산화철 (CI 77492),흑색산화철 (CI 77499),페릭페로시아나이드 (CI 77510) [오로라]칼슘티타늄보로실리케이트,칼슘알루미늄보로실리케이트,비스-다이글리세릴폴리아실아디페이트-2,티타늄디옥사이드 (CI 77891),폴리글리세릴-2트라이아이소스테아레이트,폴리프로필렌,칼슘소듐보로실리케이트,마이카 (CI 77019),폴리에틸렌테레프탈레이트,실리카,마그네슘스테아레이트,메틸프로판다이올,프로판다이올,아크릴레이트코폴리머,틴옥사이드 (CI 77861),적색산화철 (CI 77491),카민 (CI 75470) [프레쉬 로즈]마이카 (CI 77019),탤크,티타늄디옥사이드 (CI 77891),알루미늄전분옥테닐석시네이트,네오펜틸글라이콜다이에틸헥사노에이트,페닐트라이메티콘,마그네슘미리스테이트,다이펜타에리스리틸헥사하이드록시스테아레이트/헥사스테아레이트/헥사로지네이트,다이아이소스테아릴말레이트,아이소스테아릴네오펜타노에이트,옥틸도데실스테아로일스테아레이트,메틸프로판다이올,실리카,폴리부텐,마그네슘스테아레이트,프로판다이올,다이메티콘,트라이에톡시카프릴릴실레인,알루미늄하이드록사이드,말토덱스트린,틴옥사이드 (CI 77861),적색산화철 (CI 77491),황색산화철 (CI 77492),카민 (CI 75470),적색226호 (CI 73360),흑색산화철 (CI 77499),황색4호 (CI 19140),울트라마린 (CI 77007) [소프트 토프]탤크,마이카 (CI 77019),실리카,티타늄디옥사이드 (CI 77891),보론나이트라이드,나일론-12,옥틸도데실스테아로일스테아레이트,페닐트라이메티콘,황색산화철 (CI 77492),마그네슘미리스테이트,메틸프로판다이올,다이메티콘올스테아레이트,다이메티콘,프로판다이올,하이드로제네이티드레시틴,라우로일라이신,트라이에톡시카프릴릴실레인,알루미늄하이드록사이드,카올린,망가니즈바이올렛 (CI 77742),흑색산화철 (CI 77499),적색산화철 (CI 77491),울트라마린 (CI 77007) [터치]마이카 (CI 77019),탤크,티타늄디옥사이드 (CI 77891),합성플루오르플로고파이트,네오펜틸글라이콜다이에틸헥사노에이트,페닐트라이메티콘,나일론-12,다이펜타에리스리틸헥사하이드록시스테아레이트/헥사스테아레이트/헥사로지네이트,마그네슘미리스테이트,다이아이소스테아릴말레이트,아이소스테아릴네오펜타노에이트,옥틸도데실스테아로일스테아레이트,마그네슘스테아레이트,메틸프로판다이올,폴리부텐,다이메티콘,프로판다이올,트라이에톡시카프릴릴실레인,카올린,틴옥사이드 (CI 77861),적색산화철 (CI 77491),흑색산화철 (CI 77499),황색산화철 (CI 77492),망가니즈바이올렛 (CI 77742),페릭페로시아나이드 (CI 77510),울트라마린 (CI 77007) [모브]탤크,마이카 (CI 77019),티타늄디옥사이드 (CI 77891),망가니즈바이올렛 (CI 77742),보론나이트라이드,실리카,울트라마린 (CI 77007),적색산화철 (CI 77491),옥틸도데실스테아로일스테아레이트,페닐트라이메티콘,마그네슘미리스테이트,마카다미아씨오일,메틸프로판다이올,다이메티콘,마그네슘스테아레이트,프로판다이올,알루미늄하이드록사이드,카올린,트라이에톡시카프릴릴실레인,라우로일라이신,황색산화철 (CI 77492),흑색산화철 (CI 77499),적색226호 (CI 73360) [피그]탤크,마이카 (CI 77019),티타늄디옥사이드 (CI 77891),실리카,보론나이트라이드,옥틸도데실스테아로일스테아레이트,페닐트라이메티콘,카민 (CI 75470),옥틸도데칸올,황색산화철 (CI 77492),흑색산화철 (CI 77499),마카다미아씨오일,마그네슘미리스테이트,메틸프로판다이올,다이메티콘,칼슘티타늄보로실리케이트,다이펜타에리스리틸헥사하이드록시스테아레이트/헥사스테아레이트/헥사로지네이트,다이아이소스테아릴말레이트,프로판다이올,다이메티콘올스테아레이트,마그네슘스테아레이트,트라이에톡시카프릴릴실레인,하이드로제네이티드레시틴,알루미늄하이드록사이드,메티콘,말토덱스트린,틴옥사이드 (CI 77861),적색산화철 (CI 77491),황색4호 (CI 19140),울트라마린 (CI 77007) [너티]탤크,알루미늄전분옥테닐석시네이트,마이카 (CI 77019),티타늄디옥사이드 (CI 77891),실리카,옥틸도데실스테아로일스테아레이트,페닐트라이메티콘,흑색산화철 (CI 77499),황색산화철 (CI 77492),적색산화철 (CI 77491),마그네슘미리스테이트,트라이에톡시카프릴릴실레인,마카다미아씨오일,메틸프로판다이올,다이메티콘,프로판다이올,알루미늄하이드록사이드,말토덱스트린,울트라마린 (CI 77007),카민 (CI 75470) [아이시 카키]비스-다이글리세릴폴리아실아디페이트-2,티타늄디옥사이드 (CI 77891),칼슘티타늄보로실리케이트,합성플루오르플로고파이트,칼슘알루미늄보로실리케이트,마이카 (CI 77019),폴리글리세릴-2트라이아이소스테아레이트,폴리프로필렌,칼슘소듐보로실리케이트,흑색산화철 (CI 77499),실리카,메틸프로판다이올,마그네슘스테아레이트,프로판다이올,트라이에톡시카프릴릴실레인,틴옥사이드 (CI 77861),적색산화철 (CI 77491) [로즈 밤]다이메티콘,다이에틸헥실카보네이트,아이소에이코산,실리카,다이아이소스테아릴말레이트,티타늄디옥사이드 (CI 77891),에틸헥실하이드록시스테아레이트,페닐트라이메티콘,C30-45알킬다이메틸실릴폴리프로필실세스퀴옥세인,다이페닐다이메티콘/비닐다이페닐다이메티콘/실세스퀴옥세인크로스폴리머,합성플루오르플로고파이트,비닐다이메티콘/메티콘실세스퀴옥세인크로스폴리머,세레신,합성왁스,마이크로크리스탈린왁스,폴리글리세릴-2트라이아이소스테아레이트,다이메티콘크로스폴리머,폴리하이드록시스테아릭애씨드,레시틴,폴리글리세릴-2다이아이소스테아레이트,에틸헥실팔미테이트,아이소프로필미리스테이트,아이소스테아릭애씨드,트라이에톡시카프릴릴실레인,폴리글리세릴-3폴리리시놀리에이트,카프릴릴글라이콜,글리세릴카프릴레이트,적색산화철 (CI 77491),황색산화철 (CI 77492),적색202호 (CI 15850),흑색산화철 (CI 77499) [플럼 브라운]탤크,마이카 (CI 77019),흑색산화철 (CI 77499),보론나이트라이드,실리카,황색산화철 (CI 77492),적색산화철 (CI 77491),티타늄디옥사이드 (CI 77891),옥틸도데칸올,옥틸도데실스테아로일스테아레이트,페닐트라이메티콘,망가니즈바이올렛 (CI 77742),마카다미아씨오일,마그네슘미리스테이트,메틸프로판다이올,트라이에톡시카프릴릴실레인,다이메티콘,다이펜타에리스리틸헥사하이드록시스테아레이트/헥사스테아레이트/헥사로지네이트,마그네슘스테아레이트,프로판다이올,다이아이소스테아릴말레이트,다이메티콘올스테아레이트,하이드로제네이티드레시틴,알루미늄하이드록사이드,카올린,말토덱스트린,메티콘,카민 (CI 75470),울트라마린 (CI 77007),황색4호 (CI 19140) [앤티크 브라운]탤크,마이카 (CI 77019),흑색산화철 (CI 77499),알루미늄전분옥테닐석시네이트,황색산화철 (CI 77492),실리카,트라이에틸헥사노인,카프릴릭/카프릭트라이글리세라이드,망가니즈바이올렛 (CI 77742),적색산화철 (CI 77491),트라이에톡시카프릴릴실레인,마카다미아씨오일,보론나이트라이드,마그네슘미리스테이트,메틸프로판다이올,다이펜타에리스리틸헥사하이드록시스테아레이트/헥사스테아레이트/헥사로지네이트,마그네슘스테아레이트,프로판다이올,다이메티콘,하이드로제네이티드레시틴,카올린,말토덱스트린,울트라마린 (CI 77007),카민 (CI 75470) [모스 브라운]마이카 (CI 77019),흑색산화철 (CI 77499),탤크,에틸헥실팔미테이트,합성플루오르플로고파이트,적색산화철 (CI 77491),티타늄디옥사이드 (CI 77891),황색산화철 (CI 77492),다이메티콘,마그네슘미리스테이트,하이드로제네이티드폴리아이소부텐,숯가루,마그네슘스테아레이트,메틸프로판다이올,나일론-12,프로판다이올,실리카,트라이에톡시카프릴릴실레인,에틸렌/프로필렌/스타이렌코폴리머,알루미나,부틸렌/에틸렌/스타이렌코폴리머,펜타에리스리틸테트라-다이-t-부틸하이드록시하이드로신나메이트,틴옥사이드 (CI 77861),울트라마린 (CI 77007)
[증정품] 카프릴릭/카프릭트라이글리세라이드,다이아이소스테아릴말레이트,아이소노닐아이소노나노에이트,비스-베헤닐/아이소스테아릴/피토스테릴다이머다이리놀레일다이머다이리놀리에이트,하이드로제네이티드폴리아이소부텐,합성왁스,칼슘티타늄보로실리케이트,비스-다이글리세릴폴리아실아디페이트-2,파라핀,티타늄디옥사이드,솔비탄아이소스테아레이트,세틸피이지/피피지-10/1다이메티콘,마이크로크리스탈린왁스,카프릴릭/카프릭글리세라이즈,카프릴릴글라이콜,틴옥사이드,펜타에리스리틸테트라-다이-t-부틸하이드록시하이드로신나메이트

[22 멜로우 어텀 블러링(단품/기획)]
본품: [누드 베이지]탤크,마이카 (CI 77019),나일론-12,바륨설페이트,카프릴릭/카프릭트라이글리세라이드,다이아이소스테아릴말레이트,실리카,마그네슘미리스테이트,메틸프로판다이올,다이메티콘,트라이에톡시카프릴릴실레인,마그네슘스테아레이트,프로판다이올,하이드로제네이티드레시틴,알루미늄하이드록사이드,황색산화철 (CI 77492),티타늄디옥사이드 (CI 77891),적색산화철 (CI 77491),흑색산화철 (CI 77499),황색4호 (CI 19140),적색226호 (CI 73360),울트라마린 (CI 77007) [실루엣]세틸에틸헥사노에이트,마이카 (CI 77019),합성플루오르플로고파이트,다이부틸아디페이트,실리카,티타늄디옥사이드 (CI 77891),폴리글리세릴-2트라이아이소스테아레이트,마이크로크리스탈린왁스,합성비즈왁스,합성왁스,다이메티콘,세레신,브이피/헥사데센코폴리머,다이글리세릴세바케이트/아이소팔미테이트,다이아이소스테아릴말레이트,트라이에톡시카프릴릴실레인,다이스테아다이모늄헥토라이트,트라이에틸시트레이트,토코페롤,틴옥사이드 (CI 77861),황색산화철 (CI 77492),적색산화철 (CI 77491),흑색산화철 (CI 77499) [블링크]칼슘티타늄보로실리케이트,마이카 (CI 77019),에틸헥실팔미테이트,탤크,티타늄디옥사이드 (CI 77891),하이드로제네이티드폴리아이소부텐,칼슘알루미늄보로실리케이트,마그네슘미리스테이트,나일론-12,칼슘소듐보로실리케이트,메틸프로판다이올,실리카,다이아이소스테아릴말레이트,마그네슘스테아레이트,프로판다이올,카프릴릭/카프릭트라이글리세라이드,트라이에톡시카프릴릴실레인,에틸렌/프로필렌/스타이렌코폴리머,다이메티콘,부틸렌/에틸렌/스타이렌코폴리머,펜타에리스리틸테트라-다이-t-부틸하이드록시하이드로신나메이트,틴옥사이드 (CI 77861),황색산화철 (CI 77492),적색산화철 (CI 77491),흑색산화철 (CI 77499),카민 (CI 75470) [베이비 리프]탤크,마이카 (CI 77019),실리카,보론나이트라이드,황색산화철 (CI 77492),옥틸도데실스테아로일스테아레이트,페닐트라이메티콘,마그네슘미리스테이트,마카다미아씨오일,메틸프로판다이올,옥틸도데칸올,다이메티콘,다이펜타에리스리틸헥사하이드록시스테아레이트/헥사스테아레이트/헥사로지네이트,마그네슘스테아레이트,프로판다이올,다이아이소스테아릴말레이트,트라이에톡시카프릴릴실레인,다이메티콘올스테아레이트,라우로일라이신,알루미늄하이드록사이드,카올린,티타늄디옥사이드 (CI 77891),망가니즈바이올렛 (CI 77742),흑색산화철 (CI 77499),청색1호 (CI 42090),적색산화철 (CI 77491),울트라마린 (CI 77007) [데이지]탤크,마이카 (CI 77019),나일론-12,티타늄디옥사이드 (CI 77891),보론나이트라이드,실리카,네오펜틸글라이콜다이에틸헥사노에이트,페닐트라이메티콘,다이메티콘,마카다미아씨오일,마그네슘미리스테이트,메틸프로판다이올,다이펜타에리스리틸헥사하이드록시스테아레이트/헥사스테아레이트/헥사로지네이트,칼슘티타늄보로실리케이트,다이아이소스테아릴말레이트,아이소스테아릴네오펜타노에이트,옥틸도데실스테아로일스테아레이트,마그네슘스테아레이트,프로판다이올,폴리부텐,라우로일라이신,알루미늄하이드록사이드,메티콘,트라이에톡시카프릴릴실레인,말토덱스트린,틴옥사이드 (CI 77861),황색4호 (CI 19140),카민 (CI 75470),적색산화철 (CI 77491),황색산화철 (CI 77492),흑색산화철 (CI 77499),울트라마린 (CI 77007) [웜 브리즈]탤크,알루미늄전분옥테닐석시네이트,마이카 (CI 77019),티타늄디옥사이드 (CI 77891),실리카,트라이에틸헥사노인,카프릴릭/카프릭트라이글리세라이드,적색산화철 (CI 77491),트라이에톡시카프릴릴실레인,마그네슘미리스테이트,마카다미아씨오일,메틸프로판다이올,다이펜타에리스리틸헥사하이드록시스테아레이트/헥사스테아레이트/헥사로지네이트,다이메티콘,프로판다이올,알루미늄하이드록사이드,메티콘,카올린,황색산화철 (CI 77492),황색4호 (CI 19140),울트라마린 (CI 77007),흑색산화철 (CI 77499),적색226호 (CI 73360) [폴링 폴]탤크,마이카 (CI 77019),실리카,티타늄디옥사이드 (CI 77891),칼슘카보네이트,황색산화철 (CI 77492),옥틸도데실스테아로일스테아레이트,페닐트라이메티콘,망가니즈바이올렛 (CI 77742),적색산화철 (CI 77491),마그네슘미리스테이트,마그네슘스테아레이트,메틸프로판다이올,다이펜타에리스리틸헥사하이드록시스테아레이트/헥사스테아레이트/헥사로지네이트,트라이에톡시카프릴릴실레인,다이아이소스테아릴말레이트,프로판다이올,다이메티콘,하이드로제네이티드레시틴,알루미늄하이드록사이드,카올린,아이소프로필티타늄트라이아이소스테아레이트,말토덱스트린,세테아릴알코올,흑색산화철 (CI 77499),울트라마린 (CI 77007),황색4호 (CI 19140),카민 (CI 75470) [스프라우트]탤크,마이카 (CI 77019),알루미늄전분옥테닐석시네이트,티타늄디옥사이드 (CI 77891),카프릴릭/카프릭트라이글리세라이드,황색산화철 (CI 77492),나일론-12,마그네슘스테아레이트,흑색산화철 (CI 77499),적색산화철 (CI 77491),메틸프로판다이올,트라이에톡시카프릴릴실레인,프로판다이올,라우로일라이신,다이메티콘,알루미늄하이드록사이드,카올린,황색4호 (CI 19140),망가니즈바이올렛 (CI 77742),울트라마린 (CI 77007) [앰버]칼슘알루미늄보로실리케이트,에틸헥실팔미테이트,탤크,티타늄디옥사이드 (CI 77891),마이카 (CI 77019),하이드로제네이티드폴리아이소부텐,마그네슘미리스테이트,실리카,마그네슘스테아레이트,나일론-12,칼슘소듐보로실리케이트,메틸프로판다이올,프로판다이올,다이아이소스테아릴말레이트,에틸렌/프로필렌/스타이렌코폴리머,다이메티콘,카프릴릭/카프릭트라이글리세라이드,트라이에톡시카프릴릴실레인,말토덱스트린,부틸렌/에틸렌/스타이렌코폴리머,카올린,펜타에리스리틸테트라-다이-t-부틸하이드록시하이드로신나메이트,틴옥사이드 (CI 77861),적색산화철 (CI 77491),황색4호 (CI 19140),카민 (CI 75470),황색산화철 (CI 77492),망가니즈바이올렛 (CI 77742),흑색산화철 (CI 77499),울트라마린 (CI 77007) [헤이즈]탤크,마이카 (CI 77019),알루미늄전분옥테닐석시네이트,적색산화철 (CI 77491),옥틸도데칸올,실리카,칼슘알루미늄보로실리케이트,칼슘티타늄보로실리케이트,다이아이소스테아릴말레이트,울트라마린 (CI 77007),마카다미아씨오일,마그네슘미리스테이트,메틸프로판다이올,마그네슘스테아레이트,프로판다이올,다이펜타에리스리틸헥사하이드록시스테아레이트/헥사스테아레이트/헥사로지네이트,다이메티콘,트라이에톡시카프릴릴실레인,하이드로제네이티드레시틴,카올린,틴옥사이드 (CI 77861),티타늄디옥사이드 (CI 77891),망가니즈바이올렛 (CI 77742),흑색산화철 (CI 77499),적색226호 (CI 73360),황색산화철 (CI 77492) [스테이]탤크,티타늄디옥사이드 (CI 77891),황색산화철 (CI 77492),알루미늄전분옥테닐석시네이트,흑색산화철 (CI 77499),합성플루오르플로고파이트,마이카 (CI 77019),적색산화철 (CI 77491),마그네슘미리스테이트,카프릴릭/카프릭트라이글리세라이드,다이아이소스테아릴말레이트,메틸프로판다이올,나일론-12,실리카,트라이에톡시카프릴릴실레인,마그네슘스테아레이트,프로판다이올,알루미늄하이드록사이드,다이메티콘 [사일런스]마이카 (CI 77019),탤크,합성플루오르플로고파이트,흑색산화철 (CI 77499),칼슘알루미늄보로실리케이트,에틸헥실팔미테이트,적색산화철 (CI 77491),티타늄디옥사이드 (CI 77891),카프릴릭/카프릭트라이글리세라이드,마그네슘미리스테이트,나일론-12,실리카,하이드로제네이티드폴리아이소부텐,알루미늄가루 (CI 77000),마그네슘스테아레이트,메틸프로판다이올,프로판다이올,다이메티콘,트라이에톡시카프릴릴실레인,에틸렌/프로필렌/스타이렌코폴리머,부틸렌/에틸렌/스타이렌코폴리머,펜타에리스리틸테트라-다이-t-부틸하이드록시하이드로신나메이트,틴옥사이드 (CI 77861),황색산화철 (CI 77492) [피치 밤]부틸렌글라이콜다이카프릴레이트/다이카프레이트,다이메티콘,알루미늄전분옥테닐석시네이트,아이소에이코산,다이아이소스테아릴말레이트,티타늄디옥사이드 (CI 77891),실리카,C30-45알킬다이메틸실릴폴리프로필실세스퀴옥세인,칼슘카보네이트,다이페닐다이메티콘/비닐다이페닐다이메티콘/실세스퀴옥세인크로스폴리머,폴리글리세릴-2트라이아이소스테아레이트,세레신,다이칼슘포스페이트,합성왁스,황색산화철 (CI 77492),동백나무씨오일,아밀로펙틴,라우릴폴리글리세릴-3폴리다이메틸실록시에틸다이메티콘,마이크로크리스탈린왁스,트라이메틸펜타페닐트라이실록세인,폴리하이드록시스테아릭애씨드,레시틴,트라이에톡시카프릴릴실레인,폴리글리세릴-2다이아이소스테아레이트,에틸헥실팔미테이트,아이소프로필미리스테이트,아이소스테아릭애씨드,폴리글리세릴-3폴리리시놀리에이트,적색산화철 (CI 77491),황색4호 (CI 19140),적색202호 (CI 15850),흑색산화철 (CI 77499) [펌킨]피마자씨오일,카프릴릭/카프릭트라이글리세라이드,다이아이소스테아릴말레이트,다이글리세릴세바케이트/아이소팔미테이트,마이크로크리스탈린왁스,실리카,파라핀,알루미나,하이드로제네이티드캐스터오일아이소스테아레이트,피토스테릴/이소스테아릴/세틸/스테아릴/베헤닐다이머디리놀리에이트,브이피/헥사데센코폴리머,다이펜타에리스리틸헥사하이드록시스테아레이트/헥사스테아레이트/헥사로지네이트,폴리글리세릴-2트라이아이소스테아레이트,적색산화철 (CI 77491),합성플루오르플로고파이트,실리카다이메틸실릴레이트,솔비탄아이소스테아레이트,마이크로크리스탈린왁스,메티콘,토코페릴아세테이트,카프릴릴글라이콜,글리세릴카프릴레이트,폴리글리세릴-2다이아이소스테아레이트,토코페롤,황색산화철 (CI 77492),티타늄디옥사이드 (CI 77891),흑색산화철 (CI 77499),적색202호 (CI 15850) [번트 너트]탤크,흑색산화철 (CI 77499),알루미늄전분옥테닐석시네이트,마이카 (CI 77019),황색산화철 (CI 77492),적색산화철 (CI 77491),합성플루오르플로고파이트,카프릴릭/카프릭트라이글리세라이드,마그네슘미리스테이트,다이아이소스테아릴말레이트,울트라마린 (CI 77007),아이소프로필티타늄트라이아이소스테아레이트,메틸프로판다이올,마그네슘스테아레이트,프로판다이올,다이메티콘,말토덱스트린,카민 (CI 75470) [딥 카키]흑색산화철 (CI 77499),합성플루오르플로고파이트,마이카 (CI 77019),에틸헥실팔미테이트,탤크,적색산화철 (CI 77491),티타늄디옥사이드 (CI 77891),다이메티콘,마그네슘미리스테이트,하이드로제네이티드폴리아이소부텐,황색산화철 (CI 77492),숯가루,마그네슘스테아레이트,메틸프로판다이올,나일론-12,프로판다이올,에틸렌/프로필렌/스타이렌코폴리머,알루미나,부틸렌/에틸렌/스타이렌코폴리머,펜타에리스리틸테트라-다이-t-부틸하이드록시하이드로신나메이트,틴옥사이드 (CI 77861)
증정품:카프릴릭/카프릭트라이글리세라이드,다이아이소스테아릴말레이트,아이소노닐아이소노나노에이트,비스-베헤닐/아이소스테아릴/피토스테릴다이머다이리놀레일다이머다이리놀리에이트,하이드로제네이티드폴리아이소부텐,합성왁스,칼슘티타늄보로실리케이트,비스-다이글리세릴폴리아실아디페이트-2,파라핀,티타늄디옥사이드,솔비탄아이소스테아레이트,세틸피이지/피피지-10/1다이메티콘,마이크로크리스탈린왁스,카프릴릭/카프릭글리세라이즈,카프릴릴글라이콜,틴옥사이드,펜타에리스리틸테트라-다이-t-부틸하이드록시하이드로신나메이트

[25 헬시 코랄 블러링]
[웜 브라이트] 탤크, 마이카 (CI 77019), 실리카, 바륨설페이트, 티타늄디옥사이드 (CI 77891), 카프릴릭/카프릭트라이글리세라이드, 트라이에틸헥사노인, 마그네슘미리스테이트, 보론나이트라이드, 다이메티콘올스테아레이트, 트라이에톡시카프릴릴실레인, 카프릴릴글라이콜, 다이펜타에리스리틸헥사하이드록시스테아레이트/헥사스테아레이트/헥사로지네이트, 다이메티콘, 글리세릴카프릴레이트, 라우로일라이신, 에틸헥실글리세린, 알루미늄하이드록사이드, 메티콘, 아이소프로필티타늄트라이아이소스테아레이트, 말토덱스트린, 카올린, 토코페롤, 세테아릴알코올, 황색4호 (CI 19140), 카민 (CI 75470), 흑색산화철 (CI 77499), 울트라마린 (CI 77007), 망가니즈바이올렛 (CI 77742)
[애프리콧] 탤크, 마이카 (CI 77019), 티타늄디옥사이드 (CI 77891), 알루미늄전분옥테닐석시네이트, 옥틸도데실스테아로일스테아레이트, 페닐트라이메티콘, 마그네슘미리스테이트, 실리카, 마카다미아씨오일, 마그네슘스테아레이트, 트라이에톡시카프릴릴실레인, 다이메티콘, 카프릴릴글라이콜, 글리세릴카프릴레이트, 알루미늄하이드록사이드, 에틸헥실글리세린, 메티콘, 말토덱스트린, 토코페롤, 황색4호 (CI 19140), 카민 (CI 75470), 적색산화철 (CI 77491), 황색산화철 (CI 77492), 흑색산화철 (CI 77499), 울트라마린 (CI 77007)
[딜라이트] 탤크, 합성플루오르플로고파이트, 티타늄디옥사이드 (CI 77891), 카프릴릭/카프릭트라이글리세라이드, 실리카, 보론나이트라이드, 나일론-12, 폴리메틸실세스퀴옥세인, 카민 (CI 75470), 마그네슘미리스테이트, 황색4호 (CI 19140), 마카다미아씨오일, 다이메티콘, 트라이에톡시카프릴릴실레인, 다이메티콘올스테아레이트, 카프릴릴글라이콜, 알루미늄하이드록사이드, 글리세릴카프릴레이트, 에틸헥실글리세린, 말토덱스트린, 토코페롤, 황색산화철 (CI 77492), 적색산화철 (CI 77491)
[핑크 넥타] 탤크, 마이카 (CI 77019), 티타늄디옥사이드 (CI 77891), 보론나이트라이드, 옥틸도데실스테아로일스테아레이트, 페닐트라이메티콘, 실리카, 마그네슘미리스테이트, 다이메티콘, 마카다미아씨오일, 마그네슘스테아레이트, 카프릴릴글라이콜, 다이메티콘올스테아레이트, 글리세릴카프릴레이트, 에틸헥실글리세린, 알루미늄하이드록사이드, 라우로일라이신, 메티콘, 트라이에톡시카프릴릴실레인, 말토덱스트린, 카올린, 토코페롤, 카민 (CI 75470), 적색산화철 (CI 77491), 황색산화철 (CI 77492), 망가니즈바이올렛 (CI 77742), 황색4호 (CI 19140), 울트라마린 (CI 77007)
[샌드스톤] 탤크, 마이카 (CI 77019), 나일론-12, 보론나이트라이드, 옥틸도데실스테아로일스테아레이트, 페닐트라이메티콘, 황색산화철 (CI 77492), 실리카, 티타늄디옥사이드 (CI 77891), 마카다미아씨오일, 트라이에톡시카프릴릴실레인, 다이메티콘, 마그네슘미리스테이트, 카프릴릴글라이콜, 마그네슘스테아레이트, 하이드로제네이티드레시틴, 글리세릴카프릴레이트, 에틸헥실글리세린, 알루미늄하이드록사이드, 메티콘, 카올린, 토코페롤, 적색산화철 (CI 77491), 흑색산화철 (CI 77499), 망가니즈바이올렛 (CI 77742), 울트라마린 (CI 77007)
[라이트 카라멜] 탤크, 마이카 (CI 77019), 나일론-12, 황색산화철 (CI 77492), 보론나이트라이드, 옥틸도데실스테아로일스테아레이트, 페닐트라이메티콘, 티타늄디옥사이드 (CI 77891), 망가니즈바이올렛 (CI 77742), 실리카, 마그네슘미리스테이트, 울트라마린 (CI 77007), 적색산화철 (CI 77491), 흑색산화철 (CI 77499), 마카다미아씨오일, 마그네슘스테아레이트, 다이메티콘, 카프릴릴글라이콜, 다이메티콘올스테아레이트, 글리세릴카프릴레이트, 에틸헥실글리세린, 하이드로제네이티드레시틴, 라우로일라이신, 트라이에톡시카프릴릴실레인, 카올린, 알루미늄하이드록사이드, 토코페롤
[멜로우 베이지] 탤크, 마이카 (CI 77019), 티타늄디옥사이드 (CI 77891), 카프릴릭/카프릭트라이글리세라이드, 실리카, 마그네슘미리스테이트, 황색산화철 (CI 77492), 마카다미아씨오일, 다이메티콘, 마그네슘스테아레이트, 트라이에톡시카프릴릴실레인, 카프릴릴글라이콜, 다이메티콘올스테아레이트, 알루미늄하이드록사이드, 글리세릴카프릴레이트, 하이드록시프로필비스팔미타마이드엠이에이, 에틸헥실글리세린, 메티콘, 말토덱스트린, 토코페롤, 적색산화철 (CI 77491), 울트라마린 (CI 77007), 카민 (CI 75470), 흑색산화철 (CI 77499)
[소프트 로지] 탤크, 마이카 (CI 77019), 티타늄디옥사이드 (CI 77891), 알루미늄전분옥테닐석시네이트, 옥틸도데실스테아로일스테아레이트, 페닐트라이메티콘, 실리카, 다이메티콘, 마그네슘미리스테이트, 적색산화철 (CI 77491), 망가니즈바이올렛 (CI 77742), 마그네슘스테아레이트, 다이메티콘올스테아레이트, 카프릴릴글라이콜, 트라이에톡시카프릴릴실레인, 글리세릴카프릴레이트, 카프릴릭/카프릭트라이글리세라이드, 메티콘, 에틸헥실글리세린, 하이드록시프로필비스팔미타마이드엠이에이, 알루미늄하이드록사이드, 카올린, 토코페롤, 흑색산화철 (CI 77499), 황색산화철 (CI 77492), 울트라마린 (CI 77007)
[베일] 탤크, 마이카 (CI 77019), 티타늄디옥사이드 (CI 77891), 실리카, 보론나이트라이드, 나일론-12, 옥틸도데실스테아로일스테아레이트, 페닐트라이메티콘, 황색산화철 (CI 77492), 흑색산화철 (CI 77499), 망가니즈바이올렛 (CI 77742), 마그네슘미리스테이트, 다이메티콘, 카프릴릴글라이콜, 다이메티콘올스테아레이트, 글리세릴카프릴레이트, 트라이에톡시카프릴릴실레인, 하이드로제네이티드레시틴, 라우로일라이신, 에틸헥실글리세린, 알루미늄하이드록사이드, 카올린, 토코페롤, 적색산화철 (CI 77491), 울트라마린 (CI 77007)
[스모키] 마이카 (CI 77019), 탤크, 티타늄디옥사이드 (CI 77891), 보론나이트라이드, 나일론-12, 네오펜틸글라이콜다이에틸헥사노에이트, 실리카, 페닐트라이메티콘, 황색산화철 (CI 77492), 흑색산화철 (CI 77499), 적색산화철 (CI 77491), 마그네슘미리스테이트, 다이펜타에리스리틸헥사하이드록시스테아레이트/헥사스테아레이트/헥사로지네이트, 다이아이소스테아릴말레이트, 아이소스테아릴네오펜타노에이트, 옥틸도데실스테아로일스테아레이트, 카프릴릴글라이콜, 마그네슘스테아레이트, 다이메티콘, 폴리부텐, 글리세릴카프릴레이트, 하이드로제네이티드레시틴, 라우로일라이신, 알루미늄하이드록사이드, 에틸헥실글리세린, 메티콘, 트라이에톡시카프릴릴실레인, 카올린, 토코페롤, 망가니즈바이올렛 (CI 77742)
[토프 위스퍼] 탤크, 마이카 (CI 77019), 티타늄디옥사이드 (CI 77891), 보론나이트라이드, 나일론-12, 네오펜틸글라이콜다이에틸헥사노에이트, 실리카, 페닐트라이메티콘, 적색산화철 (CI 77491), 황색산화철 (CI 77492), 흑색산화철 (CI 77499), 마그네슘미리스테이트, 다이펜타에리스리틸헥사하이드록시스테아레이트/헥사스테아레이트/헥사로지네이트, 다이아이소스테아릴말레이트, 아이소스테아릴네오펜타노에이트, 옥틸도데실스테아로일스테아레이트, 카프릴릴글라이콜, 마그네슘스테아레이트, 다이메티콘, 폴리부텐, 글리세릴카프릴레이트, 하이드로제네이티드레시틴, 라우로일라이신, 에틸헥실글리세린, 알루미늄하이드록사이드, 메티콘, 트라이에톡시카프릴릴실레인, 카올린, 토코페롤, 망가니즈바이올렛 (CI 77742)
[세피아] 탤크, 마이카 (CI 77019), 티타늄디옥사이드 (CI 77891), 흑색산화철 (CI 77499), 적색산화철 (CI 77491), 실리카, 옥틸도데실스테아로일스테아레이트, 페닐트라이메티콘, 황색산화철 (CI 77492), 울트라마린 (CI 77007), 마그네슘미리스테이트, 마카다미아씨오일, 다이펜타에리스리틸헥사하이드록시스테아레이트/헥사스테아레이트/헥사로지네이트, 다이아이소스테아릴말레이트, 다이메티콘올스테아레이트, 카프릴릴글라이콜, 마그네슘스테아레이트, 다이메티콘, 글리세릴카프릴레이트, 트라이에톡시카프릴릴실레인, 알루미늄하이드록사이드, 에틸헥실글리세린, 메티콘, 하이드로제네이티드레시틴, 카올린, 말토덱스트린, 토코페롤, 망가니즈바이올렛 (CI 77742), 카민 (CI 75470)
[선셋 미모사] 탤크, 마이카 (CI 77019), 티타늄디옥사이드 (CI 77891), 실리카, 칼슘알루미늄보로실리케이트, 적색산화철 (CI 77491), 카민 (CI 75470), 옥틸도데칸올, 옥틸도데실스테아로일스테아레이트, 페닐트라이메티콘, 마그네슘미리스테이트, 보론나이트라이드, 카프릴릭/카프릭트라이글리세라이드, 다이펜타에리스리틸헥사하이드록시스테아레이트/헥사스테아레이트/헥사로지네이트, 다이메티콘올스테아레이트, 카프릴릴글라이콜, 마그네슘스테아레이트, 다이아이소스테아릴말레이트, 메티콘, 글리세릴카프릴레이트, 다이메티콘, 트라이에톡시카프릴릴실레인, 에틸헥실글리세린, 알루미늄하이드록사이드, 말토덱스트린, 하이드로제네이티드레시틴, 토코페롤, 틴옥사이드, 황색산화철 (CI 77492), 황색4호 (CI 19140), 울트라마린 (CI 77007), 흑색산화철 (CI 77499)
[에너지 코랄] 탤크, 마이카 (CI 77019), 티타늄디옥사이드 (CI 77891), 실리카, 칼슘알루미늄보로실리케이트, 네오펜틸글라이콜다이에틸헥사노에이트, 페닐트라이메티콘, 마그네슘미리스테이트, 칼슘소듐보로실리케이트, 다이펜타에리스리틸헥사하이드록시스테아레이트/헥사스테아레이트/헥사로지네이트, 다이아이소스테아릴말레이트, 다이메티콘, 아이소스테아릴네오펜타노에이트, 옥틸도데실스테아로일스테아레이트, 마그네슘스테아레이트, 카프릴릴글라이콜, 트라이에톡시카프릴릴실레인, 폴리부텐, 글리세릴카프릴레이트, 에틸헥실글리세린, 라우로일라이신, 하이드로제네이티드레시틴, 말토덱스트린, 알루미늄하이드록사이드, 메티콘, 토코페롤, 틴옥사이드, 카민 (CI 75470), 황색4호 (CI 19140), 적색산화철 (CI 77491), 황색산화철 (CI 77492), 울트라마린 (CI 77007)
[베리 피오니] 탤크, 마이카 (CI 77019), 알루미늄전분옥테닐석시네이트, 티타늄디옥사이드 (CI 77891), 실리카, 칼슘티타늄보로실리케이트, 트라이에틸헥사노인, 카프릴릭/카프릭트라이글리세라이드, 칼슘소듐보로실리케이트, 합성플루오르플로고파이트, 마그네슘미리스테이트, 트라이에톡시카프릴릴실레인, 마카다미아씨오일, 다이펜타에리스리틸헥사하이드록시스테아레이트/헥사스테아레이트/헥사로지네이트, 다이메티콘, 카프릴릴글라이콜, 글리세릴카프릴레이트, 마그네슘스테아레이트, 에틸헥실글리세린, 말토덱스트린, 알루미늄하이드록사이드, 메티콘, 토코페롤, 틴옥사이드, 적색산화철 (CI 77491), 카민 (CI 75470), 울트라마린 (CI 77007), 황색산화철 (CI 77492), 황색4호 (CI 19140), 흑색산화철 (CI 77499)
[에스프레소] 흑색산화철 (CI 77499), 마이카 (CI 77019), 황색산화철 (CI 77492), 탤크, 적색산화철 (CI 77491), 실리카, 옥틸도데실스테아로일스테아레이트, 페닐트라이메티콘, 옥틸도데칸올, 카프릴릭/카프릭트라이글리세라이드, 카프릴릴글라이콜, 마그네슘미리스테이트, 메티콘, 다이펜타에리스리틸헥사하이드록시스테아레이트/헥사스테아레이트/헥사로지네이트, 다이아이소스테아릴말레이트, 글리세릴카프릴레이트, 트라이에톡시카프릴릴실레인, 마그네슘스테아레이트, 에틸헥실글리세린, 하이드로제네이티드레시틴, 다이메티콘올스테아레이트, 다이메티콘, 알루미늄하이드록사이드, 말토덱스트린, 카올린, 토코페롤, 티타늄디옥사이드 (CI 77891), 카민 (CI 75470), 망가니즈바이올렛 (CI 77742), 울트라마린 (CI 77007)

[26 뮤트 로즈 블러링]
[새틴 스파클] 다이메티콘, 칼슘알루미늄보로실리케이트, 합성플루오르플로고파이트, 메틸메타크릴레이트크로스폴리머, 칼슘소듐보로실리케이트, 티타늄디옥사이드 (CI 77891), 실리카, 네오펜틸글라이콜다이에틸헥사노에이트, 헥실라우레이트, 나일론-12, 다이메티콘/비닐다이메티콘크로스폴리머, 다이글리세릴세바케이트/아이소팔미테이트, 솔비탄세스퀴아이소스테아레이트, 다이펜타에리스리틸헥사하이드록시스테아레이트/헥사스테아레이트/헥사로지네이트, 마그네슘미리스테이트, 메틸프로판다이올, 합성왁스, 프로판다이올, 토코페롤, 틴옥사이드, 마이카 (CI 77019), 적색산화철 (CI 77491), 카민 (CI 75470)
[소프트 버드] 탤크, 마이카 (CI 77019), 실리카, 티타늄디옥사이드 (CI 77891), 바륨설페이트, 카프릴릭/카프릭트라이글리세라이드, 트라이에틸헥사노인, 마그네슘미리스테이트, 보론나이트라이드, 다이메티콘올스테아레이트, 카프릴릴글라이콜, 다이펜타에리스리틸헥사하이드록시스테아레이트/헥사스테아레이트/헥사로지네이트, 트라이에톡시카프릴릴실레인, 다이메티콘, 글리세릴카프릴레이트, 라우로일라이신, 에틸헥실글리세린, 알루미늄하이드록사이드, 메티콘, 아이소프로필티타늄트라이아이소스테아레이트, 말토덱스트린, 카올린, 토코페롤, 세테아릴알코올, 카민 (CI 75470), 황색4호 (CI 19140), 황색산화철 (CI 77492), 적색산화철 (CI 77491), 흑색산화철 (CI 77499), 울트라마린 (CI 77007), 망가니즈바이올렛 (CI 77742)
[베어 무드] 탤크, 마이카 (CI 77019), 티타늄디옥사이드 (CI 77891), 알루미늄전분옥테닐석시네이트, 합성플루오르플로고파이트, 카프릴릭/카프릭트라이글리세라이드, 마그네슘미리스테이트, 다이아이소스테아릴말레이트, 트라이에톡시카프릴릴실레인, 카프릴릴글라이콜, 알루미늄하이드록사이드, 다이메티콘, 글리세릴카프릴레이트, 에틸헥실글리세린, 마그네슘스테아레이트, 카올린, 토코페롤, 망가니즈바이올렛 (CI 77742), 적색산화철 (CI 77491), 황색산화철 (CI 77492), 흑색산화철 (CI 77499)
[쉬어 새틴] 마이카 (CI 77019), 티타늄디옥사이드 (CI 77891), 탤크, 합성플루오르플로고파이트, 알루미나, 네오펜틸글라이콜다이에틸헥사노에이트, 페닐트라이메티콘, 나일론-12, 칼슘알루미늄보로실리케이트, 마그네슘미리스테이트, 다이펜타에리스리틸헥사하이드록시스테아레이트/헥사스테아레이트/헥사로지네이트, 다이아이소스테아릴말레이트, 아이소스테아릴네오펜타노에이트, 옥틸도데실스테아로일스테아레이트, 실리카, 칼슘소듐보로실리케이트, 마그네슘스테아레이트, 폴리부텐, 카프릴릴글라이콜, 트라이에톡시카프릴릴실레인, 글리세릴카프릴레이트, 에틸헥실글리세린, 다이메티콘올스테아레이트, 다이메티콘, 알루미늄하이드록사이드, 메티콘, 토코페롤, 틴옥사이드, 적색산화철 (CI 77491), 황색산화철 (CI 77492), 흑색산화철 (CI 77499), 카민 (CI 75470)
[진저 로즈힙] 탤크, 마이카 (CI 77019), 합성플루오르플로고파이트, 티타늄디옥사이드 (CI 77891), 알루미늄전분옥테닐석시네이트, 마그네슘미리스테이트, 실리카, 옥틸도데실스테아로일스테아레이트, 페닐트라이메티콘, 다이펜타에리스리틸헥사하이드록시스테아레이트/헥사스테아레이트/헥사로지네이트, 다이메티콘, 다이아이소스테아릴말레이트, 카프릴릴글라이콜, 마그네슘스테아레이트, 글리세릴카프릴레이트, 라우로일라이신, 트라이에톡시카프릴릴실레인, 에틸헥실글리세린, 알루미늄하이드록사이드, 말토덱스트린, 카올린, 토코페롤, 황색산화철 (CI 77492), 적색산화철 (CI 77491), 카민 (CI 75470), 망가니즈바이올렛 (CI 77742), 울트라마린 (CI 77007), 흑색산화철 (CI 77499)
[델리케이트 핑크] 탤크, 칼슘알루미늄보로실리케이트, 칼슘티타늄보로실리케이트, 칼슘소듐보로실리케이트, 트라이에틸헥사노인, 티타늄디옥사이드 (CI 77891), 나일론-12, 실리카, 폴리글리세릴-2트라이아이소스테아레이트, 마이카 (CI 77019), 마그네슘미리스테이트, 하이드로제네이티드캐스터오일아이소스테아레이트, 마그네슘스테아레이트, 카프릴릴글라이콜, 다이메티콘, 글리세릴카프릴레이트, 에틸헥실글리세린, 다이메티콘올스테아레이트, 라우로일라이신, 트라이에톡시카프릴릴실레인, 알루미늄하이드록사이드, 말토덱스트린, 토코페롤, 틴옥사이드, 적색산화철 (CI 77491), 황색산화철 (CI 77492), 카민 (CI 75470), 울트라마린 (CI 77007), 흑색산화철 (CI 77499)
[베얼리 니트] 탤크, 마이카 (CI 77019), 티타늄디옥사이드 (CI 77891), 나일론-12, 네오펜틸글라이콜다이에틸헥사노에이트, 페닐트라이메티콘, 실리카, 다이메티콘, 마카다미아씨오일, 다이펜타에리스리틸헥사하이드록시스테아레이트/헥사스테아레이트/헥사로지네이트, 마그네슘미리스테이트, 다이아이소스테아릴말레이트, 아이소스테아릴네오펜타노에이트, 옥틸도데실스테아로일스테아레이트, 카프릴릴글라이콜, 폴리부텐, 글리세릴카프릴레이트, 마그네슘스테아레이트, 다이메티콘올스테아레이트, 하이드로제네이티드레시틴, 라우로일라이신, 에틸헥실글리세린, 알루미늄하이드록사이드, 트라이에톡시카프릴릴실레인, 메티콘, 카올린, 말토덱스트린, 토코페롤, 적색산화철 (CI 77491), 망가니즈바이올렛 (CI 77742), 황색산화철 (CI 77492), 울트라마린 (CI 77007), 흑색산화철 (CI 77499), 카민 (CI 75470)
[펄리 글로우] 칼슘알루미늄보로실리케이트, 칼슘티타늄보로실리케이트, 다이페닐실록시페닐트라이메티콘, 티타늄디옥사이드 (CI 77891), 비스-베헤닐/아이소스테아릴/피토스테릴다이머다이리놀레일다이머다이리놀리에이트, 폴리프로필렌, 피토스테릴/이소스테아릴/세틸/스테아릴/베헤닐다이머디리놀리에이트, 비스-다이글리세릴폴리아실아디페이트-2, 마그네슘스테아레이트, 폴리부틸렌테레프탈레이트, 마이카 (CI 77019), 다이아이소스테아릴말레이트, 합성플루오르플로고파이트, 실리카, 아크릴레이트코폴리머, 에틸렌/브이에이코폴리머, 카프릴릴글라이콜, 글리세릴카프릴레이트, 에틸헥실글리세린, 토코페롤, 틴옥사이드, 적색산화철 (CI 77491), 카민 (CI 75470), 황색5호 (CI 15985)
[아몬드 블룸] 탤크, 마이카 (CI 77019), 티타늄디옥사이드 (CI 77891), 망가니즈바이올렛 (CI 77742), 실리카, 보론나이트라이드, 적색산화철 (CI 77491), 카프릴릭/카프릭트라이글리세라이드, 마그네슘미리스테이트, 황색산화철 (CI 77492), 바륨설페이트, 옥틸도데실스테아로일스테아레이트, 페닐트라이메티콘, 다이메티콘올스테아레이트, 카프릴릴글라이콜, 다이메티콘, 트라이에톡시카프릴릴실레인, 알루미늄하이드록사이드, 글리세릴카프릴레이트, 마그네슘스테아레이트, 카올린, 에틸헥실글리세린, 메티콘, 말토덱스트린, 토코페롤, 흑색산화철 (CI 77499), 카민 (CI 75470), 울트라마린 (CI 77007), 황색4호 (CI 19140)
[빈티지 헤이즈] 탤크, 마이카 (CI 77019), 망가니즈바이올렛 (CI 77742), 보론나이트라이드, 실리카, 티타늄디옥사이드 (CI 77891), 옥틸도데실스테아로일스테아레이트, 페닐트라이메티콘, 나일론-12, 황색산화철 (CI 77492), 적색산화철 (CI 77491), 다이메티콘, 마카다미아씨오일, 마그네슘미리스테이트, 다이펜타에리스리틸헥사하이드록시스테아레이트/헥사스테아레이트/헥사로지네이트, 다이아이소스테아릴말레이트, 트라이에톡시카프릴릴실레인, 카프릴릴글라이콜, 마그네슘스테아레이트, 하이드로제네이티드레시틴, 글리세릴카프릴레이트, 카올린, 에틸헥실글리세린, 알루미늄하이드록사이드, 메티콘, 말토덱스트린, 토코페롤, 흑색산화철 (CI 77499), 카민 (CI 75470), 울트라마린 (CI 77007)
[로지 샌드] 탤크, 울트라마린 (CI 77007), 티타늄디옥사이드 (CI 77891), 알루미늄전분옥테닐석시네이트, 마이카 (CI 77019), 칼슘티타늄보로실리케이트, 에이치디아이/트라이메틸올헥실락톤크로스폴리머, 폴리메틸메타크릴레이트, 카프릴릭/카프릭트라이글리세라이드, 황색산화철 (CI 77492), 적색산화철 (CI 77491), 옥틸도데실스테아로일스테아레이트, 페닐트라이메티콘, 카올린, 마그네슘미리스테이트, 카프릴릴글라이콜, 마그네슘스테아레이트, 글리세릴카프릴레이트, 알루미늄하이드록사이드, 에틸헥실글리세린, 하이드로제네이티드레시틴, 트라이에톡시카프릴릴실레인, 다이메티콘, 실리카, 말토덱스트린, 토코페롤, 틴옥사이드, 흑색산화철 (CI 77499), 카민 (CI 75470)
[어텀 베이지] 탤크, 마이카 (CI 77019), 알루미늄전분옥테닐석시네이트, 티타늄디옥사이드 (CI 77891), 카프릴릭/카프릭트라이글리세라이드, 실리카, 칼슘알루미늄보로실리케이트, 다이아이소스테아릴말레이트, 마그네슘미리스테이트, 트라이에톡시카프릴릴실레인, 적색산화철 (CI 77491), 마카다미아씨오일, 다이메티콘, 카프릴릴글라이콜, 글리세릴카프릴레이트, 마그네슘스테아레이트, 에틸헥실글리세린, 알루미늄하이드록사이드, 메티콘, 카올린, 말토덱스트린, 토코페롤, 틴옥사이드, 황색산화철 (CI 77492), 흑색산화철 (CI 77499), 망가니즈바이올렛 (CI 77742), 울트라마린 (CI 77007), 카민 (CI 75470), 황색4호 (CI 19140)
[뮤티드 부케] 탤크, 마이카 (CI 77019), 망가니즈바이올렛 (CI 77742), 나일론-12, 티타늄디옥사이드 (CI 77891), 실리카, 황색산화철 (CI 77492), 옥틸도데실스테아로일스테아레이트, 페닐트라이메티콘, 적색산화철 (CI 77491), 마카다미아씨오일, 마그네슘미리스테이트, 마그네슘스테아레이트, 옥틸도데칸올, 다이아이소스테아릴말레이트, 다이펜타에리스리틸헥사하이드록시스테아레이트/헥사스테아레이트/헥사로지네이트, 다이메티콘, 카프릴릴글라이콜, 다이메티콘올스테아레이트, 카올린, 글리세릴카프릴레이트, 하이드로제네이티드레시틴, 트라이에톡시카프릴릴실레인, 에틸헥실글리세린, 알루미늄하이드록사이드, 메티콘, 말토덱스트린, 토코페롤, 흑색산화철 (CI 77499), 카민 (CI 75470), 울트라마린 (CI 77007)
[도화 로즈] 탤크, 마이카 (CI 77019), 망가니즈바이올렛 (CI 77742), 실리카, 티타늄디옥사이드 (CI 77891), 적색산화철 (CI 77491), 카민 (CI 75470), 옥틸도데칸올, 황색산화철 (CI 77492), 마그네슘미리스테이트, 옥틸도데실스테아로일스테아레이트, 페닐트라이메티콘, 나일론-12, 카프릴릭/카프릭트라이글리세라이드, 다이펜타에리스리틸헥사하이드록시스테아레이트/헥사스테아레이트/헥사로지네이트, 보론나이트라이드, 카프릴릴글라이콜, 마그네슘스테아레이트, 다이아이소스테아릴말레이트, 다이메티콘, 메티콘, 다이메티콘올스테아레이트, 카올린, 글리세릴카프릴레이트, 트라이에톡시카프릴릴실레인, 라우로일라이신, 에틸헥실글리세린, 하이드로제네이티드레시틴, 알루미늄하이드록사이드, 말토덱스트린, 토코페롤, 흑색산화철 (CI 77499), 울트라마린 (CI 77007)
[더스티 애쉬]
탤크, 티타늄디옥사이드 (CI 77891), 알루미늄전분옥테닐석시네이트, 합성플루오르플로고파이트, 흑색산화철 (CI 77499), 적색산화철 (CI 77491), 마이카 (CI 77019), 황색산화철 (CI 77492), 카프릴릭/카프릭트라이글리세라이드, 마그네슘미리스테이트, 울트라마린 (CI 77007), 다이아이소스테아릴말레이트, 트라이에톡시카프릴릴실레인, 카프릴릴글라이콜, 알루미늄하이드록사이드, 글리세릴카프릴레이트, 에틸헥실글리세린, 다이메티콘, 말토덱스트린, 마그네슘스테아레이트, 카올린, 토코페롤, 카민 (CI 75470), 망가니즈바이올렛 (CI 77742)
[페이디드 던]
탤크, 마이카 (CI 77019), 흑색산화철 (CI 77499), 망가니즈바이올렛 (CI 77742), 적색산화철 (CI 77491), 알루미늄전분옥테닐석시네이트, 실리카, 황색산화철 (CI 77492), 옥틸도데실스테아로일스테아레이트, 페닐트라이메티콘, 울트라마린 (CI 77007), 다이메티콘, 마카다미아씨오일, 다이펜타에리스리틸헥사하이드록시스테아레이트/헥사스테아레이트/헥사로지네이트, 카올린, 다이아이소스테아릴말레이트, 카프릴릴글라이콜, 마그네슘미리스테이트, 마그네슘스테아레이트, 글리세릴카프릴레이트, 트라이에톡시카프릴릴실레인, 에틸헥실글리세린, 토코페롤

[증정품 - 아이 프라이머]
정제수, 다이메티콘, 아이소도데케인, 부틸렌글라이콜, 페닐트라이메티콘, 다이메티콘크로스폴리머, 실리카, 합성플루오르플로고파이트, 트라이메틸실록시실리케이트, 라우릴피이지-8다이메티콘, 다이메티콘/비닐다이메티콘크로스폴리머, 아크릴레이트/스테아릴아크릴레이트/다이메티콘메타크릴레이트코폴리머, 메틸메타크릴레이트크로스폴리머, 다이스테아다이모늄헥토라이트, 마그네슘설페이트, 펜틸렌글라이콜, 피이지-10다이메티콘, 티타늄디옥사이드, 스테아로일이눌린, 폴리글리세릴-4아이소스테아레이트, 프로필렌카보네이트, 글리세릴카프릴레이트, 카프릴릴글라이콜, 에틸헥실글리세린, 알루미늄하이드록사이드, 트라이에톡시카프릴릴실레인, 토코페롤, 향료, 황색산화철, 적색산화철, 흑색산화철

[29 소이 핑크 블러링]
[코지 바닐라]
탤크, 마이카 (CI 77019), 카프릴릭/카프릭트라이글리세라이드, 실리카, 바륨설페이트, 티타늄디옥사이드 (CI 77891), 보론나이트라이드, 다이메티콘, 카프릴릴글라이콜, 다이메티콘올스테아레이트, 마그네슘스테아레이트, 마그네슘미리스테이트, 글리세릴카프릴레이트, 하이드록시프로필비스팔미타마이드엠이에이, 에틸헥실글리세린, 알루미늄하이드록사이드, 카올린, 메티콘, 토코페롤, 울트라마린 (CI 77007), 황색산화철 (CI 77492), 황색4호 (CI 19140), 망가니즈바이올렛 (CI 77742), 적색226호 (CI 73360), 적색산화철 (CI 77491), 흑색산화철 (CI 77499)
[피치 휩]
다이메티콘, 합성플루오르플로고파이트, 티타늄디옥사이드 (CI 77891), 메틸메타크릴레이트크로스폴리머, 마이카 (CI 77019), 네오펜틸글라이콜다이에틸헥사노에이트, 헥실라우레이트, 다이메티콘/비닐다이메티콘크로스폴리머, 마그네슘미리스테이트, 나일론-12, 비닐다이메티콘/메티콘실세스퀴옥세인크로스폴리머, 다이글리세릴세바케이트/아이소팔미테이트, 솔비탄세스퀴아이소스테아레이트, 다이펜타에리스리틸헥사하이드록시스테아레이트/헥사스테아레이트/헥사로지네이트, 메틸프로판다이올, 합성왁스, 프로판다이올, 트라이에톡시카프릴릴실레인, 라우로일라이신, 토코페롤, 틴옥사이드, 적색산화철 (CI 77491), 흑색산화철 (CI 77499), 황색산화철 (CI 77492), 적색226호 (CI 73360), 울트라마린 (CI 77007), 카민 (CI 75470)
[로즈 샌드]
탤크, 마이카 (CI 77019), 티타늄디옥사이드 (CI 77891), 카프릴릭/카프릭트라이글리세라이드, 실리카, 망가니즈바이올렛 (CI 77742), 바륨설페이트, 황색산화철 (CI 77492), 보론나이트라이드, 다이메티콘, 카프릴릴글라이콜, 다이메티콘올스테아레이트, 마그네슘미리스테이트, 글리세릴카프릴레이트, 마그네슘스테아레이트, 알루미늄하이드록사이드, 하이드록시프로필비스팔미타마이드엠이에이, 에틸헥실글리세린, 트라이에톡시카프릴릴실레인, 카올린, 말토덱스트린, 토코페롤, 적색산화철 (CI 77491), 카민 (CI 75470), 흑색산화철 (CI 77499), 울트라마린 (CI 77007)
[베어 토프]
탤크, 마이카 (CI 77019), 합성플루오르플로고파이트, 알루미늄전분옥테닐석시네이트, 옥틸도데실스테아로일스테아레이트, 페닐트라이메티콘, 실리카, 티타늄디옥사이드 (CI 77891), 마그네슘스테아레이트, 다이펜타에리스리틸헥사하이드록시스테아레이트/헥사스테아레이트/헥사로지네이트, 다이아이소스테아릴말레이트, 다이메티콘, 카프릴릴글라이콜, 라우로일라이신, 글리세릴카프릴레이트, 트라이에톡시카프릴릴실레인, 에틸헥실글리세린, 알루미늄하이드록사이드, 카올린, 말토덱스트린, 토코페롤, 망가니즈바이올렛 (CI 77742), 황색산화철 (CI 77492), 적색산화철 (CI 77491), 울트라마린 (CI 77007), 흑색산화철 (CI 77499), 카민 (CI 75470)
[소프트 헤이즈]
탤크, 마이카 (CI 77019), 티타늄디옥사이드 (CI 77891), 카프릴릭/카프릭트라이글리세라이드, 실리카, 바륨설페이트, 울트라마린 (CI 77007), 보론나이트라이드, 다이메티콘, 카프릴릴글라이콜, 마그네슘스테아레이트, 다이메티콘올스테아레이트, 마그네슘미리스테이트, 글리세릴카프릴레이트, 하이드록시프로필비스팔미타마이드엠이에이, 에틸헥실글리세린, 카올린, 알루미늄하이드록사이드, 트라이에톡시카프릴릴실레인, 말토덱스트린, 토코페롤, 황색산화철 (CI 77492), 적색산화철 (CI 77491), 카민 (CI 75470), 흑색산화철 (CI 77499), 적색226호 (CI 73360), 황색4호 (CI 19140)
[포그 핑크]
탤크, 마이카 (CI 77019), 티타늄디옥사이드 (CI 77891), 카프릴릭/카프릭트라이글리세라이드, 실리카, 바륨설페이트, 보론나이트라이드, 다이메티콘, 카프릴릴글라이콜, 다이메티콘올스테아레이트, 마그네슘미리스테이트, 글리세릴카프릴레이트, 마그네슘스테아레이트, 하이드록시프로필비스팔미타마이드엠이에이, 에틸헥실글리세린, 알루미늄하이드록사이드, 트라이에톡시카프릴릴실레인, 말토덱스트린, 카올린, 토코페롤, 카민 (CI 75470), 황색산화철 (CI 77492), 적색산화철 (CI 77491), 망가니즈바이올렛 (CI 77742), 울트라마린 (CI 77007), 흑색산화철 (CI 77499), 황색4호 (CI 19140)
[너티 베이지]
탤크, 마이카 (CI 77019), 카프릴릭/카프릭트라이글리세라이드, 실리카, 티타늄디옥사이드 (CI 77891), 바륨설페이트, 보론나이트라이드, 다이메티콘, 카프릴릴글라이콜, 다이메티콘올스테아레이트, 마그네슘미리스테이트, 글리세릴카프릴레이트, 마그네슘스테아레이트, 하이드록시프로필비스팔미타마이드엠이에이, 에틸헥실글리세린, 알루미늄하이드록사이드, 트라이에톡시카프릴릴실레인, 카올린, 말토덱스트린, 토코페롤, 망가니즈바이올렛 (CI 77742), 적색산화철 (CI 77491), 흑색산화철 (CI 77499), 황색산화철 (CI 77492), 울트라마린 (CI 77007), 카민 (CI 75470), 황색4호 (CI 19140), 적색226호 (CI 73360)
[어스 브라운]
탤크, 마이카 (CI 77019), 실리카, 카프릴릭/카프릭트라이글리세라이드, 티타늄디옥사이드 (CI 77891), 바륨설페이트, 망가니즈바이올렛 (CI 77742), 황색산화철 (CI 77492), 흑색산화철 (CI 77499), 보론나이트라이드, 다이메티콘, 카프릴릴글라이콜, 마그네슘스테아레이트, 다이메티콘올스테아레이트, 글리세릴카프릴레이트, 마그네슘미리스테이트, 에틸헥실글리세린, 하이드록시프로필비스팔미타마이드엠이에이, 카올린, 알루미늄하이드록사이드, 메티콘, 트라이에톡시카프릴릴실레인, 말토덱스트린, 토코페롤, 적색산화철 (CI 77491), 카민 (CI 75470), 울트라마린 (CI 77007)
[무드 어페어]
탤크, 마이카 (CI 77019), 카프릴릭/카프릭트라이글리세라이드, 실리카, 바륨설페이트, 티타늄디옥사이드 (CI 77891), 보론나이트라이드, 다이메티콘, 카프릴릴글라이콜, 마그네슘스테아레이트, 다이메티콘올스테아레이트, 마그네슘미리스테이트, 글리세릴카프릴레이트, 하이드록시프로필비스팔미타마이드엠이에이, 에틸헥실글리세린, 카올린, 알루미늄하이드록사이드, 트라이에톡시카프릴릴실레인, 말토덱스트린, 토코페롤, 울트라마린 (CI 77007), 적색산화철 (CI 77491), 카민 (CI 75470), 망가니즈바이올렛 (CI 77742), 황색산화철 (CI 77492), 흑색산화철 (CI 77499), 황색4호 (CI 19140), 적색226호 (CI 73360)
[핑크 포엠]
탤크, 마이카 (CI 77019), 실리카, 바륨설페이트, 티타늄디옥사이드 (CI 77891), 카프릴릭/카프릭트라이글리세라이드, 트라이에틸헥사노인, 트라이에톡시카프릴릴실레인, 다이메티콘, 다이펜타에리스리틸헥사하이드록시스테아레이트/헥사스테아레이트/헥사로지네이트, 카프릴릴글라이콜, 마그네슘스테아레이트, 글리세릴카프릴레이트, 하이드로제네이티드레시틴, 메티콘, 에틸헥실글리세린, 알루미늄하이드록사이드, 마그네슘미리스테이트, 말토덱스트린, 아이소프로필티타늄트라이아이소스테아레이트, 카올린, 토코페롤, 세테아릴알코올, 카민 (CI 75470), 적색산화철 (CI 77491), 망가니즈바이올렛 (CI 77742), 울트라마린 (CI 77007), 황색4호 (CI 19140), 황색산화철 (CI 77492), 흑색산화철 (CI 77499), 적색226호 (CI 73360)
[애쉬 로즈]
탤크, 마이카 (CI 77019), 카프릴릭/카프릭트라이글리세라이드, 망가니즈바이올렛 (CI 77742), 보론나이트라이드, 실리카, 티타늄디옥사이드 (CI 77891), 적색산화철 (CI 77491), 황색산화철 (CI 77492), 다이메티콘, 마카다미아씨오일, 마그네슘스테아레이트, 트라이에톡시카프릴릴실레인, 카프릴릴글라이콜, 글리세릴카프릴레이트, 라우로일라이신, 에틸헥실글리세린, 카올린, 알루미늄하이드록사이드, 메티콘, 말토덱스트린, 토코페롤, 흑색산화철 (CI 77499), 카민 (CI 75470), 울트라마린 (CI 77007)
[시나몬 파우더]
탤크, 마이카 (CI 77019), 카프릴릭/카프릭트라이글리세라이드, 실리카, 티타늄디옥사이드 (CI 77891), 울트라마린 (CI 77007), 바륨설페이트, 적색산화철 (CI 77491), 망가니즈바이올렛 (CI 77742), 흑색산화철 (CI 77499), 보론나이트라이드, 다이메티콘, 카프릴릴글라이콜, 다이메티콘올스테아레이트, 글리세릴카프릴레이트, 마그네슘미리스테이트, 마그네슘스테아레이트, 에틸헥실글리세린, 하이드록시프로필비스팔미타마이드엠이에이, 카올린, 알루미늄하이드록사이드, 트라이에톡시카프릴릴실레인, 말토덱스트린, 토코페롤, 황색산화철 (CI 77492), 카민 (CI 75470)
[베리 캐시미어]
탤크, 마이카 (CI 77019), 합성플루오르플로고파이트, 알루미늄전분옥테닐석시네이트, 옥틸도데실스테아로일스테아레이트, 티타늄디옥사이드 (CI 77891), 실리카, 마그네슘스테아레이트, 마카다미아씨오일, 다이메티콘, 카프릴릴글라이콜, 글리세릴카프릴레이트, 트라이에톡시카프릴릴실레인, 에틸헥실글리세린, 알루미늄하이드록사이드, 메티콘, 카올린, 말토덱스트린, 토코페롤, 울트라마린 (CI 77007), 적색산화철 (CI 77491), 카민 (CI 75470), 적색226호 (CI 73360), 황색산화철 (CI 77492), 흑색산화철 (CI 77499), 황색4호 (CI 19140)
[로지 피그]
탤크, 마이카 (CI 77019), 카프릴릭/카프릭트라이글리세라이드, 실리카, 바륨설페이트, 티타늄디옥사이드 (CI 77891), 울트라마린 (CI 77007), 망가니즈바이올렛 (CI 77742), 카민 (CI 75470), 적색산화철 (CI 77491), 보론나이트라이드, 다이메티콘, 카프릴릴글라이콜, 다이메티콘올스테아레이트, 글리세릴카프릴레이트, 마그네슘미리스테이트, 마그네슘스테아레이트, 에틸헥실글리세린, 하이드록시프로필비스팔미타마이드엠이에이, 알루미늄하이드록사이드, 카올린, 말토덱스트린, 트라이에톡시카프릴릴실레인, 토코페롤, 황색산화철 (CI 77492), 흑색산화철 (CI 77499), 적색226호 (CI 73360), 황색4호 (CI 19140)
[벨벳 러스트]
마이카 (CI 77019), 탤크, 흑색산화철 (CI 77499), 적색산화철 (CI 77491), 티타늄디옥사이드 (CI 77891), 바륨설페이트, 실리카, 옥틸도데실스테아로일스테아레이트, 페닐트라이메티콘, 황색산화철 (CI 77492), 카프릴릭/카프릭트라이글리세라이드, 트라이에톡시카프릴릴실레인, 카프릴릴글라이콜, 마그네슘스테아레이트, 옥틸도데칸올, 라우로일라이신, 글리세릴카프릴레이트, 하이드로제네이티드레시틴, 다이메티콘, 메티콘, 에틸헥실글리세린, 알루미늄하이드록사이드, 마그네슘미리스테이트, 카올린, 말토덱스트린, 토코페롤, 망가니즈바이올렛 (CI 77742), 카민 (CI 75470)
[딥 코코아]
탤크, 마이카 (CI 77019), 흑색산화철 (CI 77499), 황색산화철 (CI 77492), 실리카, 카프릴릭/카프릭트라이글리세라이드, 적색산화철 (CI 77491), 바륨설페이트, 망가니즈바이올렛 (CI 77742), 보론나이트라이드, 다이메티콘, 카프릴릴글라이콜, 마그네슘미리스테이트, 다이메티콘올스테아레이트, 글리세릴카프릴레이트, 마그네슘스테아레이트, 하이드록시프로필비스팔미타마이드엠이에이, 에틸헥실글리세린, 카올린, 알루미늄하이드록사이드, 트라이에톡시카프릴릴실레인, 말토덱스트린, 토코페롤, 티타늄디옥사이드 (CI 77891), 카민 (CI 75470), 울트라마린 (CI 77007)

[31 핑크 라이크 블러링 (헬로키티)]
[라이크 미] 탤크, 마이카 (CI 77019), 실리카, 티타늄디옥사이드 (CI 77891), 칼슘카보네이트, 옥틸도데실스테아로일스테아레이트, 페닐트라이메티콘, 마그네슘스테아레이트, 트라이에톡시카프릴릴실레인, 다이펜타에리스리틸헥사하이드록시스테아레이트/헥사스테아레이트/헥사로지네이트, 다이아이소스테아릴말레이트, 다이메티콘, 카프릴릴글라이콜, 라우로일라이신, 글리세릴카프릴레이트, 하이드로제네이티드레시틴, 에틸헥실글리세린, 알루미늄하이드록사이드, 아이소프로필티타늄트라이아이소스테아레이트, 말토덱스트린, 토코페롤, 카올린, 세테아릴알코올, 카민 (CI 75470), 적색산화철 (CI 77491), 황색산화철 (CI 77492), 울트라마린 (CI 77007), 황색4호 (CI 19140), 흑색산화철 (CI 77499), 망가니즈바이올렛 (CI 77742), [겟 레디] 탤크, 마이카 (CI 77019), 알루미늄전분옥테닐석시네이트, 보론나이트라이드, 티타늄디옥사이드 (CI 77891), 옥틸도데실스테아로일스테아레이트, 페닐트라이메티콘, 다이메티콘, 다이펜타에리스리틸헥사하이드록시스테아레이트/헥사스테아레이트/헥사로지네이트, 다이아이소스테아릴말레이트, 카프릴릴글라이콜, 마그네슘스테아레이트, 글리세릴카프릴레이트, 에틸헥실글리세린, 하이드로제네이티드레시틴, 알루미늄하이드록사이드, 트라이에톡시카프릴릴실레인, 말토덱스트린, 카올린, 토코페롤, 카민 (CI 75470), 적색산화철 (CI 77491), 울트라마린 (CI 77007), 황색산화철 (CI 77492), 망가니즈바이올렛 (CI 77742), 흑색산화철 (CI 77499), 황색4호 (CI 19140), [퀸] 알루미나, 합성플루오르플로고파이트, 탤크, 티타늄디옥사이드 (CI 77891), 에틸헥실팔미테이트, 마이카 (CI 77019), 칼슘티타늄보로실리케이트, 나일론-12, 다이메티콘, 마그네슘스테아레이트, 실리카, 하이드로제네이티드폴리아이소부텐, 트라이에톡시카프릴릴실레인, 카프릴릴글라이콜, 글리세릴카프릴레이트, 에틸헥실글리세린, 에틸렌/프로필렌/스타이렌코폴리머, 부틸렌/에틸렌/스타이렌코폴리머, 말토덱스트린, 카올린, 펜타에리스리틸테트라-다이-t-부틸하이드록시하이드로신나메이트, 토코페롤, 틴옥사이드, 카민 (CI 75470), 망가니즈바이올렛 (CI 77742), 황색산화철 (CI 77492), 적색산화철 (CI 77491), 흑색산화철 (CI 77499), 황색4호 (CI 19140), [라이브] 탤크, 마이카 (CI 77019), 티타늄디옥사이드 (CI 77891), 카프릴릭/카프릭트라이글리세라이드, 실리카, 바륨설페이트, 보론나이트라이드, 다이메티콘, 카프릴릴글라이콜, 다이메티콘올스테아레이트, 마그네슘미리스테이트, 글리세릴카프릴레이트, 마그네슘스테아레이트, 하이드록시프로필비스팔미타마이드엠이에이, 에틸헥실글리세린, 알루미늄하이드록사이드, 트라이에톡시카프릴릴실레인, 말토덱스트린, 카올린, 토코페롤, 카민 (CI 75470), 황색산화철 (CI 77492), 적색산화철 (CI 77491), 망가니즈바이올렛 (CI 77742), 울트라마린 (CI 77007), 흑색산화철 (CI 77499), 황색4호 (CI 19140), [퍼스트 피드] 탤크, 마이카 (CI 77019), 티타늄디옥사이드 (CI 77891), 알루미늄전분옥테닐석시네이트, 옥틸도데실스테아로일스테아레이트, 페닐트라이메티콘, 마카다미아씨오일, 보론나이트라이드, 다이펜타에리스리틸헥사하이드록시스테아레이트/헥사스테아레이트/헥사로지네이트, 다이아이소스테아릴말레이트, 마그네슘스테아레이트, 다이메티콘, 카프릴릴글라이콜, 글리세릴카프릴레이트, 에틸헥실글리세린, 알루미늄하이드록사이드, 메티콘, 실리카, 말토덱스트린, 토코페롤, 틴옥사이드, 카민 (CI 75470), 황색4호 (CI 19140), 황색산화철 (CI 77492), 적색산화철 (CI 77491), 흑색산화철 (CI 77499), 울트라마린 (CI 77007), [데이 오프] 탤크, 합성플루오르플로고파이트, 마이카 (CI 77019), 실리카, 보론나이트라이드, 카프릴릭/카프릭트라이글리세라이드, 티타늄디옥사이드 (CI 77891), 나일론-12, 마카다미아씨오일, 다이메티콘, 마그네슘스테아레이트, 다이메티콘올스테아레이트, 카프릴릴글라이콜, 글리세릴카프릴레이트, 트라이에톡시카프릴릴실레인, 에틸헥실글리세린, 알루미늄하이드록사이드, 말토덱스트린, 카올린, 토코페롤, 카민 (CI 75470), 황색4호 (CI 19140), 흑색산화철 (CI 77499), 울트라마린 (CI 77007), 적색산화철 (CI 77491), 망가니즈바이올렛 (CI 77742), [크리에이터] 탤크, 마이카 (CI 77019), 티타늄디옥사이드 (CI 77891), 나일론-12, 실리카, 칼슘소듐보로실리케이트, 옥틸도데실스테아로일스테아레이트, 페닐트라이메티콘, 옥틸도데칸올, 마그네슘스테아레이트, 마카다미아씨오일, 다이메티콘, 다이펜타에리스리틸헥사하이드록시스테아레이트/헥사스테아레이트/헥사로지네이트, 다이아이소스테아릴말레이트, 카프릴릴글라이콜, 다이메티콘올스테아레이트, 글리세릴카프릴레이트, 알루미늄하이드록사이드, 하이드로제네이티드레시틴, 메티콘, 트라이에톡시카프릴릴실레인, 에틸헥실글리세린, 말토덱스트린, 토코페롤, 틴옥사이드, 카민 (CI 75470), 적색산화철 (CI 77491), 황색산화철 (CI 77492), 흑색산화철 (CI 77499), 울트라마린 (CI 77007), [하이라이트] 탤크, 마이카 (CI 77019), 티타늄디옥사이드 (CI 77891), 보론나이트라이드, 옥틸도데실스테아로일스테아레이트, 페닐트라이메티콘, 실리카, 마그네슘스테아레이트, 다이메티콘, 마카다미아씨오일, 다이메티콘올스테아레이트, 카프릴릴글라이콜, 글리세릴카프릴레이트, 마그네슘미리스테이트, 에틸헥실글리세린, 알루미늄하이드록사이드, 라우로일라이신, 메티콘, 트라이에톡시카프릴릴실레인, 말토덱스트린, 카올린, 토코페롤, 카민 (CI 75470), 적색산화철 (CI 77491), 황색산화철 (CI 77492), 망가니즈바이올렛 (CI 77742), 황색4호 (CI 19140), 울트라마린 (CI 77007), [트윙클] 티타늄디옥사이드 (CI 77891), 알루미나, 칼슘알루미늄보로실리케이트, 칼슘소듐보로실리케이트, 아이소스테아릴네오펜타노에이트, 비스-다이글리세릴폴리아실아디페이트-2, 페닐트라이메티콘, 에틸헥실팔미테이트, 폴리프로필렌, 실리카, 합성플루오르플로고파이트, 폴리글리세릴-2트라이아이소스테아레이트, 틴옥사이드, 하이드로제네이티드폴리아이소부텐, 카프릴릴글라이콜, 마그네슘미리스테이트, 글리세릴카프릴레이트, 에틸헥실글리세린, 에틸렌/프로필렌/스타이렌코폴리머, 트라이에톡시카프릴릴실레인, 부틸렌/에틸렌/스타이렌코폴리머, 펜타에리스리틸테트라-다이-t-부틸하이드록시하이드로신나메이트, 토코페롤, 마이카 (CI 77019), 적색산화철 (CI 77491), 카민 (CI 75470), [스냅샷] 탤크, 마이카 (CI 77019), 티타늄디옥사이드 (CI 77891), 실리카, 망가니즈바이올렛 (CI 77742), 네오펜틸글라이콜다이에틸헥사노에이트, 페닐트라이메티콘, 다이메티콘, 황색산화철 (CI 77492), 마카다미아씨오일, 다이펜타에리스리틸헥사하이드록시스테아레이트/헥사스테아레이트/헥사로지네이트, 다이아이소스테아릴말레이트, 아이소스테아릴네오펜타노에이트, 옥틸도데실스테아로일스테아레이트, 카프릴릴글라이콜, 트라이에톡시카프릴릴실레인, 마그네슘스테아레이트, 글리세릴카프릴레이트, 폴리부텐, 알루미늄하이드록사이드, 하이드로제네이티드레시틴, 에틸헥실글리세린, 카올린, 말토덱스트린, 토코페롤, 적색산화철 (CI 77491), 카민 (CI 75470), 울트라마린 (CI 77007), 황색4호 (CI 19140), 흑색산화철 (CI 77499), [페이버릿] 탤크, 마이카 (CI 77019), 티타늄디옥사이드 (CI 77891), 합성플루오르플로고파이트, 알루미늄전분옥테닐석시네이트, 실리카, 옥틸도데실스테아로일스테아레이트, 페닐트라이메티콘, 마그네슘스테아레이트, 다이펜타에리스리틸헥사하이드록시스테아레이트/헥사스테아레이트/헥사로지네이트, 다이메티콘, 다이아이소스테아릴말레이트, 카프릴릴글라이콜, 글리세릴카프릴레이트, 라우로일라이신, 트라이에톡시카프릴릴실레인, 에틸헥실글리세린, 알루미늄하이드록사이드, 말토덱스트린, 카올린, 토코페롤, 황색산화철 (CI 77492), 카민 (CI 75470), 적색산화철 (CI 77491), 망가니즈바이올렛 (CI 77742), 울트라마린 (CI 77007), 흑색산화철 (CI 77499), [레이지] 탤크, 마이카 (CI 77019), 알루미늄전분옥테닐석시네이트, 보론나이트라이드, 칼슘카보네이트, 실리카, 티타늄디옥사이드 (CI 77891), 옥틸도데실스테아로일스테아레이트, 페닐트라이메티콘, 마그네슘스테아레이트, 마카다미아씨오일, 다이메티콘, 다이펜타에리스리틸헥사하이드록시스테아레이트/헥사스테아레이트/헥사로지네이트, 다이아이소스테아릴말레이트, 트라이에톡시카프릴릴실레인, 카프릴릴글라이콜, 글리세릴카프릴레이트, 하이드로제네이티드레시틴, 마그네슘미리스테이트, 다이메티콘올스테아레이트, 에틸헥실글리세린, 알루미늄하이드록사이드, 메티콘, 말토덱스트린, 토코페롤, 카민 (CI 75470), 적색산화철 (CI 77491), 울트라마린 (CI 77007), 흑색산화철 (CI 77499), 황색4호 (CI 19140), 황색산화철 (CI 77492), [뮤즈] 탤크, 마이카 (CI 77019), 마그네슘/포타슘/실리콘/플루오라이드/하이드록사이드/옥사이드, 나일론-12, 실리카, 보론나이트라이드, 네오펜틸글라이콜다이에틸헥사노에이트, 페닐트라이메티콘, 마그네슘스테아레이트, 마카다미아씨오일, 다이메티콘, 다이펜타에리스리틸헥사하이드록시스테아레이트/헥사스테아레이트/헥사로지네이트, 다이아이소스테아릴말레이트, 아이소스테아릴네오펜타노에이트, 옥틸도데실스테아로일스테아레이트, 카프릴릴글라이콜, 폴리부텐, 글리세릴카프릴레이트, 하이드로젠다이메티콘, 에틸헥실글리세린, 카올린, 알루미늄하이드록사이드, 트라이에톡시카프릴릴실레인, 말토덱스트린, 토코페롤, 티타늄디옥사이드 (CI 77891), 적색산화철 (CI 77491), 망가니즈바이올렛 (CI 77742), 황색산화철 (CI 77492), 흑색산화철 (CI 77499), 울트라마린 (CI 77007), 황색4호 (CI 19140), 카민 (CI 75470), [스타일링] 탤크, 마이카 (CI 77019), 실리카, 티타늄디옥사이드 (CI 77891), 옥틸도데실스테아로일스테아레이트, 페닐트라이메티콘, 망가니즈바이올렛 (CI 77742), 황색산화철 (CI 77492), 적색산화철 (CI 77491), 마카다미아씨오일, 보론나이트라이드, 마그네슘스테아레이트, 옥틸도데칸올, 다이펜타에리스리틸헥사하이드록시스테아레이트/헥사스테아레이트/헥사로지네이트, 다이메티콘올스테아레이트, 다이메티콘, 다이아이소스테아릴말레이트, 카프릴릴글라이콜, 글리세릴카프릴레이트, 트라이에톡시카프릴릴실레인, 하이드로제네이티드레시틴, 에틸헥실글리세린, 카올린, 알루미늄하이드록사이드, 메티콘, 말토덱스트린, 토코페롤, 흑색산화철 (CI 77499), 카민 (CI 75470), 황색4호 (CI 19140), 울트라마린 (CI 77007), [포토부스] 탤크, 알루미늄전분옥테닐석시네이트, 마이카 (CI 77019), 카프릴릭/카프릭트라이글리세라이드, 티타늄디옥사이드 (CI 77891), 마그네슘스테아레이트, 실리카, 흑색산화철 (CI 77499), 망가니즈바이올렛 (CI 77742), 나일론-12, 트라이에톡시카프릴릴실레인, 카프릴릴글라이콜, 글리세릴카프릴레이트, 다이메티콘올스테아레이트, 에틸헥실글리세린, 다이메티콘, 알루미늄하이드록사이드, 카올린, 말토덱스트린, 토코페롤, 적색산화철 (CI 77491), 황색산화철 (CI 77492), 카민 (CI 75470), 황색4호 (CI 19140), [아틀리에] 흑색산화철 (CI 77499), 탤크, 마이카 (CI 77019), 적색산화철 (CI 77491), 황색산화철 (CI 77492), 실리카, 티타늄디옥사이드 (CI 77891), 옥틸도데칸올, 마그네슘스테아레이트, 옥틸도데실스테아로일스테아레이트, 페닐트라이메티콘, 카프릴릭/카프릭트라이글리세라이드, 카프릴릴글라이콜, 메티콘, 다이펜타에리스리틸헥사하이드록시스테아레이트/헥사스테아레이트/헥사로지네이트, 다이아이소스테아릴말레이트, 다이메티콘, 글리세릴카프릴레이트, 트라이에톡시카프릴릴실레인, 에틸헥실글리세린, 하이드로제네이티드레시틴, 다이메티콘올스테아레이트, 비닐다이메티콘/메티콘실세스퀴옥세인크로스폴리머, 알루미늄하이드록사이드, 말토덱스트린, 카올린, 토코페롤, 카민 (CI 75470), 망가니즈바이올렛 (CI 77742), 울트라마린 (CI 77007), 황색4호 (CI 19140)

[32 피치 샌디 블러링 (헬로키티)]
[글로잉] 탤크, 마이카 (CI 77019), 실리카, 티타늄디옥사이드 (CI 77891), 칼슘카보네이트, 옥틸도데실스테아로일스테아레이트, 페닐트라이메티콘, 마그네슘스테아레이트, 트라이에톡시카프릴릴실레인, 다이펜타에리스리틸헥사하이드록시스테아레이트/헥사스테아레이트/헥사로지네이트, 다이아이소스테아릴말레이트, 다이메티콘, 카프릴릴글라이콜, 라우로일라이신, 글리세릴카프릴레이트, 하이드로제네이티드레시틴, 에틸헥실글리세린, 알루미늄하이드록사이드, 아이소프로필티타늄트라이아이소스테아레이트, 말토덱스트린, 토코페롤, 카올린, 세테아릴알코올, 카민 (CI 75470), 적색산화철 (CI 77491), 황색산화철 (CI 77492), 울트라마린 (CI 77007), 황색4호 (CI 19140), 흑색산화철 (CI 77499), 망가니즈바이올렛 (CI 77742), [본 프리] 탤크, 마이카 (CI 77019), 알루미늄전분옥테닐석시네이트, 보론나이트라이드, 티타늄디옥사이드 (CI 77891), 옥틸도데실스테아로일스테아레이트, 페닐트라이메티콘, 다이메티콘, 다이펜타에리스리틸헥사하이드록시스테아레이트/헥사스테아레이트/헥사로지네이트, 다이아이소스테아릴말레이트, 카프릴릴글라이콜, 마그네슘스테아레이트, 글리세릴카프릴레이트, 에틸헥실글리세린, 하이드로제네이티드레시틴, 알루미늄하이드록사이드, 트라이에톡시카프릴릴실레인, 말토덱스트린, 카올린, 토코페롤, 카민 (CI 75470), 적색산화철 (CI 77491), 울트라마린 (CI 77007), 황색산화철 (CI 77492), 망가니즈바이올렛 (CI 77742), 흑색산화철 (CI 77499), 황색4호 (CI 19140), [프레젠트] 알루미나, 합성플루오르플로고파이트, 탤크, 티타늄디옥사이드 (CI 77891), 에틸헥실팔미테이트, 마이카 (CI 77019), 칼슘티타늄보로실리케이트, 나일론-12, 다이메티콘, 마그네슘스테아레이트, 실리카, 하이드로제네이티드폴리아이소부텐, 트라이에톡시카프릴릴실레인, 카프릴릴글라이콜, 글리세릴카프릴레이트, 에틸헥실글리세린, 에틸렌/프로필렌/스타이렌코폴리머, 부틸렌/에틸렌/스타이렌코폴리머, 말토덱스트린, 카올린, 펜타에리스리틸테트라-다이-t-부틸하이드록시하이드로신나메이트, 토코페롤, 틴옥사이드, 카민 (CI 75470), 망가니즈바이올렛 (CI 77742), 황색산화철 (CI 77492), 적색산화철 (CI 77491), 흑색산화철 (CI 77499), 황색4호 (CI 19140), [업타운] 탤크, 마이카 (CI 77019), 티타늄디옥사이드 (CI 77891), 카프릴릭/카프릭트라이글리세라이드, 실리카, 바륨설페이트, 보론나이트라이드, 다이메티콘, 카프릴릴글라이콜, 다이메티콘올스테아레이트, 마그네슘미리스테이트, 글리세릴카프릴레이트, 마그네슘스테아레이트, 하이드록시프로필비스팔미타마이드엠이에이, 에틸헥실글리세린, 알루미늄하이드록사이드, 트라이에톡시카프릴릴실레인, 말토덱스트린, 카올린, 토코페롤, 카민 (CI 75470), 황색산화철 (CI 77492), 적색산화철 (CI 77491), 망가니즈바이올렛 (CI 77742), 울트라마린 (CI 77007), 흑색산화철 (CI 77499), 황색4호 (CI 19140), [걸리] 탤크, 마이카 (CI 77019), 티타늄디옥사이드 (CI 77891), 알루미늄전분옥테닐석시네이트, 옥틸도데실스테아로일스테아레이트, 페닐트라이메티콘, 마카다미아씨오일, 보론나이트라이드, 다이펜타에리스리틸헥사하이드록시스테아레이트/헥사스테아레이트/헥사로지네이트, 다이아이소스테아릴말레이트, 마그네슘스테아레이트, 다이메티콘, 카프릴릴글라이콜, 글리세릴카프릴레이트, 에틸헥실글리세린, 알루미늄하이드록사이드, 메티콘, 실리카, 말토덱스트린, 토코페롤, 틴옥사이드, 카민 (CI 75470), 황색4호 (CI 19140), 황색산화철 (CI 77492), 적색산화철 (CI 77491), 흑색산화철 (CI 77499), 울트라마린 (CI 77007), [애프리튜드] 탤크, 합성플루오르플로고파이트, 마이카 (CI 77019), 실리카, 보론나이트라이드, 카프릴릭/카프릭트라이글리세라이드, 티타늄디옥사이드 (CI 77891), 나일론-12, 마카다미아씨오일, 다이메티콘, 마그네슘스테아레이트, 다이메티콘올스테아레이트, 카프릴릴글라이콜, 글리세릴카프릴레이트, 트라이에톡시카프릴릴실레인, 에틸헥실글리세린, 알루미늄하이드록사이드, 말토덱스트린, 카올린, 토코페롤, 카민 (CI 75470), 황색4호 (CI 19140), 흑색산화철 (CI 77499), 울트라마린 (CI 77007), 적색산화철 (CI 77491), 망가니즈바이올렛 (CI 77742), [스위티] 탤크, 마이카 (CI 77019), 티타늄디옥사이드 (CI 77891), 나일론-12, 실리카, 칼슘소듐보로실리케이트, 옥틸도데실스테아로일스테아레이트, 페닐트라이메티콘, 옥틸도데칸올, 마그네슘스테아레이트, 마카다미아씨오일, 다이메티콘, 다이펜타에리스리틸헥사하이드록시스테아레이트/헥사스테아레이트/헥사로지네이트, 다이아이소스테아릴말레이트, 카프릴릴글라이콜, 다이메티콘올스테아레이트, 글리세릴카프릴레이트, 알루미늄하이드록사이드, 하이드로제네이티드레시틴, 메티콘, 트라이에톡시카프릴릴실레인, 에틸헥실글리세린, 말토덱스트린, 토코페롤, 틴옥사이드, 카민 (CI 75470), 적색산화철 (CI 77491), 황색산화철 (CI 77492), 흑색산화철 (CI 77499), 울트라마린 (CI 77007), [핑크 버터] 탤크, 마이카 (CI 77019), 티타늄디옥사이드 (CI 77891), 보론나이트라이드, 옥틸도데실스테아로일스테아레이트, 페닐트라이메티콘, 실리카, 마그네슘스테아레이트, 다이메티콘, 마카다미아씨오일, 다이메티콘올스테아레이트, 카프릴릴글라이콜, 글리세릴카프릴레이트, 마그네슘미리스테이트, 에틸헥실글리세린, 알루미늄하이드록사이드, 라우로일라이신, 메티콘, 트라이에톡시카프릴릴실레인, 말토덱스트린, 카올린, 토코페롤, 카민 (CI 75470), 적색산화철 (CI 77491), 황색산화철 (CI 77492), 망가니즈바이올렛 (CI 77742), 황색4호 (CI 19140), 울트라마린 (CI 77007), [선릿 샤워] 티타늄디옥사이드 (CI 77891), 알루미나, 칼슘알루미늄보로실리케이트, 칼슘소듐보로실리케이트, 아이소스테아릴네오펜타노에이트, 비스-다이글리세릴폴리아실아디페이트-2, 페닐트라이메티콘, 에틸헥실팔미테이트, 폴리프로필렌, 실리카, 합성플루오르플로고파이트, 폴리글리세릴-2트라이아이소스테아레이트, 틴옥사이드, 하이드로제네이티드폴리아이소부텐, 카프릴릴글라이콜, 마그네슘미리스테이트, 글리세릴카프릴레이트, 에틸헥실글리세린, 에틸렌/프로필렌/스타이렌코폴리머, 트라이에톡시카프릴릴실레인, 부틸렌/에틸렌/스타이렌코폴리머, 펜타에리스리틸테트라-다이-t-부틸하이드록시하이드로신나메이트, 토코페롤, 마이카 (CI 77019), 적색산화철 (CI 77491), 카민 (CI 75470), [피치-로그] 탤크, 마이카 (CI 77019), 티타늄디옥사이드 (CI 77891), 실리카, 망가니즈바이올렛 (CI 77742), 네오펜틸글라이콜다이에틸헥사노에이트, 페닐트라이메티콘, 다이메티콘, 황색산화철 (CI 77492), 마카다미아씨오일, 다이펜타에리스리틸헥사하이드록시스테아레이트/헥사스테아레이트/헥사로지네이트, 다이아이소스테아릴말레이트, 아이소스테아릴네오펜타노에이트, 옥틸도데실스테아로일스테아레이트, 카프릴릴글라이콜, 트라이에톡시카프릴릴실레인, 마그네슘스테아레이트, 글리세릴카프릴레이트, 폴리부텐, 알루미늄하이드록사이드, 하이드로제네이티드레시틴, 에틸헥실글리세린, 카올린, 말토덱스트린, 토코페롤, 적색산화철 (CI 77491), 카민 (CI 75470), 울트라마린 (CI 77007), 황색4호 (CI 19140), 흑색산화철 (CI 77499), [치어풀] 탤크, 마이카 (CI 77019), 티타늄디옥사이드 (CI 77891), 합성플루오르플로고파이트, 알루미늄전분옥테닐석시네이트, 실리카, 옥틸도데실스테아로일스테아레이트, 페닐트라이메티콘, 마그네슘스테아레이트, 다이펜타에리스리틸헥사하이드록시스테아레이트/헥사스테아레이트/헥사로지네이트, 다이메티콘, 다이아이소스테아릴말레이트, 카프릴릴글라이콜, 글리세릴카프릴레이트, 라우로일라이신, 트라이에톡시카프릴릴실레인, 에틸헥실글리세린, 알루미늄하이드록사이드, 말토덱스트린, 카올린, 토코페롤, 황색산화철 (CI 77492), 카민 (CI 75470), 적색산화철 (CI 77491), 망가니즈바이올렛 (CI 77742), 울트라마린 (CI 77007), 흑색산화철 (CI 77499), [로스티드] 탤크, 마이카 (CI 77019), 알루미늄전분옥테닐석시네이트, 보론나이트라이드, 칼슘카보네이트, 실리카, 티타늄디옥사이드 (CI 77891), 옥틸도데실스테아로일스테아레이트, 페닐트라이메티콘, 마그네슘스테아레이트, 마카다미아씨오일, 다이메티콘, 다이펜타에리스리틸헥사하이드록시스테아레이트/헥사스테아레이트/헥사로지네이트, 다이아이소스테아릴말레이트, 트라이에톡시카프릴릴실레인, 카프릴릴글라이콜, 글리세릴카프릴레이트, 하이드로제네이티드레시틴, 마그네슘미리스테이트, 다이메티콘올스테아레이트, 에틸헥실글리세린, 알루미늄하이드록사이드, 메티콘, 말토덱스트린, 토코페롤, 카민 (CI 75470), 적색산화철 (CI 77491), 울트라마린 (CI 77007), 흑색산화철 (CI 77499), 황색4호 (CI 19140), 황색산화철 (CI 77492), [헤이즐넛] 탤크, 마이카 (CI 77019), 마그네슘/포타슘/실리콘/플루오라이드/하이드록사이드/옥사이드, 나일론-12, 실리카, 보론나이트라이드, 네오펜틸글라이콜다이에틸헥사노에이트, 페닐트라이메티콘, 마그네슘스테아레이트, 마카다미아씨오일, 다이메티콘, 다이펜타에리스리틸헥사하이드록시스테아레이트/헥사스테아레이트/헥사로지네이트, 다이아이소스테아릴말레이트, 아이소스테아릴네오펜타노에이트, 옥틸도데실스테아로일스테아레이트, 카프릴릴글라이콜, 폴리부텐, 글리세릴카프릴레이트, 하이드로젠다이메티콘, 에틸헥실글리세린, 카올린, 알루미늄하이드록사이드, 트라이에톡시카프릴릴실레인, 말토덱스트린, 토코페롤, 티타늄디옥사이드 (CI 77891), 적색산화철 (CI 77491), 망가니즈바이올렛 (CI 77742), 황색산화철 (CI 77492), 흑색산화철 (CI 77499), 울트라마린 (CI 77007), 황색4호 (CI 19140), 카민 (CI 75470), [디엠] 탤크, 마이카 (CI 77019), 실리카, 티타늄디옥사이드 (CI 77891), 옥틸도데실스테아로일스테아레이트, 페닐트라이메티콘, 망가니즈바이올렛 (CI 77742), 황색산화철 (CI 77492), 적색산화철 (CI 77491), 마카다미아씨오일, 보론나이트라이드, 마그네슘스테아레이트, 옥틸도데칸올, 다이펜타에리스리틸헥사하이드록시스테아레이트/헥사스테아레이트/헥사로지네이트, 다이메티콘올스테아레이트, 다이메티콘, 다이아이소스테아릴말레이트, 카프릴릴글라이콜, 글리세릴카프릴레이트, 트라이에톡시카프릴릴실레인, 하이드로제네이티드레시틴, 에틸헥실글리세린, 카올린, 알루미늄하이드록사이드, 메티콘, 말토덱스트린, 토코페롤, 흑색산화철 (CI 77499), 카민 (CI 75470), 황색4호 (CI 19140), 울트라마린 (CI 77007), [빌리언] 탤크, 알루미늄전분옥테닐석시네이트, 마이카 (CI 77019), 카프릴릭/카프릭트라이글리세라이드, 티타늄디옥사이드 (CI 77891), 마그네슘스테아레이트, 실리카, 흑색산화철 (CI 77499), 망가니즈바이올렛 (CI 77742), 나일론-12, 트라이에톡시카프릴릴실레인, 카프릴릴글라이콜, 글리세릴카프릴레이트, 다이메티콘올스테아레이트, 에틸헥실글리세린, 다이메티콘, 알루미늄하이드록사이드, 카올린, 말토덱스트린, 토코페롤, 적색산화철 (CI 77491), 황색산화철 (CI 77492), 카민 (CI 75470), 황색4호 (CI 19140), [액션] 흑색산화철 (CI 77499), 탤크, 마이카 (CI 77019), 적색산화철 (CI 77491), 황색산화철 (CI 77492), 실리카, 티타늄디옥사이드 (CI 77891), 옥틸도데칸올, 마그네슘스테아레이트, 옥틸도데실스테아로일스테아레이트, 페닐트라이메티콘, 카프릴릭/카프릭트라이글리세라이드, 카프릴릴글라이콜, 메티콘, 다이펜타에리스리틸헥사하이드록시스테아레이트/헥사스테아레이트/헥사로지네이트, 다이아이소스테아릴말레이트, 다이메티콘, 글리세릴카프릴레이트, 트라이에톡시카프릴릴실레인, 에틸헥실글리세린, 하이드로제네이티드레시틴, 다이메티콘올스테아레이트, 비닐다이메티콘/메티콘실세스퀴옥세인크로스폴리머, 알루미늄하이드록사이드, 말토덱스트린, 카올린, 토코페롤, 카민 (CI 75470), 망가니즈바이올렛 (CI 77742), 울트라마린 (CI 77007), 황색4호 (CI 19140)"
28,A000000188988,[NEW]클리오 프로아이팔레트 에어 단품/기획 (+아이프라이머밤 증정)(풍년다방 에디션),421,"프로아이팔레트에어
02호 로즈커넥트) 칼슘티타늄보로실리케이트 마이카 탤크 티타늄디옥사이드 칼슘알루미늄보로실리케이트 나일론-12 네오펜틸글라이콜다이에틸헥사노에이트 페닐트라이메티콘 합성플루오르플로고파이트 실리카 다이펜타에리스리틸헥사하이드록시스테아레이트/헥사스테아레이트/헥사로지네이트 다이아이소스테아릴말레이트 아이소스테아릴네오펜타노에이트 옥틸도데실스테아로일스테아레이트 마그네슘미리스테이트 메틸프로판다이올 마그네슘스테아레이트 폴리부텐 프로판다이올 다이메티콘 라우로일라이신 트라이에톡시카프릴릴실레인 알루미늄하이드록사이드 메티콘 틴옥사이드 카민 적색산화철 황색산화철 흑색산화철 보론나이트라이드 망가니즈바이올렛 다이메티콘올스테아레이트 하이드록시프로필비스팔미타마이드엠이에이 카올린 말토덱스트린 바륨설페이트 카프릴릭/카프릭트라이글리세라이드 트라이에틸헥사노인 하이드로제네이티드레시틴 아이소프로필티타늄트라이아이소스테아레이트 세테아릴알코올 적색226호 황색4호 울트라마린 사라수씨버터 칼슘소듐보로실리케이트 알루미늄전분옥테닐석시네이트 퀸즈랜드넛오일 칼슘카보네이트 옥틸도데칸올

03호 뮤트라이브러리) 탤크 마이카 실리카 바륨설페이트 카프릴릭/카프릭트라이글리세라이드 트라이에틸헥사노인 티타늄디옥사이드 마그네슘미리스테이트 메틸프로판다이올 다이메티콘올스테아레이트 트라이에톡시카프릴릴실레인 다이펜타에리스리틸헥사하이드록시스테아레이트/헥사스테아레이트/헥사로지네이트 프로판다이올 다이메티콘 라우로일라이신 알루미늄하이드록사이드 메티콘 아이소프로필티타늄트라이아이소스테아레이트 카올린 세테아릴알코올 황색산화철 황색4호 망가니즈바이올렛 적색226호 울트라마린 적색산화철 흑색산화철 합성플루오르플로고파이트 옥틸도데실스테아로일스테아레이트 페닐트라이메티콘 사라수씨버터 퀸즈랜드넛오일 다이아이소스테아릴말레이트 마그네슘스테아레이트 말토덱스트린 카민 에이치디아이/트라이메틸올헥실락톤크로스폴리머 폴리메틸메타크릴레이트 하이드로제네이티드레시틴 보론나이트라이드 하이드록시프로필비스팔미타마이드엠이에이 나일론-12 칼슘카보네이트 알루미늄전분옥테닐석시네이트 하이드로제네이티드폴리아이소부텐 옥틸도데칸올 

04호 핑크페어링) 마이카 탤크 티타늄디옥사이드 칼슘티타늄보로실리케이트 칼슘알루미늄보로실리케이트 보론나이트라이드 네오펜틸글라이콜다이에틸헥사노에이트 페닐트라이메티콘 나일론-12 다이펜타에리스리틸헥사하이드록시스테아레이트/헥사스테아레이트/헥사로지네이트 다이아이소스테아릴말레이트 아이소스테아릴네오펜타노에이트 옥틸도데실스테아로일스테아레이트 실리카 사라수씨버터 마그네슘미리스테이트 메틸프로판다이올 폴리부텐 마그네슘스테아레이트 프로판다이올 카올린 알루미늄하이드록사이드 다이메티콘 메티콘 틴옥사이드 망가니즈바이올렛 적색산화철 적색226호 울트라마린 흑색산화철 폴리에틸렌테레프탈레이트 다이페닐실록시페닐트라이메티콘 폴리프로필렌 옥틸도데칸올 칼슘소듐보로실리케이트 하이드로제네이티드캐스터오일다이머다이리놀레에이트 피토스테릴/이소스테아릴/세틸/스테아릴/베헤닐다이머디리놀리에이트 아크릴레이트코폴리머 다이스테아다이모늄헥토라이트 프로필렌카보네이트 카민 페릭페로시아나이드 합성플루오르플로고파이트 말토덱스트린 황색산화철 황색4호 미네랄오일 다이메티콘올스테아레이트 하이드로제네이티드레시틴 라우로일라이신 트라이에톡시카프릴릴실레인 퀸즈랜드넛오일 알루미늄전분옥테닐석시네이트 바륨설페이트 카프릴릭/카프릭트라이글리세라이드 알루미늄다이미리스테이트 하이드록시프로필비스팔미타마이드엠이에이 

07호 라벤더신입) 탤크 마이카 실리카 티타늄디옥사이드 망가니즈바이올렛 옥틸도데실스테아로일스테아레이트 페닐트라이메티콘 퀸즈랜드넛오일 마그네슘미리스테이트 메틸프로판다이올 다이펜타에리스리틸헥사하이드록시스테아레이트/헥사스테아레이트/헥사로지네이트 다이아이소스테아릴말레이트 다이메티콘올스테아레이트 마그네슘스테아레이트 프로판다이올 다이메티콘 트라이에톡시카프릴릴실레인 카프릴릭/카프릭트라이글리세라이드 하이드로제네이티드레시틴 메티콘 카올린 나일론-12 알루미늄하이드록사이드 말토덱스트린 적색산화철 울트라마린 황색산화철 카민 흑색산화철 합성플루오르플로고파이트 알루미늄전분옥테닐석시네이트 칼슘알루미늄보로실리케이트 틴옥사이드 라우로일라이신 아이소프로필티타늄트라이아이소스테아레이트 아이소스테아릭애씨드 황색4호 칼슘카보네이트 보론나이트라이드 네오펜틸글라이콜다이에틸헥사노에이트 아이소스테아릴네오펜타노에이트 폴리부텐 칼슘티타늄보로실리케이트 사라수씨버터 하이드록시프로필비스팔미타마이드엠이에이 하이드로제네이티드폴리아이소부텐 에이치디아이/트라이메틸올헥실락톤크로스폴리머 폴리메틸메타크릴레이트 바륨설페이트 

08호 라떼는선임) 탤크 티타늄디옥사이드 알루미늄전분옥테닐석시네이트 합성플루오르플로고파이트 마이카 바륨설페이트 옥틸도데실스테아로일스테아레이트 페닐트라이메티콘 마그네슘미리스테이트 마그네슘스테아레이트 메틸프로판다이올 다이펜타에리스리틸헥사하이드록시스테아레이트/헥사스테아레이트/헥사로지네이트 다이아이소스테아릴말레이트 다이메티콘 프로판다이올 알루미늄하이드록사이드 트라이에톡시카프릴릴실레인 카올린 말토덱스트린 황색산화철 적색산화철 망가니즈바이올렛 흑색산화철 카민 황색4호 실리카 하이드로제네이티드폴리아이소부텐 에이치디아이/트라이메틸올헥실락톤크로스폴리머 폴리메틸메타크릴레이트 칼슘알루미늄보로실리케이트 퀸즈랜드넛오일 하이드로제네이티드레시틴 아이소프로필티타늄트라이아이소스테아레이트 세테아릴알코올 틴옥사이드 보론나이트라이드 메티콘 울트라마린 카프릴릭/카프릭트라이글리세라이드 사라수씨버터 다이메티콘올스테아레이트 네오펜틸글라이콜다이에틸헥사노에이트 아이소스테아릴네오펜타노에이트 폴리부텐 라우로일라이신 칼슘티타늄보로실리케이트 칼슘카보네이트 하이드록시프로필비스팔미타마이드엠이에이 페릭페로시아나이드 

09호 복숭아누르면사과해) 탤크 알루미늄전분옥테닐석시네이트 마그네슘/포타슘/실리콘/플루오라이드/하이드록사이드/옥사이드 티타늄디옥사이드 카프릴릭/카프릭트라이글리세라이드 마그네슘스테아레이트 다이메티콘 1,2-헥산다이올 라우로일라이신 아이소프로필티타늄트라이아이소스테아레이트 알루미늄하이드록사이드 글리세릴카프릴레이트 미리스틱애씨드 트라이에톡시카프릴릴실레인 말토덱스트린 황색4호 카민 적색산화철 칼슘티타늄보로실리케이트 칼슘알루미늄보로실리케이트 합성플루오르플로고파이트 다이아이소스테아릴말레이트 나일론-12 네오펜틸글라이콜다이에틸헥사노에이트 다이펜타에리스리틸헥사하이드록시스테아레이트/헥사스테아레이트/헥사로지네이트 마이카 아이소스테아릭애씨드 폴리프로필렌 다이메티콘/비닐다이메티콘크로스폴리머 틴옥사이드 실리카 보론나이트라이드 옥틸도데실스테아로일스테아레이트 옥틸도데칸올 울트라마린 황색산화철 카올린 흑색산화철 다이페닐실록시페닐트라이메티콘 폴리글리세릴-2트라이아이소스테아레이트 폴리에틸렌테레프탈레이트 아크릴레이트코폴리머 하이드로제네이티드폴리아이소부텐 에이치디아이/트라이메틸올헥실락톤크로스폴리머 세틸에틸헥사노에이트 마그네슘미리스테이트 메틸메타크릴레이트크로스폴리머 칼슘소듐보로실리케이트 페닐트라이메티콘 헥실라우레이트 

19호 자유를 찾은 보핍) 칼슘알루미늄보로실리케이트 탤크 티타늄디옥사이드 (CI 77891) 마이카 (CI 77019) 칼슘소듐보로실리케이트 옥틸도데실스테아로일스테아레이트 페닐트라이메티콘 실리카 다이펜타에리스리틸헥사하이드록시스테아레이트/헥사스테아레이트/헥사로지네이트 다이아이소스테아릴말레이트 마그네슘미리스테이트 마그네슘스테아레이트 카프릴릴글라이콜 글리세릴카프릴레이트 틴옥사이드 트라이에톡시카프릴릴실레인 에틸헥실글리세린 울트라마린 (CI 77007) 망가니즈바이올렛 (CI 77742) 카올린 토코페롤 

20호 매화빛댕기) 탤크, 티타늄디옥사이드 (CI 77891), 알루미늄전분옥테닐석시네이트, 합성플루오르플로고파이트, 마이카 (CI 77019), 바륨설페이트, 옥틸도데실스테아로일스테아레이트, 페닐트라이메티콘, 실리카, 마그네슘미리스테이트, 마그네슘스테아레이트, 다이메티콘, 다이펜타에리스리틸헥사하이드록시스테아레이트/헥사스테아레이트/헥사로지네이트, 다이아이소스테아릴말레이트, 카프릴릴글라이콜, 알루미늄하이드록사이드, 글리세릴카프릴레이트, 마카다미아씨오일, 트라이에톡시카프릴릴실레인, 카민 (CI 75470), 에틸헥실글리세린, 황색산화철 (CI 77492), 망가니즈바이올렛 (CI 77742), 적색산화철 (CI 77491), 황색4호 (CI 19140), 흑색산화철 (CI 77499), 말토덱스트린, 울트라마린 (CI 77007), 카올린, 토코페롤, 보론나이트라이드, 하이드로제네이티드레시틴, 메티콘, 다이메티콘올스테아레이트, 제올라이트, 아이소에이코산, 하이드로제네이티드코코넛오일, 하이드로제네이티드폴리아이소부텐, 트라이베헤닌, 다이메티콘크로스폴리머, 마이크로크리스탈린왁스, 세틸피이지/피피지-10/1다이메티콘, 솔비탄아이소스테아레이트, 피이지-10다이메티콘, 파라핀, 폴리에틸렌, 다이페닐실록시페닐트라이메티콘, 폴리글리세릴-2트라이아이소스테아레이트, 다이스테아다이모늄헥토라이트, 트라이에틸시트레이트, 청색1호 (CI 42090), 트라이에틸헥사노인, 카프릴릭/카프릭트라이글리세라이드, 옥틸도데칸올, 라우로일라이신 

21호 모감주밑서재) 탤크, 마이카 (CI 77019), 티타늄디옥사이드 (CI 77891), 실리카, 나일론-12, 옥틸도데실스테아로일스테아레이트, 페닐트라이메티콘, 마그네슘미리스테이트, 다이메티콘, 마그네슘스테아레이트, 마카다미아씨오일, 다이펜타에리스리틸헥사하이드록시스테아레이트/헥사스테아레이트/헥사로지네이트, 다이아이소스테아릴말레이트, 카프릴릴글라이콜, 글리세릴카프릴레이트, 다이메티콘올스테아레이트, 알루미늄하이드록사이드, 에틸헥실글리세린, 트라이에톡시카프릴릴실레인, 하이드로제네이티드레시틴, 라우로일라이신, 적색산화철 (CI 77491), 메티콘, 황색산화철 (CI 77492), 흑색산화철 (CI 77499), 토코페롤, 울트라마린 (CI 77007), 카민 (CI 75470), 황색4호 (CI 19140), 말토덱스트린, 카프릴릭/카프릭트라이글리세라이드, 보론나이트라이드, 망가니즈바이올렛 (CI 77742), 카올린, 제올라이트, 아이소에이코산, 하이드로제네이티드코코넛오일, 하이드로제네이티드폴리아이소부텐, 합성플루오르플로고파이트, 트라이베헤닌, 다이메티콘크로스폴리머, 마이크로크리스탈린왁스, 세틸피이지/피피지-10/1다이메티콘, 솔비탄아이소스테아레이트, 폴리글리세릴-2트라이아이소스테아레이트, 피이지-10다이메티콘, 파라핀, 폴리에틸렌, 다이페닐실록시페닐트라이메티콘, 다이스테아다이모늄헥토라이트, 트라이에틸시트레이트, 청색1호 (CI 42090), 옥틸도데칸올, 알루미늄전분옥테닐석시네이트, 다이메티콘/비닐다이메티콘크로스폴리머, 네오펜틸글라이콜다이에틸헥사노에이트, 아이소스테아릴네오펜타노에이트, 폴리부텐, 에이치디아이/트라이메틸올헥실락톤크로스폴리머, 폴리메틸메타크릴레이트 

22호 슈가애프터눈) 탤크, 마이카, 티타늄디옥사이드, 실리카, 바륨설페이트, 옥틸도데실스테아로일스테아레이트, 페닐트라이메티콘, 마그네슘스테아레이트, 다이메티콘, 다이펜타에리스리틸헥사하이드록시스테아레이트/헥사스테아레이트/헥사로지네이트, 다이아이소스테아릴말레이트, 카프릴릴글라이콜, 트라이에톡시카프릴릴실레인, 하이드로제네이티드레시틴, 글리세릴카프릴레이트, 마카다미아씨오일, 알루미늄하이드록사이드, 에틸헥실글리세린, 카민, 세테아릴알코올, 적색산화철, 울트라마린, 망가니즈바이올렛, 마그네슘미리스테이트, 아이소프로필티타늄트라이아이소스테아레이트, 황색4호, 흑색산화철, 황색산화철, 말토덱스트린, 카올린, 토코페롤, 합성플루오르플로고파이트, 칼슘알루미늄보로실리케이트, 칼슘소듐보로실리케이트, 트라이아이소스테아릴시트레이트, 마이크로크리스탈린셀룰로오스, 세틸다이메티콘, 솔비탄세스퀴아이소스테아레이트, 틴옥사이드, 카프릴릭/카프릭트라이글리세라이드, 트라이에틸헥사노인, 다이메티콘올스테아레이트, 알루미늄전분옥테닐석시네이트, 보론나이트라이드, 비스머스옥시클로라이드, 칼슘카보네이트, 셀룰로오스, 에틸헥실팔미테이트, 알루미나, 나일론-12, 하이드로제네이티드폴리아이소부텐, 칼슘티타늄보로실리케이트, 에틸렌/프로필렌/스타이렌코폴리머, 부틸렌/에틸렌/스타이렌코폴리머, 펜타에리스리틸테트라-다이-t-부틸하이드록시하이드로신나메이트, 옥틸도데칸올, 라우로일라이신, 청색1호, 메티콘, 마그네슘/포타슘/실리콘/플루오라이드/하이드록사이드/옥사이드, 하이드로젠다이메티콘, 다이카프릴릴카보네이트, 하이드로제네이티드폴리, 다이메티콘/비닐다이메티콘크로스폴리머, 펜틸렌글라이콜 

23호 베이비 밀크 냥냥) 탤크, 마이카 (CI 77019), 실리카, 카프릴릭/카프릭트라이글리세라이드, 보론나이트라이드, 다이메티콘, 마카다미아씨오일, 마그네슘스테아레이트, 카프릴릴글라이콜, 티타늄디옥사이드 (CI 77891), 다이메티콘올스테아레이트, 글리세릴카프릴레이트, 마그네슘미리스테이트, 하이드록시프로필비스팔미타마이드엠이에이, 에틸헥실글리세린, 황색산화철 (CI 77492), 적색산화철 (CI 77491), 알루미늄하이드록사이드, 흑색산화철 (CI 77499), 울트라마린 (CI 77007), 트라이에톡시카프릴릴실레인, 황색4호 (CI 19140), 카민 (CI 75470), 말토덱스트린, 토코페롤 *구성품 - 젤리 섀도우 마이카 (CI 77019),다이메티콘,다이카프릴릴카보네이트,흑색산화철 (CI 77499),실리카,하이드로제네이티드폴리(C6-14올레핀),적색산화철 (CI 77491),티타늄디옥사이드 (CI 77891),황색산화철 (CI 77492),칼슘카보네이트,다이아이소스테아릴말레이트,다이메티콘/비닐다이메티콘크로스폴리머,펜틸렌글라이콜,마그네슘스테아레이트,망가니즈바이올렛 (CI 77742),트라이에톡시카프릴릴실레인,라우로일라이신,알루미늄하이드록사이드,카올린,토코페롤 

24호 굽굽밤푸치노) 탤크, 마이카 (CI 77019), 합성플루오르플로고파이트, 실리카, 보론나이트라이드, 나일론-12, 티타늄디옥사이드 (CI 77891), 옥틸도데실스테아로일스테아레이트, 페닐트라이메티콘, 마그네슘스테아레이트, 다이펜타에리스리틸헥사하이드록시스테아레이트/헥사스테아레이트/헥사로지네이트, 다이아이소스테아릴말레이트, 황색산화철 (CI 77492), 트라이에톡시카프릴릴실레인, 다이메티콘올스테아레이트, 카프릴릴글라이콜, 적색산화철 (CI 77491), 글리세릴카프릴레이트, 마그네슘미리스테이트, 다이메티콘, 흑색산화철 (CI 77499), 망가니즈바이올렛 (CI 77742), 에틸헥실글리세린, 알루미늄하이드록사이드, 메티콘, 카올린, 토코페롤

프로아이팔레트
11호 아늑한 골목 산책) 탤크 마이카 (CI 77019) 알루미늄전분옥테닐석시네이트 하이드로제네이티드폴리아이소부텐 에이치디아이/트라이메틸올헥실락톤크로스폴리머 폴리메틸메타크릴레이트 티타늄디옥사이드 (CI 77891) 망가니즈바이올렛 (CI 77742) 황색산화철 (CI 77492) 적색산화철 (CI 77491) 마그네슘스테아레이트 카프릴릴글라이콜 울트라마린 (CI 77007) 글리세릴카프릴레이트 흑색산화철 (CI 77499) 하이드로제네이티드레시틴 에틸헥실글리세린 카민 (CI 75470) 다이메티콘 알루미늄하이드록사이드 카올린 메티콘 실리카 말토덱스트린 토코페롤

19호 낮잠자는치즈) 다이메티콘, 합성플루오르플로고파이트, 아이소도데케인, 마이카 (CI 77019), 티타늄디옥사이드 (CI 77891), 메틸메타크릴레이트크로스폴리머, 네오펜틸글라이콜다이에틸헥사노에이트, 나일론-12, 헥실라우레이트, 다이메티콘/비닐다이메티콘크로스폴리머, 다이글리세릴세바케이트/아이소팔미테이트, 솔비탄세스퀴아이소스테아레이트, 다이펜타에리스리틸헥사하이드록시스테아레이트/헥사스테아레이트/헥사로지네이트, 마그네슘미리스테이트, 합성왁스, 페녹시에탄올, 프로판다이올, 트라이에톡시카프릴릴실레인, 적색산화철 (CI 77491), 황색산화철 (CI 77492), 틴옥사이드, 카민 (CI 75470), 토코페롤

23호 스쿱오브쉐이드) 마이카, 탤크, 옥틸도데실스테아로일스테아레이트, 비스-다이글리세릴폴리아실아디페이트-2, 실리카, 펜타에리스리틸테트라에틸헥사노에이트, 세틸에틸헥사노에이트, 징크스테아레이트, 카프릴릴글라이콜, 에틸헥실글리세린, 폴리글리세릴-4올리에이트, 폴리글리세릴-6올리에이트, 폴리하이드록시스테아릭애씨드, 트라이에톡시카프릴릴실레인, 틴옥사이드, 토코페롤, 티타늄디옥사이드 (CI 77891), 적색산화철 

*구성품 (냥냥포근베이지) 탤크, 마이카 (CI 77019), 실리카, 티타늄디옥사이드 (CI 77891), 바륨설페이트, 페닐트라이메티콘, 다이아이소스테아릴말레이트, 비스-다이글리세릴폴리아실아디페이트-2, 칼슘카보네이트, 마그네슘스테아레이트, 황색산화철 (CI 77492), 트라이에톡시카프릴릴실레인, 다이메티콘, 카프릴릴글라이콜, 적색산화철 (CI 77491), 글리세릴카프릴레이트, 하이드로제네이티드레시틴, 흑색산화철 (CI 77499), 에틸헥실글리세린, 세테아릴알코올, 알루미늄하이드록사이드, 망가니즈바이올렛 (CI 77742), 황색4호 (CI 19140), 아이소프로필티타늄트라이아이소스테아레이트, 마그네슘미리스테이트, 정제수, 울트라마린 (CI 77007), 글리세린, 펜틸렌글라이콜, 카올린, 폴리글리세린-3, 폴리솔베이트20, 적색226호 (CI 73360), 페릭암모늄페로시아나이드 (CI 77510), 토코페롤 

*구성품 (크리미꾹꾹냥냥) 탤크, 마이카 (CI 77019), 실리카, 칼슘카보네이트, 티타늄디옥사이드 (CI 77891), 옥틸도데실스테아로일스테아레이트, 페닐트라이메티콘, 마그네슘스테아레이트, 다이펜타에리스리틸헥사하이드록시스테아레이트/헥사스테아레이트/헥사로지네이트, 다이아이소스테아릴말레이트, 다이메티콘, 다이메티콘올스테아레이트, 카프릴릴글라이콜, 마카다미아씨오일, 글리세릴카프릴레이트, 하이드로제네이티드레시틴, 트라이에톡시카프릴릴실레인, 에틸헥실글리세린, 황색산화철 (CI 77492), 세테아릴알코올, 알루미늄하이드록사이드, 적색산화철 (CI 77491), 메티콘, 흑색산화철 (CI 77499), 아이소프로필티타늄트라이아이소스테아레이트, 정제수, 울트라마린 (CI 77007), 망가니즈바이올렛 (CI 77742), 글리세린, 펜틸렌글라이콜, 폴리글리세린-3, 폴리솔베이트20, 적색226호 (CI 73360), 페릭암모늄페로시아나이드 (CI 77510), 황색4호 (CI 19140), 카올린, 토코페롤

*구성품(아이프라이머밤)
01 밤시루밤
다이메티콘, 페닐트라이메티콘, 트라이데실트라이멜리테이트, 다이메티콘크로스폴리머, 합성왁스, 티타늄디옥사이드, 트라이베헤닌, 합성플루오르플로고파이트, 폴리글리세릴-2트라이아이소스테아레이트, 폴리하이드록시스테아릭애씨드, 황색산화철, 적색산화철, 알루미늄하이드록사이드, 청색1호 레이크, 망가니즈바이올렛, 카프릴릴글라이콜, 1,2-헥산다이올, 향료, 프로판다이올, 아이소프로필티타늄트라이아이소스테아레이트, 스타아니스추출물, 바닐린

02 도토리시루밤
다이메티콘, 페닐트라이메티콘, 트라이데실트라이멜리테이트, 다이메티콘크로스폴리머, 합성왁스, 티타늄디옥사이드, 트라이베헤닌, 합성플루오르플로고파이트, 폴리글리세릴-2트라이아이소스테아레이트, 폴리하이드록시스테아릭애씨드, 황색산화철, 적색산화철, 알루미늄하이드록사이드, 카프릴릴글라이콜, 1,2-헥산다이올, 향료, 프로판다이올, 흑색산화철, 다이아이소스테아릴말레이트, 스타아니스추출물, 아이소프로필티타늄트라이아이소스테아레이트, 바닐린

03 무화과시루밤
다이메티콘, 페닐트라이메티콘, 트라이데실트라이멜리테이트, 다이메티콘크로스폴리머, 합성왁스, 티타늄디옥사이드, 트라이베헤닌, 합성플루오르플로고파이트, 폴리글리세릴-2트라이아이소스테아레이트, 망가니즈바이올렛, 폴리하이드록시스테아릭애씨드, 적색산화철, 알루미늄하이드록사이드, 카프릴릴글라이콜, 1,2-헥산다이올, 향료, 프로판다이올, 스타아니스추출물, 아이소프로필티타늄트라이아이소스테아레이트, 바닐린"
29,A000000198343,[NO.1 아이라이너] 클리오 샤프 쏘 심플 워터프루프 펜슬라이너 단품/더블기획,247,"01호) 흑색산화철, 트라이메틸실록시실리케이트, 사이클로펜타실록세인, 메틸트라이메티콘, 합성왁스, 세레신, 카나우바왁스, 세테아릴알코올, 아크릴레이트/스테아릴아크릴레이트/다이메티콘메 타크릴레이트코폴리머, 다이아이소스테아릴말레이트, 카본블랙, 

02호) 트라이메틸실록시실리케이트, 사이클로펜타실록세인, 메틸트라이메티콘, 흑색산화철, 적색산화철, 합성왁스, 황색산화철, 세레신, 마이카, 카나우바왁스, 다이아이소스테아릴말레이트, 세테아릴알코올, 아크릴레이트/스테아릴아크릴레이트/다이메티콘메 타크릴레이트코폴리머, 메티콘, 다이메티콘

03호) 트라이메틸실록시실리케이트, 흑색산화철, 사이클로펜타실록세인, 메틸트라이메티콘, 합성왁스, 적색산화철, 황색산화철, 세레신, 마이카, 카나우바왁스, 아크릴레이트/스테아릴아크릴레이트/다이메티콘메 타크릴레이트코폴리머, 세테아릴알코올, 다이아이소스테아릴말레이트, 폴리글리세릴-2트라이아이소스테아레이트, 폴리아이소부텐, 다이메티콘, 메티콘

04호) 트라이메틸실록시실리케이트, 메틸트라이메티콘, 사이클로펜타실록세인, 흑색산화철, 합성왁스, 마이카, 적색산화철, 세레신, 칼슘티타늄보로실리케이트, 칼슘소듐보로실리케이트, 티타늄디옥사이드, 카나우바왁스, 황색산화철, 세테아릴알코올, 아크릴레이트/스테아릴아크릴레이트/다이메티콘메 타크릴레이트코폴리머, 다이아이소스테아릴말레이트, 폴리아이소부텐, 틴옥사이드, 다이메티콘, 메티콘, 

05호) 트라이메틸실록시실리케이트, 사이클로펜타실록세인, 메틸트라이메티콘, 흑색산화철, 티타늄디옥사이드, 합성왁스, 적색산화철, 황색산화철, 세레신, 카나우바왁스, 마이카, 다이아이소스테아릴말레이트, 아크릴레이트/스테아릴아크릴레이트/다이메티콘메 타크릴레이트코폴리머, 세테아릴알코올, 알루미늄하이드록사이드, 다이메티콘, 메티콘

06호) 트라이메틸실록시실리케이트, 메틸트라이메티콘, 사이클로펜타실록세인, 티타늄디옥사이드, 합성왁스, 마이카, 황색산화철, 세레신, 흑색산화철, 적색산화철, 카나우바왁스, 세테아릴알코올, 다이아이소스테아릴말레이트, 아크릴레이트/스테아릴아크릴레이트/다이메티콘메 타크릴레이트코폴리머, 알루미늄하이드록사이드, 메티콘, 다이메티콘

07호) 트라이메틸실록시실리케이트, 메틸트라이메티콘, 티타늄디옥사이드, 사이클로펜타실록세인, 합성왁스, 세레신, 마이카, 황색산화철, 카나우바왁스, 세테아릴알코올, 적색산화철, 알루미늄하이드록사이드, 아크릴레이트/스테아릴아크릴레이트/다이메티콘메 타크릴레이트코폴리머, 폴리글리세릴-2트라이아이소스테아레이트, 흑색산화철, 다이아이소스테아릴말레이트, 메티콘, 다이메티콘, 

08호) 트라이메틸실록시실리케이트, 메틸트라이메티콘, 사이클로펜타실록세인, 마이카, 합성왁스, 티타늄디옥사이드, 적색산화철, 세레신, 황색산화철, 흑색산화철, 카나우바왁스, 세테아릴알코올, 다이아이소스테아릴말레이트, 아크릴레이트/스테아릴아크릴레이트/다이메티콘메 타크릴레이트코폴리머, 메티콘, 다이메티콘, 알루미늄하이드록사이드, 황색4호

09호) 트라이메틸실록시실리케이트, 메틸트라이메티콘, 사이클로펜타실록세인, 적색산화철, 티타늄디옥사이드, 합성왁스, 마이카, 세레신, 세테아릴알코올, 카나우바왁스, 아크릴레이트/스테아릴아크릴레이트/다이메티콘메 타크릴레이트코폴리머, 폴리글리세릴-2트라이아이소스테아레이트, 알루미늄하이드록사이드, 다이아이소스테아릴말레이트, 아이소프로필티타늄트라이아이소스테아레이트, 메티콘, 다이메티콘

10호) 트라이메틸실록시실리케이트, 사이클로펜타실록세인, 메틸트라이메티콘, 마이카, 합성왁스, 황색산화철, 티타늄디옥사이드, 흑색산화철, 적색산화철, 세레신, 카나우바왁스, 세테아릴알코올, 아크릴레이트/스테아릴아크릴레이트/다이메티콘메 타크릴레이트코폴리머, 다이아이소스테아릴말레이트, 칸데릴라왁스, 메티콘, 다이메티콘, 폴리아이소부텐

11호) 트라이메틸실록시실리케이트, 사이클로펜타실록세인, 메틸트라이메티콘, 마이카, 흑색산화철, 합성왁스, 티타늄디옥사이드, 황색산화철, 세레신, 적색산화철, 카나우바왁스, 다이아이소스테아릴말레이트, 세테아릴알코올, 아크릴레이트/스테아릴아크릴레이트/다이메티콘메타크릴레이트코폴리머, 알루미늄하이드록사이드, 메티콘, 다이메티콘

13호) 트라이메틸실록시실리케이트, 사이클로펜타실록세인, 메틸트라이메티콘, 마이카, 합성왁스, 티타늄디옥사이드, 적색산화철, 흑색산화철, 세레신, 아크릴레이트/스테아릴아크릴레이트/다이메티콘메타크릴레이트코폴리머, 황색산화철, 카나우바왁스, 다이아이소스테아릴말레이트, 세테아릴알코올, 알루미늄하이드록사이드, 다이메티콘, 메티콘, 폴리글리세릴-2트라이아이소스테아레이트

14호) 트라이메틸실록시실리케이트, 사이클로펜타실록세인, 메틸트라이메티콘, 티타늄디옥사이드, 합성왁스, 마이카, 황색산화철, 흑색산화철, 세레신, 아크릴레이트/스테아릴아크릴레이트/다이메티콘메타크릴레이트코폴리머, 적색산화철, 카나우바왁스, 다이아이소스테아릴말레이트, 세테아릴알코올, 폴리글리세릴-2트라이아이소스테아레이트, 청색1호 레이크, 알루미늄하이드록사이드, 다이메티콘, 메티콘

15호) 트라이메틸실록시실리케이트, 사이클로펜타실록세인, 메틸트라이메티콘, 흑색산화철, 마이카, 합성왁스, 적색산화철, 세레신, 황색산화철, 카나우바왁스, 다이아이소스테아릴말레이트, 세테아릴알코올, 아크릴레이트/스테아릴아크릴레이트/다이메티콘메타크릴레이트코폴리머, 티타늄디옥사이드, 메티콘, 다이메티콘, 아이소프로필티타늄트라이아이소스테아레이트, 알루미늄하이드록사이드

M04호) 트라이메틸실록시실리케이트, 사이클로펜타실록세인, 메틸트라이메티콘, 흑색산화철, 마이카, 합성왁스, 적색산화철, 세레신, 황색산화철, 카나우바왁스, 다이아이소스테아릴말레이트, 세테아릴알코올, 아크릴레이트/스테아릴아크릴레이트/다이메티콘메타크릴레이트코폴리머, 티타늄디옥사이드, 메티콘, 다이메티콘, 아이소프로필티타늄트라이아이소스테아레이트, 알루미늄하이드록사이드"
30,A000000263068,,27,"정제수, 프로판다이올, 카프릴릭/카프릭트라이글리세라이드, 글리세린, 식물성스쿠알란, 세테아릴알코올, 폴리글리세릴-10다이스테아레이트, 글리
세릴스테아레이트, 스테아릭애씨드, 다이메티콘, 1,2-헥산다이올, 미리스토일/팔미토일옥소스테아라마이드/아라카마이드엠이에이, 피토스테롤, 토코페릴
아세테이트, 카놀라오일, 올리브오일, 세틸팔미테이트, 솔비탄팔미테이트, 솔비탄올리베이트, 비사보롤, 메틸카프로오일타이로지네이트, 잔탄검, 소듐하이
알루로네이트, 카보머, 알지닌, 카프릴릴글라이콜"
31,A000000233171,[7일특가/신상 파운데이션 증정] 비디비치 블랙 퍼펙션 커버 핏 쿠션,426,"[17N]
정제수, 티타늄디옥사이드 (CI 77891), 트라이메틸실록시실리케이트, 다이메티콘, 트라이실록세인, 아이소도데케인, 라우릴피이지-9폴리다이메틸실록시에틸다이메티콘, 카프릴릴메티콘, 다이프로필렌글라이콜, 나이아신아마이드, 프로판다이올, 마이카 (CI 77019), 1,2-헥산다이올, 세틸피이지/피피지-10/1다이메티콘, 하이드롤라이즈드콘키올린단백질, 하이드롤라이즈드실크, 소듐하이알루로네이트, 팔미토일테트라펩타이드-10, 개청각추출물, 감태추출물, 겔리듐 카르틸라기네움추출물, 톳추출물, 콜라겐추출물, 다이부틸아디페이트, 글리세린, 라우릴다이메티콘, 다이스테아다이모늄헥토라이트, 다이펜타에리스리틸펜타아이소스테아레이트, 마그네슘설페이트, 실리카, 옥틸도데칸올, 메틸트라이메티콘, 알루미늄하이드록사이드, 스테아릭애씨드, 트라이에톡시카프릴릴실레인, 알루미나, 아크릴레이트/다이메티콘코폴리머, 판테놀, 폴리글리세릴-4아이소스테아레이트, 아데노신, 트라이소듐에틸렌다이아민다이석시네이트, 아이소프로필티타늄트라이아이소스테아레이트, 카프릴릭/카프릭트라이글리세라이드, 세틸팔미테이트, 폴리솔베이트80, 솔비탄스테아레이트, 카프릴릴글라이콜, 합성플루오르플로고파이트, 토코페롤, 세라마이드엔피, 피토스핑고신, 포스포리피드, 피토스테롤, 하이드로제네이티드레시틴, 시트릭애씨드, 펜타에리스리틸테트라-다이-t-부틸하이드록시하이드로신나메이트, 부틸렌글라이콜, 세라마이드엔에스, 콜레스테롤, 세라마이드에이피, 세라마이드에이에스, 아세틸헥사펩타이드-8, 아스코빅애씨드폴리펩타이드, 세라마이드이오피, 아세틸옥타펩타이드-3, 아세틸테트라펩타이드-2, 아세틸테트라펩타이드-3, 아세틸테트라펩타이드-5, 아세틸테트라펩타이드-9, 카르노신, 카퍼트라이펩타이드-1, 노나펩타이드-1, 팔미토일펜타펩타이드-4, 팔미토일트라이펩타이드-1, 팔미토일트라이펩타이드-5, 세테아릴알코올, 소듐벤조에이트, 향료, 헥실신남알, 리날룰, 하이드록시시트로넬알, 리모넨, 황색산화철 (CI 77492), 적색산화철 (CI 77491), 흑색산화철 (CI 77499)
[19NC]
정제수, 티타늄디옥사이드 (CI 77891), 트라이메틸실록시실리케이트, 다이메티콘, 트라이실록세인, 아이소도데케인, 라우릴피이지-9폴리다이메틸실록시에틸다이메티콘, 카프릴릴메티콘, 다이프로필렌글라이콜, 나이아신아마이드, 프로판다이올, 마이카 (CI 77019), 1,2-헥산다이올, 세틸피이지/피피지-10/1다이메티콘, 하이드롤라이즈드콘키올린단백질, 하이드롤라이즈드실크, 소듐하이알루로네이트, 팔미토일테트라펩타이드-10, 개청각추출물, 감태추출물, 겔리듐 카르틸라기네움추출물, 톳추출물, 콜라겐추출물, 다이부틸아디페이트, 글리세린, 라우릴다이메티콘, 다이스테아다이모늄헥토라이트, 다이펜타에리스리틸펜타아이소스테아레이트, 마그네슘설페이트, 옥틸도데칸올, 실리카, 메틸트라이메티콘, 알루미늄하이드록사이드, 스테아릭애씨드, 트라이에톡시카프릴릴실레인, 알루미나, 아크릴레이트/다이메티콘코폴리머, 폴리글리세릴-4아이소스테아레이트, 아데노신, 트라이소듐에틸렌다이아민다이석시네이트, 아이소프로필티타늄트라이아이소스테아레이트, 카프릴릭/카프릭트라이글리세라이드, 세틸팔미테이트, 폴리솔베이트80, 솔비탄스테아레이트, 카프릴릴글라이콜, 합성플루오르플로고파이트, 판테놀, 토코페롤, 세라마이드엔피, 피토스핑고신, 포스포리피드, 피토스테롤, 하이드로제네이티드레시틴, 시트릭애씨드, 펜타에리스리틸테트라-다이-t-부틸하이드록시하이드로신나메이트, 부틸렌글라이콜, 세라마이드엔에스, 콜레스테롤, 세라마이드에이피, 세라마이드에이에스, 아세틸헥사펩타이드-8, 아스코빅애씨드폴리펩타이드, 세라마이드이오피, 아세틸옥타펩타이드-3, 아세틸테트라펩타이드-2, 아세틸테트라펩타이드-3, 아세틸테트라펩타이드-5, 아세틸테트라펩타이드-9, 카르노신, 카퍼트라이펩타이드-1, 노나펩타이드-1, 팔미토일펜타펩타이드-4, 팔미토일트라이펩타이드-1, 팔미토일트라이펩타이드-5, 세테아릴알코올, 소듐벤조에이트, 향료, 헥실신남알, 리날룰, 하이드록시시트로넬알, 리모넨, 황색산화철 (CI 77492), 적색산화철 (CI 77491), 흑색산화철 (CI 77499)
[21N]
정제수, 티타늄디옥사이드 (CI 77891), 트라이메틸실록시실리케이트, 다이메티콘, 트라이실록세인, 아이소도데케인, 라우릴피이지-9폴리다이메틸실록시에틸다이메티콘, 카프릴릴메티콘, 다이프로필렌글라이콜, 나이아신아마이드, 프로판다이올, 마이카 (CI 77019), 1,2-헥산다이올, 세틸피이지/피피지-10/1다이메티콘, 하이드롤라이즈드콘키올린단백질, 하이드롤라이즈드실크, 소듐하이알루로네이트, 팔미토일테트라펩타이드-10, 개청각추출물, 감태추출물, 겔리듐 카르틸라기네움추출물, 톳추출물, 콜라겐추출물, 다이부틸아디페이트, 글리세린, 라우릴다이메티콘, 다이스테아다이모늄헥토라이트, 다이펜타에리스리틸펜타아이소스테아레이트, 마그네슘설페이트, 옥틸도데칸올, 실리카, 메틸트라이메티콘, 알루미늄하이드록사이드, 스테아릭애씨드, 트라이에톡시카프릴릴실레인, 알루미나, 아크릴레이트/다이메티콘코폴리머, 폴리글리세릴-4아이소스테아레이트, 아데노신, 트라이소듐에틸렌다이아민다이석시네이트, 아이소프로필티타늄트라이아이소스테아레이트, 카프릴릭/카프릭트라이글리세라이드, 세틸팔미테이트, 폴리솔베이트80, 솔비탄스테아레이트, 카프릴릴글라이콜, 합성플루오르플로고파이트, 판테놀, 토코페롤, 세라마이드엔피, 피토스핑고신, 포스포리피드, 피토스테롤, 하이드로제네이티드레시틴, 시트릭애씨드, 펜타에리스리틸테트라-다이-t-부틸하이드록시하이드로신나메이트, 부틸렌글라이콜, 세라마이드엔에스, 콜레스테롤, 세라마이드에이피, 세라마이드에이에스, 아세틸헥사펩타이드-8, 아스코빅애씨드폴리펩타이드, 세라마이드이오피, 아세틸옥타펩타이드-3, 아세틸테트라펩타이드-2, 아세틸테트라펩타이드-3, 아세틸테트라펩타이드-5, 아세틸테트라펩타이드-9, 카르노신, 카퍼트라이펩타이드-1, 노나펩타이드-1, 팔미토일펜타펩타이드-4, 팔미토일트라이펩타이드-1, 팔미토일트라이펩타이드-5, 세테아릴알코올, 소듐벤조에이트, 향료, 헥실신남알, 리날룰, 하이드록시시트로넬알, 리모넨, 황색산화철 (CI 77492), 적색산화철 (CI 77491), 흑색산화철 (CI 77499)
[21NW]
정제수, 티타늄디옥사이드 (CI 77891), 트라이메틸실록시실리케이트, 다이메티콘, 트라이실록세인, 아이소도데케인, 라우릴피이지-9폴리다이메틸실록시에틸다이메티콘, 카프릴릴메티콘, 다이프로필렌글라이콜, 나이아신아마이드, 프로판다이올, 마이카 (CI 77019), 1,2-헥산다이올, 세틸피이지/피피지-10/1다이메티콘, 하이드롤라이즈드콘키올린단백질, 하이드롤라이즈드실크, 소듐하이알루로네이트, 팔미토일테트라펩타이드-10, 개청각추출물, 감태추출물, 겔리듐 카르틸라기네움추출물, 톳추출물, 콜라겐추출물, 다이부틸아디페이트, 글리세린, 라우릴다이메티콘, 다이스테아다이모늄헥토라이트, 다이펜타에리스리틸펜타아이소스테아레이트, 마그네슘설페이트, 옥틸도데칸올, 실리카, 메틸트라이메티콘, 알루미늄하이드록사이드, 스테아릭애씨드, 트라이에톡시카프릴릴실레인, 알루미나, 아크릴레이트/다이메티콘코폴리머, 폴리글리세릴-4아이소스테아레이트, 아데노신, 아이소프로필티타늄트라이아이소스테아레이트, 트라이소듐에틸렌다이아민다이석시네이트, 판테놀, 카프릴릭/카프릭트라이글리세라이드, 세틸팔미테이트, 폴리솔베이트80, 솔비탄스테아레이트, 카프릴릴글라이콜, 합성플루오르플로고파이트, 토코페롤, 세라마이드엔피, 피토스핑고신, 포스포리피드, 피토스테롤, 하이드로제네이티드레시틴, 시트릭애씨드, 펜타에리스리틸테트라-다이-t-부틸하이드록시하이드로신나메이트, 부틸렌글라이콜, 세라마이드엔에스, 콜레스테롤, 세라마이드에이피, 세라마이드에이에스, 아세틸헥사펩타이드-8, 아스코빅애씨드폴리펩타이드, 세라마이드이오피, 아세틸옥타펩타이드-3, 아세틸테트라펩타이드-2, 아세틸테트라펩타이드-3, 아세틸테트라펩타이드-5, 아세틸테트라펩타이드-9, 카르노신, 카퍼트라이펩타이드-1, 노나펩타이드-1, 팔미토일펜타펩타이드-4, 팔미토일트라이펩타이드-1, 팔미토일트라이펩타이드-5, 세테아릴알코올, 소듐벤조에이트, 향료, 헥실신남알, 리날룰, 하이드록시시트로넬알, 리모넨, 황색산화철 (CI 77492), 적색산화철 (CI 77491), 흑색산화철 (CI 77499)
[23N]
정제수, 티타늄디옥사이드 (CI 77891), 트라이메틸실록시실리케이트, 다이메티콘, 트라이실록세인, 아이소도데케인, 라우릴피이지-9폴리다이메틸실록시에틸다이메티콘, 카프릴릴메티콘, 다이프로필렌글라이콜, 나이아신아마이드, 프로판다이올, 마이카 (CI 77019), 1,2-헥산다이올, 세틸피이지/피피지-10/1다이메티콘, 황색산화철 (CI 77492), 하이드롤라이즈드콘키올린단백질, 하이드롤라이즈드실크, 소듐하이알루로네이트, 팔미토일테트라펩타이드-10, 개청각추출물, 감태추출물, 겔리듐 카르틸라기네움추출물, 톳추출물, 콜라겐추출물, 다이부틸아디페이트, 글리세린, 라우릴다이메티콘, 다이스테아다이모늄헥토라이트, 옥틸도데칸올, 다이펜타에리스리틸펜타아이소스테아레이트, 마그네슘설페이트, 실리카, 메틸트라이메티콘, 알루미늄하이드록사이드, 스테아릭애씨드, 트라이에톡시카프릴릴실레인, 알루미나, 아크릴레이트/다이메티콘코폴리머, 폴리글리세릴-4아이소스테아레이트, 아이소프로필티타늄트라이아이소스테아레이트, 아데노신, 트라이소듐에틸렌다이아민다이석시네이트, 카프릴릭/카프릭트라이글리세라이드, 세틸팔미테이트, 폴리솔베이트80, 솔비탄스테아레이트, 카프릴릴글라이콜, 합성플루오르플로고파이트, 판테놀, 토코페롤, 세라마이드엔피, 피토스핑고신, 포스포리피드, 피토스테롤, 하이드로제네이티드레시틴, 시트릭애씨드, 펜타에리스리틸테트라-다이-t-부틸하이드록시하이드로신나메이트, 부틸렌글라이콜, 세라마이드엔에스, 콜레스테롤, 세라마이드에이피, 세라마이드에이에스, 아세틸헥사펩타이드-8, 아스코빅애씨드폴리펩타이드, 세라마이드이오피, 아세틸옥타펩타이드-3, 아세틸테트라펩타이드-2, 아세틸테트라펩타이드-3, 아세틸테트라펩타이드-5, 아세틸테트라펩타이드-9, 카르노신, 카퍼트라이펩타이드-1, 노나펩타이드-1, 팔미토일펜타펩타이드-4, 팔미토일트라이펩타이드-1, 팔미토일트라이펩타이드-5, 세테아릴알코올, 소듐벤조에이트, 향료, 헥실신남알, 리날룰, 하이드록시시트로넬알, 리모넨, 적색산화철 (CI 77491), 흑색산화철 (CI 77499)"
32,A000000263035,[9월 올영픽/산리오] 아비브 어성초 흔적 에센스 패드 클리어터치 70매 기획 (+70매 리필+패드케이스+스티커),40,"정제수, 글리세린, 부틸렌글라이콜, 나이아신아마이드, 흑효모발효물, 약모밀추출물(7,150 ppm), 1,2-헥산다이올, 하이드록시아세토페논, 판테놀, 프로판다이올, 알란토인, 카페인, 아크릴레이트/C10-30알킬아크릴레이트크로스폴리머, 트로메타민, 카프릴릴글라이콜, 세틸에틸헥사노에이트, 하이드록시에틸셀룰로오스, 잔탄검, 폴리글리세릴-10아이소스테아레이트, 에틸헥실글리세린, 스쿠알란, 폴리글리세릴-10올리에이트, 녹두싹추출물, 밀싹추출물, 하이드로제네이티드레시틴, 브로콜리싹추출물, 카프릴릭/카프릭트라이글리세라이드, 다이소듐이디티에이, 셀룰로오스, 석시닉애씨드, 백미꽃추출물, 셀룰로오스검, 접시꽃추출물, 호노키올, 토코페롤, 서양벌노랑이씨추출물, 솔비톨, 쿼세틴"
33,A000000259555,[26년 신형/보습광채] 달바 퍼스트 스프레이 세럼 펩타이드 100ml 더블기획,51,"정제수, 부틸렌글라이콜, 글리세레스-26, 에톡시다이글라이콜, 나이아신아마이드, 폴리프로필실세스퀴옥세인, 해바라기씨오일, 흰서양송로수, 다이프로필렌글라이콜, 1,2-헥산다이올, 솔비톨, 하이드록시에틸우레아, 아보카도오일, 바질꽃/잎/줄기추출물, 멕시칸치아씨추출물, 다이펩타이드-15, 흰서양송로추출물, 베타인, 귀리커넬추출물, 다이소듐이디티에이, 아데노신, 돌콩오일, 알지닌, 카보머, 다이포타슘글리시리제이트, 하이드롤라이즈드하이알루로닉애씨드, 아나토씨오일, 글리세린, 소듐팔미토일프롤린, 데이지꽃추출물, 프리지아추출물, 약모밀추출물, 에델바이스추출물, 마돈나백합꽃추출물, 뽕나무껍질추출물, 연꽃추출물, 인삼추출물, 스노우로투스추출물, 비피다발효용해물, 포타슘솔베이트, 알바수련꽃추출물, 하이드록시아세토페논, 카프릴릴글라이콜, 토코페릴아세테이트, 토코페롤, 향료, 리날룰, 헥실신남알, 리모넨, 시트로넬올"
34,A000000219609,[9월 올영픽] 파티온 노스카나인 트러블 세럼 50ml 리필 기획 (+리필40ml+크림10ml),83,"[트러블 세럼] 정제수, 글리세린, 다이프로필렌글라이콜, 판테놀, 1,2-헥산다이올, 펜틸렌글라이콜, 소듐하이알루로네이트, 다이에톡시에틸석시네이트, 하이드록시에틸우레아, 아크릴레이트/C10-30알킬아크릴레이트크로스폴리머, 암모늄아크릴로일다이메틸타우레이트/브이피코폴리머, 트로메타민, 알란토인, 하이드록시아세토페논, 에틸헥실글리세린, 폴리글리세릴-10라우레이트, 석시닉애씨드, 잔탄검, 소듐헤파린, 쑥잎추출물, 병풀추출물, 사과추출물, 토코페롤, 카프릴릴/카프릴글루코사이드, 하이드로제네이티드레시틴, 세라마이드엔피

[트러블 크림] 정제수, 글리세린, 메도우폼씨오일, 카프릴릭/카프릭트라이글리세라이드, 비닐다이메티콘, 다이글리세린, 폴리글리세릴-3다이스테아레이트, 세테아릴알코올, 1,2-헥산다이올, 펜틸렌글라이콜, 클로렐라 불가리스추출물, 소듐헤파린, 쑥잎추출물, 병풀추출물, 펜타에리스리틸테트라에틸헥사노에이트, 하이드로제네이티드쌀겨오일, 하이드로제네이티드레시틴, 세테아릴올리베이트, 소듐스테아로일글루타메이트, 하이드록시에틸아크릴레이트/소듐아크릴로일다이메틸타우레이트코폴리머, 폴리글리세릴-2스테아레이트, 암모늄아크릴로일다이메틸타우레이트/브이피코폴리머, 아이소도데케인, 하이드록시아세토페논, 아크릴레이트/C10-30알킬아크릴레이트크로스폴리머, 글루코오스, 솔비탄올리베이트, 글리세릴스테아레이트, 판테놀, 글리세릴스테아레이트시트레이트, 부틸렌글라이콜, 프룩토올리고사카라이드, 프룩토오스, 스테아릭애씨드, 석시닉애씨드, 다이메티콘/비닐다이메티콘크로스폴리머, 비닐다이메티콘/메티콘실세스퀴옥세인크로스폴리머, 소듐파이테이트, 솔비탄아이소스테아레이트, 폴리글리세릴-10스테아레이트, 다이프로필렌글라이콜, 세라마이드엔피, 알란토인, 베타-글루칸, 폴리글리세릴-10라우레이트, 세라마이드엔에스, 콜레스테롤, 에틸헥실글리세린, 피토스핑고신, 세라마이드에이피, 세라마이드에이에스, 스쿠알란, 세라마이드이오피, 카프릴릴/카프릴글루코사이드, 스테아릴알코올, 잔탄검"
35,A000000158615,[트러블모공] 디오디너리 나이아신아마이드 10% + 징크 1% 60ml,12,"정제수, 나이아신아마이드(10%), 펜틸렌글라이콜, 징크피씨에이(징크로서,1%), 다이메틸아이소소바이드, 타마린드씨검, 잔탄검, 아이소세테스-20, 에톡시다이글라이콜, 페녹시에탄올, 클로페네신"
36,A000000202777,[9월올영픽/NEW 로지 아이보리 단독 출시] 헤라 블랙 쿠션 파운데이션 전컬러 본품+리필 기획,441,"[13N1] 정제수, 사이클로펜타실록세인, 메틸트라이메티콘, 부틸렌글라이콜, 티타늄디옥사이드 (CI 77891), 에칠헥실메톡시신나메이트, 마이카, 사이클로헥사실록세인, 트라이메틸실록시실리케이트, 피이지-10다이메티콘, 다이메티콘, 다이스테아다이모늄헥토라이트, 폴리메틸메타크릴레이트, 징크옥사이드, 티타늄디옥사이드, 라우릴피이지-9폴리다이메틸실록시에틸다이메티콘, 아크릴레이트/다이메티콘코폴리머, 소듐클로라이드, 아크릴레이트/스테아릴아크릴레이트/다이메티콘메타크릴레이트코폴리머, 황색산화철, 알루미늄하이드록사이드, 글리세린, 폴리실리콘-11, 폴리솔베이트40, 폴리솔베이트80, 카프릴릴글라이콜, 트라이에톡시카프릴릴실레인, 향료, 라우로일라이신, 스테아릭애씨드, 하이드로제네이티드레시틴, 적색산화철, 에틸헥실글리세린, 다이소듐이디티에이, 흑색산화철, 콘민트잎추출물, 비스머스옥시클로라이드, 커먼자스민꽃추출물, 아이소도데케인, 1,2-헥산다이올, 비에이치티, 아크릴레이트/폴리트라이메틸실록시메타크릴레이트코폴리머, 하이알루로닉애씨드, 토코페롤

[15C2] 정제수, 사이클로펜타실록세인, 메틸트라이메티콘, 부틸렌글라이콜, 티타늄디옥사이드 (CI 77891), 에칠헥실메톡시신나메이트, 마이카, 사이클로헥사실록세인, 트라이메틸실록시실리케이트, 피이지-10다이메티콘, 다이메티콘, 다이스테아다이모늄헥토라이트, 징크옥사이드, 폴리메틸메타크릴레이트, 티타늄디옥사이드, 라우릴피이지-9폴리다이메틸실록시에틸다이메티콘, 아크릴레이트/다이메티콘코폴리머, 소듐클로라이드, 아크릴레이트/스테아릴아크릴레이트/다이메티콘메타크릴레이트코폴리머, 황색산화철, 알루미늄하이드록사이드, 글리세린, 폴리실리콘-11, 폴리솔베이트40, 폴리솔베이트80, 카프릴릴글라이콜, 트라이에톡시카프릴릴실레인, 향료, 라우로일라이신, 적색산화철, 스테아릭애씨드, 하이드로제네이티드레시틴, 에틸헥실글리세린, 다이소듐이디티에이, 흑색산화철, 콘민트잎추출물, 비스머스옥시클로라이드, 커먼자스민꽃추출물, 아이소도데케인, 1,2-헥산다이올, 비에이치티, 아크릴레이트/폴리트라이메틸실록시메타크릴레이트코폴리머, 하이알루로닉애씨드, 토코페롤

[17N1] 정제수, 사이클로펜타실록세인, 메틸트라이메티콘, 부틸렌글라이콜, 티타늄디옥사이드 (CI 77891), 에칠헥실메톡시신나메이트, 마이카, 사이클로헥사실록세인, 트라이메틸실록시실리케이트, 피이지-10다이메티콘, 다이메티콘, 다이스테아다이모늄헥토라이트, 징크옥사이드, 폴리메틸메타크릴레이트, 티타늄디옥사이드, 라우릴피이지-9폴리다이메틸실록시에틸다이메티콘, 황색산화철, 아크릴레이트/다이메티콘코폴리머, 소듐클로라이드, 아크릴레이트/스테아릴아크릴레이트/다이메티콘메타크릴레이트코폴리머, 알루미늄하이드록사이드, 글리세린, 폴리실리콘-11, 폴리솔베이트40, 폴리솔베이트80, 카프릴릴글라이콜, 트라이에톡시카프릴릴실레인, 향료, 라우로일라이신, 적색산화철, 스테아릭애씨드, 하이드로제네이티드레시틴, 에틸헥실글리세린, 다이소듐이디티에이, 흑색산화철, 콘민트잎추출물, 비스머스옥시클로라이드, 커먼자스민꽃추출물, 아이소도데케인, 1,2-헥산다이올, 비에이치티, 아크릴레이트/폴리트라이메틸실록시메타크릴레이트코폴리머, 하이알루로닉애씨드, 토코페롤
[17C1] 정제수, 사이클로펜타실록세인, 메틸트라이메티콘, 부틸렌글라이콜, 티타늄디옥사이드 (CI 77891), 에칠헥실메톡시신나메이트, 마이카, 사이클로헥사실록세인, 트라이메틸실록시실리케이트, 피이지-10다이메티콘, 다이메티콘, 다이스테아다이모늄헥토라이트, 징크옥사이드, 폴리메틸메타크릴레이트, 티타늄디옥사이드, 라우릴피이지-9폴리다이메틸실록시에틸다이메티콘, 아크릴레이트/다이메티콘코폴리머, 황색산화철, 소듐클로라이드, 아크릴레이트/스테아릴아크릴레이트/다이메티콘메타크릴레이트코폴리머, 알루미늄하이드록사이드, 글리세린, 폴리실리콘-11, 폴리솔베이트40, 폴리솔베이트80, 적색산화철, 카프릴릴글라이콜, 트라이에톡시카프릴릴실레인, 향료, 라우로일라이신, 스테아릭애씨드, 하이드로제네이티드레시틴, 에틸헥실글리세린, 다이소듐이디티에이, 흑색산화철, 콘민트잎추출물, 비스머스옥시클로라이드, 커먼자스민꽃추출물, 아이소도데케인, 1,2-헥산다이올, 비에이치티, 아크릴레이트/폴리트라이메틸실록시메타크릴레이트코폴리머, 하이알루로닉애씨드, 토코페롤
[21N1] 정제수, 사이클로펜타실록세인, 메틸트라이메티콘, 부틸렌글라이콜, 티타늄디옥사이드 (CI 77891), 에칠헥실메톡시신나메이트, 마이카, 사이클로헥사실록세인, 트라이메틸실록시실리케이트, 피이지-10다이메티콘, 다이메티콘, 다이스테아다이모늄헥토라이트, 징크옥사이드, 티타늄디옥사이드, 라우릴피이지-9폴리다이메틸실록시에틸다이메티콘, 폴리메틸메타크릴레이트, 황색산화철, 아크릴레이트/다이메티콘코폴리머, 소듐클로라이드, 아크릴레이트/스테아릴아크릴레이트/다이메티콘메타크릴레이트코폴리머, 알루미늄하이드록사이드, 글리세린, 폴리실리콘-11, 폴리솔베이트40, 적색산화철, 폴리솔베이트80, 트라이에톡시카프릴릴실레인, 카프릴릴글라이콜, 향료, 라우로일라이신, 스테아릭애씨드, 하이드로제네이티드레시틴, 흑색산화철, 에틸헥실글리세린, 다이소듐이디티에이, 콘민트잎추출물, 비스머스옥시클로라이드, 커먼자스민꽃추출물, 아이소도데케인, 1,2-헥산다이올, 비에이치티, 아크릴레이트/폴리트라이메틸실록시메타크릴레이트코폴리머, 하이알루로닉애씨드, 토코페롤
[21C1] 정제수, 사이클로펜타실록세인, 메틸트라이메티콘, 부틸렌글라이콜, 티타늄디옥사이드 (CI 77891), 에칠헥실메톡시신나메이트, 마이카, 사이클로헥사실록세인, 트라이메틸실록시실리케이트, 피이지-10다이메티콘, 다이메티콘, 다이스테아다이모늄헥토라이트, 징크옥사이드, 티타늄디옥사이드, 폴리메틸메타크릴레이트, 라우릴피이지-9폴리다이메틸실록시에틸다이메티콘, 황색산화철, 아크릴레이트/다이메티콘코폴리머, 소듐클로라이드, 아크릴레이트/스테아릴아크릴레이트/다이메티콘메타크릴레이트코폴리머, 알루미늄하이드록사이드, 글리세린, 적색산화철, 폴리실리콘-11, 폴리솔베이트40, 폴리솔베이트80, 카프릴릴글라이콜, 트라이에톡시카프릴릴실레인, 향료, 라우로일라이신, 스테아릭애씨드, 하이드로제네이티드레시틴, 에틸헥실글리세린, 흑색산화철, 다이소듐이디티에이, 콘민트잎추출물, 비스머스옥시클로라이드, 커먼자스민꽃추출물, 아이소도데케인, 1,2-헥산다이올, 비에이치티, 아크릴레이트/폴리트라이메틸실록시메타크릴레이트코폴리머, 하이알루로닉애씨드, 토코페롤
[23N1] 정제수, 사이클로펜타실록세인, 메틸트라이메티콘, 부틸렌글라이콜, 티타늄디옥사이드 (CI 77891), 에칠헥실메톡시신나메이트, 마이카, 사이클로헥사실록세인, 트라이메틸실록시실리케이트, 피이지-10다이메티콘, 다이메티콘, 다이스테아다이모늄헥토라이트, 징크옥사이드, 티타늄디옥사이드, 라우릴피이지-9폴리다이메틸실록시에틸다이메티콘, 폴리메틸메타크릴레이트, 황색산화철, 아크릴레이트/다이메티콘코폴리머, 소듐클로라이드, 아크릴레이트/스테아릴아크릴레이트/다이메티콘메타크릴레이트코폴리머, 알루미늄하이드록사이드, 글리세린, 적색산화철, 폴리실리콘-11, 폴리솔베이트40, 폴리솔베이트80, 트라이에톡시카프릴릴실레인, 카프릴릴글라이콜, 향료, 라우로일라이신, 스테아릭애씨드, 하이드로제네이티드레시틴, 흑색산화철, 에틸헥실글리세린, 다이소듐이디티에이, 콘민트잎추출물, 비스머스옥시클로라이드, 커먼자스민꽃추출물, 아이소도데케인, 1,2-헥산다이올, 비에이치티, 아크릴레이트/폴리트라이메틸실록시메타크릴레이트코폴리머, 하이알루로닉애씨드, 토코페롤
[23C1] 정제수, 사이클로펜타실록세인, 메틸트라이메티콘, 부틸렌글라이콜, 티타늄디옥사이드 (CI 77891), 에칠헥실메톡시신나메이트, 마이카, 사이클로헥사실록세인, 트라이메틸실록시실리케이트, 피이지-10다이메티콘, 다이메티콘, 다이스테아다이모늄헥토라이트, 징크옥사이드, 티타늄디옥사이드, 라우릴피이지-9폴리다이메틸실록시에틸다이메티콘, 폴리메틸메타크릴레이트, 황색산화철, 아크릴레이트/다이메티콘코폴리머, 소듐클로라이드, 아크릴레이트/스테아릴아크릴레이트/다이메티콘메타크릴레이트코폴리머, 알루미늄하이드록사이드, 글리세린, 적색산화철, 폴리실리콘-11, 폴리솔베이트40, 폴리솔베이트80, 트라이에톡시카프릴릴실레인, 카프릴릴글라이콜, 향료, 라우로일라이신, 스테아릭애씨드, 하이드로제네이티드레시틴, 흑색산화철, 에틸헥실글리세린, 다이소듐이디티에이, 콘민트잎추출물, 비스머스옥시클로라이드, 커먼자스민꽃추출물, 아이소도데케인, 1,2-헥산다이올, 비에이치티, 아크릴레이트/폴리트라이메틸실록시메타크릴레이트코폴리머, 하이알루로닉애씨드, 토코페롤
[25N1] 정제수, 사이클로펜타실록세인, 메틸트라이메티콘, 부틸렌글라이콜, 티타늄디옥사이드 (CI 77891), 에칠헥실메톡시신나메이트, 마이카, 사이클로헥사실록세인, 트라이메틸실록시실리케이트, 피이지-10다이메티콘, 다이메티콘, 다이스테아다이모늄헥토라이트, 징크옥사이드, 티타늄디옥사이드, 라우릴피이지-9폴리다이메틸실록시에틸다이메티콘, 황색산화철, 폴리메틸메타크릴레이트, 아크릴레이트/다이메티콘코폴리머, 소듐클로라이드, 아크릴레이트/스테아릴아크릴레이트/다이메티콘메타크릴레이트코폴리머, 알루미늄하이드록사이드, 적색산화철, 글리세린, 폴리실리콘-11, 폴리솔베이트40, 트라이에톡시카프릴릴실레인, 폴리솔베이트80, 카프릴릴글라이콜, 향료, 흑색산화철, 라우로일라이신, 스테아릭애씨드, 하이드로제네이티드레시틴, 에틸헥실글리세린, 다이소듐이디티에이, 콘민트잎추출물, 비스머스옥시클로라이드, 커먼자스민꽃추출물, 아이소도데케인, 1,2-헥산다이올, 비에이치티, 아크릴레이트/폴리트라이메틸실록시메타크릴레이트코폴리머, 하이알루로닉애씨드, 토코페롤
[27N1] 정제수, 사이클로펜타실록세인, 메틸트라이메티콘, 부틸렌글라이콜, 에칠헥실메톡시신나메이트, 티타늄디옥사이드 (CI 77891), 마이카, 사이클로헥사실록세인, 트라이메틸실록시실리케이트, 피이지-10다이메티콘, 다이메티콘, 다이스테아다이모늄헥토라이트, 징크옥사이드, 황색산화철, 티타늄디옥사이드, 라우릴피이지-9폴리다이메틸실록시에틸다이메티콘, 아크릴레이트/다이메티콘코폴리머, 소듐클로라이드, 아크릴레이트/스테아릴아크릴레이트/다이메티콘메타크릴레이트코폴리머, 적색산화철, 알루미늄하이드록사이드, 글리세린, 폴리메틸메타크릴레이트, 트라이에톡시카프릴릴실레인, 폴리실리콘-11, 폴리솔베이트40, 폴리솔베이트80, 카프릴릴글라이콜, 향료, 라우로일라이신, 스테아릭애씨드, 흑색산화철, 하이드로제네이티드레시틴, 에틸헥실글리세린, 다이소듐이디티에이, 콘민트잎추출물, 비스머스옥시클로라이드, 커먼자스민꽃추출물, 아이소도데케인, 1,2-헥산다이올, 비에이치티, 아크릴레이트/폴리트라이메틸실록시메타크릴레이트코폴리머, 하이알루로닉애씨드, 토코페롤"
37,A000000213943,[화잘먹 프라이머] 연작 스킨 퍼펙팅 프로텍티브 베이스 프렙 3종 25ml/40ml 기획,96,"- 베이스프렙 40ml 기획 (+물풀프렙 10ml + 퍼프1P)
정제수, 다이프로필렌글라이콜, 변성알코올, 나이아신아마이드, 베타인, 글리세린, 1,2-헥산다이올, 폴리글리세릴-10스테아레이트, 글리세레스-26, 폴리우레탄-15, 프로판다이올, 세테아릴알코올, 트로메타민, 카보머, 하이드록시에틸셀룰로오스, 세라마이드엔피, 아크릴레이트/C10-30알킬아크릴레이트크로스폴리머, 트라이에틸헥사노인, 부틸렌글라이콜, 아데노신, 락토바실러스/홍삼발효여과물, 스쿠알란, 효모/감자추출물발효여과물, 효모/율무씨발효여과물, 포스포리피드, 락토바실러스/콩발효추출물, 락토바실러스/쌀발효물, 하이드로제네이티드폴리데센, 다이소듐이디티에이, 칼슘티타늄보로실리케이트, 콜레스테롤, 피토스핑고신, 하이드로제네이티드레시틴, 카카오추출물, 침향나무줄기추출물, 치자꽃추출물, 폴리솔베이트60, 다이소듐포스페이트, 틴옥사이드, 소듐포스페이트, 덱스트린, 티타늄디옥사이드 (CI 77891), 황색 4호, 적색산화철, 향료, 리모넨, 시트로넬올, 제라니올, 리날룰

- 베이스프렙 40ml 단품 및 기타 기획
정제수, 다이프로필렌글라이콜, 변성알코올, 나이아신아마이드, 베타인, 글리세린, 1,2-헥산다이올, 폴리글리세릴-10스테아레이트, 글리세레스-26, 폴리우레탄-15, 프로판다이올, 세테아릴알코올, 트로메타민, 카보머, 하이드록시에틸셀룰로오스, 세라마이드엔피, 아크릴레이트/C10-30알킬아크릴레이트크로스폴리머, 트라이에틸헥사노인, 부틸렌글라이콜, 아데노신, 락토바실러스/홍삼발효여과물, 스쿠알란, 효모/감자추출물발효여과물, 효모/율무씨발효여과물, 포스포리피드, 락토바실러스/콩발효추출물, 락토바실러스/쌀발효물 , 하이드로제네이티드폴리데센, 다이소듐이디티에이, 칼슘티타늄보로실리케이트, 콜레스테롤, 피토스핑고신, 하이드로제네이티드레시틴, 카카오추출물, 침향나무줄기추출물, 치자꽃추출물, 틴옥사이드, 적색산화철, 황색4호, 덱스트린, 티타늄디옥사이드 (CI 77891), 향료, 리모넨, 시트로넬올, 제라니올, 리날룰"
38,A000000231822,[24시간파우더] 넘버즈인 1번 판토텐산 스킨케어100 블러파우더 기획 (+퍼프 1개),20,"실리카, 다이메티콘, 옥수수전분, 알루미늄전분옥테닐석시네이트, 비닐다이메티콘/메티콘실세스퀴옥세인크로스폴리머, 마이카, 다이메티콘/비닐다이메티콘크로스폴리머, 카프릴릭/카프릭트라이글리세라이드, 옥틸도데실스테아로일스테아레이트, 칼라민, 마카다미아씨오일, 병풀추출물, 판토테닉애씨드, 징크피씨에이, 카프릴릴글라이콜, 나이아신아마이드, 에틸헥실글리세린, 다이포타슘글리시리제이트, 마데카소사이드, 토코페롤"
39,A000000232913,[5000만개] 이니스프리 화산송이 바하 모공 클렌징폼 130g 더블 기획,29,"정제수, 글리세린, 미리스틱애씨드, 라우릭애씨드, 포타슘하이드록사이드, 카올린, 스테아릭애씨드, 글리세릴스테아레이트, 라우릴하이드록시설테인, 글라이콜다이스테아레이트, 팔미틱애씨드, 라우릴글루코사이드, 폴리쿼터늄-22, 향료, 살리실릭애씨드(5,000ppm), 실리카, 온천수, 징크피씨에이, 화산재(1,073ppm), 다이소듐이디티에이, 프로판다이올, 락틱애씨드/글라이콜릭애씨드코폴리머, 1,2-헥산다이올, 마데카소사이드, 폴리쿼터늄-10, 에틸헥실글리세린"
40,A000000249154,[NEW 말차향 출시] 티엘라 퍼퓸 너리싱 바디크림 200ml 4종 단품/기획 (+바디크림 증정),312,"[선셋]
정제수, 글리세린, 다이프로필렌글라이콜, 카프릴릭/카프릭트라이글리세라이드, 다이메티콘, 폴리글리세릴-3다이스테아레이트, 프로판다이올, 1,2-헥산다이올, 글리세릴스테아레이트, 세테아릴알코올, 폴리글리세릴-2스테아레이트, 스테아릴알코올, 암모늄아크릴로일다이메틸타우레이트/브이피코폴리머, 팔미틱애씨드, 향료, 글리세릴스테아레이트시트레이트, 스테아릭애씨드, 카보머, 트로메타민, 에틸헥실글리세린, 다이소듐이디티에이, 벤질살리실레이트, 시트릭애씨드, 코코넛야자오일, 돌콩오일, 리모넨, 쿠마린, 하이드록시시트로넬알, 유제놀, 리날룰,헥실신남알, 부틸렌글라이콜, 비피다발효용해물, 무화과추출물, 인도멀구슬나무추출물, 소듐하이알루로네이트,하이드롤라이즈드완두콩단백질, 피토스테롤, 레시틴, 올리브오일, 스쿠알란, 시어버터, 세라마이드엔피, 하이알루로닉애씨드, 하이드롤라이즈드하이알루로닉애씨드, 하이드롤라이즈드소듐하이알루로네이트, 하이드록시프로필트라이모늄하이알루로네이트, 포타슘하이알루로네이트, 소듐하이알루로네이트크로스폴리머, 펜틸렌글라이콜, 소듐아세틸레이티드하이알루로네이트

[퓨어]
정제수, 글리세린, 다이프로필렌글라이콜, 카프릴릭/카프릭트라이글리세라이드, 다이메티콘, 폴리글리세릴-3다이스테아레이트, 1,2-헥산다이올, 프로판다이올, 글리세릴스테아레이트, 세테아릴알코올, 폴리글리세릴-2스테아레이트, 향료, 스테아릴알코올, 암모늄아크릴로일다이메틸타우레이트/브이피코폴리머, 팔미틱애씨드, 글리세릴스테아레이트시트레이트, 스테아릭애씨드, 카보머, 트로메타민, 에틸헥실글리세린, 다이소듐이디티에이, 헥실신남알, 리날룰, 쿠마린, 부틸렌글라이콜, 시트릭애씨드, 코코넛야자오일, 돌콩오일, 시트로넬올, 제라니올, 알파-아이소메틸아이오논, 에델바이스캘러스배양추출물, 리모넨, 소듐하이알루로네이트, 쌀추출물, 락토바실러스발효용해물, 인도멀구슬나무추출물, 하이드롤라이즈드완두콩단백질, 페녹시에탄올, 서양민들레잎추출물, 피토스테롤, 레시틴, 올리브오일, 스쿠알란, 시어버터, 세라마이드엔피, 하이알루로닉애씨드, 하이드롤라이즈드하이알루로닉애씨드, 하이드롤라이즈드소듐하이알루로네이트, 하이드록시프로필트라이모늄하이알루로네이트, 포타슘하이알루로네이트, 소듐하이알루로네이트크로스폴리머, 펜틸렌글라이콜, 소듐아세틸레이티드하이알루로네이트

[샤인]
정제수, 글리세린, 다이프로필렌글라이콜, 카프릴릭/카프릭트라이글리세라이드, 다이메티콘, 폴리글리세릴-3다이스테아레이트, 프로판다이올, 1,2-헥산다이올, 글리세릴스테아레이트, 세테아릴알코올, 폴리글리세릴-2스테아레이트, 스테아릴알코올, 암모늄아크릴로일다이메틸타우레이트/브이피코폴리머, 팔미틱애씨드, 글리세릴스테아레이트시트레이트, 스테아릭애씨드, 카보머, 트로메타민, 에틸헥실글리세린, 다이소듐이디티에이, 시트릭애씨드, 코코넛야자오일, 돌콩오일, 유자씨오일, 부틸렌글라이콜, 락토바실러스발효용해물, 인도멀구슬나무추출물, 소듐하이알루로네이트, 하이드롤라이즈드완두콩단백질, 서양민들레잎추출물, 피토스테롤, 레시틴, 올리브오일, 스쿠알란, 비터오렌지꽃추출물, 비터오렌지꽃수, 비터오렌지추출물, 비터오렌지즙추출물, 시어버터, 세라마이드엔피, 하이알루로닉애씨드, 하이드롤라이즈드하이알루로닉애씨드, 하이드롤라이즈드소듐하이알루로네이트, 하이드록시프로필트라이모늄하이알루로네이트, 포타슘하이알루로네이트, 소듐하이알루로네이트크로스폴리머, 펜틸렌글라이콜, 소듐아세틸레이티드하이알루로네이트, 향료, 리모넨, 리날룰, 헥실신남알, 시트로넬올

[말차]
정제수, 글리세린, 다이프로필렌글라이콜, 카프릴릭/카프릭트라이글리세라이드, 1,2-헥산다이올, 프로판다이올, 다이메티콘, 폴리글리세릴-3메틸글루코오스다이스테아레이트, 세테아릴알코올, 향료, 글리세릴스테아레이트, 시어버터, 암모늄아크릴로일다이메틸타우레이트/브이피코폴리머, 팔미틱애씨드, 토코페릴아세테이트, 스테아릭애씨드, 카보머, 알란토인, 트로메타민, 에틸헥실글리세린, 부틸렌글라이콜, 옥틸도데칸올, 다이소듐이디티에이, 코코넛야자오일, 올리브오일, 스쿠알란, 잔탄검, 하이드로제네이티드레시틴, 소이밀크추출물, 카프릴릴글라이콜, 세라마이드엔피, 녹차추출물(10ppm), 글루코오스, 소듐하이알루로네이트, 아이리쉬모스추출물, 하이드록시프로필트라이모늄하이알루로네이트, 하이드롤라이즈드하이알루로닉애씨드, 소듐아세틸레이티드하이알루로네이트, 하이알루로닉애씨드, 소듐하이알루로네이트크로스폴리머, 하이드롤라이즈드소듐하이알루로네이트, 포타슘하이알루로네이트, 벤질벤조에이트, 시트로넬올, 쿠마린, 제라니올, 헥실신남알, 리모넨, 리날룰

[선셋 기획]
[본품] 정제수, 글리세린, 다이프로필렌글라이콜, 카프릴릭/카프릭트라이글리세라이드, 다이메티콘, 폴리글리세릴-3다이스테아레이트, 프로판다이올, 1,2-헥산다이올, 글리세릴스테아레이트, 세테아릴알코올, 폴리글리세릴-2스테아레이트, 스테아릴알코올, 암모늄아크릴로일다이메틸타우레이트/브이피코폴리머, 팔미틱애씨드, 향료, 글리세릴스테아레이트시트레이트, 스테아릭애씨드, 카보머, 트로메타민, 에틸헥실글리세린, 다이소듐이디티에이, 벤질살리실레이트,시트릭애씨드, 코코넛야자오일, 돌콩오일, 리모넨, 쿠마린, 하이드록시시트로넬알, 유제놀, 리날룰, 헥실신남알, 부틸렌글라이콜, 비피다발효용해물, 무화과추출물, 인도멀구슬나무추출물, 소듐하이알루로네이트, 하이드롤라이즈드완두콩단백질, 피토스테롤, 레시틴, 올리브오일, 스쿠알란, 시어버터, 세라마이드엔피, 하이알루로닉애씨드, 하이드롤라이즈드하이알루로닉애씨드, 하이드롤라이즈드소듐하이알루로네이트, 하이드록시프로필트라이모늄하이알루로네이트, 포타슘하이알루로네이트, 소듐하이알루로네이트크로스폴리머, 펜틸렌글라이콜, 소듐아세틸레이티드하이알루로네이트
[증정] 정제수, 글리세린, 다이프로필렌글라이콜, 카프릴릭/카프릭트라이글리세라이드, 다이메티콘, 폴리글리세릴-3다이스테아레이트, 1,2-헥산다이올, 프로판다이올, 글리세릴스테아레이트, 세테아릴알코올, 폴리글리세릴-2스테아레이트, 스테아릴알코올, 암모늄아크릴로일다이메틸타우레이트/브이피코폴리머, 팔미틱애씨드, 향료, 글리세릴스테아레이트시트레이트, 스테아릭애씨드, 카보머, 트로메타민, 에틸헥실글리세린, 다이소듐이디티에이, 벤질살리실레이트,시트릭애씨드, 코코넛야자오일, 돌콩오일, 리모넨, 쿠마린, 하이드록시시트로넬알, 유제놀, 리날룰, 헥실신남알, 부틸렌글라이콜, 하이드로제네이티드레시틴, 펜틸렌글라이콜, 시어버터, 피토스테롤, 무화과추출물, 락토바실러스발효용해물,인도멀구슬나무추출물, 잔탄검, 소듐하이알루로네이트, 하이드롤라이즈드완두콩단백질, 서양민들레잎추출물, 카프릴릴글라이콜, 스쿠알란, 하이알루로닉애씨드, 하이드롤라이즈드하이 알루로닉애씨드, 하이드롤라이즈드소듐하이알루로네이트, 하이드록시프로필트라이모늄하이알루로네이트, 포타슘하이알루로네이트, 소듐하이알루로네이트크로스폴리머,세라마이드엔피, 소듐아세틸레이티드하이알루로네이트"
41,A000000200646,[3일진정세럼]브링그린 징크테카 트러블 세럼 대용량 기획,37,"정제수, 에톡시다이글라이콜, 메틸프로판다이올, 메틸글루세스-20, 1,2-헥산다이올, 나이아신아마이드, 병풀추출물, 티트리추출물, 티트리잎추출물, 티트리꽃/잎/줄기추출물, 몰로키아잎추출물**, 신선초추출물**, 연꽃뿌리추출물**, 오크라열매추출물**, 참마뿌리추출물**, 하이드로제네이티드레시틴, 티트리잎수, 티트리잎오일, 옥틸도데칸올, 옥틸도데세스-16, 아시아티코사이드*(4,800ppm), 마데카식애씨드*(3,600ppm), 글라이코리피드, 아시아틱애씨드*(3,600ppm), C12-13알케스-9, 카보머, 트로메타민, 피브이피, 소듐폴리아크릴레이트, 다이소듐이디티에이, 4-터피네올, 징크피씨에이(1ppm), 에틸헥실글리세린"
42,A000000232672,[미니어처 단독기획/양현종 PICK] 메디힐 마데카소사이드 수분 선세럼 흔적 리페어 50+50+15g 기획,65,"정제수, 다이부틸아디페이트, 프로판다이올, 부틸옥틸살리실레이트, 에칠헥실트리아존, 메틸메타크릴레이트크로스폴리머, 비스-에칠헥실옥시페놀메톡시페닐트리아진, 옥토크릴렌, 나이아신아마이드, 테레프탈릴리덴디캠퍼설포닉애씨드, 알지닌, 다이메티콘올, 메틸프로판다이올, 폴리메틸실세스퀴옥세인, 1,2-헥산다이올, 펜틸렌글라이콜, C11-13아이소알케인, 하이드록시에틸우레아, 부틸렌글라이콜, 베헤닐알코올, 폴리글리세릴-3메틸글루코오스다이스테아레이트, 다이프로필렌글라이콜, 카보머, 아이소도데케인, 폴리C10-30알킬아크릴레이트, 다이메티콘/비닐다이메티콘크로스폴리머, 폴리에터-1, 스핑고모나스발효추출물, 에틸헥실글리세린, 병풀잎추출물, 아데노신, 서양배추출물, 소듐스테아로일글루타메이트, 연필향나무오일, 마데카소사이드, 소듐하이알루로네이트, 다마스크장미꽃수, 멜론추출물, 오리스뿌리추출물, 서양송악잎/줄기추출물, 호호바씨오일, 광곽향오일, 불가리스쑥오일, 마이크로크리스탈린셀룰로오스, 로즈마리잎오일, 병풀추출물, 셀룰로오스검, 토코페롤, 하이드롤라이즈드하이알루로닉애씨드, 하이드롤라이즈드소듐하이알루로네이트, 하이드록시프로필트라이모늄하이알루로네이트, 사과추출물, 에리스리톨, 글리세린, 판테놀, 솔비톨, 보검선인장줄기추출물, 마데카식애씨드, 아시아틱애씨드, 아시아티코사이드, 효모발효여과물, 바이오사카라이드검-4, 다이소듐포스페이트, 다발방패버섯추출물"
43,A000000234394,[NEW/단독선런칭] 얼터너티브스테레오 립 포션 카라멜 글레이즈 8ml,695,"1호
폴리부텐,다이아이소스테아릴말레이트,트라이데실트라이멜리테이트,옥틸도데칸올,하이드로제네이티드폴리아이소부텐,실리카다이메틸실릴레이트,카카오씨버터,빌베리열매/잎추출물,사탕수수추출물,오렌지추출물,레몬추출물,설탕단풍추출물,자이모모나스발효추출물,타히티바닐라추출물,꿀추출물,병풀추출물,솔비탄아이소스테아레이트,폴리글리세릴-2트라이아이소스테아레이트,토코페릴아세테이트,폴리글리세릴-2다이아이소스테아레이트,정제수,부틸렌글라이콜,말토덱스트린,1,2-헥산다이올,소듐디엔에이,데하이드로아세틱애씨드,벤질벤조에이트,향료,티타늄디옥사이드 (CI 77891),적색산화철 (CI 77491),흑색산화철 (CI 77499),황색산화철 (CI 77492),황색4호 (CI 19140),적색202호 (CI 15850)

2호
폴리부텐,다이아이소스테아릴말레이트,트라이데실트라이멜리테이트,옥틸도데칸올,하이드로제네이티드폴리아이소부텐,실리카다이메틸실릴레이트,카카오씨버터,빌베리열매/잎추출물,사탕수수추출물,오렌지추출물,레몬추출물,설탕단풍추출물,자이모모나스발효추출물,타히티바닐라추출물,꿀추출물,병풀추출물,솔비탄아이소스테아레이트,폴리글리세릴-2트라이아이소스테아레이트,토코페릴아세테이트,폴리글리세릴-2다이아이소스테아레이트,정제수,부틸렌글라이콜,말토덱스트린,1,2-헥산다이올,소듐디엔에이,데하이드로아세틱애씨드,벤질벤조에이트,향료,티타늄디옥사이드 (CI 77891),적색산화철 (CI 77491),적색227호 (CI 17200),황색산화철 (CI 77492),적색104호의(1) (CI 45410),흑색산화철 (CI 77499),황색4호 (CI 19140)

3호
폴리부텐,다이아이소스테아릴말레이트,트라이데실트라이멜리테이트,하이드로제네이티드폴리아이소부텐,옥틸도데칸올,실리카다이메틸실릴레이트,카카오씨버터,빌베리열매/잎추출물,사탕수수추출물,오렌지추출물,레몬추출물,설탕단풍추출물,자이모모나스발효추출물,타히티바닐라추출물,꿀추출물,병풀추출물,솔비탄아이소스테아레이트,폴리글리세릴-2트라이아이소스테아레이트,토코페릴아세테이트,폴리글리세릴-2다이아이소스테아레이트,정제수,부틸렌글라이콜,말토덱스트린,1,2-헥산다이올,소듐디엔에이,데하이드로아세틱애씨드,벤질벤조에이트,향료,티타늄디옥사이드 (CI 77891),적색104호의(1) (CI 45410),황색4호 (CI 19140),황색산화철 (CI 77492),적색227호 (CI 17200),적색산화철 (CI 77491),흑색산화철 (CI 77499)

4호
폴리부텐,다이아이소스테아릴말레이트,트라이데실트라이멜리테이트,하이드로제네이티드폴리아이소부텐,옥틸도데칸올,실리카다이메틸실릴레이트,카카오씨버터,빌베리열매/잎추출물,사탕수수추출물,오렌지추출물,레몬추출물,설탕단풍추출물,자이모모나스발효추출물,타히티바닐라추출물,꿀추출물,병풀추출물,솔비탄아이소스테아레이트,폴리글리세릴-2트라이아이소스테아레이트,토코페릴아세테이트,폴리글리세릴-2다이아이소스테아레이트,정제수,부틸렌글라이콜,말토덱스트린,1,2-헥산다이올,소듐디엔에이,데하이드로아세틱애씨드,벤질벤조에이트,향료,티타늄디옥사이드 (CI 77891),황색4호 (CI 19140),황색산화철 (CI 77492),적색227호 (CI 17200),황색5호 (CI 15985),적색202호 (CI 15850),흑색산화철 (CI 77499)

5호
폴리부텐,다이아이소스테아릴말레이트,트라이데실트라이멜리테이트,옥틸도데칸올,하이드로제네이티드폴리아이소부텐,실리카다이메틸실릴레이트,카카오씨버터,빌베리열매/잎추출물,사탕수수추출물,오렌지추출물,레몬추출물,설탕단풍추출물,자이모모나스발효추출물,타히티바닐라추출물,꿀추출물,병풀추출물,솔비탄아이소스테아레이트,폴리글리세릴-2트라이아이소스테아레이트,토코페릴아세테이트,폴리글리세릴-2다이아이소스테아레이트,정제수,부틸렌글라이콜,말토덱스트린,1,2-헥산다이올,소듐디엔에이,데하이드로아세틱애씨드,벤질벤조에이트,향료,티타늄디옥사이드 (CI 77891),황색5호 (CI 15985),흑색산화철 (CI 77499),적색104호의(1) (CI 45410),적색산화철 (CI 77491),황색산화철 (CI 77492),황색4호 (CI 19140)

6호
폴리부텐,다이아이소스테아릴말레이트,트라이데실트라이멜리테이트,하이드로제네이티드폴리아이소부텐,옥틸도데칸올,실리카다이메틸실릴레이트,카카오씨버터,빌베리열매/잎추출물,사탕수수추출물,오렌지추출물,레몬추출물,설탕단풍추출물,자이모모나스발효추출물,타히티바닐라추출물,꿀추출물,병풀추출물,솔비탄아이소스테아레이트,폴리글리세릴-2트라이아이소스테아레이트,토코페릴아세테이트,폴리글리세릴-2다이아이소스테아레이트,정제수,부틸렌글라이콜,말토덱스트린,1,2-헥산다이올,소듐디엔에이,데하이드로아세틱애씨드,벤질벤조에이트,향료,티타늄디옥사이드 (CI 77891),적색104호의(1) (CI 45410),황색산화철 (CI 77492),황색4호 (CI 19140),적색227호 (CI 17200),적색산화철 (CI 77491)

7호
폴리부텐,다이아이소스테아릴말레이트,트라이데실트라이멜리테이트,옥틸도데칸올,하이드로제네이티드폴리아이소부텐,실리카다이메틸실릴레이트,카카오씨버터,빌베리열매/잎추출물,사탕수수추출물,오렌지추출물,레몬추출물,설탕단풍추출물,자이모모나스발효추출물,타히티바닐라추출물,꿀추출물,병풀추출물,폴리글리세릴-2트라이아이소스테아레이트,솔비탄아이소스테아레이트,토코페릴아세테이트,폴리글리세릴-2다이아이소스테아레이트,정제수,부틸렌글라이콜,말토덱스트린,1,2-헥산다이올,소듐디엔에이,데하이드로아세틱애씨드,벤질벤조에이트,향료,티타늄디옥사이드 (CI 77891),적색227호 (CI 17200),황색산화철 (CI 77492),적색산화철 (CI 77491),적색202호 (CI 15850),흑색산화철 (CI 77499)

8호
폴리부텐,다이아이소스테아릴말레이트,트라이데실트라이멜리테이트,옥틸도데칸올,하이드로제네이티드폴리아이소부텐,실리카다이메틸실릴레이트,카카오씨버터,빌베리열매/잎추출물,사탕수수추출물,오렌지추출물,레몬추출물,설탕단풍추출물,자이모모나스발효추출물,타히티바닐라추출물,꿀추출물,병풀추출물,솔비탄아이소스테아레이트,폴리글리세릴-2트라이아이소스테아레이트,토코페릴아세테이트,폴리글리세릴-2다이아이소스테아레이트,정제수,부틸렌글라이콜,말토덱스트린,1,2-헥산다이올,소듐디엔에이,데하이드로아세틱애씨드,벤질벤조에이트,향료,티타늄디옥사이드 (CI 77891),황색4호 (CI 19140),적색산화철 (CI 77491),흑색산화철 (CI 77499),황색산화철 (CI 77492),적색104호의(1) (CI 45410),적색202호 (CI 15850),폴리부텐,다이아이소스테아릴말레이트,트라이데실트라이멜리테이트,옥틸도데칸올,하이드로제네이티드폴리아이소부텐,실리카다이메틸실릴레이트,카카오씨버터,빌베리열매/잎추출물,사탕수수추출물,오렌지추출물,레몬추출물,설탕단풍추출물,자이모모나스발효추출물,타히티바닐라추출물,꿀추출물 ,병풀추출물,솔비탄아이소스테아레이트,폴리글리세릴-2트라이아이소스테아레이트,토코페릴아세테이트,폴리글리세릴-2다이아이소스테아레이트,정제수,부틸렌글라이콜,말토덱스트린,1,2-헥산다이올,소듐디엔에이,데하이드로아세틱애씨드,벤질벤조에이트,향료,티타늄디옥사이드 (CI 77891),황색4호 (CI 19140),적색산화철 (CI 77491),흑색산화철 (CI 77499),황색산화철 (CI 77492),적색104호의(1) (CI 45410), 적색202호 (CI 15850)	
[카라멜 미니]
폴리부텐,다이아이소스테아릴말레이트,트라이데실트라이멜리테이트,하이드로제네이티드폴리아이소부텐,옥틸도데칸올,실리카다이메틸실릴레이트,솔비탄아이소스테아레이트	,폴리글리세릴-2트라이아이소스테아레이트,토코페릴아세테이트,폴리글리세릴-2다이아이소스테아레이트,데하이드로아세틱애씨드,벤질벤조에이트,향료,티타늄디옥사이드 (CI 77891),적색227호 (CI 17200),황색산화철 (CI 77492),적색202호 (CI 15850),적색104호의(1) (CI 45410),황색4호 (CI 19140),청색1호 (CI 42090)

9호
폴리부텐,다이아이소스테아릴말레이트,트라이데실트라이멜리테이트,하이드로제네이티드폴리아이소부텐,옥틸도데칸올,실리카다이메틸실릴레이트,카카오씨버터,빌베리열매/잎추출물,사탕수수추출물,오렌지추출물,레몬추출물,설탕단풍추출물,자이모모나스발효추출물,타히티바닐라추출물,꿀추출물,병풀추출물,폴리글리세릴-2트라이아이소스테아레이트,솔비탄아이소스테아레이트,토코페릴아세테이트,폴리글리세릴-2다이아이소스테아레이트,정제수,부틸렌글라이콜,말토덱스트린,1,2-헥산다이올,소듐디엔에이,데하이드로아세틱애씨드,벤질벤조에이트,향료,티타늄디옥사이드 (CI 77891),황색4호 (CI 19140),적색104호의(1) (CI 45410),청색1호 (CI 42090),황색5호 (CI 15985),적색227호 (CI 17200)
[카라멜 미니]
폴리부텐,다이아이소스테아릴말레이트,트라이데실트라이멜리테이트,하이드로제네이티드폴리아이소부텐,옥틸도데칸올,실리카다이메틸실릴레이트,솔비탄아이소스테아레이트,폴리글리세릴-2트라이아이소스테아레이트,토코페릴아세테이트,폴리글리세릴-2다이아이소스테아레이트,데하이드로아세틱애씨드,벤질벤조에이트,향료,티타늄디옥사이드 (CI 77891),적색227호 (CI 17200),황색산화철 (CI 77492),적색202호 (CI 15850),적색104호의(1) (CI 45410),황색4호 (CI 19140),청색1호 (CI 42090)

10호
폴리부텐,다이아이소스테아릴말레이트,트라이데실트라이멜리테이트,하이드로제네이티드폴리아이소부텐,옥틸도데칸올,실리카다이메틸실릴레이트,카카오씨버터,빌베리열매/잎추출물,사탕수수추출물,오렌지추출물,레몬추출물,설탕단풍추출물,자이모모나스발효추출물,타히티바닐라추출물,꿀추출물,병풀추출물,폴리글리세릴-2트라이아이소스테아레이트,솔비탄아이소스테아레이트,토코페릴아세테이트,폴리글리세릴-2다이아이소스테아레이트,정제수,부틸렌글라이콜,말토덱스트린,1,2-헥산다이올,소듐디엔에이,데하이드로아세틱애씨드,벤질벤조에이트,향료,티타늄디옥사이드 (CI 77891),황색4호 (CI 19140),적색104호의(1) (CI 45410),청색1호 (CI 42090),황색5호 (CI 15985),적색227호 (CI 17200)

11호 폴리부텐, 다이아이소스테아릴말레이트, 트라이데실트라이멜리테이트, 하이드로제네이티드폴리아이소부텐, 옥틸도데칸올, 실리카다이메틸실릴레이트, 카카오씨버터, 빌베리열매/잎추출물, 사탕수수추출물, 오렌지추출물, 레몬추출물, 설탕단풍추출물, 타히티바닐라추출물, 병풀추출물, 솔비탄아이소스테아레이트, 폴리글리세릴-2트라이아이소스테아레이트, 토코페릴아세테이트, 폴리글리세릴-2다이아이소스테아레이트, 정제수, 부틸렌글라이콜, 1,2-헥산다이올, 소듐디엔에이, 데하이드로아세틱애씨드, 벤질벤조에이트, 향료, 티타늄디옥사이드 (CI 77891), 황색산화철 (CI 77492), 황색4호 (CI 19140), 적색103호의(1) (CI 45380), 적색202호 (CI 15850), 청색1호 (CI 42090)

12호 폴리부텐,다이아이소스테아릴말레이트,트라이데실트라이멜리테이트,하이드로제네이티드폴리아이소부텐,옥틸도데칸올,실리카다이메틸실릴레이트,카카오씨버터,빌베리열매/잎추출물,사탕수수추출물,오렌지추출물,레몬추출물,설탕단풍추출물,타히티바닐라추출물,병풀추출물,폴리글리세릴-2트라이아이소스테아레이트,솔비탄아이소스테아레이트,토코페릴아세테이트,폴리글리세릴-2다이아이소스테아레이트,정제수,부틸렌글라이콜,1,2-헥산다이올,소듐디엔에이,데하이드로아세틱애씨드,벤질벤조에이트,향료,티타늄디옥사이드 (CI 77891),황색4호 (CI 19140),적색104호의(1) (CI 45410),황색5호 (CI 15985),청색1호 (CI 42090),적색227호 (CI 17200)


13호 폴리부텐,다이아이소스테아릴말레이트,트라이데실트라이멜리테이트,하이드로제네이티드폴리아이소부텐,옥틸도데칸올,실리카다이메틸실릴레이트,카카오씨버터,빌베리열매/잎추출물,사탕수수추출물,오렌지추출물,레몬추출물,설탕단풍추출물,타히티바닐라추출물,병풀추출물,솔비탄아이소스테아레이트,폴리글리세릴-2트라이아이소스테아레이트,토코페릴아세테이트,폴리글리세릴-2다이아이소스테아레이트,정제수,부틸렌글라이콜,1,2-헥산다이올,소듐디엔에이,데하이드로아세틱애씨드,벤질벤조에이트,향료,티타늄디옥사이드 (CI 77891),황색4호 (CI 19140),적색202호 (CI 15850),흑색산화철 (CI 77499),황색5호 (CI 15985),청색1호 (CI 42090),적색227호 (CI 17200),황색산화철 (CI 77492),적색103호의(1) (CI 45380),적색산화철 (CI 77491)


14호 폴리부텐,다이아이소스테아릴말레이트,트라이데실트라이멜리테이트,하이드로제네이티드폴리아이소부텐,옥틸도데칸올,실리카다이메틸실릴레이트,카카오씨버터,빌베리열매/잎추출물,사탕수수추출물,오렌지추출물,레몬추출물,설탕단풍추출물,타히티바닐라추출물,병풀추출물,폴리글리세릴-2트라이아이소스테아레이트,솔비탄아이소스테아레이트,토코페릴아세테이트,폴리글리세릴-2다이아이소스테아레이트,정제수,부틸렌글라이콜,1,2-헥산다이올,소듐디엔에이,데하이드로아세틱애씨드,벤질벤조에이트,향료	,티타늄디옥사이드 (CI 77891),황색산화철 (CI 77492),적색227호 (CI 17200),적색202호 (CI 15850),황색4호 (CI 19140),청색1호 (CI 42090),흑색산화철 (CI 77499)

15호
폴리부텐,다이아이소스테아릴말레이트,트라이데실트라이멜리테이트,하이드로제네이티드폴리아이소부텐,옥틸도데칸올,실리카다이메틸실릴레이트,솔비탄아이소스테아레이트   ,폴리글리세릴-2트라이아이소스테아레이트,토코페릴아세테이트,폴리글리세릴-2다이아이소스테아레이트,데하이드로아세틱애씨드,벤질벤조에이트,향료,티타늄디옥사이드 (CI 77891),적색227호 (CI 17200),황색산화철 (CI 77492),적색202호 (CI 15850),적색104호의(1) (CI 45410),황색4호 (CI 19140),청색1호 (CI 42090)

16호
폴리부텐,다이아이소스테아릴말레이트,트라이데실트라이멜리테이트,옥틸도데칸올,하이드로제네이티드폴리아이소부텐,실리카다이메틸실릴레이트,카카오씨버터,빌베리열매/잎추출물,사탕수수추출물,오렌지추출물,레몬추출물,설탕단풍추출물,타히티바닐라추출물,병풀추출물,솔비탄아이소스테아레이트,폴리글리세릴-2트라이아이소스테아레이트,폴리글리세릴-2다이아이소스테아레이트,토코페릴아세테이트,정제수,부틸렌글라이콜,1,2-헥산다이올,소듐디엔에이,데하이드로아세틱애씨드,벤질벤조에이트,향료,티타늄디옥사이드 (CI 77891),황색4호 (CI 19140),황색5호 (CI 15985),적색103호의(1) (CI 45380),적색202호 (CI 15850),적색227호 (CI 17200),적색104호의(1) (CI 45410)

17호
폴리부텐, 다이아이소스테아릴말레이트, 트라이데실트라이멜리테이트, 하이드로제네이티드폴리아이소부텐, 옥틸도데칸올, 실리카다이메틸실릴레이트, 카카오씨버터, 빌베리열매/잎추출물, 사탕수수추출물, 오렌지추출물, 레몬추출물, 설탕단풍추출물, 타히티바닐라추출물, 병풀추출물, 솔비탄아이소스테아레이트, 폴리글리세릴-2트라이아이소스테아레이트, 토코페릴아세테이트, 폴리글리세릴-2다이아이소스테아레이트, 정제수, 부틸렌글라이콜, 1,2-헥산다이올, 소듐디엔에이, 데하이드로아세틱애씨드, 벤질벤조에이트, 향료, 티타늄디옥사이드 (CI 77891), 황색4호 (CI 19140), 황색산화철 (CI 77492), 적색103호의(1) (CI 45380), 적색202호 (CI 15850), 청색1호 (CI 42090)

18호 
폴리부텐, 다이아이소스테아릴말레이트, 트라이데실트라이멜리테이트, 하이드로제네이티드폴리아이소부텐, 옥틸도데칸올, 실리카다이메틸실릴레이트, 카카오씨버터, 빌베리열매/잎추출물, 사탕수수추출물, 오렌지추출물, 레몬추출물, 설탕단풍추출물, 타히티바닐라추출물, 병풀추출물, 솔비탄아이소스테아레이트, 폴리글리세릴-2트라이아이소스테아레이트, 토코페릴아세테이트, 폴리글리세릴-2다이아이소스테아레이트, 정제수, 부틸렌글라이콜, 1,2-헥산다이올, 소듐디엔에이, 데하이드로아세틱애씨드, 벤질벤조에이트, 향료, 티타늄디옥사이드 (CI 77891), 황색산화철 (CI 77492), 적색산화철 (CI 77491), 흑색산화철 (CI 77499), 황색4호 (CI 19140), 적색202호 (CI 15850), 적색103호의(1) (CI 45380)

19호
폴리부텐, 다이아이소스테아릴말레이트, 트라이데실트라이멜리테이트, 옥틸도데칸올, 하이드로제네이티드폴리아이소부텐, 실리카다이메틸실릴레이트, 카카오씨버터, 빌베리열매/잎추출물, 사탕수수추출물, 오렌지추출물, 레몬추출물, 설탕단풍추출물, 타히티바닐라추출물, 병풀추출물, 솔비탄아이소스테아레이트, 폴리글리세릴-2트라이아이소스테아레이트, 토코페릴아세테이트, 폴리글리세릴-2다이아이소스테아레이트, 정제수, 부틸렌글라이콜, 1,2-헥산다이올, 소듐디엔에이, 데하이드로아세틱애씨드, 벤질벤조에이트, 향료, 티타늄디옥사이드 (CI 77891), 흑색산화철 (CI 77499), 적색227호 (CI 17200), 적색산화철 (CI 77491), 황색5호 (CI 15985), 황색산화철 (CI 77492), 적색104호의(1) (CI 45410)"
44,A000000264301,[1등미백앰플] 메디큐브 PDRN 핑크 펩타이드 앰플 30ml 한정기획 (+리필팩 50ml+앰플 10ml),41,"정제수,글리세린,다이프로필렌글라이콜,아이소프로필미리스테이트,글리세레스-26,나이아신아마이드,1,2-헥산다이올,소듐디엔에이,부틸렌글라이콜,폴리글리세린-3,소듐아크릴레이트/소듐아크릴로일다이메틸타우레이트코폴리머,폴리아이소부텐,아크릴레이트/C10-30알킬아크릴레이트크로스폴리머,이리추출물,트로메타민,글리세릴아크릴레이트/아크릴릭애씨드코폴리머,피브이엠/엠에이코폴리머,에틸헥실글리세린,카프릴릴글라이콜,향료,인도멀구슬나무잎추출물,아데노신,카프릴릴/카프릴글루코사이드,솔비탄올리에이트,인도멀구슬나무꽃추출물,소듐하이알루로네이트,다이소듐이디티에이,울금뿌리추출물,사이아노코발아민,하이드롤라이즈드콜라겐,유비퀴논,홀리바질잎추출물,참산호말추출물,팔미토일펜타펩타이드-4,팔미토일트라이펩타이드-1,팔미토일테트라펩타이드-7,카퍼트라이펩타이드-1,아세틸헥사펩타이드-8,연어알추출물,아텔로콜라겐"
45,A000000230206,[저자극비타민C세럼] 이니스프리 비타민C 캡슐 세럼 30ml 더블 기획,38,"정제수, 프로판다이올, 1,2-헥산다이올, 글리세린, 3-O-
에틸아스코빅애씨드(20,000 ppm), 부틸렌글라이콜, 락토바실러스발효용해물, 스쿠알란, 해바라기씨오일, 덱스트린, 아크릴레이트/C10-30알킬아크릴레이트크로스폴리머, 카프릴릭/카프릭트라이글리세라이드, 트로메타민, 잔탄검, 글루코노락톤, 만다린껍질추출물, 판테놀, 나이아신아마이드, 알란토인, 당근추출물,하이알루로닉애씨드, 펜틸렌글라이콜, 소듐메타포스페이트, 실리카다이메틸실릴레이트, 사이클로덱스트린, 토코페롤, 에틸헥실글리세린, 마데카소사이드, 하이드로제네이티드폴리(C6-20올레핀), 프로테아제(150 ppm), 아스코빌테트라이소팔미테이트(100 ppm), 글루타티온, 서양톱풀추출물, 에이치디아이/트라이메틸올헥실락톤크로스폴리머, 베타-카로틴, 페룰릭애씨드"
46,A000000262436,[산리오캐릭터즈 에디션] 메디힐 마데카소사이드 더마 세럼 50+50mL(+폼폼푸린 스마트톡),44,"정제수, 글리세린, 부틸렌글라이콜, 프로판다이올, 나이아신아마이드, 아이소펜틸다이올, 1,2-헥산다이올, 글리세릴폴리메타크릴레이트, 판테놀, 베타인, 폴리글리세릴-10라우레이트, 아크릴레이트/C10-30알킬아크릴레이트크로스폴리머, 다이페닐다이메티콘, 트로메타민, 마데카소사이드(1,080 ppm), 트라이에틸헥사노인, 잔탄검, 에틸헥실글리세린, 하이드로제네이티드레시틴, 소듐하이알루로네이트, 병풀추출물, 서양배추출물, 연필향나무오일, 병풀잎추출물, 베타-글루칸, 다마스크장미꽃수, 멜론추출물, 오리스뿌리추출물, 서양송악잎/줄기추출물, 호호바씨오일, 광곽향오일, 불가리스쑥오일, 로즈마리잎오일, 토코페롤, 다이프로필렌글라이콜, 펜틸렌글라이콜, 소듐하이알루로네이트크로스폴리머, 카프릴릴/카프릴글루코사이드, 마데카식애씨드(0.04 ppb), 아시아티코사이드, 아시아틱애씨드, 세라마이드엔피"
47,A000000150361,[9월올영픽/NEW컬러] 홀리카홀리카 마이페이브 무드 아이 팔레트,4943,"[01 데이지] 
1. 탤크, 마이카 (CI 77019), 보론나이트라이드, 티타늄디옥사이드 (CI 77891), 망가니즈바이올렛 (CI 77742), 실리카, 옥틸도데실스테아로일스테아레이트, 페닐트라이메티콘, 황색산화철 (CI 77492), 다이메티콘, 적색산화철 (CI 77491), 마카다미아씨오일, 사라수씨버터, 마그네슘미리스테이트, 나일론-12, 메틸프로판다이올, 다이아이소스테아릴말레이트, 다이펜타에리스리틸헥사하이드록시스테아레이트/헥사스테아레이트/헥사로지네이트, 프로판다이올, 마그네슘스테아레이트, 라우로일라이신, 메티콘, 트라이에톡시카프릴릴실레인, 정제수, 향료, 쿠마린, 리날룰, 카민 (CI 75470), 흑색산화철 (CI 77499)
 2. 탤크, 마이카 (CI 77019), 티타늄디옥사이드 (CI 77891), 나일론-12, 보론나이트라이드, 네오펜틸글라이콜다이에틸헥사노에이트, 페닐트라이메티콘, 다이메티콘, 마카다미아씨오일, 사라수씨버터, 메틸프로판다이올, 마그네슘미리스테이트, 다이아이소스테아릴말레이트, 다이펜타에리스리틸헥사하이드록시스테아레이트/헥사스테아레이트/헥사로지네이트, 아이소스테아릴네오펜타노에이트, 옥틸도데실스테아로일스테아레이트, 프로판다이올, 폴리부텐, 마그네슘스테아레이트, 라우로일라이신, 하이드로제네이티드레시틴, 메티콘, 트라이에톡시카프릴릴실레인, 정제수, 실리카, 향료, 쿠마린, 리날룰, 시트로넬올, 황색산화철 (CI 77492), 적색산화철 (CI 77491), 흑색산화철 (CI 77499), 황색4호 (CI 19140) 
 3. 탤크, 마이카 (CI 77019), 보론나이트라이드, 실리카, 옥틸도데실스테아로일스테아레이트, 페닐트라이메티콘, 나일론-12, 다이메티콘, 티타늄디옥사이드 (CI 77891), 마카다미아씨오일, 사라수씨버터, 마그네슘미리스테이트, 메틸프로판다이올, 다이아이소스테아릴말레이트, 다이펜타에리스리틸헥사하이드록시스테아레이트/헥사스테아레이트/헥사로지네이트, 마그네슘스테아레이트, 프로판다이올, 라우로일라이신, 트라이에톡시카프릴릴실레인, 메티콘, 정제수, 향료, 쿠마린, 리날룰, 적색산화철 (CI 77491), 흑색산화철 (CI 77499), 황색산화철 (CI 77492) 
 4. 탤크, 알루미늄전분옥테닐석시네이트, 티타늄디옥사이드 (CI 77891), 마이카 (CI 77019), 합성플루오르플로고파이트, 마그네슘미리스테이트, 칼슘티타늄보로실리케이트, 카프릴릭/카프릭트라이글리세라이드, 적색산화철 (CI 77491), 다이아이소스테아릴말레이트, 마카다미아씨오일, 사라수씨버터, 메틸프로판다이올, 트라이에톡시카프릴릴실레인, 프로판다이올, 알루미늄하이드록사이드, 다이메티콘올스테아레이트, 정제수, 실리카, 다이메티콘, 틴옥사이드 (CI 77861), 황색산화철 (CI 77492), 흑색산화철 (CI 77499), 카민 (CI 75470), 황색4호 (CI 19140), 울트라마린 (CI 77007) 
 5. 탤크, 마이카 (CI 77019), 적색산화철 (CI 77491), 흑색산화철 (CI 77499), 실리카, 황색산화철 (CI 77492), 나일론-12, 옥틸도데실스테아로일스테아레이트, 페닐트라이메티콘, 다이메티콘, 마카다미아씨오일, 사라수씨버터, 메틸프로판다이올, 마그네슘미리스테이트, 프로판다이올, 다이메티콘올스테아레이트, 마그네슘스테아레이트, 정제수, 향료, 쿠마린, 리날룰, 망가니즈바이올렛 (CI 77742), 카민 (CI 75470), 울트라마린 (CI 77007) 
6. 탤크, 마이카 (CI 77019), 칼슘티타늄보로실리케이트, 티타늄디옥사이드 (CI 77891), 황색산화철 (CI 77492), 카프릴릭/카프릭트라이글리세라이드, 적색산화철 (CI 77491), 실리카, 옥틸도데실스테아로일스테아레이트, 페닐트라이메티콘, 마그네슘미리스테이트, 흑색산화철 (CI 77499), 마카다미아씨오일, 사라수씨버터, 메틸프로판다이올, 다이메티콘, 다이메티콘올스테아레이트, 마그네슘스테아레이트, 프로판다이올, 트라이에톡시카프릴릴실레인, 하이드록시프로필비스팔미타마이드엠이에이, 메티콘, 정제수, 틴옥사이드 (CI 77861), 망가니즈바이올렛 (CI 77742) 
 7. 탤크, 마이카 (CI 77019), 티타늄디옥사이드 (CI 77891), 나일론-12, 보론나이트라이드, 실리카, 옥틸도데실스테아로일스테아레이트, 페닐트라이메티콘, 적색산화철 (CI 77491), 흑색산화철 (CI 77499), 망가니즈바이올렛 (CI 77742), 황색산화철 (CI 77492), 마그네슘미리스테이트, 마카다미아씨오일, 사라수씨버터, 메틸프로판다이올, 다이메티콘, 다이아이소스테아릴말레이트, 다이펜타에리스리틸헥사하이드록시스테아레이트/헥사스테아레이트/헥사로지네이트, 다이메티콘올스테아레이트, 마그네슘스테아레이트, 프로판다이올, 라우로일라이신, 메티콘, 트라이에톡시카프릴릴실레인, 정제수, 향료, 쿠마린, 리날룰, 울트라마린 (CI 77007) 
 8. 탤크, 마이카 (CI 77019), 보론나이트라이드, 황색산화철 (CI 77492), 실리카, 적색산화철 (CI 77491), 옥틸도데실스테아로일스테아레이트, 페닐트라이메티콘, 흑색산화철 (CI 77499), 티타늄디옥사이드 (CI 77891), 다이메티콘, 마카다미아씨오일, 사라수씨버터, 마그네슘미리스테이트, 나일론-12, 메틸프로판다이올, 다이아이소스테아릴말레이트, 다이펜타에리스리틸헥사하이드록시스테아레이트/헥사스테아레이트/헥사로지네이트, 프로판다이올, 마그네슘스테아레이트, 라우로일라이신, 트라이에톡시카프릴릴실레인, 메티콘, 정제수, 향료, 쿠마린, 리날룰, 시트로넬올, 울트라마린 (CI 77007) 
 9. 탤크, 마이카 (CI 77019), 울트라마린 (CI 77007), 티타늄디옥사이드 (CI 77891), 황색산화철 (CI 77492), 망가니즈바이올렛 (CI 77742), 적색산화철 (CI 77491), 네오펜틸글라이콜다이에틸헥사노에이트, 페닐트라이메티콘, 마그네슘미리스테이트, 흑색산화철 (CI 77499), 실리카, 마카다미아씨오일, 사라수씨버터, 나일론-12, 메틸프로판다이올, 다이메티콘, 다이아이소스테아릴말레이트, 다이펜타에리스리틸헥사하이드록시스테아레이트/헥사스테아레이트/헥사로지네이트, 아이소스테아릴네오펜타노에이트, 옥틸도데실스테아로일스테아레이트, 마그네슘스테아레이트, 프로판다이올, 폴리부텐, 라우로일라이신, 트라이에톡시카프릴릴실레인, 정제수, 향료, 쿠마린, 리날룰, 카민 (CI 75470), 황색4호 (CI 19140)

[02 무니]
1. 탤크, 마이카 (CI 77019), 울트라마린 (CI 77007), 실리카, 보론나이트라이드, 옥틸도데실스테아로일스테아레이트, 페닐트라이메티콘, 티타늄디옥사이드 (CI 77891), 나일론-12, 망가니즈바이올렛 (CI 77742), 적색산화철 (CI 77491), 다이메티콘, 마카다미아씨오일, 사라수씨버터, 메틸프로판다이올, 다이아이소스테아릴말레이트, 다이펜타에리스리틸헥사하이드록시스테아레이트/헥사스테아레이트/헥사로지네이트, 마그네슘미리스테이트, 프로판다이올, 마그네슘스테아레이트, 라우로일라이신, 메티콘, 트라이에톡시카프릴릴실레인, 정제수, 향료, 리날룰, 쿠마린, 시트로넬올, 제라니올, 황색산화철 (CI 77492), 흑색산화철 (CI 77499) 
 2. 탤크, 마이카 (CI 77019), 티타늄디옥사이드 (CI 77891), 나일론-12, 네오펜틸글라이콜다이에틸헥사노에이트, 마그네슘미리스테이트, 페닐트라이메티콘, 울트라마린 (CI 77007), 망가니즈바이올렛 (CI 77742), 실리카, 마카다미아씨오일, 사라수씨버터, 마그네슘스테아레이트, 메틸메타크릴레이트크로스폴리머, 메틸프로판다이올, 다이메티콘, 다이아이소스테아릴말레이트, 다이펜타에리스리틸헥사하이드록시스테아레이트/헥사스테아레이트/헥사로지네이트, 아이소스테아릴네오펜타노에이트, 옥틸도데실스테아로일스테아레이트, 프로판다이올, 폴리부텐, 라우로일라이신, 카프릴릭/카프릭트라이글리세라이드, 하이드로제네이티드레시틴, 메티콘, 트라이에톡시카프릴릴실레인, 정제수, 향료, 리날룰, 쿠마린, 시트로넬올, 제라니올, 적색산화철 (CI 77491), 황색산화철 (CI 77492), 흑색산화철 (CI 77499) 
 3. 탤크, 마이카 (CI 77019), 망가니즈바이올렛 (CI 77742), 티타늄디옥사이드 (CI 77891), 실리카, 네오펜틸글라이콜다이에틸헥사노에이트, 페닐트라이메티콘, 옥틸도데실스테아로일스테아레이트, 마그네슘미리스테이트, 미네랄오일, 마카다미아씨오일, 사라수씨버터, 메틸프로판다이올, 다이메티콘, 다이아이소스테아릴말레이트, 다이펜타에리스리틸헥사하이드록시스테아레이트/헥사스테아레이트/헥사로지네이트, 아이소스테아릴네오펜타노에이트, 마그네슘스테아레이트, 프로판다이올, 트라이에톡시카프릴릴실레인, 폴리부텐, 하이드로제네이티드레시틴, 메티콘, 정제수, 틴옥사이드 (CI 77861), 향료, 리날룰, 쿠마린, 시트로넬올, 제라니올, 적색산화철 (CI 77491), 황색산화철 (CI 77492), 흑색산화철 (CI 77499), 카민 (CI 75470), 울트라마린 (CI 77007) 
 4. 탤크, 알루미늄전분옥테닐석시네이트, 마이카 (CI 77019), 망가니즈바이올렛 (CI 77742), 합성플루오르플로고파이트, 칼슘티타늄보로실리케이트, 마그네슘미리스테이트, 카프릴릭/카프릭트라이글리세라이드, 티타늄디옥사이드 (CI 77891), 울트라마린 (CI 77007), 다이아이소스테아릴말레이트, 마카다미아씨오일, 사라수씨버터, 메틸프로판다이올, 프로판다이올, 트라이에톡시카프릴릴실레인, 다이메티콘올스테아레이트, 마그네슘스테아레이트, 다이메티콘, 메티콘, 정제수, 실리카, 틴옥사이드 (CI 77861), 적색산화철 (CI 77491), 흑색산화철 (CI 77499), 황색산화철 (CI 77492), 적색226호 (CI 73360) 
 5. 탤크, 마이카 (CI 77019), 흑색산화철 (CI 77499), 적색산화철 (CI 77491), 보론나이트라이드, 티타늄디옥사이드 (CI 77891), 실리카, 옥틸도데실스테아로일스테아레이트, 페닐트라이메티콘, 황색산화철 (CI 77492), 망가니즈바이올렛 (CI 77742), 적색226호 (CI 73360), 다이메티콘, 마카다미아씨오일, 사라수씨버터, 마그네슘미리스테이트, 나일론-12, 메틸프로판다이올, 다이아이소스테아릴말레이트, 다이펜타에리스리틸헥사하이드록시스테아레이트/헥사스테아레이트/헥사로지네이트, 프로판다이올, 마그네슘스테아레이트, 라우로일라이신, 트라이에톡시카프릴릴실레인, 정제수, 향료, 리날룰, 쿠마린, 시트로넬올, 제라니올, 울트라마린 (CI 77007) 
 6. 탤크, 알루미늄전분옥테닐석시네이트, 울트라마린 (CI 77007), 마이카 (CI 77019), 티타늄디옥사이드 (CI 77891), 칼슘티타늄보로실리케이트, 합성플루오르플로고파이트, 카프릴릭/카프릭트라이글리세라이드, 적색산화철 (CI 77491), 황색산화철 (CI 77492), 다이아이소스테아릴말레이트, 마카다미아씨오일, 사라수씨버터, 메틸프로판다이올, 트라이에톡시카프릴릴실레인, 마그네슘미리스테이트, 마그네슘스테아레이트, 프로판다이올, 알루미늄하이드록사이드, 다이메티콘올스테아레이트, 정제수, 실리카, 다이메티콘, 틴옥사이드 (CI 77861), 흑색산화철 (CI 77499), 카민 (CI 75470) 
 7. 탤크, 마이카 (CI 77019), 망가니즈바이올렛 (CI 77742), 보론나이트라이드, 울트라마린 (CI 77007), 실리카, 적색산화철 (CI 77491), 옥틸도데실스테아로일스테아레이트, 페닐트라이메티콘, 티타늄디옥사이드 (CI 77891), 다이메티콘, 흑색산화철 (CI 77499), 마카다미아씨오일, 사라수씨버터, 마그네슘미리스테이트, 나일론-12, 메틸프로판다이올, 다이아이소스테아릴말레이트, 다이펜타에리스리틸헥사하이드록시스테아레이트/헥사스테아레이트/헥사로지네이트, 프로판다이올, 마그네슘스테아레이트, 라우로일라이신, 트라이에톡시카프릴릴실레인, 메티콘, 정제수, 향료, 리날룰, 쿠마린, 시트로넬올, 제라니올, 황색산화철 (CI 77492) 
 8. 탤크, 마이카 (CI 77019), 망가니즈바이올렛 (CI 77742), 보론나이트라이드, 실리카, 울트라마린 (CI 77007), 적색산화철 (CI 77491), 티타늄디옥사이드 (CI 77891), 옥틸도데실스테아로일스테아레이트, 페닐트라이메티콘, 다이메티콘, 마카다미아씨오일, 사라수씨버터, 마그네슘미리스테이트, 나일론-12, 메틸프로판다이올, 다이아이소스테아릴말레이트, 다이펜타에리스리틸헥사하이드록시스테아레이트/헥사스테아레이트/헥사로지네이트, 프로판다이올, 마그네슘스테아레이트, 라우로일라이신, 트라이에톡시카프릴릴실레인, 메티콘, 정제수, 향료, 리날룰, 쿠마린, 시트로넬올, 제라니올, 흑색산화철 (CI 77499), 황색산화철 (CI 77492) 
 9. 탤크, 마이카 (CI 77019), 흑색산화철 (CI 77499), 보론나이트라이드, 적색산화철 (CI 77491), 실리카, 티타늄디옥사이드 (CI 77891), 옥틸도데실스테아로일스테아레이트, 페닐트라이메티콘, 황색산화철 (CI 77492), 울트라마린 (CI 77007), 다이메티콘, 마카다미아씨오일, 사라수씨버터, 마그네슘미리스테이트, 나일론-12, 메틸프로판다이올, 다이아이소스테아릴말레이트, 다이펜타에리스리틸헥사하이드록시스테아레이트/헥사스테아레이트/헥사로지네이트, 마그네슘스테아레이트, 프로판다이올, 라우로일라이신, 트라이에톡시카프릴릴실레인, 메티콘, 정제수, 향료, 리날룰, 쿠마린, 시트로넬올, 제라니올, 카민 (CI 75470) 

[03 핑크올로지]
마이카 (CI 77019), 탤크, 티타늄디옥사이드 (CI 77891), 합성플루오르플로고파이트,  나일론-12, 네오펜틸글라이콜다이에틸헥사노에이트, 칼슘티타늄보로실리케이트, 페닐트라이메티콘, 마그네슘미리스테이트, 다이아이소스테아릴말레이트, 다이펜타에리스리틸헥사하이드록시스테아레이트/헥사스테아레이트/헥사로지네이트, 아이소스테아릴아이소스테아레이트, 옥틸도데실스테아로일스테아레이트, 실리카, 메틸프로판다이올, 폴리부텐, 다이메티콘, 마그네슘스테아레이트, 프로판다이올, 라우로일라이신, 트라이에톡시카프릴릴실레인, 알루미늄하이드록사이드, 메티콘, 정제수, 틴옥사이드 (CI 77861), 향료, 리날룰, 리모넨, 시트로넬올, 적색산화철 (CI 77491), 황색산화철 (CI 77492), 카민 (CI 75470), 흑색산화철 (CI 77499), 울트라마린 (CI 77007),
2
탤크, 마이카 (CI 77019), 실리카, 보론나이트라이드, 옥틸도데실스테아로일스테아레이트, 페닐트라이메티콘, 티타늄디옥사이드 (CI 77891), 다이메티콘, 마그네슘미리스테이트, 마카다미아씨오일, 사라수씨버터, 나일론-12, 메틸프로판다이올, 다이아이소스테아릴말레이트, 다이펜타에리스리틸헥사하이드록시스테아레이트/헥사스테아레이트/헥사로지네이트, 마그네슘스테아레이트, 프로판다이올,
트라이에톡시카프릴릴실레인, 알루미늄하이드록사이드, 메티콘, 정제수, 향료, 리날룰, 리모넨, 시트로넬올, 적색산화철 (CI 77491), 흑색산화철 (CI 77499), 적색226호 (CI 73360), 망가니즈바이올렛 (CI 77742), 황색산화철 (CI 77492), 울트라마린 (CI 77007), 황색5호 (CI 15985), 황색4호 (CI 19140),
3
다이메티콘, 합성플루오르플로고파이트, 칼슘티타늄보로실리케이트, 메틸메타크릴레이트크로스폴리머, 티타늄디옥사이드 (CI 77891), 칼슘알루미늄보로실리케이트, 네오펜틸글라이콜다이에틸헥사노에이트, 실리카, 헥실라우레이트, 다이메티콘/비닐다이메티콘크로스폴리머, 마이카 (CI 77019), 나일론-12, 다이글리세릴세바케이트/아이소팔미테이트, 솔비탄세스퀴아이소스테아레이트, 마그네슘미리스테이트, 다이펜타에리스리틸헥사하이드록시스테아레이트/헥사스테아레이트/헥사로지네이트, 프로판다이올, 합성왁스, 틴옥사이드 (CI 77861), 페녹시에탄올, 적색산화철 (CI 77491), 카민 (CI 75470)

4
탤크, 마이카 (CI 77019), 보론나이트라이드, 실리카, 티타늄디옥사이드 (CI 77891), 옥틸도데실스테아로일스테아레이트, 페닐트라이메티콘, 다이메티콘, 마그네슘미리스테이트, 마카다미아씨오일, 사라수씨버터, 나일론-12, 메틸프로판다이올, 다이아이소스테아릴말레이트, 다이펜타에리스리틸헥사하이드록시스테아레이트/헥사스테아레이트/헥사로지네이트, 프로판다이올, 라우로일라이신, 마그네슘스테아레이트, 트라이에톡시카프릴릴실레인, 알루미늄하이드록사이드, 메티콘, 정제수, 향료, 리날룰, 리모넨, 시트로넬올, 황색산화철 (CI 77492), 적색산화철 (CI 77491), 망가니즈바이올렛 (CI 77742), 적색226호 (CI 73360), 흑색산화철 (CI 77499), 울트라마린 (CI 77007), 황색4호 (CI 19140)
5
탤크, 마이카 (CI 77019), 망가니즈바이올렛 (CI 77742), 실리카, 적색산화철 (CI 77491), 보론나이트라이드, 티타늄디옥사이드 (CI 77891), 흑색산화철 (CI 77499), 나일론-12, 네오펜틸글라이콜다이에틸헥사노에이트, 울트라마린 (CI 77007), 페닐트라이메티콘, 황색산화철 (CI 77492), 마그네슘미리스테이트, 다이메티콘, 마카다미아씨오일, 메틸프로판다이올, 다이아이소스테아릴말레이트, 다이펜타에리스리틸헥사하이드록시스테아레이트/헥사스테아레이트/헥사로지네이트, 아이소스테아릴네오펜타노에이트, 옥틸도데실스테아로일스테아레이트, 프로판다이올, 다이메티콘올스테아레이트, 폴리부텐, 알루미늄하이드록사이드, 메티콘, 정제수, 향료, 리날룰, 리모넨, 시트로넬올, 적색226호 (CI 73360)
6
탤크, 마이카 (CI 77019), 티타늄디옥사이드 (CI 77891), 망가니즈바이올렛 (CI 77742), 보론나이트라이드, 실리카, 옥틸도데실스테아로일스테아레이트, 페닐트라이메티콘, 마그네슘미리스테이트, 다이메티콘, 마카다미아씨오일, 사라수씨버터, 나일론-12, 메틸프로판다이올, 다이아이소스테아릴말레이트, 다이펜타에리스리틸헥사하이드록시스테아레이트/헥사스테아레이트/헥사로지네이트, 프로판다이올, 트라이에톡시카프릴릴실레인, 라우로일라이신, 마그네슘스테아레이트, 알루미늄하이드록사이드, 정제수, 향료, 리날룰, 리모넨, 시트로넬올, 적색산화철 (CI 77491), 흑색산화철 (CI 77499), 적색226호 (CI 73360), 울트라마린 (CI 77007), 황색산화철 (CI 77492), 황색4호 (CI 19140)
7
탤크, 마이카 (CI 77019), 보론나이트라이드, 실리카, 망가니즈바이올렛 (CI 77742), 옥틸도데실스테아로일스테아레이트, 페닐트라이메티콘, 나일론-12, 황색산화철 (CI 77492), 다이메티콘, 티타늄디옥사이드 (CI 77891), 마카다미아씨오일, 마그네슘미리스테이트, 메틸프로판다이올, 다이아이소스테아릴말레이트, 다이펜타에리스리틸헥사하이드록시스테아레이트/헥사스테아레이트/헥사로지네이트,
마그네슘스테아레이트, 프로판다이올, 라우로일라이신, 트라이에톡시카프릴릴실레인, 알루미늄하이드록사이드, 메티콘, 정제수, 향료, 리날룰, 리모넨, 시트로넬올, 적색226호 (CI 73360), 흑색산화철 (CI 77499), 울트라마린 (CI 77007)
8
탤크, 마이카 (CI 77019), 알루미늄전분옥테닐석시네이트, 합성플루오르플로고파이트, 칼슘티타늄보로실리케이트, 실리카, 티타늄디옥사이드 (CI 77891), 카프릴릭/카프릭트라이글리세라이드, 마그네슘미리스테이트, 다이아이소스테아릴말레이트, 마카다미아씨오일, 메틸프로판다이올, 다이메티콘, 마그네슘스테아레이트, 프로판다이올, 하이드로제네이티드레시틴, 트라이에톡시카프릴릴실레인, 알루미늄하이드록사이드, 메티콘, 정제수, 틴옥사이드 (CI 77861), 향료, 리날룰, 리모넨, 시트로넬올,
카민 (CI 75470), 망가니즈바이올렛 (CI 77742), 적색산화철 (CI 77491), 황색산화철 (CI 77492),
흑색산화철 (CI 77499), 울트라마린 (CI 77007), 황색4호 (CI 19140), 
9 
탤크, 마이카 (CI 77019), 알루미늄전분옥테닐석시네이트, 티타늄디옥사이드 (CI 77891), 합성플루오르플로고파이트, 망가니즈바이올렛 (CI 77742), 카프릴릭/카프릭트라이글리세라이드, 마그네슘미리스테이트, 다이아이소스테아릴말레이트, 울트라마린 (CI 77007), 메틸프로판다이올, 트라이에톡시카프릴릴실레인, 마그네슘스테아레이트, 프로판다이올, 다이메티콘, 알루미늄하이드록사이드, 정제수,
틴옥사이드 (CI 77861), 향료, 리날룰, 리모넨, 시트로넬올, 적색산화철 (CI 77491), 황색산화철 (CI 77492), 카민 (CI 75470), 흑색산화철 (CI 77499), 황색4호 (CI 19140)

[04 앙버터]
Butterful
마이카 (CI 77019), 티타늄디옥사이드 (CI 77891), 탤크, 네오펜틸글라이콜다이에틸헥사노에이트, 칼슘티타늄보로실리케이트, 합성플루오르플로고파이트, 페닐트라이메티콘, 보론나이트라이드, 나일론-12, 다이펜타에리스리틸헥사하이드록시스테아레이트/헥사스테아레이트/헥사로지네이트, 실리카,
마그네슘미리스테이트, 다이아이소스테아릴말레이트, 아이소스테아릴네오펜타노에이트, 옥틸도데실스테아로일스테아레이트, 마그네슘스테아레이트, 메틸프로판다이올, 폴리부텐, 프로판다이올, 다이메티콘, 트라이에톡시카프릴릴실레인, 하이드로제네이티드레시틴, 정제수, 틴옥사이드 (CI 77861), 향료 리날룰, 제라니올, 벤질알코올, 적색산화철 (CI 77491), 황색산화철 (CI 77492), 카민 (CI 75470), 흑색산화철 (CI 77499)

Excellent
탤크, 마이카 (CI 77019), 보론나이트라이드, 실리카, 티타늄디옥사이드 (CI 77891), 옥틸도데실스테아로일스테아레이트, 페닐트라이메티콘, 다이메티콘, 황색산화철 (CI 77492), 마카다미아씨오일, 사라수씨버터, 마그네슘미리스테이트, 나일론-12, 메틸프로판다이올, 다이펜타에리스리틸헥사하이드록시스테아레이트/헥사스테아레이트/헥사로지네이트, 다이아이소스테아릴말레이트, 프로판다이올,
마그네슘스테아레이트, 라우로일라이신, 알루미늄하이드록사이드, 트라이에톡시카프릴릴실레인, 메티콘, 정제수, 향료, 리날룰, 제라니올, 벤질알코올, 적색산화철 (CI 77491), 흑색산화철 (CI 77499),
울트라마린 (CI 77007), 황색4호 (CI 19140)

Butter Oil
다이메티콘, 칼슘알루미늄보로실리케이트, 합성플루오르플로고파이트, 칼슘티타늄보로실리케이트, 메틸메타크릴레이트크로스폴리머, 티타늄디옥사이드 (CI 77891), 네오펜틸글라이콜다이에틸헥사노에이트, 헥실라우레이트, 다이메티콘/비닐다이메티콘크로스폴리머, 다이글리세릴세바케이트/아이소팔미테이트, 나일론-12, 솔비탄세스퀴아이소스테아레이트, 다이펜타에리스리틸헥사하이드록시스테아레이트/헥사스테아레이트/헥사로지네이트, 마그네슘미리스테이트, 프로판다이올, 합성왁스, 틴옥사이드 (CI 77861), 페녹시에탄올, 적색산화철 (CI 77491), 황색산화철 (CI 77492)

Monaka
탤크, 마이카 (CI 77019), 실리카, 나일론-12, 티타늄디옥사이드 (CI 77891), 합성플루오르플로고파이트, 황색산화철 (CI 77492), 옥틸도데실스테아로일스테아레이트, 페닐트라이메티콘, 옥틸도데칸올,
마카다미아씨오일, 메틸프로판다이올, 마그네슘미리스테이트, 다이펜타에리스리틸헥사하이드록시스테아레이트/헥사스테아레이트/헥사로지네이트, 다이메티콘, 다이아이소스테아릴말레이트, 프로판다이올, 다이메티콘올스테아레이트, 하이드로제네이티드레시틴, 트라이에톡시카프릴릴실레인, 마그네슘스테아레이트, 알루미늄하이드록사이드, 메티콘, 정제수, 향료, 리날룰, 제라니올, 벤질알코올, 적색산화철 (CI 77491), 흑색산화철 (CI 77499), 황색4호 (CI 19140)

Burnt bun
탤크, 마이카 (CI 77019), 황색산화철 (CI 77492), 망가니즈바이올렛 (CI 77742), 보론나이트라이드, 실리카, 적색산화철 (CI 77491), 울트라마린 (CI 77007), 옥틸도데실스테아로일스테아레이트, 페닐트라이메티콘, 티타늄디옥사이드 (CI 77891), 흑색산화철 (CI 77499), 다이메티콘, 마카다미아씨오일, 사라수씨버터, 마그네슘미리스테이트, 나일론-12, 메틸프로판다이올, 다이펜타에리스리틸헥사하이드록시스테아레이트/헥사스테아레이트/헥사로지네이트, 다이아이소스테아릴말레이트, 프로판다이올, 마그네슘스테아레이트, 라우로일라이신, 트라이에톡시카프릴릴실레인, 알루미늄하이드록사이드,
메티콘, 정제수, 향료, 리날룰, 제라니올, 벤질알코올

Coco
탤크, 마이카 (CI 77019), 보론나이트라이드, 실리카, 황색산화철 (CI 77492), 옥틸도데실스테아로일스테아레이트, 페닐트라이메티콘, 적색산화철 (CI 77491), 다이메티콘, 티타늄디옥사이드 (CI 77891),
흑색산화철 (CI 77499), 마카다미아씨오일, 사라수씨버터, 마그네슘미리스테이트, 나일론-12, 메틸프로판다이올, 다이펜타에리스리틸헥사하이드록시스테아레이트/헥사스테아레이트/헥사로지네이트,
다이아이소스테아릴말레이트, 프로판다이올, 마그네슘스테아레이트, 라우로일라이신, 트라이에톡시카프릴릴실레인, 알루미늄하이드록사이드, 메티콘, 정제수, 향료, 리날룰, 제라니올, 벤질알코올,
Peachy
탤크, 마이카 (CI 77019), 티타늄디옥사이드 (CI 77891), 알루미늄전분옥테닐석시네이트, 합성플루오르플로고파이트, 실리카, 카프릴릭/카프릭트라이글리세라이드, 칼슘티타늄보로실리케이트, 황색산화철 (CI 77492), 적색산화철 (CI 77491), 다이아이소스테아릴말레이트, 마그네슘미리스테이트, 마카다미아씨오일, 메틸프로판다이올, 다이메티콘, 마그네슘스테아레이트, 프로판다이올, 트라이에톡시카프릴릴실레인, 알루미늄하이드록사이드, 하이드로제네이티드레시틴, 정제수, 틴옥사이드 (CI 77861), 향료, 리날룰, 제라니올, 벤질알코올, 흑색산화철 (CI 77499), 망가니즈바이올렛 (CI 77742),
Apricot jam
탤크, 마이카 (CI 77019), 실리카, 옥틸도데실스테아로일스테아레이트, 페닐트라이메티콘, 티타늄디옥사이드 (CI 77891), 적색산화철 (CI 77491), 황색산화철 (CI 77492), 마그네슘미리스테이트, 다이메티콘, 마카다미아씨오일, 사라수씨버터, 메틸프로판다이올, 다이메티콘올스테아레이트, 마그네슘스테아레이트, 프로판다이올, 트라이에톡시카프릴릴실레인, 알루미늄하이드록사이드, 메티콘, 카올린, 정제수, 향료, 리날룰, 제라니올, 벤질알코올, 흑색산화철 (CI 77499), 황색4호 (CI 19140), 울트라마린 (CI 77007)

Earl Grey Cookie
탤크, 마이카 (CI 77019), 알루미늄전분옥테닐석시네이트, 합성플루오르플로고파이트, 티타늄디옥사이드 (CI 77891), 마그네슘미리스테이트, 칼슘티타늄보로실리케이트, 나일론-12, 옥틸도데칸올, 황색산화철 (CI 77492), 다이아이소스테아릴말레이트, 메틸프로판다이올, 마그네슘스테아레이트, 프로판다이올, 다이펜타에리스리틸헥사하이드록시스테아레이트/헥사스테아레이트/헥사로지네이트, 트라이에톡시카프릴릴실레인, 알루미늄하이드록사이드, 다이메티콘, 정제수, 틴옥사이드 (CI 77861), 향료, 리날룰, 제라니올, 벤질알코올, 흑색산화철 (CI 77499), 적색산화철 (CI 77491), 망가니즈바이올렛 (CI 77742)

[05 닛니트]
01오트 :마이카 (CI 77019), 탤크, 티타늄디옥사이드 (CI 77891), 합성플루오르플로고파이트, 보론나이트라이드, 다이아이소스테아릴말레이트, 마그네슘미리스테이트, 실리카, 나일론-12, 카프릴릭/카프릭트라이글리세라이드, 마카다미아씨오일, 메틸프로판다이올, 다이메티콘, 마그네슘스테아레이트, 프로판다이올, 라우로일라이신, 하이드록시프로필비스팔미타마이드엠이에이, 다이메티콘올스테아레이트, 트라이에톡시카프릴릴실레인, 알루미늄하이드록사이드, 메티콘, 카올린, 정제수, 향료, 헥실신남알, 리날룰, 시트로넬올, 하이드록시시트로넬알, 리모넨, 제라니올, 황색산화철 (CI 77492), 망가니즈바이올렛 (CI 77742), 적색산화철 (CI 77491), 흑색산화철 (CI 77499), 울트라마린 (CI 77007)
02제로:탤크, 마이카 (CI 77019), 티타늄디옥사이드 (CI 77891), 나일론-12, 보론나이트라이드, 마그네슘미리스테이트, 실리카, 네오펜틸글라이콜다이에틸헥사노에이트, 페닐트라이메티콘, 메틸프로판다이올, 다이펜타에리스리틸헥사하이드록시스테아레이트/헥사스테아레이트/헥사로지네이트, 다이아이소스테아릴말레이트, 아이소스테아릴네오펜타노에이트, 옥틸도데실스테아로일스테아레이트, 마그네슘스테아레이트, 프로판다이올, 다이메티콘, 폴리부텐, 하이드로제네이티드레시틴, 트라이에톡시카프릴릴실레인, 알루미늄하이드록사이드, 라우로일라이신, 카올린, 정제수, 향료, 헥실신남알, 리날룰, 시트로넬올, 하이드록시시트로넬알, 리모넨, 제라니올, 황색산화철 (CI 77492), 망가니즈바이올렛 (CI 77742), 적색산화철 (CI 77491), 흑색산화철 (CI 77499), 울트라마린 (CI 77007)
03니트:탤크, 마이카 (CI 77019), 티타늄디옥사이드 (CI 77891), 보론나이트라이드, 실리카, 옥틸도데실스테아로일스테아레이트, 페닐트라이메티콘, 황색산화철 (CI 77492), 다이메티콘, 적색산화철 (CI 77491), 마카다미아씨오일, 사라수씨버터, 마그네슘미리스테이트, 나일론-12, 메틸프로판다이올, 다이펜타에리스리틸헥사하이드록시스테아레이트/헥사스테아레이트/헥사로지네이트, 다이아이소스테아릴말레이트, 알루미늄하이드록사이드, 프로판다이올, 트라이에톡시카프릴릴실레인, 마그네슘스테아레이트, 라우로일라이신, 정제수, 카올린, 향료, 헥실신남알, 리날룰, 시트로넬올, 하이드록시시트로넬알, 리모넨, 제라니올, 흑색산화철 (CI 77499), 망가니즈바이올렛 (CI 77742)
04누가:탤크, 합성플루오르플로고파이트, 마이카 (CI 77019), 실리카, 카프릴릭/카프릭트라이글리세라이드, 마그네슘미리스테이트, 망가니즈바이올렛 (CI 77742), 마그네슘스테아레이트, 황색산화철 (CI 77492), 마카다미아씨오일, 다이메티콘, 메틸프로판다이올, 트라이에톡시카프릴릴실레인, 알루미늄다이미리스테이트, 프로판다이올, 카올린, 알루미늄하이드록사이드, 말토덱스트린, 정제수, 향료, 헥실신남알, 리날룰, 시트로넬올, 하이드록시시트로넬알, 리모넨, 제라니올, 적색산화철 (CI 77491), 티타늄디옥사이드 (CI 77891), 흑색산화철 (CI 77499), 울트라마린 (CI 77007), 카민 (CI 75470)
05노트:마이카 (CI 77019), 칼슘소듐보로실리케이트, 합성플루오르플로고파이트, 칼슘티타늄보로실리케이트, 칼슘알루미늄보로실리케이트, 다이메티콘, 티타늄디옥사이드 (CI 77891), 옥틸도데실스테아로일스테아레이트, 다이아이소스테아릴말레이트, 글리세린, 마그네슘미리스테이트, 아이소프로필팔미테이트, 실리카, 알루미늄전분옥테닐석시네이트, 마그네슘스테아레이트, 펜틸렌글라이콜, 폴리솔베이트20, 트라이에톡시카프릴릴실레인, 아크릴아마이드/소듐아크릴로일다이메틸타우레이트코폴리머, 마그네슘알루미늄실리케이트, 솔비탄올리베이트, 솔비탄스테아레이트, 아이소헥사데칸, 에틸헥실글리세린, 폴리솔베이트80, 솔비탄올리에이트, 토코페롤, 틴옥사이드 (CI 77861), 페녹시에탄올, 포타슘솔베이트, 소듐데하이드로아세테이트, 적색산화철 (CI 77491), 흑색산화철 (CI 77499), 황색산화철 (CI 77492)
06캐슈:탤크, 마이카 (CI 77019), 티타늄디옥사이드 (CI 77891), 보론나이트라이드, 나일론-12, 네오펜틸글라이콜다이에틸헥사노에이트, 실리카, 페닐트라이메티콘, 황색산화철 (CI 77492), 적색산화철 (CI 77491), 흑색산화철 (CI 77499), 마그네슘미리스테이트, 메틸프로판다이올, 다이아이소스테아릴말레이트, 다이펜타에리스리틸헥사하이드록시스테아레이트/헥사스테아레이트/헥사로지네이트, 아이소스테아릴네오펜타노에이트, 옥틸도데실스테아로일스테아레이트, 마그네슘스테아레이트, 프로판다이올, 다이메티콘, 폴리부텐, 하이드로제네이티드레시틴, 라우로일라이신, 알루미늄하이드록사이드, 메티콘, 트라이에톡시카프릴릴실레인, 카올린, 정제수, 향료, 헥실신남알, 리날룰, 시트로넬올, 하이드록시시트로넬알, 리모넨, 제라니올, 망가니즈바이올렛 (CI 77742)
07크로쉐:탤크, 마이카 (CI 77019), 보론나이트라이드, 다이아이소스테아릴말레이트, 나일론-12, 실리카, 마그네슘미리스테이트, 티타늄디옥사이드 (CI 77891), 망가니즈바이올렛 (CI 77742), 카프릴릭/카프릭트라이글리세라이드, 마그네슘스테아레이트, 메틸프로판다이올, 다이메티콘올스테아레이트, 프로판다이올, 다이메티콘, 라우로일라이신, 하이드록시프로필비스팔미타마이드엠이에이, 트라이에톡시카프릴릴실레인, 카올린, 알루미늄하이드록사이드, 메티콘, 정제수, 향료, 헥실신남알, 리날룰, 시트로넬올, 하이드록시시트로넬알, 리모넨, 제라니올, 황색산화철 (CI 77492), 흑색산화철 (CI 77499), 적색산화철 (CI 77491), 울트라마린 (CI 77007)
08버튼:탤크, 마이카 (CI 77019), 실리카, 다이아이소스테아릴말레이트, 보론나이트라이드, 흑색산화철 (CI 77499), 적색산화철 (CI 77491), 황색산화철 (CI 77492), 망가니즈바이올렛 (CI 77742), 나일론-12, 마그네슘미리스테이트, 카프릴릭/카프릭트라이글리세라이드, 티타늄디옥사이드 (CI 77891), 마그네슘스테아레이트, 마카다미아씨오일, 메틸프로판다이올, 다이메티콘, 프로판다이올, 다이메티콘올스테아레이트, 라우로일라이신, 하이드록시프로필비스팔미타마이드엠이에이, 카올린, 트라이에톡시카프릴릴실레인, 알루미늄하이드록사이드, 메티콘, 말토덱스트린, 정제수, 향료, 헥실신남알, 리날룰, 시트로넬올, 하이드록시시트로넬알, 리모넨, 제라니올, 울트라마린 (CI 77007), 카민 (CI 75470), 황색4호 (CI 19140)
09니티드 :탤크, 마이카 (CI 77019), 티타늄디옥사이드 (CI 77891), 실리카, 옥틸도데실스테아로일스테아레이트, 페닐트라이메티콘, 울트라마린 (CI 77007), 망가니즈바이올렛 (CI 77742), 적색산화철 (CI 77491), 황색산화철 (CI 77492), 마카다미아씨오일, 메틸프로판다이올, 다이펜타에리스리틸헥사하이드록시스테아레이트/헥사스테아레이트/헥사로지네이트, 다이메티콘, 다이아이소스테아릴말레이트, 트라이에톡시카프릴릴실레인, 마그네슘미리스테이트, 마그네슘스테아레이트, 프로판다이올, 카올린, 하이드로제네이티드레시틴, 알루미늄하이드록사이드, 메티콘, 정제수, 향료, 헥실신남알, 리날룰, 시트로넬올, 하이드록시시트로넬알, 리모넨, 제라니올, 흑색산화철 (CI 77499), 적색226호 (CI 73360), 황색4호 (CI 19140)

[06버튼업]
01제미:마이카 (CI 77019), 합성플루오르플로고파이트, 티타늄디옥사이드 (CI 77891), 탤크, 네오펜틸글라이콜다이에틸헥사노에이트, 페닐트라이메티콘, 보론나이트라이드, 나일론-12, 실리카, 적색산화철 (CI 77491), 다이펜타에리스리틸헥사하이드록시스테아레이트/헥사스테아레이트/헥사로지네이트, 칼슘티타늄보로실리케이트, 마그네슘미리스테이트, 다이아이소스테아릴말레이트, 아이소스테아릴네오펜타노에이트, 옥틸도데실스테아로일스테아레이트, 메틸프로판다이올, 트라이에톡시카프릴릴실레인, 마그네슘스테아레이트, 폴리부텐, 프로판다이올, 다이메티콘, 하이드로제네이티드레시틴, 알루미늄하이드록사이드, 정제수, 틴옥사이드 (CI 77861), 향료, 헥실신남알, 황색산화철 (CI 77492), 흑색산화철 (CI 77499)
02코지:마이카 (CI 77019), 탤크, 보론나이트라이드, 실리카, 나일론-12, 티타늄디옥사이드 (CI 77891), 옥틸도데실스테아로일스테아레이트, 페닐트라이메티콘, 마그네슘미리스테이트, 메틸프로판다이올, 다이펜타에리스리틸헥사하이드록시스테아레이트/헥사스테아레이트/헥사로지네이트, 다이아이소스테아릴말레이트, 마그네슘스테아레이트, 프로판다이올, 트라이에톡시카프릴릴실레인, 다이메티콘올스테아레이트, 하이드록시프로필비스팔미타마이드엠이에이, 다이메티콘, 알루미늄하이드록사이드, 메티콘, 카올린, 정제수, 향료, 헥실신남알, 황색산화철 (CI 77492), 적색산화철 (CI 77491), 흑색산화철 (CI 77499), 망가니즈바이올렛 (CI 77742)
03언버튼:탤크, 마이카 (CI 77019), 나일론-12, 실리카, 티타늄디옥사이드 (CI 77891), 옥틸도데실스테아로일스테아레이트, 페닐트라이메티콘, 다이메티콘, 합성플루오르플로고파이트, 마카다미아씨오일, 마그네슘미리스테이트, 메틸프로판다이올, 다이펜타에리스리틸헥사하이드록시스테아레이트/헥사스테아레이트/헥사로지네이트, 트라이에톡시카프릴릴실레인, 다이아이소스테아릴말레이트, 마그네슘스테아레이트, 프로판다이올, 알루미늄하이드록사이드, 메티콘, 정제수, 향료, 헥실신남알, 황색산화철 (CI 77492), 적색산화철 (CI 77491), 흑색산화철 (CI 77499), 울트라마린 (CI 77007), 적색226호 (CI 73360), 황색4호 (CI 19140)
04토프:탤크, 마이카 (CI 77019), 흑색산화철 (CI 77499), 실리카, 적색산화철 (CI 77491), 티타늄디옥사이드 (CI 77891), 나일론-12, 옥틸도데실스테아로일스테아레이트, 페닐트라이메티콘, 황색산화철 (CI 77492), 울트라마린 (CI 77007), 마카다미아씨오일, 메틸프로판다이올, 다이펜타에리스리틸헥사하이드록시스테아레이트/헥사스테아레이트/헥사로지네이트, 마그네슘미리스테이트, 다이아이소스테아릴말레이트, 다이메티콘, 마그네슘스테아레이트, 프로판다이올, 다이메티콘올스테아레이트, 하이드로제네이티드레시틴, 라우로일라이신, 트라이에톡시카프릴릴실레인, 알루미늄하이드록사이드, 메티콘, 말토덱스트린, 정제수, 향료헥실신남알, 카민 (CI 75470)
05스터드:마이카 (CI 77019), 칼슘소듐보로실리케이트, 티타늄디옥사이드 (CI 77891), 다이메티콘, 칼슘티타늄보로실리케이트, 합성플루오르플로고파이트, 옥틸도데실스테아로일스테아레이트, 적색산화철 (CI 77491), 다이아이소스테아릴말레이트, 글리세린, 마그네슘미리스테이트, 아이소프로필팔미테이트, 흑색산화철 (CI 77499), 알루미늄전분옥테닐석시네이트, 마그네슘스테아레이트, 실리카, 펜틸렌글라이콜, 폴리솔베이트20, 트라이에톡시카프릴릴실레인, 아크릴아마이드/소듐아크릴로일다이메틸타우레이트코폴리머, 마그네슘알루미늄실리케이트, 솔비탄올리베이트, 솔비탄스테아레이트, 아이소헥사데칸, 에틸헥실글리세린, 폴리솔베이트80, 솔비탄올리에이트, 토코페롤, 틴옥사이드 (CI 77861), 페녹시에탄올, 포타슘솔베이트, 소듐데하이드로아세테이트, 황색산화철 (CI 77492)
06다마스크:탤크, 마이카 (CI 77019), 티타늄디옥사이드 (CI 77891), 망가니즈바이올렛 (CI 77742), 울트라마린 (CI 77007), 적색산화철 (CI 77491), 실리카, 보론나이트라이드, 옥틸도데실스테아로일스테아레이트, 페닐트라이메티콘, 황색산화철 (CI 77492), 흑색산화철 (CI 77499), 다이메티콘, 마카다미아씨오일, 마그네슘미리스테이트, 메틸프로판다이올, 다이펜타에리스리틸헥사하이드록시스테아레이트/헥사스테아레이트/헥사로지네이트, 다이아이소스테아릴말레이트, 트라이에톡시카프릴릴실레인, 마그네슘스테아레이트, 프로판다이올, 하이드로제네이티드레시틴, 카올린, 알루미늄하이드록사이드, 라우로일라이신, 정제수, 향료, 헥실신남알, 적색226호 (CI 73360)
07우디:탤크, 마이카 (CI 77019), 티타늄디옥사이드 (CI 77891), 나일론-12, 보론나이트라이드, 실리카, 적색산화철 (CI 77491), 옥틸도데실스테아로일스테아레이트, 페닐트라이메티콘, 흑색산화철 (CI 77499), 망가니즈바이올렛 (CI 77742), 황색산화철 (CI 77492), 마카다미아씨오일, 메틸프로판다이올, 다이펜타에리스리틸헥사하이드록시스테아레이트/헥사스테아레이트/헥사로지네이트, 마그네슘미리스테이트, 다이메티콘, 다이아이소스테아릴말레이트, 다이메티콘올스테아레이트, 프로판다이올, 트라이에톡시카프릴릴실레인, 마그네슘스테아레이트, 알루미늄하이드록사이드, 라우로일라이신, 메티콘, 카올린, 정제수, 향료, 헥실신남알, 울트라마린 (CI 77007), 황색4호 (CI 19140)
08버틀러:탤크, 마이카 (CI 77019), 흑색산화철 (CI 77499), 적색산화철 (CI 77491), 황색산화철 (CI 77492), 망가니즈바이올렛 (CI 77742), 실리카, 나일론-12, 옥틸도데실스테아로일스테아레이트, 페닐트라이메티콘, 다이메티콘, 마카다미아씨오일, 메틸프로판다이올, 다이펜타에리스리틸헥사하이드록시스테아레이트/헥사스테아레이트/헥사로지네이트, 다이아이소스테아릴말레이트, 마그네슘미리스테이트, 프로판다이올, 트라이에톡시카프릴릴실레인, 카올린, 정제수, 향료, 헥실신남알, 울트라마린 (CI 77007), 적색226호 (CI 73360)
09벨베틴:마이카 (CI 77019), 탤크, 티타늄디옥사이드 (CI 77891), 적색산화철 (CI 77491), 나일론-12, 흑색산화철 (CI 77499), 네오펜틸글라이콜다이에틸헥사노에이트, 실리카, 페닐트라이메티콘, 다이펜타에리스리틸헥사하이드록시스테아레이트/헥사스테아레이트/헥사로지네이트, 다이아이소스테아릴말레이트, 아이소스테아릴네오펜타노에이트, 옥틸도데실스테아로일스테아레이트, 마카다미아씨오일, 마그네슘미리스테이트, 메틸프로판다이올, 다이메티콘, 폴리부텐, 마그네슘스테아레이트, 프로판다이올, 라우로일라이신, 트라이에톡시카프릴릴실레인, 카올린, 정제수, 향료, 헥실신남알, 망가니즈바이올렛 (CI 77742), 황색산화철 (CI 77492), 울트라마린 (CI 77007)

[07 쉘인더씨]
[01 워터풀] 다이메티콘, 합성플루오르플로고파이트, 칼슘알루미늄보로실리케이트, 칼슘티타늄보로실리케이트, 메틸메타크릴레이트크로스폴리머, 티타늄디옥사이드 (CI 77891), 네오펜틸글라이콜다이에틸헥사노에이트, 헥실라우레이트, 나일론-12, 다이메티콘/비닐다이메티콘크로스폴리머, 다이글리세릴세바케이트/아이소팔미테이트, 솔비탄세스퀴아이소스테아레이트, 다이펜타에리스리틸헥사하이드록시스테아레이트/헥사스테아레이트/헥사로지네이트, 마그네슘미리스테이트, 프로판다이올, 실리카, 합성왁스, 카올린, 토코페롤, 틴옥사이드 (CI 77861), 페녹시에탄올, 망가니즈바이올렛 (CI 77742), 카민 (CI 75470), 페릭페로시아나이드 (CI 77510)[02 위스퍼링] 탤크, 마이카 (CI 77019), 알루미늄전분옥테닐석시네이트, 티타늄디옥사이드 (CI 77891), 실리카, 카프릴릭/카프릭트라이글리세라이드, 트라이에틸헥사노인, 트라이에톡시카프릴릴실레인, 마그네슘미리스테이트, 마카다미아씨오일, 메틸프로판다이올, 다이메티콘, 프로판다이올, 다이펜타에리스리틸헥사하이드록시스테아레이트/헥사스테아레이트/헥사로지네이트, 알루미늄하이드록사이드, 향료, 적색226호 (CI 73360), 울트라마린 (CI 77007), 적색산화철 (CI 77491), 황색산화철 (CI 77492), 황색4호 (CI 19140), 흑색산화철 (CI 77499)[03 핑크 샌드] 마이카 (CI 77019), 티타늄디옥사이드 (CI 77891), 탤크, 나일론-12, 네오펜틸글라이콜다이에틸헥사노에이트, 페닐트라이메티콘, 알루미나, 칼슘소듐보로실리케이트, 다이펜타에리스리틸헥사하이드록시스테아레이트/헥사스테아레이트/헥사로지네이트, 마그네슘미리스테이트, 다이아이소스테아릴말레이트, 아이소스테아릴네오펜타노에이트, 옥틸도데실스테아로일스테아레이트, 메틸프로판다이올, 폴리부텐, 실리카, 마그네슘스테아레이트, 프로판다이올, 다이메티콘, 라우로일라이신, 트라이에톡시카프릴릴실레인, 알루미늄하이드록사이드, 메티콘, 말토덱스트린, 틴옥사이드 (CI 77861), 향료, 카민 (CI 75470), 울트라마린 (CI 77007), 황색4호 (CI 19140), 황색산화철 (CI 77492), 적색산화철 (CI 77491), 흑색산화철 (CI 77499)[04 씨 젤리] 마이카 (CI 77019), 탤크, 티타늄디옥사이드 (CI 77891), 실리카, 옥틸도데칸올, 마그네슘미리스테이트, 옥틸도데실스테아로일스테아레이트, 페닐트라이메티콘, 울트라마린 (CI 77007), 메틸프로판다이올, 나일론-12, 카프릴릭/카프릭트라이글리세라이드, 알루미늄하이드록사이드, 다이펜타에리스리틸헥사하이드록시스테아레이트/헥사스테아레이트/헥사로지네이트, 마그네슘스테아레이트, 프로판다이올, 트라이에톡시카프릴릴실레인, 다이아이소스테아릴말레이트, 메티콘, 다이메티콘올스테아레이트, 다이메티콘, 하이드로제네이티드레시틴, 라우로일라이신, 카올린, 향료, 적색226호 (CI 73360), 망가니즈바이올렛 (CI 77742), 흑색산화철 (CI 77499), 적색산화철 (CI 77491), 황색산화철 (CI 77492)[05 머메이드] 칼슘알루미늄보로실리케이트, 칼슘티타늄보로실리케이트, 다이페닐실록시페닐트라이메티콘, 티타늄디옥사이드 (CI 77891), 폴리프로필렌, 하이드로제네이티드캐스터오일아이소스테아레이트, 하이드로제네이티드폴리아이소부텐, 다이아이소스테아릴말레이트, 실리카, 칼슘소듐보로실리케이트, 징크스테아레이트, 피토스테릴/이소스테아릴/세틸/스테아릴/베헤닐다이머디리놀리에이트, C30-45알킬다이메티콘, 마그네슘스테아레이트, 메틸프로판다이올, 다이스테아다이모늄헥토라이트, 프로판다이올, 프로필렌카보네이트, 틴옥사이드 (CI 77861), 마이카 (CI 77019), 카민 (CI 75470), 적색산화철 (CI 77491), 페릭페로시아나이드 (CI 77510)[06 웨이브스] 탤크, 마이카 (CI 77019), 티타늄디옥사이드 (CI 77891), 실리카, 보론나이트라이드, 옥틸도데실스테아로일스테아레이트, 페닐트라이메티콘, 다이메티콘, 마카다미아씨오일, 사라수씨버터, 마그네슘미리스테이트, 메틸프로판다이올, 다이펜타에리스리틸헥사하이드록시스테아레이트/헥사스테아레이트/헥사로지네이트, 다이아이소스테아릴말레이트, 마그네슘스테아레이트, 프로판다이올, 라우로일라이신, 알루미늄하이드록사이드, 메티콘, 트라이에톡시카프릴릴실레인, 말토덱스트린, 카올린, 향료, 카민 (CI 75470), 황색산화철 (CI 77492), 망가니즈바이올렛 (CI 77742), 울트라마린 (CI 77007), 적색산화철 (CI 77491), 황색4호 (CI 19140), 흑색산화철 (CI 77499)[07 모먼트] 탤크, 마이카 (CI 77019), 실리카, 티타늄디옥사이드 (CI 77891), 망가니즈바이올렛 (CI 77742), 보론나이트라이드, 옥틸도데실스테아로일스테아레이트, 페닐트라이메티콘, 다이메티콘, 울트라마린 (CI 77007), 마카다미아씨오일, 사라수씨버터, 마그네슘미리스테이트, 메틸프로판다이올, 다이펜타에리스리틸헥사하이드록시스테아레이트/헥사스테아레이트/헥사로지네이트, 다이아이소스테아릴말레이트, 마그네슘스테아레이트, 프로판다이올, 라우로일라이신, 트라이에톡시카프릴릴실레인, 카올린, 알루미늄하이드록사이드, 말토덱스트린, 향료, 적색산화철 (CI 77491), 황색산화철 (CI 77492), 흑색산화철 (CI 77499), 카민 (CI 75470), 적색226호 (CI 73360)[08 콘치] 탤크, 마이카 (CI 77019), 티타늄디옥사이드 (CI 77891), 실리카, 보론나이트라이드, 옥틸도데실스테아로일스테아레이트, 페닐트라이메티콘, 칼슘티타늄보로실리케이트, 칼슘소듐보로실리케이트, 다이메티콘, 마카다미아씨오일, 사라수씨버터, 마그네슘미리스테이트, 메틸프로판다이올, 다이펜타에리스리틸헥사하이드록시스테아레이트/헥사스테아레이트/헥사로지네이트, 다이아이소스테아릴말레이트, 마그네슘스테아레이트, 프로판다이올, 라우로일라이신, 알루미늄하이드록사이드, 트라이에톡시카프릴릴실레인, 메티콘, 틴옥사이드 (CI 77861), 향료, 적색226호 (CI 73360), 울트라마린 (CI 77007), 적색산화철 (CI 77491), 황색산화철 (CI 77492), 흑색산화철 (CI 77499), 청색1호 (CI 42090), 황색4호 (CI 19140)[09 디퍼] 탤크, 마이카 (CI 77019), 흑색산화철 (CI 77499), 티타늄디옥사이드 (CI 77891), 실리카, 보론나이트라이드, 적색산화철 (CI 77491), 옥틸도데실스테아로일스테아레이트, 페닐트라이메티콘, 망가니즈바이올렛 (CI 77742), 다이메티콘, 울트라마린 (CI 77007), 황색산화철 (CI 77492), 마카다미아씨오일, 사라수씨버터, 마그네슘미리스테이트, 메틸프로판다이올, 다이펜타에리스리틸헥사하이드록시스테아레이트/헥사스테아레이트/헥사로지네이트, 다이아이소스테아릴말레이트, 마그네슘스테아레이트, 프로판다이올, 라우로일라이신, 트라이에톡시카프릴릴실레인, 알루미늄하이드록사이드, 카올린, 말토덱스트린, 향료, 카민 (CI 75470), 적색226호 (CI 73360)

[08 쉘온더비치]
[01 선샤이니] 다이메티콘, 칼슘티타늄보로실리케이트, 칼슘알루미늄보로실리케이트, 합성플루오르플로고파이트, 메틸메타크릴레이트크로스폴리머, 티타늄디옥사이드 (CI 77891), 네오펜틸글라이콜다이에틸헥사노에이트, 헥실라우레이트, 나일론-12, 다이메티콘/비닐다이메티콘크로스폴리머, 다이글리세릴세바케이트/아이소팔미테이트, 솔비탄세스퀴아이소스테아레이트, 다이펜타에리스리틸헥사하이드록시스테아레이트/헥사스테아레이트/헥사로지네이트, 마그네슘미리스테이트, 프로판다이올, 합성왁스, 토코페롤, 틴옥사이드 (CI 77861), 페녹시에탄올, 마이카 (CI 77019), 적색산화철 (CI 77491), 카민 (CI 75470)[02 크림] 탤크, 마이카 (CI 77019), 실리카, 나일론-12, 옥틸도데실스테아로일스테아레이트, 페닐트라이메티콘, 마그네슘미리스테이트, 다이메티콘, 마카다미아씨오일, 메틸프로판다이올, 트라이에톡시카프릴릴실레인, 다이펜타에리스리틸헥사하이드록시스테아레이트/헥사스테아레이트/헥사로지네이트, 다이아이소스테아릴말레이트, 프로판다이올, 마그네슘스테아레이트, 하이드로제네이티드레시틴, 알루미늄하이드록사이드, 메티콘, 향료, 리모넨, 리날룰, 헥실신남알, 벤질벤조에이트, 시트로넬올, 황색산화철 (CI 77492), 티타늄디옥사이드 (CI 77891), 적색산화철 (CI 77491), 적색226호 (CI 73360), 흑색산화철 (CI 77499), 황색4호 (CI 19140)[03 스파클링 샌드] 마이카 (CI 77019), 탤크, 티타늄디옥사이드 (CI 77891), 합성플루오르플로고파이트, 나일론-12, 마그네슘미리스테이트, 네오펜틸글라이콜다이에틸헥사노에이트, 페닐트라이메티콘, 하이드로제네이티드폴리아이소부텐, 실리카, 적색산화철 (CI 77491), 다이펜타에리스리틸헥사하이드록시스테아레이트/헥사스테아레이트/헥사로지네이트, 마그네슘스테아레이트, 다이아이소스테아릴말레이트, 아이소스테아릴네오펜타노에이트, 옥틸도데실스테아로일스테아레이트, 마카다미아씨오일, 메틸프로판다이올, 다이메티콘, 폴리부텐, 프로판다이올, 트라이에톡시카프릴릴실레인, 알루미늄하이드록사이드, 메티콘, 말토덱스트린, 틴옥사이드 (CI 77861), 향료, 리모넨, 리날룰, 헥실신남알, 벤질벤조에이트, 시트로넬올, 황색산화철 (CI 77492), 적색226호 (CI 73360), 카민 (CI 75470), 울트라마린 (CI 77007), 흑색산화철 (CI 77499)[04 코스트] 탤크, 마이카 (CI 77019), 알루미늄전분옥테닐석시네이트, 실리카, 티타늄디옥사이드 (CI 77891), 카프릴릭/카프릭트라이글리세라이드, 트라이에틸헥사노인, 트라이에톡시카프릴릴실레인, 마그네슘미리스테이트, 다이메티콘, 마카다미아씨오일, 메틸프로판다이올, 프로판다이올, 다이펜타에리스리틸헥사하이드록시스테아레이트/헥사스테아레이트/헥사로지네이트, 알루미늄하이드록사이드, 메티콘, 틴옥사이드 (CI 77861), 향료, 리모넨, 리날룰, 헥실신남알, 벤질벤조에이트, 시트로넬올, 적색산화철 (CI 77491), 황색산화철 (CI 77492), 적색226호 (CI 73360), 흑색산화철 (CI 77499)[05 코랄 리프] 칼슘티타늄보로실리케이트, 칼슘알루미늄보로실리케이트, 티타늄디옥사이드 (CI 77891), 다이페닐실록시페닐트라이메티콘, 탤크, 하이드로제네이티드캐스터오일아이소스테아레이트, 폴리프로필렌, 징크스테아레이트, 하이드로제네이티드폴리아이소부텐, 다이아이소스테아릴말레이트, 마이카 (CI 77019), 칼슘소듐보로실리케이트, 트라이에틸헥사노인, 실리카, 피토스테릴/이소스테아릴/세틸/스테아릴/베헤닐다이머디리놀리에이트, C30-45알킬다이메티콘, 폴리글리세릴-2트라이아이소스테아레이트, 사라수씨버터, 메틸프로판다이올, 나일론-12, 다이스테아다이모늄헥토라이트, 마그네슘미리스테이트, 프로판다이올, 마그네슘스테아레이트, 프로필렌카보네이트, 하이드록시프로필비스팔미타마이드엠이에이, 말토덱스트린, 알루미늄하이드록사이드, 다이메티콘, 메티콘, 틴옥사이드 (CI 77861), 적색산화철 (CI 77491), 카민 (CI 75470), 황색산화철 (CI 77492), 흑색산화철 (CI 77499), 황색5호 (CI 15985)[06 씨쉘] 탤크, 마이카 (CI 77019), 티타늄디옥사이드 (CI 77891), 실리카, 네오펜틸글라이콜다이에틸헥사노에이트, 마그네슘미리스테이트, 페닐트라이메티콘, 다이메티콘, 마카다미아씨오일, 메틸프로판다이올, 다이펜타에리스리틸헥사하이드록시스테아레이트/헥사스테아레이트/헥사로지네이트, 다이아이소스테아릴말레이트, 아이소스테아릴네오펜타노에이트, 옥틸도데실스테아로일스테아레이트, 트라이에톡시카프릴릴실레인, 마그네슘스테아레이트, 프로판다이올, 라우로일라이신, 폴리부텐, 하이드로제네이티드레시틴, 알루미늄하이드록사이드, 메티콘, 카올린, 향료, 리모넨, 리날룰, 헥실신남알, 벤질벤조에이트, 시트로넬올, 적색산화철 (CI 77491), 황색산화철 (CI 77492), 망가니즈바이올렛 (CI 77742), 적색226호 (CI 73360), 흑색산화철 (CI 77499), 울트라마린 (CI 77007), 황색4호 (CI 19140)[07 원더] 탤크, 마이카 (CI 77019), 실리카, 보론나이트라이드, 나일론-12, 옥틸도데실스테아로일스테아레이트, 페닐트라이메티콘, 티타늄디옥사이드 (CI 77891), 황색산화철 (CI 77492), 마그네슘미리스테이트, 트라이에톡시카프릴릴실레인, 적색산화철 (CI 77491), 마카다미아씨오일, 메틸프로판다이올, 다이메티콘, 다이펜타에리스리틸헥사하이드록시스테아레이트/헥사스테아레이트/헥사로지네이트, 다이아이소스테아릴말레이트, 프로판다이올, 마그네슘스테아레이트, 알루미늄하이드록사이드, 말토덱스트린, 카올린, 향료, 리모넨, 리날룰, 헥실신남알, 벤질벤조에이트, 시트로넬올, 울트라마린 (CI 77007), 카민 (CI 75470), 흑색산화철 (CI 77499), 망가니즈바이올렛 (CI 77742), 황색4호 (CI 19140)[08 트로피칼] 탤크, 마이카 (CI 77019), 알루미늄전분옥테닐석시네이트, 티타늄디옥사이드 (CI 77891), 실리카, 칼슘티타늄보로실리케이트, 카프릴릭/카프릭트라이글리세라이드, 트라이에틸헥사노인, 칼슘소듐보로실리케이트, 합성플루오르플로고파이트, 마그네슘미리스테이트, 트라이에톡시카프릴릴실레인, 마카다미아씨오일, 메틸프로판다이올, 다이메티콘, 다이펜타에리스리틸헥사하이드록시스테아레이트/헥사스테아레이트/헥사로지네이트, 프로판다이올, 말토덱스트린, 알루미늄하이드록사이드, 메티콘, 틴옥사이드 (CI 77861), 향료, 리모넨, 리날룰, 헥실신남알, 벤질벤조에이트, 시트로넬올, 적색산화철 (CI 77491), 카민 (CI 75470), 울트라마린 (CI 77007), 황색산화철 (CI 77492), 흑색산화철 (CI 77499)[09 탠] 탤크, 마이카 (CI 77019), 망가니즈바이올렛 (CI 77742), 적색산화철 (CI 77491), 황색산화철 (CI 77492), 보론나이트라이드, 실리카, 흑색산화철 (CI 77499), 울트라마린 (CI 77007), 옥틸도데실스테아로일스테아레이트, 페닐트라이메티콘, 다이메티콘, 마그네슘미리스테이트, 마카다미아씨오일, 사라수씨버터, 메틸프로판다이올, 나일론-12, 다이펜타에리스리틸헥사하이드록시스테아레이트/헥사스테아레이트/헥사로지네이트, 다이아이소스테아릴말레이트, 카올린, 마그네슘스테아레이트, 프로판다이올, 라우로일라이신, 트라이에톡시카프릴릴실레인, 알루미늄하이드록사이드, 메티콘, 향료, 리모넨, 리날룰, 헥실신남알, 벤질벤조에이트, 시트로넬올, 티타늄디옥사이드 (CI 77891)

[09 타로리더]
01 더 라이트
마이카 (CI 77019), 다이메티콘, 탤크, 다이아이소스테아릴말레이트, 칼슘소듐보로실리케이트, 하이드로제네이티드폴리(C6-14올레핀), 실리카, 다이메티콘/비닐다이메티콘크로스폴리머, 헥실라우레이트, 칼슘알루미늄보로실리케이트, 티타늄디옥사이드 (CI 77891), 카프릴릴글라이콜, 에틸헥실글리세린, 트라이에톡시카프릴릴실레인, 토코페롤, 틴옥사이드 (CI 77861), 카민 (CI 75470)
02 심스
탤크, 마이카 (CI 77019), 실리카, 옥틸도데칸올, 마그네슘미리스테이트, 옥틸도데실스테아로일스테아레이트, 페닐트라이메티콘, 티타늄디옥사이드 (CI 77891), 메틸프로판다이올, 나일론-12, 카프릴릭/카프릭트라이글리세라이드, 다이메티콘올스테아레이트, 다이펜타에리스리틸헥사하이드록시스테아레이트/헥사스테아레이트/헥사로지네이트, 마그네슘스테아레이트, 프로판다이올, 다이아이소스테아릴말레이트, 메티콘, 다이메티콘, 하이드로제네이티드레시틴, 트라이에톡시카프릴릴실레인, 라우로일라이신, 알루미늄하이드록사이드, 향료, 울트라마린 (CI 77007), 적색226호 (CI 73360), 흑색산화철 (CI 77499), 적색산화철 (CI 77491), 황색산화철 (CI 77492), 황색4호 (CI 19140)
03 위드 유
마이카 (CI 77019), 티타늄디옥사이드 (CI 77891), 칼슘티타늄보로실리케이트, 탤크, 합성플루오르플로고파이트, 네오펜틸글라이콜다이에틸헥사노에이트, 페닐트라이메티콘, 나일론-12, 다이펜타에리스리틸헥사하이드록시스테아레이트/헥사스테아레이트/헥사로지네이트, 마그네슘미리스테이트, 실리카, 다이아이소스테아릴말레이트, 아이소스테아릴네오펜타노에이트, 옥틸도데실스테아로일스테아레이트, 마그네슘스테아레이트, 메틸프로판다이올, 폴리부텐, 칼슘소듐보로실리케이트, 프로판다이올, 다이메티콘, 트라이에톡시카프릴릴실레인, 라우로일라이신, 알루미늄하이드록사이드, 메티콘, 말토덱스트린, 틴옥사이드 (CI 77861), 울트라마린 (CI 77007), 카민 (CI 75470), 흑색산화철 (CI 77499), 황색산화철 (CI 77492), 적색산화철 (CI 77491)
04 돈트
탤크, 마이카 (CI 77019), 실리카, 옥틸도데칸올, 마그네슘미리스테이트, 옥틸도데실스테아로일스테아레이트, 페닐트라이메티콘, 메틸프로판다이올, 나일론-12, 카프릴릭/카프릭트라이글리세라이드, 다이메티콘올스테아레이트, 다이펜타에리스리틸헥사하이드록시스테아레이트/헥사스테아레이트/헥사로지네이트, 마그네슘스테아레이트, 프로판다이올, 다이아이소스테아릴말레이트, 메티콘, 다이메티콘, 하이드로제네이티드레시틴, 트라이에톡시카프릴릴실레인, 라우로일라이신, 카올린, 알루미늄하이드록사이드, 말토덱스트린, 향료, 티타늄디옥사이드 (CI 77891), 망가니즈바이올렛 (CI 77742), 울트라마린 (CI 77007), 카민 (CI 75470), 적색산화철 (CI 77491), 황색산화철 (CI 77492), 흑색산화철 (CI 77499), 적색226호 (CI 73360)
05 스테이
탤크, 마이카 (CI 77019), 실리카, 티타늄디옥사이드 (CI 77891), 옥틸도데칸올, 마그네슘미리스테이트, 옥틸도데실스테아로일스테아레이트, 페닐트라이메티콘, 망가니즈바이올렛 (CI 77742), 메틸프로판다이올, 나일론-12, 카프릴릭/카프릭트라이글리세라이드, 다이메티콘올스테아레이트, 다이펜타에리스리틸헥사하이드록시스테아레이트/헥사스테아레이트/헥사로지네이트, 마그네슘스테아레이트, 프로판다이올, 다이아이소스테아릴말레이트, 메티콘, 다이메티콘, 하이드로제네이티드레시틴, 트라이에톡시카프릴릴실레인, 라우로일라이신, 알루미늄하이드록사이드, 카올린, 정제수, 글리세린, 펜틸렌글라이콜, 폴리글리세린-3, 폴리솔베이트20, 향료, 울트라마린 (CI 77007), 적색산화철 (CI 77491), 흑색산화철 (CI 77499), 적색226호 (CI 73360), 황색산화철 (CI 77492), 페릭암모늄페로시아나이드 (CI 77510), 황색4호 (CI 19140)
06 글루미
탤크, 마이카 (CI 77019), 망가니즈바이올렛 (CI 77742), 실리카, 티타늄디옥사이드 (CI 77891), 옥틸도데칸올, 마그네슘미리스테이트, 울트라마린 (CI 77007), 옥틸도데실스테아로일스테아레이트, 페닐트라이메티콘, 적색산화철 (CI 77491), 메틸프로판다이올, 나일론-12, 카프릴릭/카프릭트라이글리세라이드, 다이펜타에리스리틸헥사하이드록시스테아레이트/헥사스테아레이트/헥사로지네이트, 마그네슘스테아레이트, 프로판다이올, 다이아이소스테아릴말레이트, 메티콘, 다이메티콘올스테아레이트, 다이메티콘, 카올린, 하이드로제네이티드레시틴, 트라이에톡시카프릴릴실레인, 라우로일라이신, 알루미늄하이드록사이드, 향료, 흑색산화철 (CI 77499), 황색산화철 (CI 77492), 적색226호 (CI 73360)
07 더 헤이즈
마이카 (CI 77019), 탤크, 티타늄디옥사이드 (CI 77891), 네오펜틸글라이콜다이에틸헥사노에이트, 망가니즈바이올렛 (CI 77742), 페닐트라이메티콘, 나일론-12, 합성플루오르플로고파이트, 다이펜타에리스리틸헥사하이드록시스테아레이트/헥사스테아레이트/헥사로지네이트, 실리카, 적색산화철 (CI 77491), 다이아이소스테아릴말레이트, 아이소스테아릴네오펜타노에이트, 옥틸도데실스테아로일스테아레이트, 마그네슘미리스테이트, 메틸프로판다이올, 폴리부텐, 마그네슘스테아레이트, 프로판다이올, 다이메티콘, 라우로일라이신, 카올린, 트라이에톡시카프릴릴실레인, 알루미늄하이드록사이드, 말토덱스트린, 메티콘, 틴옥사이드 (CI 77861), 울트라마린 (CI 77007), 황색산화철 (CI 77492), 흑색산화철 (CI 77499), 카민 (CI 75470)
08 윌
탤크, 마이카 (CI 77019), 망가니즈바이올렛 (CI 77742), 티타늄디옥사이드 (CI 77891), 실리카, 칼슘소듐보로실리케이트, 보론나이트라이드, 옥틸도데실스테아로일스테아레이트, 페닐트라이메티콘, 칼슘티타늄보로실리케이트, 마그네슘미리스테이트, 다이메티콘, 마카다미아씨오일, 사라수씨버터, 메틸프로판다이올, 다이펜타에리스리틸헥사하이드록시스테아레이트/헥사스테아레이트/헥사로지네이트, 다이아이소스테아릴말레이트, 카올린, 마그네슘스테아레이트, 프로판다이올, 라우로일라이신, 알루미늄하이드록사이드, 메티콘, 트라이에톡시카프릴릴실레인, 틴옥사이드 (CI 77861), 울트라마린 (CI 77007), 적색산화철 (CI 77491), 흑색산화철 (CI 77499), 황색산화철 (CI 77492), 적색226호 (CI 73360)
09 고 어웨이
탤크, 마이카 (CI 77019), 망가니즈바이올렛 (CI 77742), 티타늄디옥사이드 (CI 77891), 실리카, 칼슘소듐보로실리케이트, 보론나이트라이드, 옥틸도데실스테아로일스테아레이트, 페닐트라이메티콘, 칼슘티타늄보로실리케이트, 마그네슘미리스테이트, 다이메티콘, 마카다미아씨오일, 사라수씨버터, 메틸프로판다이올, 다이펜타에리스리틸헥사하이드록시스테아레이트/헥사스테아레이트/헥사로지네이트, 다이아이소스테아릴말레이트, 카올린, 마그네슘스테아레이트, 프로판다이올, 라우로일라이신, 알루미늄하이드록사이드, 메티콘, 트라이에톡시카프릴릴실레인, 틴옥사이드 (CI 77861), 울트라마린 (CI 77007), 적색산화철 (CI 77491), 흑색산화철 (CI 77499), 황색산화철 (CI 77492), 적색226호 (CI 73360)

[10 픽 더 로즈]
01 더 선라이트
다이메티콘, 탤크, 칼슘소듐보로실리케이트, 다이아이소스테아릴말레이트, 하이드로제네이티드폴리(C6-14올레핀), 마이카 (CI 77019), 다이메티콘/비닐다이메티콘크로스폴리머, 티타늄디옥사이드 (CI 77891), 실리카, 헥실라우레이트, 칼슘티타늄보로실리케이트, 합성플루오르플로고파이트, 카프릴릴글라이콜, 에틸헥실글리세린, 트라이에톡시카프릴릴실레인, 토코페롤, 틴옥사이드 (CI 77861), 적색산화철 (CI 77491), 카민 (CI 75470)
02 샤인스
탤크, 마이카 (CI 77019), 합성플루오르플로고파이트, 티타늄디옥사이드 (CI 77891), 알루미늄전분옥테닐석시네이트, 마그네슘미리스테이트, 실리카, 옥틸도데실스테아로일스테아레이트, 페닐트라이메티콘, 메틸프로판다이올, 다이펜타에리스리틸헥사하이드록시스테아레이트/헥사스테아레이트/헥사로지네이트, 다이메티콘, 다이아이소스테아릴말레이트, 마그네슘스테아레이트, 프로판다이올, 라우로일라이신, 트라이에톡시카프릴릴실레인, 알루미늄하이드록사이드, 카올린, 말토덱스트린, 향료, 적색산화철 (CI 77491), 울트라마린 (CI 77007), 망가니즈바이올렛 (CI 77742), 흑색산화철 (CI 77499), 황색산화철 (CI 77492), 카민 (CI 75470), 황색4호 (CI 19140), 적색226호 (CI 73360)
03 온 유
탤크, 마이카 (CI 77019), 티타늄디옥사이드 (CI 77891), 알루미늄전분옥테닐석시네이트, 합성플루오르플로고파이트, 망가니즈바이올렛 (CI 77742), 마그네슘미리스테이트, 실리카, 옥틸도데실스테아로일스테아레이트, 페닐트라이메티콘, 메틸프로판다이올, 다이펜타에리스리틸헥사하이드록시스테아레이트/헥사스테아레이트/헥사로지네이트, 다이메티콘, 다이아이소스테아릴말레이트, 마그네슘스테아레이트, 프로판다이올, 라우로일라이신, 트라이에톡시카프릴릴실레인, 카올린, 알루미늄하이드록사이드, 말토덱스트린, 틴옥사이드 (CI 77861), 울트라마린 (CI 77007), 적색산화철 (CI 77491), 황색산화철 (CI 77492), 카민 (CI 75470), 흑색산화철 (CI 77499)
04 나우
탤크, 마이카 (CI 77019), 실리카, 나일론-12, 티타늄디옥사이드 (CI 77891), 옥틸도데칸올, 마그네슘미리스테이트, 옥틸도데실스테아로일스테아레이트, 페닐트라이메티콘, 마그네슘스테아레이트, 메틸프로판다이올, 카프릴릭/카프릭트라이글리세라이드, 다이메티콘올스테아레이트, 다이펜타에리스리틸헥사하이드록시스테아레이트/헥사스테아레이트/헥사로지네이트, 프로판다이올, 다이아이소스테아릴말레이트, 트라이에톡시카프릴릴실레인, 라우로일라이신, 메티콘, 하이드로제네이티드레시틴, 다이메티콘, 알루미늄하이드록사이드, 말토덱스트린, 카올린, 향료, 카민 (CI 75470), 황색산화철 (CI 77492), 적색산화철 (CI 77491), 망가니즈바이올렛 (CI 77742), 흑색산화철 (CI 77499), 울트라마린 (CI 77007)
05 블룸
탤크, 마이카 (CI 77019), 알루미늄전분옥테닐석시네이트, 티타늄디옥사이드 (CI 77891), 합성플루오르플로고파이트, 울트라마린 (CI 77007), 마그네슘미리스테이트, 실리카, 적색산화철 (CI 77491), 옥틸도데실스테아로일스테아레이트, 페닐트라이메티콘, 망가니즈바이올렛 (CI 77742), 메틸프로판다이올, 다이메티콘, 다이펜타에리스리틸헥사하이드록시스테아레이트/헥사스테아레이트/헥사로지네이트, 마그네슘스테아레이트, 프로판다이올, 다이아이소스테아릴말레이트, 트라이에톡시카프릴릴실레인, 알루미늄하이드록사이드, 라우로일라이신, 카올린, 말토덱스트린, 정제수, 글리세린, 펜틸렌글라이콜, 폴리글리세린-3, 폴리솔베이트20, 흑색산화철 (CI 77499), 황색산화철 (CI 77492), 적색226호 (CI 73360), 카민 (CI 75470), 페릭암모늄페로시아나이드 (CI 77510), 황색4호 (CI 19140)
06 유어 포텐셜
탤크, 마이카 (CI 77019), 티타늄디옥사이드 (CI 77891), 칼슘티타늄보로실리케이트, 합성플루오르플로고파이트, 네오펜틸글라이콜다이에틸헥사노에이트, 칼슘소듐보로실리케이트, 페닐트라이메티콘, 다이펜타에리스리틸헥사하이드록시스테아레이트/헥사스테아레이트/헥사로지네이트, 나일론-12, 적색산화철 (CI 77491), 마그네슘미리스테이트, 다이아이소스테아릴말레이트, 아이소스테아릴네오펜타노에이트, 옥틸도데실스테아로일스테아레이트, 사라수씨버터, 마그네슘스테아레이트, 메틸프로판다이올, 폴리부텐, 프로판다이올, 다이메티콘, 트라이에톡시카프릴릴실레인, 라우로일라이신, 알루미늄하이드록사이드, 말토덱스트린, 메티콘, 틴옥사이드 (CI 77861), 카민 (CI 75470), 흑색산화철 (CI 77499), 울트라마린 (CI 77007), 황색산화철 (CI 77492)
07 어 베드 오브 로즈
탤크, 마이카 (CI 77019), 티타늄디옥사이드 (CI 77891), 알루미늄전분옥테닐석시네이트, 합성플루오르플로고파이트, 칼슘티타늄보로실리케이트, 칼슘소듐보로실리케이트, 마그네슘미리스테이트, 실리카, 옥틸도데실스테아로일스테아레이트, 페닐트라이메티콘, 적색산화철 (CI 77491), 메틸프로판다이올, 다이펜타에리스리틸헥사하이드록시스테아레이트/헥사스테아레이트/헥사로지네이트, 다이아이소스테아릴말레이트, 다이메티콘, 마그네슘스테아레이트, 프로판다이올, 트라이에톡시카프릴릴실레인, 알루미늄하이드록사이드, 라우로일라이신, 카올린, 틴옥사이드 (CI 77861), 울트라마린 (CI 77007), 흑색산화철 (CI 77499), 적색226호 (CI 73360), 망가니즈바이올렛 (CI 77742), 황색4호 (CI 19140), 황색산화철 (CI 77492)
08 스프레즈
탤크, 마이카 (CI 77019), 실리카, 망가니즈바이올렛 (CI 77742), 티타늄디옥사이드 (CI 77891), 흑색산화철 (CI 77499), 적색산화철 (CI 77491), 울트라마린 (CI 77007), 황색산화철 (CI 77492), 셀룰로오스, 옥틸도데실스테아로일스테아레이트, 페닐트라이메티콘, 옥틸도데칸올, 메틸프로판다이올, 다이펜타에리스리틸헥사하이드록시스테아레이트/헥사스테아레이트/헥사로지네이트, 다이아이소스테아릴말레이트, 마그네슘미리스테이트, 프로판다이올, 트라이에톡시카프릴릴실레인, 다이메티콘올스테아레이트, 라우로일라이신, 카올린, 하이드로제네이티드레시틴, 마그네슘스테아레이트, 다이메티콘, 알루미늄하이드록사이드, 메티콘, 말토덱스트린, 적색226호 (CI 73360), 카민 (CI 75470)
09 비포 유
마이카 (CI 77019), 탤크, 흑색산화철 (CI 77499), 적색산화철 (CI 77491), 실리카, 황색산화철 (CI 77492), 보론나이트라이드, 울트라마린 (CI 77007), 망가니즈바이올렛 (CI 77742), 옥틸도데실스테아로일스테아레이트, 페닐트라이메티콘, 셀룰로오스, 카민 (CI 75470), 마카다미아씨오일, 메틸프로판다이올, 라우로일라이신, 다이펜타에리스리틸헥사하이드록시스테아레이트/헥사스테아레이트/헥사로지네이트, 다이아이소스테아릴말레이트, 다이메티콘, 마그네슘미리스테이트, 프로판다이올, 하이드로제네이티드레시틴, 다이메티콘올스테아레이트, 하이드록시프로필비스팔미타마이드엠이에이, 카올린, 말토덱스트린, 향료, 적색226호 (CI 73360), 황색4호 (CI 19140)

[11 레터프롬스프링]  
1) 헬로우 스프링: 
다이메티콘, 칼슘티타늄보로실리케이트, 칼슘소듐보로실리케이트,성플루오르플로고파이트, 크릴레이트크로스폴리머, 티타늄디옥사이드 (CI 77891), 네오펜틸글라이콜다이에틸헥사노에이트,  실라우레이트, 나일론-12, 다이메티콘/비닐다이메티콘크로스폴리머, 이글리세릴세바케이트/아이소팔미테이트,솔비탄세스퀴아이소스테아레이트,이펜타에리스리틸헥사하이드록시스테아레이트/헥사스테아레이트/헥사로지네이트,그네슘미리스테이트,프로판다이올, 합성왁스, 토코페롤, 틴옥사이드 (CI 77861), 페녹시에탄올,마이카 (CI 77019),	 적색산화철 (CI 77491), 카민 (CI 75470), 흑색산화철 (CI 77499)
2) 핑크레터 : 
탤크, 마이카 (CI 77019), 합성플루오르플로고파이트, 티타늄디옥사이드 (CI 77891), 알루미늄전분옥테닐석시네이트, 마그네슘미리스테이트, 실리카, 틸도데실스테아로일스테아레이트, 페닐트라이메티콘, 메틸프로판다이올, 다이펜타에리스리틸헥사하이드록시스테아레이트/헥사스테아레이트/헥사로지네이트, 다이메티콘,	다이아이소스테아릴말레이트,	 마그네슘스테아레이트, 프로판다이올, 라우로일라이신, 트라이에톡시카프릴릴실레인, 알루미늄하이드록사이드, 카올린,	 말토덱스트린, 황색산화철 (CI 77492),	망가니즈바이올렛 (CI 77742),	 울트라마린 (CI 77007), 흑색산화철 (CI 77499), 적색226호 (CI 73360),	적색산화철 (CI 77491), 카민 (CI 75470), 황색4호 (CI 19140)
3) 핏어팻 : 
탤크, 마이카 (CI 77019), 합성플루오르플로고파이트, 알루미늄전분옥테닐석시네이트, 티타늄디옥사이드 (CI 77891), 칼슘티타늄보로실리케이트, 옥틸도데실스테아로일스테아레이트, 페닐트라이메티콘,	 마그네슘미리스테이트, 실리카, 칼슘소듐보로실리케이트, 마그네슘스테아레이트, 메틸프로판다이올, 다이펜타에리스리틸헥사하이드록시스테아레이트/헥사스테아레이트/헥사로지네이트, 다이아이소스테아릴말레이트, 다이메티콘, 프로판다이올, 라우로일라이신, 트라이에톡시카프릴릴실레인, 알루미늄하이드록사이드, 카올린, 말토덱스트린,	 틴옥사이드 (CI 77861), 향료,시트로넬올, 제라니올, 망가니즈바이올렛 (CI 77742), 황색산화철 (CI 77492), 적색산화철 (CI 77491),	울트라마린 (CI 77007), 흑색산화철 (CI 77499),	 카민 (CI 75470)
4) 디어 미 : 
탤크, 마이카 (CI 77019), 합성플루오르플로고파이트, 티타늄디옥사이드 (CI 77891), 알루미늄전분옥테닐석시네이트, 마그네슘미리스테이트,	실리카,	도데실스테아로일스테아레이트, 페닐트라이메티콘, 메틸프로판다이올, 다이펜타에리스리틸헥사하이드록시스테아레이트/헥사스테아레이트/헥사로지네이트, 다이메티콘,다이아이소스테아릴말레이트, 마그네슘스테아레이트, 프로판다이올, 라우로일라이신, 트라이에톡시카프릴릴실레인, 알루미늄하이드록사이드, 말토덱스트린, 황색산화철 (CI 77492), 적색산화철 (CI 77491), 카민 (CI 75470), 흑색산화철 (CI 77499)
5) 어블룸 
탤크,마이카 (CI 77019),실리카,티타늄디옥사이드 (CI 77891),보론나이트라이드, 마그네슘미리스테이트,옥틸도데실스테아로일스테아레이트,	페닐트라이메티콘,	다이메티콘, 마카다미아씨오일,메틸프로판다이올,다이펜타에리스리틸헥사하이드록시스테아레이트/헥사스테아레이트/헥사로지네이트,다이아이소스테아릴말레이트, 마그네슘스테아레이트, 프로판다이올, 라우로일라이신,	 트라이에톡시카프릴릴실레인, 알루미늄하이드록사이드, 메티콘, 말토덱스트린, 황색산화철 (CI 77492), 적색산화철 (CI 77491), 카민 (CI 75470), 흑색산화철 (CI 77499)		
6) 위드러브 
탤크, 마이카 (CI 77019), 합성플루오르플로고파이트, 티타늄디옥사이드 (CI 77891), 알루미늄전분옥테닐석시네이트, 마그네슘미리스테이트,	실리카, 옥틸도데실스테아로일스테아레이트, 페닐트라이메티콘, 메틸프로판다이올, 다이펜타에리스리틸헥사하이드록시스테아레이트/헥사스테아레이트/헥사로지네이트, 다이메티콘, 다이아이소스테아릴말레이트, 마그네슘스테아레이트, 프로판다이올, 라우로일라이신, 트라이에톡시카프릴릴실레인, 알루미늄하이드록사이드, 말토덱스트린,	카올린, 향료, 시트로넬올, 제라니올, 황색산화철 (CI 77492),	 적색산화철 (CI 77491), 카민 (CI 75470), 망가니즈바이올렛 (CI 77742), 울트라마린 (CI 77007), 흑색산화철 (CI 77499)
7) 스프링 브리즈 
탤크, 마이카 (CI 77019), 흑색산화철 (CI 77499),황색산화철 (CI 77492), 적색산화철 (CI 77491),  실리카, 울트라마린 (CI 77007), 티타늄디옥사이드 (CI 77891), 보론나이트라이드,	 망가니즈바이올렛 (CI 77742), 옥틸도데실스테아로일스테아레이트, 페닐트라이메티콘, 마그네슘미리스테이트,	 다이메티콘, 마카다미아씨오일, 메틸프로판다이올, 다이펜타에리스리틸헥사하이드록시스테아레이트/헥사스테아레이트/헥사로지네이트, 다이아이소스테아릴말레이트, 마그네슘스테아레이트, 프로판다이올, 카올린, 라우로일라이신, 알루미늄하이드록사이드, 트라이에톡시카프릴릴실레인, 메티콘, 말토덱스트린, 카민 (CI 75470), 적색226호 (CI 73360), 황색4호 (CI 19140)
8) 스프라우트 
마이카 (CI 77019), 탤크, 티타늄디옥사이드 (CI 77891), 에틸헥실팔미테이트, 합성플루오르플로고파이트, 다이아이소스테아릴말레이트, 다이메티콘, 나일론-12, 마그네슘미리스테이트, 메틸프로판다이올, 마그네슘스테아레이트, 프로판다이올, 실리카, 트라이에톡시카프릴릴실레인,라우로일라이신, 알루미늄하이드록사이드, 카올린, 메티콘, 말토덱스트린, 틴옥사이드 (CI 77861), 향료, 시트로넬올, 제라니올, 울트라마린 (CI 77007), 망가니즈바이올렛 (CI 77742), 황색산화철 (CI 77492), 카민 (CI 75470),	 적색산화철 (CI 77491), 적색226호 (CI 73360), 흑색산화철 (CI 77499),
9) 유어스 트룰리 
탤크, 마이카 (CI 77019), 보론나이트라이드, 실리카, 티타늄디옥사이드 (CI 77891), 적색산화철 (CI 77491), 울트라마린 (CI 77007),	 옥틸도데실스테아로일스테아레이트, 페닐트라이메티콘, 다이메티콘,	 마그네슘미리스테이트, 마카다미아씨오일, 메틸프로판다이올, 다이펜타에리스리틸헥사하이드록시스테아레이트/헥사스테아레이트/헥사로지네이트,	다이아이소스테아릴말레이트, 마그네슘스테아레이트, 프로판다이올, 라우로일라이신, 알루미늄하이드록사이드, 트라이에톡시카프릴릴실레인, 메티콘, 향료, 시트로넬올,제라니올,황색산화철 (CI 77492), 흑색산화철 (CI 77499)	
[슈가코트] 
마이카 (CI 77019), 합성플루오르플로고파이트, 티타늄디옥사이드 (CI 77891), 옥틸도데실스테아로일스테아레이트, 다이메티콘, 다이아이소스테아릴말레이트, 글리세린, 펜틸렌글라이콜, 실리카, 마그네슘미리스테이트, 나일론-12, 폴리메틸실세스퀴옥세인, 폴리솔베이트20, 트라이에톡시카프릴릴실레인, 소듐아크릴레이트/소듐아크릴로일다이메틸타우레이트코폴리머, 마그네슘알루미늄실리케이트, 솔비탄올리베이트, 솔비탄스테아레이트, 아이소헥사데칸, 비닐다이메티콘/메티콘실세스퀴옥세인크로스폴리머, 에틸헥실글리세린, 폴리솔베이트80, 솔비탄올리에이트, 토코페롤, 틴옥사이드 (CI 77861), 소듐데하이드로아세테이트, 적색산화철 (CI 77491)
[12. 폴인오트]
Hello Fall
다이메티콘, 합성플루오르플로고파이트, 칼슘소듐보로실리케이트, 틸메타크릴레이트크로스폴리머, 티타늄디옥사이드 (CI 77891), 칼슘티타늄보로실리케이트, 네오펜틸글라이콜다이에틸헥사노에이트, 칼슘알루미늄보로실리케이트, 헥실라우레이트, 나일론-12, 이메티콘/비닐다이메티콘크로스폴리머, 다이글리세릴세바케이트/아이소팔미테이트, 솔비탄세스퀴아이소스테아레이트, 다이펜타에리스리틸헥사하이드록시스테아레이트/헥사스테아레이트/헥사로지네이트, 마그네슘미리스테이트, 실리카, 합성왁스, 프로판다이올, 트라이에톡시카프릴릴실레인, 토코페롤, 틴옥사이드 (CI 77861), 페녹시에탄올, 적색산화철 (CI 77491), 황색산화철 (CI 77492)
Shine Apricot 
마이카 (CI 77019), 탤크, 티타늄디옥사이드 (CI 77891), 합성플루오르플로고파이트, 네오펜틸글라이콜다이에틸헥사노에이트, 페닐트라이메티콘, 칼슘티타늄보로실리케이트, 나일론-12, 다이펜타에리스리틸헥사하이드록시스테아레이트/헥사스테아레이트/헥사로지네이트, 다이아이소스테아릴말레이트, 아이소스테아릴네오펜타노에이트, 옥틸도데실스테아로일스테아레이트, 마그네슘미리스테이트,
메틸프로판다이올, 실리카, 폴리부텐, 마그네슘스테아레이트, 프로판다이올, 트라이에톡시카프릴릴실레인, 다이메티콘, 라우로일라이신, 알루미늄하이드록사이드, 메티콘, 말토덱스트린, 틴옥사이드 (CI 77861), 적색산화철 (CI 77491), 카민 (CI 75470), 황색산화철 (CI 77492), 울트라마린 (CI 77007), 흑색산화철 (CI 77499)
Breezelike 
탤크, 마이카 (CI 77019), 실리카, 보론나이트라이드, 티타늄디옥사이드 (CI 77891), 옥틸도데실스테아로일스테아레이트, 페닐트라이메티콘, 마카다미아씨오일, 마그네슘미리스테이트, 마그네슘스테아레이트, 메틸프로판다이올, 옥틸도데칸올, 다이펜타에리스리틸헥사하이드록시스테아레이트/헥사스테아레이트/헥사로지네이트, 다이메티콘올스테아레이트, 다이메티콘, 다이아이소스테아릴말레이트,
프로판다이올, 트라이에톡시카프릴릴실레인, 하이드로제네이티드레시틴, 알루미늄하이드록사이드, 메티콘, 황색산화철 (CI 77492), 적색산화철 (CI 77491), 흑색산화철 (CI 77499), 울트라마린 (CI 77007), 적색226호 (CI 73360), 황색4호 (CI 19140)
Bashful
탤크, 마이카 (CI 77019), 티타늄디옥사이드 (CI 77891), 실리카, 보론나이트라이드, 합성플루오르플로고파이트, 옥틸도데실스테아로일스테아레이트, 페닐트라이메티콘, 마카다미아씨오일, 
마그네슘미리스테이트, 메틸프로판다이올, 옥틸도데칸올, 다이펜타에리스리틸헥사하이드록시스테아레이트/헥사스테아레이트/헥사로지네이트, 다이아이소스테아릴말레이트, 다이메티콘, 마그네슘스테아레이트, 프로판다이올, 다이메티콘올스테아레이트, 트라이에톡시카프릴릴실레인, 하이드로제네이티드레시틴, 알루미늄하이드록사이드, 틴옥사이드 (CI 77861), 적색산화철 (CI 77491), 황색산화철 (CI 77492), 흑색산화철 (CI 77499), 울트라마린 (CI 77007), 적색226호 (CI 73360), 황색4호 (CI 19140)
Early Autumn 
탤크, 마이카 (CI 77019), 티타늄디옥사이드 (CI 77891), 실리카, 옥틸도데실스테아로일스테아레이트, 페닐트라이메티콘, 마카다미아씨오일, 마그네슘미리스테이트, 메틸프로판다이올, 옥틸도데칸올,
다이메티콘, 트라이에톡시카프릴릴실레인, 다이펜타에리스리틸헥사하이드록시스테아레이트/헥사스테아레이트/헥사로지네이트, 마그네슘스테아레이트, 프로판다이올, 다이아이소스테아릴말레이트, 하이드로제네이티드레시틴, 알루미늄하이드록사이드, 메티콘, 카올린, 황색산화철 (CI 77492), 적색산화철 (CI 77491), 망가니즈바이올렛 (CI 77742), 흑색산화철 (CI 77499), 황색4호 (CI 19140), 적색226호 (CI 73360)
Oatmeal 
탤크, 마이카 (CI 77019), 실리카, 칼슘티타늄보로실리케이트, 보론나이트라이드, 티타늄디옥사이드 (CI 77891), 옥틸도데실스테아로일스테아레이트, 페닐트라이메티콘, 마카다미아씨오일, 마그네슘미리스테이트, 메틸프로판다이올, 옥틸도데칸올, 칼슘소듐보로실리케이트, 다이펜타에리스리틸헥사하이드록시스테아레이트/헥사스테아레이트/헥사로지네이트, 다이메티콘, 마그네슘스테아레이트, 프로판다이올, 다이아이소스테아릴말레이트, 다이메티콘올스테아레이트, 트라이에톡시카프릴릴실레인, 하이드로제네이티드레시틴, 알루미늄하이드록사이드, 틴옥사이드 (CI 77861), 적색산화철 (CI 77491), 황색산화철 (CI 77492), 흑색산화철 (CI 77499), 울트라마린 (CI 77007), 적색226호 (CI 73360), 황색4호 (CI 19140)	
Hushed 
탤크, 마이카 (CI 77019), 알루미늄전분옥테닐석시네이트, 흑색산화철 (CI 77499), 하이드로제네이티드폴리아이소부텐, 적색산화철 (CI 77491), 에이치디아이/트라이메틸올헥실락톤크로스폴리머, 폴리메틸메타크릴레이트, 티타늄디옥사이드 (CI 77891), 황색산화철 (CI 77492), 울트라마린 (CI 77007), 메틸프로판다이올, 마그네슘미리스테이트, 프로판다이올, 마그네슘스테아레이트, 하이드로제네이티드레시틴, 마이크로크리스탈린셀룰로오스, 알루미늄하이드록사이드, 다이메티콘, 메티콘, 실리카, 말토덱스트린, 카민 (CI 75470)
Fall in Fall 
탤크, 마이카 (CI 77019), 카프릴릭/카프릭트라이글리세라이드, 보론나이트라이드, 실리카, 망가니즈바이올렛 (CI 77742), 황색산화철 (CI 77492), 마카다미아씨오일, 사라수씨버터, 마그네슘미리스테이트, 메틸프로판다이올, 다이메티콘올스테아레이트, 다이메티콘, 마그네슘스테아레이트, 프로판다이올, 라우로일라이신, 하이드로제네이티드레시틴, 트라이에톡시카프릴릴실레인, 카올린, 말토덱스트린, 알루미늄하이드록사이드, 메티콘, 적색산화철 (CI 77491), 울트라마린 (CI 77007), 흑색산화철 (CI 77499), 카민 (CI 75470), 티타늄디옥사이드 (CI 77891), 황색4호 (CI 19140)
Autumn Blues 
탤크, 마이카 (CI 77019), 알루미늄전분옥테닐석시네이트, 티타늄디옥사이드 (CI 77891), 적색산화철 (CI 77491), 카프릴릭/카프릭트라이글리세라이드, 다이아이소스테아릴말레이트, 황색산화철 (CI 77492), 흑색산화철 (CI 77499), 마그네슘미리스테이트, 메틸프로판다이올, 트라이에톡시카프릴릴실레인, 마그네슘스테아레이트, 프로판다이올, 다이메티콘, 하이드로제네이티드레시틴, 알루미늄하이드록사이드, 카올린, 말토덱스트린, 망가니즈바이올렛 (CI 77742), 울트라마린 (CI 77007), 카민 (CI 75470), 페릭페로시아나이드 (CI 77510)

[애프리콧듀]
마이카 (CI 77019), 티타늄디옥사이드 (CI 77891), 옥틸도데실스테아로일스테아레이트, 합성플루오르플로고파이트, 다이메티콘, 다이아이소스테아릴말레이트, 글리세린, 펜틸렌글라이콜, 실리카, 마그네슘미리스테이트, 나일론-12, 폴리메틸실세스퀴옥세인, 폴리솔베이트20, 소듐아크릴레이트/소듐아크릴로일다이메틸타우레이트코폴리머, 마그네슘알루미늄실리케이트, 트라이에톡시카프릴릴실레인, 솔비탄올리베이트, 솔비탄스테아레이트, 아이소헥사데칸, 비닐다이메티콘/메티콘실세스퀴옥세인크로스폴리머, 에틸헥실글리세린, 폴리솔베이트80, 솔비탄올리에이트, 토코페롤, 틴옥사이드 (CI 77861), 소듐데하이드로아세테이트, 적색산화철 (CI 77491)

[13 얼모스트 그레이프]
#DEWBERRY
다이메티콘, 칼슘알루미늄보로실리케이트, 합성플루오르플로고파이트, 메틸메타크릴레이트크로스폴리머, 티타늄디옥사이드 (CI 77891), 실리카, 칼슘티타늄보로실리케이트, 칼슘소듐보로실리케이트, 네오펜틸글라이콜다이에틸헥사노에이트, 헥실라우레이트, 다이메티콘/비닐다이메티콘크로스폴리머, 나일론-12, 다이글리세릴세바케이트/아이소팔미테이트, 솔비탄세스퀴아이소스테아레이트, 다이펜타에리스리틸헥사하이드록시스테아레이트/헥사스테아레이트/헥사로지네이트, 마그네슘미리스테이트, 프로판다이올, 합성왁스, 트라이에톡시카프릴릴실레인, 하이드로제네이티드레시틴, 토코페롤, 틴옥사이드, 페녹시에탄올, 마이카 (CI 77019), 적색산화철 (CI 77491), 카민 (CI 75470), 흑색산화철 (CI 77499)
#MOONSHINE
마이카 (CI 77019), 합성플루오르플로고파이트, 탤크, 티타늄디옥사이드 (CI 77891), 네오펜틸글라이콜다이에틸헥사노에이트, 칼슘티타늄보로실리케이트, 페닐트라이메티콘, 나일론-12, 실리카, 다이펜타에리스리틸헥사하이드록시스테아레이트/헥사스테아레이트/헥사로지네이트, 다이아이소스테아릴말레이트, 아이소스테아릴네오펜타노에이트, 옥틸도데실스테아로일스테아레이트, 마카다미아씨오일, 마그네슘미리스테이트, 폴리부텐, 다이메티콘, 카프릴릴글라이콜, 마그네슘스테아레이트, 글리세릴카프릴레이트, 라우로일라이신, 에틸헥실글리세린, 트라이에톡시카프릴릴실레인, 카올린, 말토덱스트린, 토코페롤, 틴옥사이드, 적색산화철 (CI 77491), 카민 (CI 75470), 황색산화철 (CI 77492), 망가니즈바이올렛 (CI 77742), 페릭페로시아나이드 (CI 77510), 울트라마린 (CI 77007), 흑색산화철 (CI 77499)
#GRAPEBEBE
탤크, 마이카 (CI 77019), 티타늄디옥사이드 (CI 77891), 합성플루오르플로고파이트, 실리카, 보론나이트라이드, 옥틸도데실스테아로일스테아레이트, 페닐트라이메티콘, 다이메티콘, 마카다미아씨오일, 마그네슘미리스테이트, 다이펜타에리스리틸헥사하이드록시스테아레이트/헥사스테아레이트/헥사로지네이트, 다이아이소스테아릴말레이트, 카프릴릴글라이콜, 마그네슘스테아레이트, 글리세릴카프릴레이트, 트라이에톡시카프릴릴실레인, 라우로일라이신, 에틸헥실글리세린, 알루미늄하이드록사이드, 카올린, 말토덱스트린, 토코페롤, 망가니즈바이올렛 (CI 77742), 카민 (CI 75470), 황색산화철 (CI 77492), 울트라마린 (CI 77007), 흑색산화철 (CI 77499), 적색산화철 (CI 77491), 적색226호 (CI 73360)
#HAZYGRAPE
탤크, 마이카 (CI 77019), 망가니즈바이올렛 (CI 77742), 티타늄디옥사이드 (CI 77891), 실리카, 옥틸도데실스테아로일스테아레이트, 페닐트라이메티콘, 울트라마린 (CI 77007), 다이메티콘, 마카다미아씨오일, 마그네슘미리스테이트, 다이펜타에리스리틸헥사하이드록시스테아레이트/헥사스테아레이트/헥사로지네이트, 다이아이소스테아릴말레이트, 트라이에톡시카프릴릴실레인, 카프릴릴글라이콜, 마그네슘스테아레이트, 라우로일라이신, 글리세릴카프릴레이트, 하이드로제네이티드레시틴, 카올린, 에틸헥실글리세린, 알루미늄하이드록사이드, 메티콘, 토코페롤, 황색산화철 (CI 77492), 적색산화철 (CI 77491), 적색226호 (CI 73360), 흑색산화철 (CI 77499)
#DAYDREAM
탤크, 마이카 (CI 77019), 티타늄디옥사이드 (CI 77891), 실리카, 옥틸도데실스테아로일스테아레이트, 페닐트라이메티콘, 마카다미아씨오일, 마그네슘미리스테이트, 다이펜타에리스리틸헥사하이드록시스테아레이트/헥사스테아레이트/헥사로지네이트, 다이메티콘, 다이아이소스테아릴말레이트, 카프릴릴글라이콜, 마그네슘스테아레이트, 트라이에톡시카프릴릴실레인, 다이메티콘올스테아레이트, 글리세릴카프릴레이트, 알루미늄하이드록사이드, 하이드로제네이티드레시틴, 에틸헥실글리세린, 카올린, 토코페롤, 망가니즈바이올렛 (CI 77742), 울트라마린 (CI 77007), 적색산화철 (CI 77491), 황색산화철 (CI 77492), 흑색산화철 (CI 77499), 적색226호 (CI 73360)
#MAGNETICPINK
탤크, 마이카 (CI 77019), 티타늄디옥사이드 (CI 77891), 실리카, 보론나이트라이드, 옥틸도데실스테아로일스테아레이트, 페닐트라이메티콘, 다이메티콘, 마카다미아씨오일, 마그네슘미리스테이트, 다이펜타에리스리틸헥사하이드록시스테아레이트/헥사스테아레이트/헥사로지네이트, 다이아이소스테아릴말레이트, 마그네슘스테아레이트, 카프릴릴글라이콜, 글리세릴카프릴레이트, 라우로일라이신, 에틸헥실글리세린, 트라이에톡시카프릴릴실레인, 알루미늄하이드록사이드, 카올린, 말토덱스트린, 토코페롤, 망가니즈바이올렛 (CI 77742), 카민 (CI 75470), 황색산화철 (CI 77492), 울트라마린 (CI 77007), 적색산화철 (CI 77491), 흑색산화철 (CI 77499), 적색226호 (CI 73360), 황색4호 (CI 19140)
#MAGICINSIDE
탤크, 마이카 (CI 77019), 알루미늄전분옥테닐석시네이트, 망가니즈바이올렛 (CI 77742), 흑색산화철 (CI 77499), 울트라마린 (CI 77007), 옥틸도데실스테아로일스테아레이트, 페닐트라이메티콘, 실리카, 황색산화철 (CI 77492), 적색산화철 (CI 77491), 티타늄디옥사이드 (CI 77891), 마그네슘미리스테이트, 마카다미아씨오일, 트라이에톡시카프릴릴실레인, 다이펜타에리스리틸헥사하이드록시스테아레이트/헥사스테아레이트/헥사로지네이트, 다이아이소스테아릴말레이트, 다이메티콘, 카프릴릴글라이콜, 마그네슘스테아레이트, 글리세릴카프릴레이트, 카올린, 에틸헥실글리세린, 말토덱스트린, 알루미늄하이드록사이드, 토코페롤, 카민 (CI 75470)
#BLOOMYMOON
탤크, 마이카 (CI 77019), 티타늄디옥사이드 (CI 77891), 실리카, 칼슘티타늄보로실리케이트, 옥틸도데실스테아로일스테아레이트, 페닐트라이메티콘, 망가니즈바이올렛 (CI 77742), 칼슘소듐보로실리케이트, 마카다미아씨오일, 마그네슘미리스테이트, 다이펜타에리스리틸헥사하이드록시스테아레이트/헥사스테아레이트/헥사로지네이트, 다이메티콘, 다이아이소스테아릴말레이트, 카프릴릴글라이콜, 마그네슘스테아레이트, 트라이에톡시카프릴릴실레인, 다이메티콘올스테아레이트, 글리세릴카프릴레이트, 알루미늄하이드록사이드, 에틸헥실글리세린, 하이드로제네이티드레시틴, 카올린, 토코페롤, 틴옥사이드, 울트라마린 (CI 77007), 적색산화철 (CI 77491), 황색산화철 (CI 77492), 흑색산화철 (CI 77499), 적색226호 (CI 73360)
#DREAMDUST
탤크, 마이카 (CI 77019), 망가니즈바이올렛 (CI 77742), 실리카, 옥틸도데실스테아로일스테아레이트, 페닐트라이메티콘, 마그네슘미리스테이트, 티타늄디옥사이드 (CI 77891), 다이메티콘, 울트라마린 (CI 77007), 마카다미아씨오일, 다이펜타에리스리틸헥사하이드록시스테아레이트/헥사스테아레이트/헥사로지네이트, 다이아이소스테아릴말레이트, 카프릴릴글라이콜, 마그네슘스테아레이트, 트라이에톡시카프릴릴실레인, 글리세릴카프릴레이트, 카올린, 하이드로제네이티드레시틴, 라우로일라이신, 에틸헥실글리세린, 알루미늄하이드록사이드, 메티콘, 토코페롤, 적색산화철 (CI 77491), 황색산화철 (CI 77492), 흑색산화철 (CI 77499), 적색226호 (CI 73360)
[#레터 프롬 스프링 기획세트 구성품 – 마이페이브 피스 밤 #핑크 모먼트]
다이메티콘, 페닐트라이메티콘, 실리카, 합성플루오르플로고파이트, 다이페닐실록시페닐트라이메티콘, 폴리글리세릴-2트라이아이소스테아레이트, 티타늄디옥사이드, 파라핀, 라우릴폴리글리세릴-3폴리다이메틸실록시에틸다이메티콘, 칼슘티타늄보로실리케이트, 마이크로크리스탈린왁스, 다이메티콘크로스폴리머, 카프릴릭/카프릭글리세라이즈, 트라이베헤닌, 카프릴릴글라이콜, 트라이에톡시카프릴릴실레인, 적색산화철, 알루미늄하이드록사이드, 메티콘, 황색5호, 적색202호, 틴옥사이드, 토코페롤, 황색산화철

[#얼모스트 그레이프 기획세트 구성품 – 마이페이브 피스 밤 #베리 문]
다이메티콘, 페닐트라이메티콘, 실리카, 합성플루오르플로고파이트, 다이페닐실록시페닐트라이메티콘, 폴리글리세릴-2트라이아이소스테아레이트, 티타늄디옥사이드, 파라핀, 라우릴폴리글리세릴-3폴리다이메틸실록시에틸다이메티콘, 칼슘티타늄보로실리케이트, 마이크로크리스탈린왁스, 다이메티콘크로스폴리머, 카프릴릭/카프릭글리세라이즈, 트라이베헤닌, 카프릴릴글라이콜, 트라이에톡시카프릴릴실레인, 적색산화철, 알루미늄하이드록사이드, 메티콘, 적색202호, 흑색산화철, 틴옥사이드, 토코페롤, 황색산화철

[#클래식 포터리]
Blush : 탤크, 마이카 (CI 77019), 티타늄디옥사이드 (CI 77891), 합성플루오르플로고파이트, 실리카, 보론나이트라이드, 망가니즈바이올렛 (CI 77742), 옥틸도데실스테아로일스테아레이트, 페닐트라이메티콘, 황색산화철 (CI 77492), 다이메티콘, 마카다미아씨오일, 마그네슘미리스테이트, 다이펜타에리스리틸헥사하이드록시스테아레이트/헥사스테아레이트/헥사로지네이트, 다이아이소스테아릴말레이트, 카프릴릴글라이콜, 마그네슘스테아레이트, 트라이에톡시카프릴릴실레인, 글리세릴카프릴레이트, 알루미늄하이드록사이드, 라우로일라이신, 에틸헥실글리세린, 카올린, 토코페롤, 적색226호 (CI 73360), 울트라마린 (CI 77007), 적색산화철 (CI 77491), 흑색산화철 (CI 77499)
Base : 탤크, 마이카 (CI 77019), 합성플루오르플로고파이트, 티타늄디옥사이드 (CI 77891), 실리카, 보론나이트라이드, 옥틸도데실스테아로일스테아레이트, 페닐트라이메티콘, 다이메티콘, 망가니즈바이올렛 (CI 77742), 마카다미아씨오일, 마그네슘미리스테이트, 다이펜타에리스리틸헥사하이드록시스테아레이트/헥사스테아레이트/헥사로지네이트, 다이아이소스테아릴말레이트, 카프릴릴글라이콜, 마그네슘스테아레이트, 글리세릴카프릴레이트, 라우로일라이신, 트라이에톡시카프릴릴실레인, 에틸헥실글리세린, 알루미늄하이드록사이드, 카올린, 말토덱스트린, 토코페롤, 황색산화철 (CI 77492), 적색산화철 (CI 77491), 흑색산화철 (CI 77499), 울트라마린 (CI 77007), 카민 (CI 75470)
Cork : 탤크, 마이카 (CI 77019), 합성플루오르플로고파이트, 티타늄디옥사이드 (CI 77891), 실리카, 보론나이트라이드, 흑색산화철 (CI 77499), 옥틸도데실스테아로일스테아레이트, 페닐트라이메티콘, 적색산화철 (CI 77491), 다이메티콘, 망가니즈바이올렛 (CI 77742), 마카다미아씨오일, 마그네슘미리스테이트, 다이펜타에리스리틸헥사하이드록시스테아레이트/헥사스테아레이트/헥사로지네이트, 다이아이소스테아릴말레이트, 카프릴릴글라이콜, 마그네슘스테아레이트, 글리세릴카프릴레이트, 라우로일라이신, 트라이에톡시카프릴릴실레인, 에틸헥실글리세린, 알루미늄하이드록사이드, 카올린, 말토덱스트린, 토코페롤, 황색산화철 (CI 77492), 울트라마린 (CI 77007), 황색4호 (CI 19140), 카민 (CI 75470)
Cameo : 옥사이드 (CI 77891), 나일론-12, 마그네슘미리스테이트, 네오펜틸글라이콜다이에틸헥사노에이트, 망가니즈바이올렛 (CI 77742), 페닐트라이메티콘, 실리카, 마그네슘스테아레이트, 다이메티콘, 다이펜타에리스리틸헥사하이드록시스테아레이트/헥사스테아레이트/헥사로지네이트, 다이아이소스테아릴말레이트, 아이소스테아릴네오펜타노에이트, 옥틸도데실스테아로일스테아레이트, 카프릴릴글라이콜, 폴리부텐, 글리세릴카프릴레이트, 라우로일라이신, 알루미늄하이드록사이드, 메티콘, 카프릴릭/카프릭트라이글리세라이드, 하이드로제네이티드레시틴, 에틸헥실글리세린, 트라이에톡시카프릴릴실레인, 카올린, 말토덱스트린, 토코페롤, 적색산화철 (CI 77491), 흑색산화철 (CI 77499), 황색산화철 (CI 77492), 울트라마린 (CI 77007), 카민 (CI 75470)
Ceramic : 탤크, 마이카 (CI 77019), 티타늄디옥사이드 (CI 77891), 합성플루오르플로고파이트, 실리카, 보론나이트라이드, 옥틸도데실스테아로일스테아레이트, 페닐트라이메티콘, 다이메티콘, 마카다미아씨오일, 마그네슘미리스테이트, 다이펜타에리스리틸헥사하이드록시스테아레이트/헥사스테아레이트/헥사로지네이트, 다이아이소스테아릴말레이트, 카프릴릴글라이콜, 마그네슘스테아레이트, 알루미늄하이드록사이드, 트라이에톡시카프릴릴실레인, 글리세릴카프릴레이트, 라우로일라이신, 에틸헥실글리세린, 카올린, 토코페롤, 황색산화철 (CI 77492), 적색산화철 (CI 77491), 흑색산화철 (CI 77499), 망가니즈바이올렛 (CI 77742), 황색4호 (CI 19140), 울트라마린 (CI 77007), 적색226호 (CI 73360)
Bisque : 탤크, 마이카 (CI 77019), 보론나이트라이드, 실리카, 옥틸도데칸올, 티타늄디옥사이드 (CI 77891), 다이메티콘, 옥틸도데실스테아로일스테아레이트, 페닐트라이메티콘, 마카다미아씨오일, 마그네슘스테아레이트, 마그네슘미리스테이트, 트라이에톡시카프릴릴실레인, 다이펜타에리스리틸헥사하이드록시스테아레이트/헥사스테아레이트/헥사로지네이트, 카프릴릴글라이콜, 다이아이소스테아릴말레이트, 글리세릴카프릴레이트, 에틸헥실글리세린, 알루미늄하이드록사이드, 메티콘, 토코페롤, 황색산화철 (CI 77492), 적색산화철 (CI 77491), 흑색산화철 (CI 77499), 울트라마린 (CI 77007), 적색226호 (CI 73360), 황색4호 (CI 19140)
Ashrose : 탤크, 마이카 (CI 77019), 합성플루오르플로고파이트, 티타늄디옥사이드 (CI 77891), 실리카, 망가니즈바이올렛 (CI 77742), 보론나이트라이드, 옥틸도데실스테아로일스테아레이트, 페닐트라이메티콘, 흑색산화철 (CI 77499), 황색산화철 (CI 77492), 다이메티콘, 적색산화철 (CI 77491), 울트라마린 (CI 77007), 마카다미아씨오일, 마그네슘미리스테이트, 다이펜타에리스리틸헥사하이드록시스테아레이트/헥사스테아레이트/헥사로지네이트, 다이아이소스테아릴말레이트, 카프릴릴글라이콜, 마그네슘스테아레이트, 글리세릴카프릴레이트, 에틸헥실글리세린, 라우로일라이신, 트라이에톡시카프릴릴실레인, 카올린, 알루미늄하이드록사이드, 토코페롤, 적색226호 (CI 73360)
Stony : 탤크, 알루미늄전분옥테닐석시네이트, 마이카 (CI 77019), 티타늄디옥사이드 (CI 77891), 트라이에틸헥사노인, 카프릴릭/카프릭트라이글리세라이드, 트라이에톡시카프릴릴실레인, 마그네슘미리스테이트, 다이펜타에리스리틸헥사하이드록시스테아레이트/헥사스테아레이트/헥사로지네이트, 카프릴릴글라이콜, 글리세릴카프릴레이트, 에틸헥실글리세린, 다이메티콘, 알루미늄하이드록사이드, 카올린, 말토덱스트린, 토코페롤, 흑색산화철 (CI 77499), 망가니즈바이올렛 (CI 77742), 적색산화철 (CI 77491), 황색산화철 (CI 77492), 카민 (CI 75470), 울트라마린 (CI 77007)
Kiln : 탤크, 마이카 (CI 77019), 흑색산화철 (CI 77499), 합성플루오르플로고파이트, 적색산화철 (CI 77491), 보론나이트라이드, 실리카, 황색산화철 (CI 77492), 옥틸도데실스테아로일스테아레이트, 페닐트라이메티콘, 망가니즈바이올렛 (CI 77742), 티타늄디옥사이드 (CI 77891), 울트라마린 (CI 77007), 다이메티콘, 카민 (CI 75470), 마카다미아씨오일, 마그네슘미리스테이트, 다이펜타에리스리틸헥사하이드록시스테아레이트/헥사스테아레이트/헥사로지네이트, 다이아이소스테아릴말레이트, 카프릴릴글라이콜, 마그네슘스테아레이트, 글리세릴카프릴레이트, 에틸헥실글리세린, 라우로일라이신, 트라이에톡시카프릴릴실레인, 카올린, 말토덱스트린, 알루미늄하이드록사이드, 토코페롤, 황색4호 (CI 19140)

[#클래식 포터리 기획세트]
[증정품 : 마이페이브 피스 밤 #로지 클레이]
다이메티콘, 페닐트라이메티콘, 실리카, 합성플루오르플로고파이트, 다이페닐실록시페닐트라이메티콘, 폴리글리세릴-2트라이아이소스테아레이트, 티타늄디옥사이드, 파라핀, 라우릴폴리글리세릴-3폴리다이메틸실록시에틸다이메티콘, 칼슘티타늄보로실리케이트, 마이크로크리스탈린왁스, 다이메티콘크로스폴리머, 카프릴릭/카프릭글리세라이즈, 트라이베헤닌, 황색산화철, 카프릴릴글라이콜, 알루미늄하이드록사이드, 트라이에톡시카프릴릴실레인, 적색226호, 흑색산화철, 적색산화철, 청색1호, 메티콘, 틴옥사이드, 토코페롤

[#핑크 올로지 기획세트] 
[증정품 : 마이페이브 피스 밤 #포미 로즈]
다이메티콘, 페닐트라이메티콘, 실리카, 합성플루오르플로고파이트, 다이페닐실록시페닐트라이메티콘, 폴리글리세릴-2트라이아이소스테아레이트, 티타늄디옥사이드, 파라핀, 라우릴폴리글리세릴-3폴리다이메틸실록시에틸다이메티콘, 칼슘티타늄보로실리케이트, 마이크로크리스탈린왁스, 다이메티콘크로스폴리머, 카프릴릭/카프릭글리세라이즈, 트라이베헤닌, 카프릴릴글라이콜, 트라이에톡시카프릴릴실레인, 알루미늄하이드록사이드, 황색산화철, 적색226호, 황색4호, 메티콘, 흑색산화철, 적색산화철, 청색1호, 틴옥사이드, 토코페롤

[유즈 시트러스 티]
Cream Shine : 합성플루오르플로고파이트, 티타늄디옥사이드 (CI 77891), 탤크, 알루미나, 마이카 (CI 77019), 에틸헥실팔미테이트, 칼슘알루미늄보로실리케이트, 마그네슘스테아레이트, 옥틸도데실스테아로일스테아레이트, 페닐트라이메티콘, 하이드로제네이티드폴리아이소부텐, 실리카, 다이펜타에리스리틸헥사하이드록시스테아레이트/헥사스테아레이트/헥사로지네이트, 카프릴릴글라이콜, 트라이에톡시카프릴릴실레인, 다이아이소스테아릴말레이트, 글리세릴카프릴레이트, 다이메티콘, 에틸헥실글리세린, 에틸렌/프로필렌/스타이렌코폴리머, 부틸렌/에틸렌/스타이렌코폴리머, 펜타에리스리틸테트라-다이-t-부틸하이드록시하이드로신나메이트, 토코페롤, 틴옥사이드, 적색산화철 (CI 77491), 황색4호 (CI 19140)
Fizzy : 탤크, 마이카 (CI 77019), 실리카, 칼슘카보네이트, 옥틸도데실스테아로일스테아레이트, 페닐트라이메티콘, 티타늄디옥사이드 (CI 77891), 다이펜타에리스리틸헥사하이드록시스테아레이트/헥사스테아레이트/헥사로지네이트, 다이아이소스테아릴말레이트, 카프릴릴글라이콜, 마그네슘스테아레이트, 트라이에톡시카프릴릴실레인, 하이드로제네이티드레시틴, 다이메티콘, 글리세릴카프릴레이트, 에틸헥실글리세린, 알루미늄하이드록사이드, 아이소프로필티타늄트라이아이소스테아레이트, 토코페롤, 세테아릴알코올, 황색4호 (CI 19140), 황색산화철 (CI 77492), 적색226호 (CI 73360), 황색5호 (CI 15985), 적색산화철 (CI 77491)
Pink Ade : 탤크, 마이카 (CI 77019), 티타늄디옥사이드 (CI 77891), 실리카, 옥틸도데실스테아로일스테아레이트, 페닐트라이메티콘, 마그네슘스테아레이트, 다이펜타에리스리틸헥사하이드록시스테아레이트/헥사스테아레이트/헥사로지네이트, 트라이에톡시카프릴릴실레인, 다이아이소스테아릴말레이트, 다이메티콘, 카프릴릴글라이콜, 하이드로제네이티드레시틴, 글리세릴카프릴레이트, 에틸헥실글리세린, 알루미늄하이드록사이드, 아이소프로필티타늄트라이아이소스테아레이트, 토코페롤, 세테아릴알코올, 황색산화철 (CI 77492), 황색4호 (CI 19140), 적색226호 (CI 73360), 적색산화철 (CI 77491), 황색5호 (CI 15985), 흑색산화철 (CI 77499), 울트라마린 (CI 77007)
Apricotton : 탤크, 마이카 (CI 77019), 티타늄디옥사이드 (CI 77891), 네오펜틸글라이콜다이에틸헥사노에이트, 페닐트라이메티콘, 마그네슘스테아레이트, 보론나이트라이드, 다이메티콘, 다이펜타에리스리틸헥사하이드록시스테아레이트/헥사스테아레이트/헥사로지네이트, 다이아이소스테아릴말레이트, 아이소스테아릴네오펜타노에이트, 옥틸도데실스테아로일스테아레이트, 카프릴릴글라이콜, 트라이에톡시카프릴릴실레인, 글리세릴카프릴레이트, 폴리부텐, 하이드로제네이티드레시틴, 라우로일라이신, 에틸헥실글리세린, 알루미늄하이드록사이드, 메티콘, 토코페롤, 황색산화철 (CI 77492), 적색산화철 (CI 77491), 황색4호 (CI 19140), 흑색산화철 (CI 77499), 적색226호 (CI 73360)
Yuzu Zest : 탤크, 마이카 (CI 77019), 카프릴릭/카프릭트라이글리세라이드, 티타늄디옥사이드 (CI 77891), 보론나이트라이드, 다이아이소스테아릴말레이트, 나일론-12, 실리카, 다이메티콘, 마그네슘스테아레이트, 카프릴릴글라이콜, 글리세릴카프릴레이트, 트라이에톡시카프릴릴실레인, 에틸헥실글리세린, 알루미늄하이드록사이드, 메티콘, 토코페롤, 황색산화철 (CI 77492), 적색산화철 (CI 77491), 황색4호 (CI 19140), 흑색산화철 (CI 77499)
Peach Drizzle : 합성플루오르플로고파이트, 마이카 (CI 77019), 탤크, 칼슘카보네이트, 옥틸도데실스테아로일스테아레이트, 실리카, 티타늄디옥사이드 (CI 77891), 칼슘알루미늄보로실리케이트, 다이페닐다이메티콘/비닐다이페닐다이메티콘/실세스퀴옥세인크로스폴리머, 다이아이소스테아릴말레이트, 다이메티콘, 카프릴릴글라이콜, 칼슘소듐보로실리케이트, 하이드로제네이티드캐스터오일아이소스테아레이트, 에틸헥실글리세린, 마그네슘미리스테이트, 라우로일라이신, 알루미늄하이드록사이드, 말토덱스트린, 토코페롤, 틴옥사이드, 황색산화철 (CI 77492), 적색산화철 (CI 77491), 카민 (CI 75470)
Brown Sugar : 탤크, 마그네슘/포타슘/실리콘/플루오라이드/하이드록사이드/옥사이드, 마이카 (CI 77019), 티타늄디옥사이드 (CI 77891), 실리카, 징크스테아레이트, 황색산화철 (CI 77492), 적색산화철 (CI 77491), 하이드로제네이티드폴리아이소부텐, 흑색산화철 (CI 77499), 다이아이소스테아릴말레이트, 트라이에톡시카프릴릴실레인, 페닐트라이메티콘, 카프릴릴글라이콜, 옥틸도데실스테아로일스테아레이트, 아이소프로필티타늄트라이아이소스테아레이트, 글리세릴카프릴레이트, 라우로일라이신, 다이메티콘, 에틸헥실글리세린, 알루미늄하이드록사이드, 미리스틱애씨드, 마그네슘스테아레이트, 카올린, 말토덱스트린, 토코페롤, 망가니즈바이올렛 (CI 77742), 울트라마린 (CI 77007), 카민 (CI 75470), 황색4호 (CI 19140)
Tangy Sweet : 탤크, 마이카 (CI 77019), 실리카, 티타늄디옥사이드 (CI 77891), 옥틸도데실스테아로일스테아레이트, 페닐트라이메티콘, 마그네슘스테아레이트, 다이펜타에리스리틸헥사하이드록시스테아레이트/헥사스테아레이트/헥사로지네이트, 트라이에톡시카프릴릴실레인, 다이메티콘, 다이아이소스테아릴말레이트, 카프릴릴글라이콜, 하이드로제네이티드레시틴, 글리세릴카프릴레이트, 에틸헥실글리세린, 알루미늄하이드록사이드, 아이소프로필티타늄트라이아이소스테아레이트, 토코페롤, 세테아릴알코올, 적색산화철 (CI 77491), 황색5호 (CI 15985), 황색4호 (CI 19140), 황색산화철 (CI 77492), 적색226호 (CI 73360)
Syrupy : 탤크, 마이카 (CI 77019), 실리카, 티타늄디옥사이드 (CI 77891), 옥틸도데실스테아로일스테아레이트, 페닐트라이메티콘, 적색산화철 (CI 77491), 마카다미아씨오일, 마그네슘스테아레이트, 다이메티콘, 다이펜타에리스리틸헥사하이드록시스테아레이트/헥사스테아레이트/헥사로지네이트, 다이아이소스테아릴말레이트, 트라이에톡시카프릴릴실레인, 카프릴릴글라이콜, 하이드로제네이티드레시틴, 글리세릴카프릴레이트, 에틸헥실글리세린, 알루미늄하이드록사이드, 메티콘, 카올린, 아이소프로필티타늄트라이아이소스테아레이트, 말토덱스트린, 토코페롤, 세테아릴알코올, 황색산화철 (CI 77492), 망가니즈바이올렛 (CI 77742), 흑색산화철 (CI 77499), 황색4호 (CI 19140), 카민 (CI 75470)

[시나몬 롤]
Yeast : 탤크, 실리카, 마이카, 티타늄디옥사이드, 페닐트라이메티콘, 메틸메타크릴레이트크로스폴리머, 다이메티콘, 마그네슘미리스테이트, 트라이하이드록시스테아린, 마카다미아씨오일, 펜타에리스리틸테트라아이소스테아레이트, 1,2-헥산다이올, 황색산화철, 적색산화철, 트라이에톡시카프릴릴실레인, 글리세릴카프릴레이트, 알루미늄하이드록사이드, 흑색산화철
Glaze : 티타늄디옥사이드, 합성플루오르플로고파이트, 마이카, 탤크, 칼슘알루미늄보로실리케이트, 헥실라우레이트, 마그네슘미리스테이트, 마그네슘스테아레이트, 적색산화철, 실리카, 다이아이소스테아릴말레이트, 1,2-헥산다이올, 글리세릴카프릴레이트, 폴리아이소부텐, 틴옥사이드
Rosette : 탤크, 마이카, 티타늄디옥사이드, 나일론-12, 실리카, 옥틸도데실스테아로일스테아레이트, 마그네슘미리스테이트, 보론나이트라이드, 페닐트라이메티콘, 마그네슘스테아레이트, 적색산화철, 황색산화철, 알루미늄미리스테이트, 1,2-헥산다이올, 트라이하이드록시스테아린, 마카다미아씨오일, 카민, 다이아이소스테아릴말레이트, 흑색산화철, 글리세릴카프릴레이트, 다이메티콘, 알루미늄하이드록사이드, 하이드로제네이티드레시틴, 트라이에톡시카프릴릴실레인
Spice : 마이카, 탤크, 나일론-12, 티타늄디옥사이드, 실리카, 옥틸도데실스테아로일스테아레이트, 마그네슘미리스테이트, 보론나이트라이드, 적색산화철, 페닐트라이메티콘, 황색산화철, 마그네슘스테아레이트, 알루미늄미리스테이트, 1,2-헥산다이올, 흑색산화철, 트라이하이드록시스테아린, 마카다미아씨오일, 카민, 다이메티콘, 다이아이소스테아릴말레이트, 글리세릴카프릴레이트, 하이드로제네이티드레시틴, 울트라마린, 알루미늄하이드록사이드, 트라이에톡시카프릴릴실레인
Maple : 마이카, 탤크, 나일론-12, 황색산화철, 실리카, 적색산화철, 흑색산화철, 티타늄디옥사이드, 옥틸도데실스테아로일스테아레이트, 마그네슘미리스테이트, 보론나이트라이드, 페닐트라이메티콘, 망가니즈바이올렛, 마그네슘스테아레이트, 알루미늄미리스테이트, 1,2-헥산다이올, 트라이하이드록시스테아린, 마카다미아씨오일, 다이아이소스테아릴말레이트, 다이메티콘, 글리세릴카프릴레이트, 트라이에톡시카프릴릴실레인, 하이드로제네이티드레시틴, 알루미늄하이드록사이드, 카올린
Latte : 마이카, 탤크, 나일론-12, 티타늄디옥사이드, 실리카, 옥틸도데실스테아로일스테아레이트, 마그네슘미리스테이트, 보론나이트라이드, 페닐트라이메티콘, 황색산화철, 적색산화철, 마그네슘스테아레이트, 알루미늄미리스테이트, 1,2-헥산다이올, 트라이하이드록시스테아린, 마카다미아씨오일, 흑색산화철, 울트라마린, 다이메티콘, 다이아이소스테아릴말레이트, 글리세릴카프릴레이트, 하이드로제네이티드레시틴, 알루미늄하이드록사이드, 트라이에톡시카프릴릴실레인
Amber : 마이카, 탤크, 티타늄디옥사이드, 헥실라우레이트, 적색산화철, 합성플루오르플로고파이트, 마그네슘미리스테이트, 마그네슘스테아레이트, 실리카, 다이아이소스테아릴말레이트, 1,2-헥산다이올, 흑색산화철, 카민, 글리세릴카프릴레이트, 다이메티콘, 황색산화철, 폴리아이소부텐, 틴옥사이드, 트라이에톡시카프릴릴실레인
Mocha : 마이카, 적색산화철, 탤크, 흑색산화철, 나일론-12, 황색산화철, 실리카, 옥틸도데실스테아로일스테아레이트, 마그네슘미리스테이트, 보론나이트라이드, 페닐트라이메티콘, 마그네슘스테아레이트, 트라이하이드록시스테아린, 마카다미아씨오일, 1,2-헥산다이올, 다이아이소스테아릴말레이트, 다이메티콘, 알루미늄미리스테이트, 글리세릴카프릴레이트, 트라이에톡시카프릴릴실레인, 하이드로제네이티드레시틴, 알루미늄하이드록사이드
Biscuit : 마이카, 탤크, 나일론-12, 실리카, 황색산화철, 옥틸도데실스테아로일스테아레이트, 적색산화철, 마그네슘미리스테이트, 보론나이트라이드, 티타늄디옥사이드, 페닐트라이메티콘, 흑색산화철, 마그네슘스테아레이트, 알루미늄미리스테이트, 울트라마린, 1,2-헥산다이올, 트라이하이드록시스테아린, 마카다미아씨오일, 다이메티콘, 다이아이소스테아릴말레이트, 글리세릴카프릴레이트, 카민, 하이드로제네이티드레시틴, 트라이에톡시카프릴릴실레인, 알루미늄하이드록사이드""

[증정품 : 마이페이브 피스 치크섀도우 #얼리 로즈]
탤크, 티타늄디옥사이드, 알루미나, 마이카, 징크스테아레이트, 폴리프로필렌, 마그네슘/포타슘/실리콘/플루오라이드/하이드록사이드/옥사이드, 실리카, 페닐트라이메티콘, 라우로일라이신, 합성플루오르플로고파이트, 트라이에톡시카프릴릴실레인, 헥실라우레이트, 카민, 황색4호, 폴리글리세릴-2트라이아이소스테아레이트, 다이메티콘, 1,2-헥산다이올, 카프릴릭/카프릭트라이글리세라이드, 아이소프로필티타늄트라이아이소스테아레이트, 적색산화철, 에틸헥실글리세린, 다이아이소스테아릴말레이트, 황색산화철, 글리세릴카프릴레이트, 알루미늄하이드록사이드, 미리스틱애씨드, 틴옥사이드""

[증정품 : 마이페이브 피스 젤테일 #토피 모카]
마이카, 다이카프릴릴카보네이트, 황색산화철, 다이메티콘, 메틸메타크릴레이트크로스폴리머, 합성플루오르플로고파이트, 적색산화철, 티타늄디옥사이드, 폴리프로필렌, 다이메티콘/비닐다이메티콘크로스폴리머, 흑색산화철, 페닐트라이메티콘, 다이펜타에리스리틸헥사하이드록시스테아레이트/헥사스테아레이트/헥사로지네이트, 트라이에톡시카프릴릴실레인, 카민, 1,2-헥산다이올, 울트라마린, 글리세릴카프릴레이트, 알루미늄하이드록사이드, 토코페롤

[증정품 : 마이페이브 피스 치크섀도우 #로즈 차이티]
탤크, 티타늄디옥사이드, 알루미나, 마이카, 폴리프로필렌, 징크스테아레이트, 마그네슘/포타슘/실리콘/플루오라이드/하이드록사이드/옥사이드, 실리카, 페닐트라이메티콘, 라우로일라이신, 합성플루오르플로고파이트, 황색산화철, 트라이에톡시카프릴릴실레인, 헥실라우레이트, 적색산화철, 폴리글리세릴-2트라이아이소스테아레이트, 카민, 다이메티콘, 1,2-헥산다이올, 흑색산화철, 카프릴릭/카프릭트라이글리세라이드, 아이소프로필티타늄트라이아이소스테아레이트, 울트라마린, 에틸헥실글리세린, 다이아이소스테아릴말레이트, 글리세릴카프릴레이트, 알루미늄하이드록사이드, 미리스틱애씨드, 틴옥사이드

[폴인 오트 기획세트 증정품 마이페이브 피스 치크섀도우 #피치 오트밀]
탤크, 티타늄디옥사이드, 알루미나, 마이카, 징크스테아레이트, 폴리프로필렌, 마그네슘/포타슘/실리콘/플루오라이드/하이드록사이드/옥사이드, 실리카, 페닐트라이메티콘, 라우로일라이신, 합성플루오르플로고파이트, 트라이에톡시카프릴릴실레인, 헥실라우레이트, 황색산화철, 폴리글리세릴-2트라이아이소스테아레이트, 다이메티콘, 적색산화철, 1,2-헥산다이올, 카프릴릭/카프릭트라이글리세라이드, 카민, 아이소프로필티타늄트라이아이소스테아레이트, 에틸헥실글리세린, 다이아이소스테아릴말레이트, 알루미늄하이드록사이드, 글리세릴카프릴레이트, 울트라마린, 흑색산화철, 미리스틱애씨드, 틴옥사이드

[17 페퍼리 베리]

[01 Berry Pulp]
다이메티콘, 칼슘알루미늄보로실리케이트, 합성플루오르플로고파이트, 메틸메타크릴레이트크로스폴리머, 티타늄디옥사이드 (CI 77891), 칼슘소듐보로실리케이트, 실리카, 네오펜틸글라이콜다이에틸헥사노에이트, 헥실라우레이트, 나일론-12, 다이메티콘/비닐다이메티콘크로스폴리머, 다이글리세릴세바케이트/아이소팔미테이트, 카프릴릴글라이콜, 솔비탄세스퀴아이소스테아레이트, 다이펜타에리스리틸헥사하이드록시스테아레이트/헥사스테아레이트/헥사로지네이트, 마그네슘미리스테이트, 합성왁스, 에틸헥실글리세린, 토코페롤, 틴옥사이드, 적색226호 (CI 73360), 황색4호 (CI 19140), 울트라마린 (CI 77007)
[02 Dearie]
탤크, 마그네슘/포타슘/실리콘/플루오라이드/하이드록사이드/옥사이드, 마이카 (CI 77019), 티타늄디옥사이드 (CI 77891), 실리카, 징크스테아레이트, 하이드로제네이티드폴리아이소부텐, 다이아이소스테아릴말레이트, 트라이에톡시카프릴릴실레인, 페닐트라이메티콘, 아이소프로필티타늄트라이아이소스테아레이트, 카프릴릴글라이콜, 옥틸도데실스테아로일스테아레이트, 글리세릴카프릴레이트, 미리스틱애씨드, 다이메티콘, 라우로일라이신, 알루미늄하이드록사이드, 에틸헥실글리세린, 토코페롤, 적색226호 (CI 73360), 울트라마린 (CI 77007), 황색4호 (CI 19140), 황색산화철 (CI 77492), 적색산화철 (CI 77491), 흑색산화철 (CI 77499)
[03 Mellow]
탤크, 마이카 (CI 77019), 티타늄디옥사이드 (CI 77891), 카프릴릭/카프릭트라이글리세라이드, 실리카, 보론나이트라이드, 마카다미아씨오일, 마그네슘스테아레이트, 다이메티콘, 카프릴릴글라이콜, 마그네슘미리스테이트, 다이메티콘올스테아레이트, 글리세릴카프릴레이트, 하이드록시프로필비스팔미타마이드엠이에이, 에틸헥실글리세린, 알루미늄하이드록사이드, 메티콘, 말토덱스트린, 카올린, 토코페롤, 카민 (CI 75470), 황색4호 (CI 19140), 황색산화철 (CI 77492), 적색산화철 (CI 77491), 울트라마린 (CI 77007), 망가니즈바이올렛 (CI 77742), 흑색산화철 (CI 77499)
[04 Peppy]
탤크, 마이카 (CI 77019), 카프릴릭/카프릭트라이글리세라이드, 알루미늄전분옥테닐석시네이트, 다이아이소스테아릴말레이트, 티타늄디옥사이드 (CI 77891), 실리카, 마그네슘스테아레이트, 다이메티콘, 카프릴릴글라이콜, 글리세릴카프릴레이트, 에틸헥실글리세린, 알루미늄하이드록사이드, 메티콘, 말토덱스트린, 카올린, 토코페롤, 적색226호 (CI 73360), 황색4호 (CI 19140), 울트라마린 (CI 77007), 적색산화철 (CI 77491), 카민 (CI 75470), 망가니즈바이올렛 (CI 77742), 흑색산화철 (CI 77499)
[05 Milky]
마이카 (CI 77019), 티타늄디옥사이드 (CI 77891), 탤크, 알루미나, 실리카, 합성플루오르플로고파이트, 네오펜틸글라이콜다이에틸헥사노에이트, 보론나이트라이드, 페닐트라이메티콘, 나일론-12, 칼슘알루미늄보로실리케이트, 다이펜타에리스리틸헥사하이드록시스테아레이트/헥사스테아레이트/헥사로지네이트, 다이아이소스테아릴말레이트, 아이소스테아릴네오펜타노에이트, 옥틸도데실스테아로일스테아레이트, 마카다미아씨오일, 마그네슘미리스테이트, 폴리부텐, 카프릴릴글라이콜, 마그네슘스테아레이트, 글리세릴카프릴레이트, 에틸헥실글리세린, 트라이에톡시카프릴릴실레인, 다이메티콘, 알루미늄하이드록사이드, 메티콘, 말토덱스트린, 토코페롤, 틴옥사이드, 카민 (CI 75470), 황색4호 (CI 19140), 적색산화철 (CI 77491), 흑색산화철 (CI 77499)
[06 Sorbet]
탤크, 마이카 (CI 77019), 실리카, 옥틸도데실스테아로일스테아레이트, 페닐트라이메티콘, 마그네슘스테아레이트, 다이펜타에리스리틸헥사하이드록시스테아레이트/헥사스테아레이트/헥사로지네이트, 트라이에톡시카프릴릴실레인, 다이아이소스테아릴말레이트, 다이메티콘, 카프릴릴글라이콜, 하이드로제네이티드레시틴, 글리세릴카프릴레이트, 에틸헥실글리세린, 알루미늄하이드록사이드, 아이소프로필티타늄트라이아이소스테아레이트, 토코페롤, 세테아릴알코올, 티타늄디옥사이드 (CI 77891), 황색4호 (CI 19140), 적색226호 (CI 73360), 적색산화철 (CI 77491), 황색5호 (CI 15985), 황색산화철 (CI 77492), 흑색산화철 (CI 77499), 울트라마린 (CI 77007)
[07 Fudge]
탤크, 마이카 (CI 77019), 망가니즈바이올렛 (CI 77742), 합성플루오르플로고파이트, 적색산화철 (CI 77491), 울트라마린 (CI 77007), 보론나이트라이드, 실리카, 황색산화철 (CI 77492), 흑색산화철 (CI 77499), 옥틸도데실스테아로일스테아레이트, 페닐트라이메티콘, 티타늄디옥사이드 (CI 77891), 다이메티콘, 마카다미아씨오일, 마그네슘스테아레이트, 다이펜타에리스리틸헥사하이드록시스테아레이트/헥사스테아레이트/헥사로지네이트, 다이아이소스테아릴말레이트, 카프릴릴글라이콜, 카올린, 글리세릴카프릴레이트, 에틸헥실글리세린, 라우로일라이신, 알루미늄하이드록사이드, 트라이에톡시카프릴릴실레인, 메티콘, 말토덱스트린, 토코페롤, 카민 (CI 75470), 황색4호 (CI 19140)
[08 Jammy]
탤크, 마이카 (CI 77019), 나일론-12, 보론나이트라이드, 실리카, 네오펜틸글라이콜다이에틸헥사노에이트, 페닐트라이메티콘, 다이메티콘, 티타늄디옥사이드 (CI 77891), 다이펜타에리스리틸헥사하이드록시스테아레이트/헥사스테아레이트/헥사로지네이트, 마카다미아씨오일, 마그네슘스테아레이트, 다이아이소스테아릴말레이트, 아이소스테아릴네오펜타노에이트, 옥틸도데실스테아로일스테아레이트, 카프릴릴글라이콜, 폴리부텐, 글리세릴카프릴레이트, 하이드로제네이티드레시틴, 라우로일라이신, 에틸헥실글리세린, 트라이에톡시카프릴릴실레인, 알루미늄하이드록사이드, 메티콘, 말토덱스트린, 카올린, 토코페롤, 카민 (CI 75470), 황색산화철 (CI 77492), 적색산화철 (CI 77491), 울트라마린 (CI 77007), 흑색산화철 (CI 77499), 황색4호 (CI 19140), 망가니즈바이올렛 (CI 7774
[09 Almond]
탤크, 마이카 (CI 77019), 실리카, 티타늄디옥사이드 (CI 77891), 칼슘카보네이트, 망가니즈바이올렛 (CI 77742), 옥틸도데실스테아로일스테아레이트, 페닐트라이메티콘, 적색산화철 (CI 77491), 다이펜타에리스리틸헥사하이드록시스테아레이트/헥사스테아레이트/헥사로지네이트, 다이아이소스테아릴말레이트, 카프릴릴글라이콜, 마그네슘스테아레이트, 트라이에톡시카프릴릴실레인, 하이드로제네이티드레시틴, 다이메티콘, 글리세릴카프릴레이트, 에틸헥실글리세린, 카올린, 알루미늄하이드록사이드, 말토덱스트린, 아이소프로필티타늄트라이아이소스테아레이트, 메티콘, 토코페롤, 세테아릴알코올, 황색산화철 (CI 77492), 흑색산화철 (CI 77499), 카민 (CI 75470), 울트라마린 (CI 77007), 황색4호 (CI 19140)

[18 피즈 스위트피] 
[01 Twinkle]
탤크, 티타늄디옥사이드 (CI 77891), 알루미나, 합성플루오르플로고파이트, 마이카 (CI 77019), 칼슘소듐보로실리케이트, 에틸헥실팔미테이트, 칼슘알루미늄보로실리케이트, 실리카, 칼슘티타늄보로실리케이트, 마그네슘스테아레이트, 옥틸도데실스테아로일스테아레이트, 페닐트라이메티콘, 하이드로제네이티드폴리아이소부텐, 다이펜타에리스리틸헥사하이드록시스테아레이트/헥사스테아레이트/헥사로지네이트, 카프릴릴글라이콜, 다이아이소스테아릴말레이트, 트라이에톡시카프릴릴실레인, 글리세릴카프릴레이트, 다이메티콘, 에틸헥실글리세린, 에틸렌/프로필렌/스타이렌코폴리머, 알루미늄하이드록사이드, 메티콘, 부틸렌/에틸렌/스타이렌코폴리머, 말토덱스트린, 카올린, 펜타에리스리틸테트라-다이-t-부틸하이드록시하이드로신나메이트, 토코페롤, 틴옥사이드, 황색산화철 (CI 77492), 카민 (CI 75470), 망가니즈바이올렛 (CI 77742), 적색산화철 (CI 77491)
[02 Sweetie]
탤크, 마이카 (CI 77019), 실리카, 티타늄디옥사이드 (CI 77891), 칼슘카보네이트, 옥틸도데실스테아로일스테아레이트, 페닐트라이메티콘, 다이펜타에리스리틸헥사하이드록시스테아레이트/헥사스테아레이트/헥사로지네이트, 다이아이소스테아릴말레이트, 카프릴릴글라이콜, 마그네슘스테아레이트, 트라이에톡시카프릴릴실레인, 하이드로제네이티드레시틴, 글리세릴카프릴레이트, 다이메티콘, 에틸헥실글리세린, 알루미늄하이드록사이드, 아이소프로필티타늄트라이아이소스테아레이트, 카올린, 말토덱스트린, 토코페롤, 세테아릴알코올, 적색226호 (CI 73360), 울트라마린 (CI 77007), 황색산화철 (CI 77492), 황색4호 (CI 19140), 망가니즈바이올렛 (CI 77742), 카민 (CI 75470)
[03 Peonies]
탤크, 마이카 (CI 77019), 실리카, 옥틸도데실스테아로일스테아레이트, 페닐트라이메티콘, 마그네슘스테아레이트, 다이펜타에리스리틸헥사하이드록시스테아레이트/헥사스테아레이트/헥사로지네이트, 트라이에톡시카프릴릴실레인, 다이아이소스테아릴말레이트, 다이메티콘, 카프릴릴글라이콜, 하이드로제네이티드레시틴, 글리세릴카프릴레이트, 에틸헥실글리세린, 알루미늄하이드록사이드, 아이소프로필티타늄트라이아이소스테아레이트, 말토덱스트린, 카올린, 토코페롤, 세테아릴알코올, 티타늄디옥사이드 (CI 77891), 카민 (CI 75470), 적색산화철 (CI 77491), 황색산화철 (CI 77492), 흑색산화철 (CI 77499), 울트라마린 (CI 77007), 망가니즈바이올렛 (CI 77742), 적색226호 (CI 73360), 황색4호 (CI 19140)
[04 Cheeky]
탤크, 합성플루오르플로고파이트, 마이카 (CI 77019), 카프릴릭/카프릭트라이글리세라이드, 바륨설페이트, 실리카, 티타늄디옥사이드 (CI 77891), 마카다미아씨오일, 다이메티콘, 트라이에톡시카프릴릴실레인, 알루미늄다이미리스테이트, 카프릴릴글라이콜, 마그네슘스테아레이트, 글리세릴카프릴레이트, 에틸헥실글리세린, 알루미늄하이드록사이드, 메티콘, 마그네슘미리스테이트, 말토덱스트린, 토코페롤, 카민 (CI 75470), 울트라마린 (CI 77007), 적색산화철 (CI 77491), 황색산화철 (CI 77492), 흑색산화철 (CI 77499), 황색4호 (CI 19140)
[05 Whisper]
탤크, 폴리메틸실세스퀴옥세인, 마이카, 다이메티콘, 실리카, 카프릴릭/카프릭트라이글리세라이드, 보론나이트라이드, 마그네슘미리스테이트, 다이아이소스테아릴말레이트, 헥실라우레이트, 카프릴릴글라이콜, 에틸헥실글리세린, 트라이에톡시카프릴릴실레인, 카올린, 토코페롤, 황색산화철 (CI 77492), 적색산화철 (CI 77491), 망가니즈바이올렛 (CI 77742)
[06 Sassy]
탤크, 티타늄디옥사이드 (CI 77891), 마이카 (CI 77019), 실리카, 합성플루오르플로고파이트, 나일론-12, 칼슘알루미늄보로실리케이트, 옥틸도데실스테아로일스테아레이트, 페닐트라이메티콘, 칼슘소듐보로실리케이트, 마그네슘스테아레이트, 다이펜타에리스리틸헥사하이드록시스테아레이트/헥사스테아레이트/헥사로지네이트, 다이아이소스테아릴말레이트, 카프릴릭/카프릭트라이글리세라이드, 트라이에톡시카프릴릴실레인, 카프릴릴글라이콜, 메티콘, 다이메티콘올스테아레이트, 글리세릴카프릴레이트, 다이메티콘, 알루미늄하이드록사이드, 에틸헥실글리세린, 라우로일라이신, 카올린, 토코페롤, 틴옥사이드, 적색226호 (CI 73360), 울트라마린 (CI 77007), 흑색산화철 (CI 77499), 망가니즈바이올렛 (CI 77742), 황색4호 (CI 19140), 황색산화철 (CI 77492)
[07 Haze Veil]
탤크, 마이카 (CI 77019), 망가니즈바이올렛 (CI 77742), 실리카, 옥틸도데실스테아로일스테아레이트, 페닐트라이메티콘, 티타늄디옥사이드 (CI 77891), 울트라마린 (CI 77007), 적색산화철 (CI 77491), 마카다미아씨오일, 마그네슘스테아레이트, 다이메티콘, 다이펜타에리스리틸헥사하이드록시스테아레이트/헥사스테아레이트/헥사로지네이트, 트라이에톡시카프릴릴실레인, 다이아이소스테아릴말레이트, 카프릴릴글라이콜, 하이드로제네이티드레시틴, 카올린, 글리세릴카프릴레이트, 에틸헥실글리세린, 알루미늄하이드록사이드, 메티콘, 아이소프로필티타늄트라이아이소스테아레이트, 말토덱스트린, 토코페롤, 세테아릴알코올, 황색산화철 (CI 77492), 흑색산화철 (CI 77499), 카민 (CI 75470), 황색4호 (CI 19140)
[08 Hush]
탤크, 마이카 (CI 77019), 알루미늄전분옥테닐석시네이트, 합성플루오르플로고파이트, 티타늄디옥사이드 (CI 77891), 옥틸도데실스테아로일스테아레이트, 실리카, 마카다미아씨오일, 마그네슘스테아레이트, 다이메티콘, 카프릴릴글라이콜, 트라이에톡시카프릴릴실레인, 글리세릴카프릴레이트, 알루미늄하이드록사이드, 에틸헥실글리세린, 라우로일라이신, 토코페롤, 울트라마린 (CI 77007), 적색산화철 (CI 77491), 적색226호 (CI 73360), 흑색산화철 (CI 77499), 황색산화철 (CI 77492), 황색4호 (CI 19140)
[09 Edgy]
탤크, 마이카 (CI 77019), 티타늄디옥사이드 (CI 77891), 합성플루오르플로고파이트, 흑색산화철 (CI 77499), 망가니즈바이올렛 (CI 77742), 울트라마린 (CI 77007), 적색산화철 (CI 77491), 보론나이트라이드, 실리카, 옥틸도데실스테아로일스테아레이트, 페닐트라이메티콘, 황색산화철 (CI 77492), 다이메티콘, 마카다미아씨오일, 다이펜타에리스리틸헥사하이드록시스테아레이트/헥사스테아레이트/헥사로지네이트, 마그네슘스테아레이트, 다이아이소스테아릴말레이트, 카프릴릴글라이콜, 알루미늄하이드록사이드, 글리세릴카프릴레이트, 트라이에톡시카프릴릴실레인, 카올린, 에틸헥실글리세린, 라우로일라이신, 말토덱스트린, 토코페롤, 카민 (CI 75470), 황색4호 (CI 19140)

젤테일

[휩드 베리]
티타늄디옥사이드, 마이카, 다이카프릴릴카보네이트, 다이메티콘, 실리카, 폴리메틸메타크릴레이트, 폴리에틸렌, 다이메티콘/비닐다이메티콘크로스폴리머, 페닐트라이메티콘, 적색산화철, 다이펜타에리스리틸헥사하이드록시스테아레이트/헥사스테아레이트/헥사로지네이트, 1,2-헥산다이올, 황색4호, 알루미늄하이드록사이드, 카민, 트라이에톡시카프릴릴실레인, 글리세릴카프릴레이트, 울트라마린, 흑색산화철, 토코페롤

[신더 로즈]
마이카, 다이카프릴릴카보네이트, 티타늄디옥사이드, 다이메티콘, 메틸메타크릴레이트크로스폴리머, 합성플루오르플로고파이트, 다이메티콘/비닐다이메티콘크로스폴리머, 폴리프로필렌, 적색산화철, 페닐트라이메티콘, 카민, 울트라마린, 황색산화철, 다이펜타에리스리틸헥사하이드록시스테아레이트/헥사스테아레이트/헥사로지네이트, 트라이에톡시카프릴릴실레인, 1,2-헥산다이올, 흑색산화철, 알루미늄하이드록사이드, 글리세릴카프릴레이트, 토코페롤

[울리 그레이]
마이카, 다이카프릴릴카보네이트, 다이메티콘, 메틸메타크릴레이트크로스폴리머, 합성플루오르플로고파이트, 티타늄디옥사이드, 흑색산화철, 황색산화철, 다이메티콘/비닐다이메티콘크로스폴리머, 폴리프로필렌, 페닐트라이메티콘, 적색산화철, 울트라마린, 다이펜타에리스리틸헥사하이드록시스테아레이트/헥사스테아레이트/헥사로지네이트, 트라이에톡시카프릴릴실레인, 1,2-헥산다이올, 글리세릴카프릴레이트, 카민, 알루미늄하이드록사이드, 토코페롤

[ 우드스모크 ]  마이카, 합성플루오르플로고파이트, 흑색산화철, 다이카프릴릴카보네이트, 비스-베헤닐/아이소스테아릴/피토스테릴다이머다이리놀레일다이머다이리놀리에이트, 실리카, 폴리메틸메타크릴레이트, 폴리프로필렌, 페닐트라이메티콘, 황색산화철, 다이메티콘, 다이아이소스테아릴말레이트, 적색산화철, 울트라마린, 다이메티콘/비닐다이메티콘크로스폴리머, 다이펜타에리스리틸헥사하이드록시스테아레이트/헥사스테아레이트/헥사로지네이트, 티타늄디옥사이드, 1,2-헥산다이올, 트라이에톡시카프릴릴실레인, 글리세릴카프릴레이트, 라우로일라이신, 알루미늄하이드록사이드, 토코페롤

[ 코코아 브륄레 ]  마이카, 합성플루오르플로고파이트, 흑색산화철, 다이카프릴릴카보네이트, 적색산화철, 실리카, 폴리메틸메타크릴레이트, 폴리프로필렌, 비스-베헤닐/아이소스테아릴/피토스테릴다이머다이리놀레일다이머다이리놀리에이트, 페닐트라이메티콘, 다이메티콘, 다이아이소스테아릴말레이트, 황색산화철, 다이메티콘/비닐다이메티콘크로스폴리머, 다이펜타에리스리틸헥사하이드록시스테아레이트/헥사스테아레이트/헥사로지네이트, 1,2-헥산다이올, 트라이에톡시카프릴릴실레인, 글리세릴카프릴레이트, 알루미늄하이드록사이드, 라우로일라이신, 토코페롤

[ 몰튼 아메리카노 ]  마이카, 합성플루오르플로고파이트, 흑색산화철, 적색산화철, 다이카프릴릴카보네이트, 실리카, 폴리메틸메타크릴레이트, 폴리프로필렌, 비스-베헤닐/아이소스테아릴/피토스테릴다이머다이리놀레일다이머다이리놀리에이트, 페닐트라이메티콘, 다이메티콘, 다이아이소스테아릴말레이트, 다이메티콘/비닐다이메티콘크로스폴리머, 다이펜타에리스리틸헥사하이드록시스테아레이트/헥사스테아레이트/헥사로지네이트, 황색산화철, 1,2-헥산다이올, 적색226호, 울트라마린, 트라이에톡시카프릴릴실레인, 글리세릴카프릴레이트, 알루미늄하이드록사이드, 라우로일라이신, 정제수, 소듐클로라이드, 소듐설페이트, 토코페롤

[베이지우드]
마이카, 티타늄디옥사이드, 다이카프릴릴카보네이트, 다이메티콘, 메틸메타크릴레이트크로스폴리머, 합성플루오르플로고파이트, 황색산화철, 다이메티콘/비닐다이메티콘크로스폴리머, 폴리프로필렌, 페닐트라이메티콘, 흑색산화철, 적색산화철, 다이펜타에리스리틸헥사하이드록시스테아레이트/헥사스테아레이트/헥사로지네이트, 트라이에톡시카프릴릴실레인, 울트라마린, 1,2-헥산다이올, 알루미늄하이드록사이드, 글리세릴카프릴레이트, 카민, 토코페롤

[소이 로즈]
마이카, 다이카프릴릴카보네이트, 다이메티콘, 티타늄디옥사이드, 메틸메타크릴레이트크로스폴리머, 합성플루오르플로고파이트, 황색산화철, 적색산화철, 다이메티콘/비닐다이메티콘크로스폴리머, 폴리프로필렌, 페닐트라이메티콘, 울트라마린, 카민, 다이펜타에리스리틸헥사하이드록시스테아레이트/헥사스테아레이트/헥사로지네이트, 트라이에톡시카프릴릴실레인, 흑색산화철, 1,2-헥산다이올, 알루미늄하이드록사이드, 글리세릴카프릴레이트, 토코페롤

[시나몬 브루]
마이카, 다이카프릴릴카보네이트, 다이메티콘, 메틸메타크릴레이트크로스폴리머, 합성플루오르플로고파이트, 황색산화철, 티타늄디옥사이드, 다이메티콘/비닐다이메티콘크로스폴리머, 폴리프로필렌, 적색산화철, 페닐트라이메티콘, 흑색산화철, 다이펜타에리스리틸헥사하이드록시스테아레이트/헥사스테아레이트/헥사로지네이트, 트라이에톡시카프릴릴실레인, 울트라마린, 1,2-헥산다이올, 카민, 글리세릴카프릴레이트, 알루미늄하이드록사이드, 토코페롤

[멜티드 헤이즐]
마이카, 다이카프릴릴카보네이트, 다이메티콘, 메틸메타크릴레이트크로스폴리머, 합성플루오르플로고파이트, 티타늄디옥사이드, 황색산화철, 적색산화철, 폴리프로필렌, 다이메티콘/비닐다이메티콘크로스폴리머, 흑색산화철, 페닐트라이메티콘, 울트라마린, 다이펜타에리스리틸헥사하이드록시스테아레이트/헥사스테아레이트/헥사로지네이트, 트라이에톡시카프릴릴실레인, 1,2-헥산다이올, 알루미늄하이드록사이드, 글리세릴카프릴레이트, 카민, 토코페롤"
48,A000000263072,[9월 올영픽][누렁이 콜라보] 제로이드 포밍 클렌저 240ml 본품 + 240ml 리필 기획 (+랜덤 띠부씰 1종),18,"정제수, 다이소듐라우릴설포석시네이트, 소듐라우로일메틸이세티오네이트, 다이소듐코코암포다이아세테이트, 코코-글루코사이드, 글리세린, 1,2-헥산다이올, 베타인, 소듐클로라이드, 하이드록시에틸우레아, 시트릭애씨드, 하이드록시아세토페논, 다이소듐이디티에이, 헥실렌글라이콜, 소듐피씨에이, 소듐하이알루로네이트, 미리스토일/팔미토일옥소스테아라마이드/아라카마이드엠이에이"
49,A000000259872,[NEW][리뉴얼/철벽커버] 에이프릴스킨 히어로쿠션 2.0 (본품+리필+퍼프2개),273,"19호 페어 베이지
정제수, 티타늄디옥사이드 (CI 77891), 사이클로펜타실록세인, 호모살레이트, 글리세린, 에칠헥실살리실레이트, 다이페닐실록시페닐트라이메티콘, 펜타에리스리틸테트라에틸헥사노에이트, 나이아신아마이드, 옥토크릴렌, 세틸피이지/피피지-10/1다이메티콘, 마이카 (CI 77019), 징크옥사이드 (CI 77947), 1,2-헥산다이올, 다이아이소스테아릴말레이트, 바륨설페이트, 라우릴피이지-10트리스(트라이메틸실록시)실릴에틸다이메티콘, 실리카, 트라이메틸실록시실리케이트, 비닐다이메티콘/메티콘실세스퀴옥세인크로스폴리머, 마그네슘설페이트, 황색산화철 (CI 77492), 아크릴레이트/스테아릴아크릴레이트/다이메티콘메타크릴레이트코폴리머, 피이지-10다이메티콘, 알루미늄하이드록사이드, 아이소도데케인, 옥틸도데칸올, 트라이에톡시카프릴릴실레인, 스테아릭애씨드, 알루미나, 다이스테아다이모늄헥토라이트, 적색산화철 (CI 77491), 향료, 폴리글리세릴-4아이소스테아레이트, 흑색산화철 (CI 77499), 아데노신, 트라이소듐에틸렌다이아민다이석시네이트, 아이소프로필티타늄트라이아이소스테아레이트, 마그네슘미리스테이트, 부틸렌글라이콜, 판테놀, 진주가루, 다이메틸실란올하이알루로네이트, 하이드롤라이즈드하이알루로닉애씨드, 하이드롤라이즈드소듐하이알루로네이트, 하이알루로닉애씨드, 포타슘하이알루로네이트, 소듐하이알루로네이트, 하이드록시프로필트라이모늄하이알루로네이트, 소듐하이알루로네이트크로스폴리머, 카프릴릭/카프릭트라이글리세라이드, 세라마이드엔피, 마데카소사이드, 펜타에리스리틸테트라-다이-t-부틸하이드록시하이드로신나메이트, 소듐하이알루로네이트다이메틸실란올, 토코페롤, 소듐아세틸레이티드하이알루로네이트, 하이드로제네이티드레시틴, 병풀추출물, 홀리바질잎추출물, 님잎추출물, 콘민트추출물, 알로에베라잎추출물, 티트리잎추출물, 에틸헥실글리세린, 장미꽃추출물, 소듐디엔에이, 소듐스테아로일글루타메이트

21호 라이트 베이지
정제수, 티타늄디옥사이드 (CI 77891), 사이클로펜타실록세인, 호모살레이트, 글리세린, 에칠헥실살리실레이트, 다이페닐실록시페닐트라이메티콘, 펜타에리스리틸테트라에틸헥사노에이트, 나이아신아마이드, 옥토크릴렌, 세틸피이지/피피지-10/1다이메티콘, 마이카 (CI 77019), 징크옥사이드 (CI 77947), 1,2-헥산다이올, 다이아이소스테아릴말레이트, 바륨설페이트, 황색산화철 (CI 77492), 라우릴피이지-10트리스(트라이메틸실록시)실릴에틸다이메티콘, 실리카, 트라이메틸실록시실리케이트, 비닐다이메티콘/메티콘실세스퀴옥세인크로스폴리머, 마그네슘설페이트, 아이소도데케인, 옥틸도데칸올, 아크릴레이트/스테아릴아크릴레이트/다이메티콘메타크릴레이트코폴리머, 피이지-10다이메티콘, 알루미늄하이드록사이드, 트라이에톡시카프릴릴실레인, 스테아릭애씨드, 적색산화철 (CI 77491), 알루미나, 다이스테아다이모늄헥토라이트, 폴리글리세릴-4아이소스테아레이트, 향료, 흑색산화철 (CI 77499), 아이소프로필티타늄트라이아이소스테아레이트, 아데노신, 트라이소듐에틸렌다이아민다이석시네이트, 마그네슘미리스테이트, 부틸렌글라이콜, 판테놀, 진주가루, 다이메틸실란올하이알루로네이트, 하이드롤라이즈드하이알루로닉애씨드, 하이드롤라이즈드소듐하이알루로네이트, 하이알루로닉애씨드, 포타슘하이알루로네이트, 소듐하이알루로네이트, 하이드록시프로필트라이모늄하이알루로네이트, 소듐하이알루로네이트크로스폴리머, 카프릴릭/카프릭트라이글리세라이드, 세라마이드엔피, 마데카소사이드, 펜타에리스리틸테트라-다이-t-부틸하이드록시하이드로신나메이트, 소듐하이알루로네이트다이메틸실란올, 토코페롤, 소듐아세틸레이티드하이알루로네이트, 하이드로제네이티드레시틴, 병풀추출물, 홀리바질잎추출물, 님잎추출물, 콘민트추출물, 알로에베라잎추출물, 티트리잎추출물, 에틸헥실글리세린, 장미꽃추출물, 소듐디엔에이, 소듐스테아로일글루타메이트

22호 핑크 베이지
정제수, 티타늄디옥사이드 (CI 77891), 사이클로펜타실록세인, 호모살레이트, 글리세린, 에칠헥실살리실레이트, 다이페닐실록시페닐트라이메티콘, 펜타에리스리틸테트라에틸헥사노에이트, 나이아신아마이드, 옥토크릴렌, 세틸피이지/피피지-10/1다이메티콘, 마이카 (CI 77019), 징크옥사이드 (CI 77947), 황색산화철 (CI 77492), 1,2-헥산다이올, 다이아이소스테아릴말레이트, 바륨설페이트, 아이소도데케인, 옥틸도데칸올, 라우릴피이지-10트리스(트라이메틸실록시)실릴에틸다이메티콘, 실리카, 트라이메틸실록시실리케이트, 비닐다이메티콘/메티콘실세스퀴옥세인크로스폴리머, 마그네슘설페이트, 아크릴레이트/스테아릴아크릴레이트/다이메티콘메타크릴레이트코폴리머, 피이지-10다이메티콘, 알루미늄하이드록사이드, 트라이에톡시카프릴릴실레인, 적색산화철 (CI 77491), 스테아릭애씨드, 알루미나, 다이스테아다이모늄헥토라이트, 폴리글리세릴-4아이소스테아레이트, 흑색산화철 (CI 77499), 향료, 아이소프로필티타늄트라이아이소스테아레이트, 아데노신, 트라이소듐에틸렌다이아민다이석시네이트, 마그네슘미리스테이트, 부틸렌글라이콜, 판테놀, 진주가루, 다이메틸실란올하이알루로네이트, 하이드롤라이즈드하이알루로닉애씨드, 하이드롤라이즈드소듐하이알루로네이트, 하이알루로닉애씨드, 포타슘하이알루로네이트, 소듐하이알루로네이트, 하이드록시프로필트라이모늄하이알루로네이트, 소듐하이알루로네이트크로스폴리머, 카프릴릭/카프릭트라이글리세라이드, 세라마이드엔피, 마데카소사이드, 펜타에리스리틸테트라-다이-t-부틸하이드록시하이드로신나메이트, 소듐하이알루로네이트다이메틸실란올, 토코페롤, 소듐아세틸레이티드하이알루로네이트, 하이드로제네이티드레시틴, 병풀추출물, 홀리바질잎추출물, 님잎추출물, 콘민트추출물, 알로에베라잎추출물, 티트리잎추출물, 에틸헥실글리세린, 장미꽃추출물, 소듐디엔에이, 소듐스테아로일글루타메이트

23호 내추럴 베이지
정제수, 티타늄디옥사이드 (CI 77891), 사이클로펜타실록세인, 호모살레이트, 글리세린, 에칠헥실살리실레이트, 다이페닐실록시페닐트라이메티콘, 펜타에리스리틸테트라에틸헥사노에이트, 황색산화철 (CI 77492), 나이아신아마이드, 옥토크릴렌, 세틸피이지/피피지-10/1다이메티콘, 마이카 (CI 77019), 징크옥사이드 (CI 77947), 1,2-헥산다이올, 다이아이소스테아릴말레이트, 아이소도데케인, 옥틸도데칸올, 바륨설페이트, 라우릴피이지-10트리스(트라이메틸실록시)실릴에틸다이메티콘, 실리카, 트라이메틸실록시실리케이트, 비닐다이메티콘/메티콘실세스퀴옥세인크로스폴리머, 마그네슘설페이트, 아크릴레이트/스테아릴아크릴레이트/다이메티콘메타크릴레이트코폴리머, 피이지-10다이메티콘, 알루미늄하이드록사이드, 트라이에톡시카프릴릴실레인, 적색산화철 (CI 77491), 스테아릭애씨드, 알루미나, 폴리글리세릴-4아이소스테아레이트, 다이스테아다이모늄헥토라이트, 흑색산화철 (CI 77499), 향료, 아이소프로필티타늄트라이아이소스테아레이트, 아데노신, 트라이소듐에틸렌다이아민다이석시네이트, 마그네슘미리스테이트, 부틸렌글라이콜, 판테놀, 진주가루, 다이메틸실란올하이알루로네이트, 하이드롤라이즈드하이알루로닉애씨드, 하이드롤라이즈드소듐하이알루로네이트, 하이알루로닉애씨드, 포타슘하이알루로네이트, 소듐하이알루로네이트, 하이드록시프로필트라이모늄하이알루로네이트, 소듐하이알루로네이트크로스폴리머, 카프릴릭/카프릭트라이글리세라이드, 세라마이드엔피, 마데카소사이드, 펜타에리스리틸테트라-다이-t-부틸하이드록시하이드로신나메이트, 소듐하이알루로네이트다이메틸실란올, 토코페롤, 소듐아세틸레이티드하이알루로네이트, 하이드로제네이티드레시틴, 병풀추출물, 홀리바질잎추출물, 님잎추출물, 콘민트추출물, 알로에베라잎추출물, 티트리잎추출물, 에틸헥실글리세린, 장미꽃추출물, 소듐디엔에이, 소듐스테아로일글루타메이트"
50,A000000198320,[올영 어워즈 1등 크림] 에스트라 아토베리어365 크림 80ml,42,"정제수, 부틸렌글라이콜, 글리세린, 부틸렌글라이콜다이카프릴레이트/다이카프레이트, 세틸에틸헥사노에이트, 스쿠알란, 펜타에리스리틸테트라아이소스테아레이트, 다이카프릴릴카보네이트, 베헤닐알코올, 다이메티콘, 하이드록시프로필비스팔미타마이드엠이에이, 스테아릭애씨드, 베타인, 만니톨, C14-22알코올, 팔미틱애씨드, 하이드록시프로필비스라우라마이드엠이에이, 아라키딜알코올, 콜레스테롤, 폴리아크릴레이트-13, C12-20알킬글루코사이드, 알란토인, 아라키딜글루코사이드, 나이아신아마이드, 세라마이드엔피, 글리세릴카프릴레이트, 에틸헥실글리세린, 하이드로제네이티드폴리아이소부텐, 카보머, 트로메타민, 다이메티콘올, 폴리글리세릴-10라우레이트, 하이드로제네이티드레시틴, 에틸헥실팔미테이트, 아크릴레이트/암모늄메타크릴레이트코폴리머, 솔비탄아이소스테아레이트, 실리카, 피토스핑고신, 스핑고리피드, 아라키딕애씨드, 토코페롤, 올레익애씨드"
51,A000000262530,[9월올영픽/산리오콜라보] 메이크프렘 세이프 미 클렌징밀크 200ml기획 (+리필 200ml+미니21ml+손목세안밴드),66,"세이프 미 릴리프 모이스처 클렌징 밀크
정제수, 올리브오일, 잇꽃씨오일, 아이소펜틸다이올, 글리세린, 글리세릴스테아레이트, 데실글루코사이드, 아라키딜알코올, 1,2-헥산다이올, 돌콩단백질, 백미꽃추출물, 메도우폼씨오일, 세라마이드엔피, 하이드롤라이즈드하이알루로닉애씨드, 소듐하이알루로네이트, 판테놀, 토코페롤, 알란토인, 알지닌, 에틸헥실글리세린, 잔탄검, 아크릴레이트/C10-30알킬아크릴레이트크로스폴리머, 비스-에톡시다이글라이콜석시네이트, 아라키딜글루코사이드, 글루코오스, 하이드록시아세토페논, 베타인살리실레이트, 세테아릴알코올, 베헤닐알코올, 시트릭애씨드, 베르가모트오일, 클레리오일 

PDRN 포어 클레이 클렌징 밀크
정제수, 글리세린, 세틸에틸헥사노에이트, 아이소프로필미리스테이트, 에틸헥실팔미테이트, 카프릴릭/카프릭트라이글리세라이드, 아라키딜알코올, 라우릴글루코사이드, 마니쿠아강클레이(10,000ppm), 베헤닐알코올, 1,2-헥산다이올, 하이드록시아세토페논, 하이드록시에틸아크릴레이트/소듐아크릴로일다이메틸타우레이트코폴리머, 아라키딜글루코사이드, 스쿠알란, 아크릴레이트/C10-30알킬아크릴레이트크로스폴리머, 알지닌, 동백나무씨오일, 프로판다이올, 폴리솔베이트60, 잔탄검, 시트릭애씨드, 다이소듐이디티에이, 솔비탄아이소스테아레이트, 소듐디엔에이(107.5ppm), 쌀겨오일, 글루코노락톤, 카프릴로일살리실릭애씨드, 소듐파이테이트, 락틱애씨드, 부틸렌글라이콜, 우유단백질추출물"
53,A000000261065,셀리맥스 더 비타 A 레티날 샷 타이트닝 듀얼 크림 50ml,52,"(1제) 정제수, 글리세린, 다이메티콘, 카프릴릭/카프릭트라이글리세라이드, 부틸렌글라이콜, 세테아릴알코올, 나이아신아마이드, 1,2-헥산다이올, 세테아릴올리베이트, 합성비즈왁스, 소듐폴리아크릴레이트, 다이아이소스테아릴말레이트, 솔비탄올리베이트, 글리세릴스테아레이트, 카보머, 알지닌, 토코페롤, 레시틴, 에틸헥실글리세린, 잔탄검, 레틴알(0.05%), 아데노신, 소듐락테이트, 하이드롤라이즈드해면, 다이소듐이디티에이, 폴리솔베이트20, 아스코빅애씨드, 팔미토일트라이펩타이드-1, 팔미토일테트라펩타이드-7
(2제) 정제수, 글리세린, 다이메티콘, 판테놀, 카프릴릭/카프릭트라이글리세라이드, 세테아릴알코올, 나이아신아마이드, 부틸렌글라이콜, 1,2-헥산다이올, 세테아릴올리베이트, 합성비즈왁스, 소듐폴리아크릴레이트, 다이아이소스테아릴말레이트, 솔비탄올리베이트, 글리세릴스테아레이트, 구아이아줄렌, 카보머, 알지닌, 에틸헥실글리세린, 잔탄검, 아데노신, 다이소듐이디티에이"
54,A000000137964,[산리오 캐릭터즈/마이멜로디 파우치] 릴리바이레드 러브빔 치크밤 20종,568,"01 #청초빔
마카다미아씨오일폴리글리세릴-6에스터스베헤네이트, 하이드로제네이티드폴리(C6-14올레핀), 트라이에틸헥사노인, 폴리메틸실세스퀴옥세인, 티타늄디옥사이드, 마이카, 옥틸도데칸올, 비스-다이글리세릴폴리아실아디페이트-2, 다이펜타에리스리틸헥사하이드록시스테아레이트/헥사스테아레이트/헥사로지네이트, 합성왁스, 아이소노닐아이소노나노에이트, 마이크로크리스탈린왁스, 황색산화철, 적색104호의(1), 합성비즈왁스, C13-15알케인, 솔비탄아이소스테아레이트, 세틸피이지/피피지-10/1다이메티콘, 스테아릭애씨드, 폴리글리세릴-3폴리리시놀리에이트, 토코페릴아세테이트, 트라이에톡시카프릴릴실레인, 페녹시에탄올, 알루미늄하이드록사이드, 다이스테아다이모늄헥토라이트, 토코페롤, 비에이치티, 펜타에리스리틸테트라-다이-t-부틸하이드록시하이드로신나메이트

02 #순수빔
티타늄디옥사이드, 마카다미아씨오일폴리글리세릴-6에스터스베헤네이트, 하이드로제네이티드폴리(C6-14올레핀), 트라이에틸헥사노인, 마이카, 폴리메틸실세스퀴옥세인, 옥틸도데칸올, 비스-다이글리세릴폴리아실아디페이트-2, 다이펜타에리스리틸헥사하이드록시스테아레이트/헥사스테아레이트/헥사로지네이트, 합성왁스, 아이소노닐아이소노나노에이트, 마이크로크리스탈린왁스, 합성비즈왁스, 적색104호의(1), C13-15알케인, 솔비탄아이소스테아레이트, 세틸피이지/피피지-10/1다이메티콘, 스테아릭애씨드, 폴리글리세릴-3폴리리시놀리에이트, 토코페릴아세테이트, 황색4호, 트라이에톡시카프릴릴실레인, 알루미늄하이드록사이드, 페녹시에탄올, 다이스테아다이모늄헥토라이트, 토코페롤, 비에이치티, 펜타에리스리틸테트라-다이-t-부틸하이드록시하이드로신나메이트

03 #감성빔
마이카, 마카다미아씨오일폴리글리세릴-6에스터스베헤네이트, 폴리메틸실세스퀴옥세인, 하이드로제네이티드폴리(C6-14올레핀), 트라이에틸헥사노인, 옥틸도데칸올, 비스-다이글리세릴폴리아실아디페이트-2, 다이펜타에리스리틸헥사하이드록시스테아레이트/헥사스테아레이트/헥사로지네이트, 티타늄디옥사이드, 합성왁스, 마이크로크리스탈린왁스, 아이소노닐아이소노나

04 #심쿵빔
폴리메틸실세스퀴옥세인, 트라이에틸헥사노인, 마카다미아씨오일폴리글리세릴-6에스터스베헤네이트, 하이드로제네이티드폴리(C6-14올레핀), 실리카, 옥틸도데칸올, 비스-다이글리세릴폴리아실아디페이트-2, 다이펜타에리스리틸헥사하이드록시스테아레이트/헥사스테아레이트/헥사로지네이트, 폴리글리세릴-2트라이아이소스테아레이트, 합성왁스, 마이카, 마이크로크리스탈린왁스, 아이소노닐아이소노나노에이트, 황색5호, 합성비즈왁스, 적색104호의(1), 다이메티콘, C13-15알케인, 솔비탄아이소스테아레이트, 세틸피이지/피피지-10/1다이메티콘, 티타늄디옥사이드, 스테아릭애씨드, 폴리글리세릴-3폴리리시놀리에이트, 토코페릴아세테이트, 적색202호, 페녹시에탄올, 다이스테아다이모늄헥토라이트, 트라이에톡시카프릴릴실레인, 알루미늄하이드록사이드, 토코페롤, 비에이치티, 적색산화철, 황색산화철, 펜타에리스리틸테트라-다이-t-부틸하이드록시하이드로신나메이트

05 #앙큼빔
티타늄디옥사이드, 트라이에틸헥사노인, 하이드로제네이티드폴리(C6-14올레핀), 마카다미아씨오일폴리글리세릴-6에스터스베헤네이트, 폴리메틸실세스퀴옥세인, 옥틸도데칸올, 마이카, 비스-다이글리세릴폴리아실아디페이트-2, 다이펜타에리스리틸헥사하이드록시스테아레이트/헥사스테아레이트/헥사로지네이트, 합성왁스, 마이크로크리스탈린왁스, 아이소노닐아이소노나노에이트, 합성비즈왁스, 솔비탄아이소스테아레이트, 세틸피이지/피피지-10/1다이메티콘, 적색104호의(1), 스테아릭애씨드, 트라이에톡시카프릴릴실레인, 알루미늄하이드록사이드, 토코페릴아세테이트, 페녹시에탄올, 청색1호, 토코페롤, 비에이치티, 펜타에리스리틸테트라-다이-t-부틸하이드록시하이드로신나메이트

06 #복숭빔
티타늄디옥사이드, 마카다미아씨오일폴리글리세릴-6에스터스베헤네이트, 트라이에틸헥사노인, 폴리메틸실세스퀴옥세인, 하이드로제네이티드폴리(C6-14올레핀), 마이카, 옥틸도데칸올, 비스-다이글리세릴폴리아실아디페이트-2, 다이펜타에리스리틸헥사하이드록시스테아레이트/헥사스테아레이트/헥사로지네이트, 합성왁스, 폴리글리세릴-2트라이아이소스테아레이트, 옻나무껍질왁스, 아이소노닐아이소노나노에이트, 합성비즈왁스, 황색4호, 솔비탄아이소스테아레이트, 세틸피이지/피피지-10/1다이메티콘, 스테아릭애씨드, 적색104호의(1), 옥토크릴렌, 토코페릴아세테이트, 트라이에톡시카프릴릴실레인, 알루미늄하이드록사이드, 페녹시에탄올, 토코페롤, 펜타에리스리틸테트라-다이-t-부틸하이드록시하이드로신나메이트

07 #발그레빔
티타늄디옥사이드, 트라이에틸헥사노인, 하이드로제네이티드폴리(C6-14올레핀), 마카다미아씨오일폴리글리세릴-6에스터스베헤네이트, 폴리메틸실세스퀴옥세인, 마이카, 옥틸도데칸올, 합성왁스, 다이펜타에리스리틸헥사하이드록시스테아레이트/헥사스테아레이트/헥사로지네이트, 비스-다이글리세릴폴리아실아디페이트-2, 마이크로크리스탈린왁스, C13-15알케인, 솔비탄아이소스테아레이트, 세틸피이지/피피지-10/1다이메티콘, 폴리글리세릴-3폴리리시놀리에이트, 합성비즈왁스, 황색산화철, 적색104호의(1), 페녹시에탄올, 다이스테아다이모늄헥토라이트, 스테아릭애씨드, 트라이에톡시카프릴릴실레인, 토코페릴아세테이트, 알루미늄하이드록사이드, 다이메티콘, 토코페롤, 펜타에리스리틸테트라-다이-t-부틸하이드록시하이드로신나메이트, 비에이치티

09 #새콤빔
마카다미아씨오일폴리글리세릴-6에스터스베헤네이트, 트라이에틸헥사노인, 마이카, 폴리메틸실세스퀴옥세인, 하이드로제네이티드폴리(C6-14올레핀), 티타늄디옥사이드, 옥틸도데칸올, 비스-다이글리세릴폴리아실아디페이트-2, 다이펜타에리스리틸헥사하이드록시스테아레이트/헥사스테아레이트/헥사로지네이트, 합성왁스, 폴리글리세릴-2트라이아이소스테아레이트, 트라이베헤닌, 아이소노닐아이소노나노에이트, 황색4호, 합성비즈왁스, 솔비탄아이소스테아레이트, C13-15알케인, 세틸피이지/피피지-10/1다이메티콘, 폴리글리세릴-3폴리리시놀리에이트, 적색104호의(1), 스테아릭애씨드, 옥토크릴렌, 토코페릴아세테이트, 다이스테아다이모늄헥토라이트, 트라이에톡시카프릴릴실레인, 알루미늄하이드록사이드, 페녹시에탄올, 토코페롤, 펜타에리스리틸테트라-다이-t-부틸하이드록시하이드로신나메이트

10 #포도빔
폴리메틸실세스퀴옥세인, 마이카, 마카다미아씨오일폴리글리세릴-6에스터스베헤네이트, 폴리글리세릴-2트라이아이소스테아레이트, 옥틸도데칸올, 다이펜타에리스리틸헥사하이드록시스테아레이트/헥사스테아레이트/헥사로지네이트, 비스-다이글리세릴폴리아실아디페이트-2, 티타늄디옥사이드, 합성왁스, 트라이에틸헥사노인, 하이드로제네이티드폴리(C6-14올레핀), 트라이베헤닌, 아이소노닐아이소노나노에이트, 합성비즈왁스, 솔비탄아이소스테아레이트, C13-15알케인, 황색산화철, 1,2-헥산다이올, 세틸피이지/피피지-10/1다이메티콘, 폴리글리세릴-3폴리리시놀리에이트, 스테아릭애씨드, 옥토크릴렌, 페녹시에탄올, 토코페릴아세테이트, 적색202호, 다이스테아다이모늄헥토라이트, 트라이에톡시카프릴릴실레인, 흑색산화철, 알루미늄하이드록사이드, 토코페롤, 펜타에리스리틸테트라-다이-t-부틸하이드록시하이드로신나메이트

11 #포근빔
폴리글리세릴-2트라이아이소스테아레이트, 마카다미아씨오일폴리글리세릴-6에스터스베헤네이트, 마이카, 티타늄디옥사이드, 폴리메틸실세스퀴옥세인, 비스-다이글리세릴폴리아실아디페이트-2, 다이펜타에리스리틸헥사하이드록시스테아레이트/헥사스테아레이트/헥사로지네이트, 합성왁스, 옥틸도데칸올, 하이드로제네이티드폴리(C6-14올레핀), 트라이에틸헥사노인, 마이크로크리스탈린왁스, 아이소노닐아이소노나노에이트, 황색산화철, 합성비즈왁스, 솔비탄아이소스테아레이트, C13-15알케인, 세틸피이지/피피지-10/1다이메티콘, 폴리글리세릴-3폴리리시놀리에이트, 스테아릭애씨드, 페녹시에탄올, 다이메티콘, 토코페릴아세테이트, 트라이에톡시카프릴릴실레인, 알루미늄하이드록사이드, 적색202호, 다이스테아다이모늄헥토라이트, 흑색산화철, 적색226호, 토코페롤, 비에이치티, 펜타에리스리틸테트라-다이-t-부틸하이드록시하이드로신나메이트

12 #두근빔
폴리글리세릴-2트라이아이소스테아레이트, 마카다미아씨오일폴리글리세릴-6에스터스베헤네이트, 마이카, 티타늄디옥사이드, 폴리메틸실세스퀴옥세인, 비스-다이글리세릴폴리아실아디페이트-2, 다이펜타에리스리틸헥사하이드록시스테아레이트/헥사스테아레이트/헥사로지네이트, 합성왁스, 옥틸도데칸올, 하이드로제네이티드폴리(C6-14올레핀), 트라이에틸헥사노인, 마이크로크리스탈린왁스, 아이소노닐아이소노나노에이트, 황색산화철, 합성비즈왁스, 솔비탄아이소스테아레이트, C13-15알케인, 세틸피이지/피피지-10/1다이메티콘, 폴리글리세릴-3폴리리시놀리에이트, 스테아릭애씨드, 페녹시에탄올, 다이메티콘, 토코페릴아세테이트, 트라이에톡시카프릴릴실레인, 적색202호, 알루미늄하이드록사이드, 다이스테아다이모늄헥토라이트, 흑색산화철, 토코페롤, 비에이치티, 펜타에리스리틸테트라-다이-t-부틸하이드록시하이드로신나메이트 

13 #부끄빔
트라이에틸헥사노인, 하이드로제네이티드폴리(C6-14올레핀), 마카다미아씨오일폴리글리세릴-6에스터스베헤네이트, 티타늄디옥사이드, 폴리메틸실세스퀴옥세인, 마이카, 옥틸도데칸올, 합성왁스, 다이펜타에리스리틸헥사하이드록시스테아레이트/헥사스테아레이트/헥사로지네이트, 비스-다이글리세릴폴리아실아디페이트-2, 마이크로크리스탈린왁스, C13-15알케인, 황색산화철, 폴리글리세릴-2트라이아이소스테아레이트, 폴리글리세릴-3폴리리시놀리에이트, 솔비탄아이소스테아레이트, 합성비즈왁스, 세틸피이지/피피지-10/1다이메티콘, 다이스테아다이모늄헥토라이트, 페녹시에탄올, 적색202호, 스테아릭애씨드, 토코페릴아세테이트, 트라이에톡시카프릴릴실레인, 알루미늄하이드록사이드, 다이메티콘, 흑색산화철, 적색226호, 토코페롤, 비에이치티, 펜타에리스리틸테트라-다이-t-부틸하이드록시하이드로신나메이트

14 #로지빔
티타늄디옥사이드, 하이드로제네이티드폴리(C6-14올레핀), 마카다미아씨오일폴리글리세릴-6에스터스베헤네이트, 트라이에틸헥사노인, 폴리메틸실세스퀴옥세인, 마이카, 옥틸도데칸올, 합성왁스, 다이펜타에리스리틸헥사하이드록시스테아레이트/헥사스테아레이트/헥사로지네이트, 비스-다이글리세릴폴리아실아디페이트-2, 마이크로크리스탈린왁스, C13-15알케인, 솔비탄아이소스테아레이트, 세틸피이지/피피지-10/1다이메티콘, 폴리글리세릴-3폴리리시놀리에이트, 적색산화철, 황색산화철, 합성비즈왁스, 폴리글리세릴-2트라이아이소스테아레이트, 페녹시에탄올, 다이스테아다이모늄헥토라이트, 스테아릭애씨드, 트라이에톡시카프릴릴실레인, 토코페릴아세테이트, 청색1호, 알루미늄하이드록사이드, 다이메티콘, 적색202호, 흑색산화철, 토코페롤, 펜타에리스리틸테트라-다이-t-부틸하이드록시하이드로신나메이트, 비에이치티

15 #너티빔
티타늄디옥사이드, 하이드로제네이티드폴리(C6-14올레핀), 트라이에틸헥사노인, 마카다미아씨오일폴리글리세릴-6에스터스베헤네이트, 폴리메틸실세스퀴옥세인, 마이카, 옥틸도데칸올, 합성왁스, 다이펜타에리스리틸헥사하이드록시스테아레이트/헥사스테아레이트/헥사로지네이트, 비스-다이글리세릴폴리아실아디페이트-2, 마이크로크리스탈린왁스, C13-15알케인, 솔비탄아이소스테아레이트, 세틸피이지/피피지-10/1다이메티콘, 폴리글리세릴-3폴리리시놀리에이트, 적색산화철, 합성비즈왁스, 황색산화철, 흑색산화철, 다이스테아다이모늄헥토라이트, 페녹시에탄올, 스테아릭애씨드, 트라이에톡시카프릴릴실레인, 토코페릴아세테이트, 알루미늄하이드록사이드, 폴리글리세릴-2트라이아이소스테아레이트, 다이메티콘, 적색202호, 토코페롤, 펜타에리스리틸테트라-다이-t-부틸하이드록시하이드로신나메이트, 비에이치티

16 #꿀복빔
티타늄디옥사이드, 트라이에틸헥사노인, 하이드로제네이티드폴리(C6-14올레핀), 마카다미아씨오일폴리글리세릴-6에스터스베헤네이트, 폴리메틸실세스퀴옥세인, 마이카, 옥틸도데칸올, 합성왁스, 다이펜타에리스리틸헥사하이드록시스테아레이트/헥사스테아레이트/헥사로지네이트, 비스-다이글리세릴폴리아실아디페이트-2, 마이크로크리스탈린왁스, C13-15알케인, 솔비탄아이소스테아레이트, 세틸피이지/피피지-10/1다이메티콘, 폴리글리세릴-3폴리리시놀리에이트, 황색5호, 합성비즈왁스, 알루미늄하이드록사이드, 다이스테아다이모늄헥토라이트, 페녹시에탄올, 적색226호, 황색산화철, 스테아릭애씨드, 흑색산화철, 토코페릴아세테이트, 트라이에톡시카프릴릴실레인, 다이메티콘, 적색202호, 토코페롤, 펜타에리스리틸테트라-다이-t-부틸하이드록시하이드로신나메이트, 비에이치티

17 #딱복빔
티타늄디옥사이드,  트라이에틸헥사노인,  하이드로제네이티드폴리(C6-14올레핀),  마카다미아씨오일폴리글리세릴-6에스터스베헤네이트,  폴리메틸실세스퀴옥세인,  마이카,  옥틸도데칸올,  합성왁스,  다이펜타에리스리틸헥사하이드록시스테아레이트/헥사스테아레이트/헥사로지네이트, 비스-다이글리세릴폴리아실아디페이트-2,  마이크로크리스탈린왁스,  C13-15알케인,  솔비탄아이소스테아레이트, 세틸피이지/피피지-10/1다이메티콘, 폴리글리세릴-3폴리리시놀리에이트, 황색5호, 합성비즈왁스, 알루미늄하이드록사이드, 다이스테아다이모늄헥토라이트, 페녹시에탄올,  적색226호, 스테아릭애씨드, 황색산화철, 토코페릴아세테이트, 트라이에톡시카프릴릴실레인, 다이메티콘, 흑색산화철, 적색202호, 토코페롤, 펜타에리스리틸테트라-다이-t-부틸하이드록시하이드로신나메이트, 비에이치티 

18 #딸기빔
티타늄디옥사이드, 트라이에틸헥사노인, 하이드로제네이티드폴리(C6-14올레핀), 마카다미아씨오일폴리글리세릴-6에스터스베헤네이트, 폴리메틸실세스퀴옥세인, 마이카, 옥틸도데칸올, 합성왁스, 다이펜타에리스리틸헥사하이드록시스테아레이트/헥사스테아레이트/헥사로지네이트, 비스-다이글리세릴폴리아실아디페이트-2, 마이크로크리스탈린왁스, C13-15알케인, 솔비탄아이소스테아레이트, 세틸피이지/피피지-10/1다이메티콘, 폴리글리세릴-3폴리리시놀리에이트, 합성비즈왁스, 알루미늄하이드록사이드, 다이스테아다이모늄헥토라이트, 페녹시에탄올, 스테아릭애씨드, 적색226호, 토코페릴아세테이트, 트라이에톡시카프릴릴실레인, 울트라마린, 다이메티콘, 적색202호, 토코페롤, 황색5호, 황색산화철, 펜타에리스리틸테트라-다이-t-부틸하이드록시하이드로신나메이트, 비에이치티

19 #테디빔
티타늄디옥사이드, 트라이에틸헥사노인, 하이드로제네이티드폴리(C6-14올레핀), 마카다미아씨오일폴리글리세릴-6에스터스베헤네이트, 폴리메틸실세스퀴옥세인, 마이카, 옥틸도데칸올, 합성왁스, 다이펜타에리스리틸헥사하이드록시스테아레이트/헥사스테아레이트/헥사로지네이트, 비스-다이글리세릴폴리아실아디페이트-2, 마이크로크리스탈린왁스, C13-15알케인, 솔비탄아이소스테아레이트, 세틸피이지/피피지-10/1다이메티콘, 폴리글리세릴-3폴리리시놀리에이트, 합성비즈왁스, 황색산화철, 적색산화철, 황색4호, 다이스테아다이모늄헥토라이트, 페녹시에탄올, 흑색산화철, 스테아릭애씨드, 알루미늄하이드록사이드, 트라이에톡시카프릴릴실레인, 토코페릴아세테이트, 다이메티콘, 적색226호, 적색202호, 토코페롤, 펜타에리스리틸테트라-다이-t-부틸하이드록시하이드로신나메이트, 비에이치티

20 #모카빔
티타늄디옥사이드, 트라이에틸헥사노인, 하이드로제네이티드폴리(C6-14올레핀), 마카다미아씨오일폴리글리세릴-6에스터스베헤네이트, 폴리메틸실세스퀴옥세인, 마이카, 옥틸도데칸올, 합성왁스, 다이펜타에리스리틸헥사하이드록시스테아레이트/헥사스테아레이트/헥사로지네이트, 비스-다이글리세릴폴리아실아디페이트-2, 마이크로크리스탈린왁스, C13-15알케인, 솔비탄아이소스테아레이트, 세틸피이지/피피지-10/1다이메티콘, 폴리글리세릴-3폴리리시놀리에이트, 황색산화철, 적색산화철, 합성비즈왁스, 흑색산화철, 다이스테아다이모늄헥토라이트, 페녹시에탄올, 스테아릭애씨드, 트라이에톡시카프릴릴실레인, 토코페릴아세테이트, 알루미늄하이드록사이드, 다이메티콘, 적색202호, 토코페롤, 펜타에리스리틸테트라-다이-t-부틸하이드록시하이드로신나메이트, 비에이치티

21 #타로빔
티타늄디옥사이드, 트라이에틸헥사노인, 하이드로제네이티드폴리(C6-14올레핀), 마카다미아씨오일폴리글리세릴-6에스터스베헤네이트, 폴리메틸실세스퀴옥세인, 마이카, 옥틸도데칸올, 합성왁스, 다이펜타에리스리틸헥사하이드록시스테아레이트/헥사스테아레이트/헥사로지네이트, 비스-다이글리세릴폴리아실아디페이트-2, 마이크로크리스탈린왁스, C13-15알케인, 솔비탄아이소스테아레이트, 세틸피이지/피피지-10/1다이메티콘, 폴리글리세릴-3폴리리시놀리에이트, 합성비즈왁스, 황색산화철, 적색산화철, 다이스테아다이모늄헥토라이트, 페녹시에탄올, 스테아릭애씨드, 흑색산화철, 트라이에톡시카프릴릴실레인, 토코페릴아세테이트, 알루미늄하이드록사이드, 다이메티콘, 청색1호, 적색202호, 황색4호, 황색5호, 토코페롤, 펜타에리스리틸테트라-다이-t-부틸하이드록시하이드로신나메이트, 비에이치티"
55,A000000253617,[최미나수PICK/블랙헤드1등] 마녀공장 퓨어 소이빈 클렌징오일 200ml 2입 기획,36,"돌콩오일(670,000ppm), 유럽개암씨오일, 솔베스-30테트라올리에이트, 포도씨오일, 식물성오일, 올리브오일, 카프릴릭/카프릭트라이글리세라이드, 오렌지껍질오일, 호호바씨오일, 올리브껍질오일, 라벤더오일, 정제수, 부틸렌글라이콜, 티트리잎오일, 식물성스쿠알란, 은행나무잎추출물, 토코페롤, 해바라기씨오일, 아이소아밀라우레이트, 아르간커넬오일, 쌀겨오일, 바바수씨오일, 동백나무씨오일, 달맞이꽃오일, 알로에베라잎추출물, 글리세린, 데실글루코사이드, 비누풀잎추출물, 말토덱스트린, 녹차추출물, 1,2-헥산다이올, 쌀발효여과물, 리모넨, 리날룰"
56,A000000263036,[9월 올영픽/산리오] 아비브 어성초 테카 캡슐 세럼 카밍 드롭 50ml 더블 기획(+스팟패치+케이스),53,"정제수, 1,2-헥산다이올, 나이아신아마이드, 프로판다이올, 다이프로필렌글라이콜, 부틸렌글라이콜, 글리세린, 베타인, 다이에톡시에틸석시네이트, 약모밀추출물(8,015 ppm), 카프릴릭/카프릭트라이글리세라이드, 아이소노닐아이소노나노에이트, 아이리쉬모스추출물, 판테놀, 글루코오스, 클로렐라 불가리스추출물, 사탕수수추출물, 암모늄아크릴로일다이메틸타우레이트/브이피코폴리머, 카보머, 프룩토오스, 프룩토올리고사카라이드, 트로메타민, 펜틸렌글라이콜, 에틸헥실글리세린, 잔탄검, 캐스터오일/아이피디아이코폴리머, 마데카소사이드, 석시닉애씨드, 알란토인, 소듐파이테이트, 인도멀구슬나무잎추출물, 바이오사카라이드검-1, 인도멀구슬나무꽃추출물, 아이비고드열매추출물, 알지닌, 베타-글루칸, 호박가루, 가지열매추출물, 울금뿌리추출물, 홀리바질잎추출물, 아모다이메티콘, 참산호말추출물, 드럼스틱씨오일, 토코페롤, 엑토인, 아시아티코사이드(0.082 ppm), 마데카식애씨드(0.068 ppm), 아시아틱애씨드(0.05 ppm), 사과추출물, 4-터피네올, 솔비톨"
57,A000000239102,[8+1매 단독기획] 메디힐 하이퍼 겔마스크 4종 (콜라겐/PDRN/마데카소사이드/히알루론산),214,"[하이퍼 콜라겐 마스크] 정제수, 글리세린, 다이프로필렌글라이콜, 나이아신아마이드, 세틸에틸헥사노에이트, 카프릴릭/카프릭트라이글리세라이드, 캐롭검, 아이리쉬모스, 아이리쉬모스가루, 하이드록시아세토페논, 셀룰로오스검, 시어버터, 카프릴릴글라이콜, 포타슘클로라이드, 호호바에스터, 글리세릴스테아레이트, 소듐폴리아크릴레이트, 콜라겐(1,100 ppm), 스테아릴알코올, 세틸알코올, 솔비탄세스퀴올리에이트, 하이드로제네이티드폴리데센, 수크로오스, 에틸헥실글리세린, 소듐스테아로일글루타메이트, 해바라기씨왁스, 아데노신, 부틸렌글라이콜, 로즈마리잎오일, 트라이데세스-6, C11-13아이소알케인, 하이드롤라이즈드치자추출물, 폴리글리세린-3, 말토덱스트린, 라벤더오일, 1,2-헥산다이올, 다이포타슘글리시리제이트, 황련뿌리추출물, 글루타티온, 하이드롤라이즈드콜라겐(500 ppb), 구기자추출물, 석류추출물, 토코페롤, 하이드로제네이티드레시틴, 수용성콜라겐(100 ppb), 글루코오스, 만노오스, 콜라겐추출물(1 ppb), 다이소듐이디티에이

[하이퍼 PDRN 마스크] 정제수, 글리세린, 다이프로필렌글라이콜, 나이아신아마이드, 세틸에틸헥사노에이트, 다마스크장미꽃수(10,000 ppm), 카프릴릭/카프릭트라이글리세라이드, 캐롭검, 메틸프로판다이올, 아이리쉬모스, 아이리쉬모스가루, 하이드록시아세토페논, 셀룰로오스검, 시어버터, 카프릴릴글라이콜, 포타슘클로라이드, 호호바에스터, 혼합글리세릴스테아레이트, 소듐폴리아크릴레이트, 스테아릴알코올, 세틸알코올, 스쿠알란, 솔비탄세스퀴올리에이트, 하이드로제네이티드폴리데센, 수크로오스, 에틸헥실글리세린, 해바라기씨왁스, 소듐스테아로일글루타메이트, 부틸렌글라이콜, 아데노신, 1,2-헥산다이올, 트라이데세스-6, 다마스크장미꽃추출물(100 ppm), C11-13아이소알케인, 광곽향오일, 폴리글리세린-3, 센티드제라늄꽃오일, 다이포타슘글리시리제이트, 하이드로제네이티드레시틴, 장미추출물, 장미꽃오일, 소듐디엔에이(1 ppm), 토코페롤, 다이소듐이디티에이

[하이퍼 마데카소사이드 마스크] 정제수, 글리세린, 다이프로필렌글라이콜, 나이아신아마이드, 세틸에틸헥사노에이트, 병풀잎수, 카프릴릭/카프릭트라이글리세라이드, 캐롭검, 메틸프로판다이올, 아이리쉬모스, 아이리쉬모스가루, 판테놀, 트레할로오스, 하이드록시아세토페논, 셀룰로오스검, 시어버터, 글리세릴스테아레이트, 카프릴릴글라이콜, 포타슘클로라이드, 호호바에스터, 혼합글리세릴스테아레이트, 소듐폴리아크릴레이트, 스테아릴알코올, 세틸알코올, 하이드로제네이티드폴리데센, 수크로오스, 에틸헥실글리세린, 소듐스테아로일글루타메이트, 해바라기씨왁스, 부틸렌글라이콜, 아데노신, 연필향나무오일, 1,2-헥산다이올, 병풀추출물, 트라이데세스-6, 호호바씨오일, 서양배추출물, 광곽향오일, 판토락톤, 다마스크장미꽃수, C11-13아이소알케인, 폴리글리세릴-10라우레이트, 폴리글리세린-3, 불가리스쑥오일, 해수, 오리스뿌리추출물, 멜론추출물, 로즈마리잎오일, 서양송악잎/줄기추출물, 하이드로제네이티드레시틴, 다이포타슘글리시리제이트, 마데카소사이드, 프로판다이올, 로즈마리잎추출물, 소듐하이알루로네이트크로스폴리머, 소듐하이알루로네이트, 하이드롤라이즈드글라이코사미노글리칸, 향부자추출물, 벤질글라이콜, 토코페롤, 하이드롤라이즈드하이알루로닉애씨드, 아시아티코사이드, 아시아틱애씨드, 마데카식애씨드, 하이알루로닉애씨드, 세라마이드엔피, 다이소듐이디티에이

[하이퍼 히알루론산 마스크] 정제수, 글리세린, 다이프로필렌글라이콜, 나이아신아마이드, 세틸에틸헥사노에이트, 카프릴릭/카프릭트라이글리세라이드, 캐롭검, 아이리쉬모스, 아이리쉬모스가루, 하이드록시아세토페논, 셀룰로오스검, 시어버터, 카프릴릴글라이콜, 포타슘클로라이드, 호호바에스터, 글리세릴스테아레이트, 소듐폴리아크릴레이트, 스테아릴알코올, 세틸알코올, 솔비탄세스퀴올리에이트, 판테놀, 하이드로제네이티드폴리데센, 수크로오스, 에틸헥실글리세린, 해바라기씨왁스, 소듐스테아로일글루타메이트, 아데노신, 하이드롤라이즈드하이알루로닉애씨드(100.16 ppm), 로즈마리잎오일, 트라이데세스-6, C11-13아이소알케인, 폴리글리세린-3, 라벤더오일, 부틸렌글라이콜, 다이포타슘글리시리제이트, 판토락톤, 글루타티온, 1,2-헥산다이올, 하이드로제네이티드레시틴, 토코페롤, 소듐하이알루로네이트(170 ppb), 하이드롤라이즈드소듐하이알루로네이트(166 ppb), 다이메틸실란올하이알루로네이트(165 ppb), 포타슘하이알루로네이트(111.8 ppb), 하이알루로닉애씨드(111.8 ppb), 소듐하이알루로네이트크로스폴리머(89.8 ppb), 하이드록시프로필트라이모늄하이알루로네이트(89.8 ppb), 소듐하이알루로네이트다이메틸실란올(55 ppb), 소듐아세틸레이티드하이알루로네이트(45.2 ppb), 펜틸렌글라이콜, 다이소듐이디티에이"
58,A000000262835,[9월 올영픽/산리오캐릭터즈/김용명PICK]체이싱래빗 올어바웃 커버크림 한정기획(글로우/퍼플),120,"[ 체이싱래빗 올어바웃 글로우 커버크림 한정 기획 마이멜로디 에디션 ]
정제수, 사이클로펜타실록세인, 티타늄디옥사이드, 에칠헥실메톡시신나메이트, 다이프로필렌글라이콜, 세틸에틸헥사노에이트, 세틸피이지/피피지-10/1다이메티콘, 부틸렌글라이콜, 에칠헥실살리실레이트, 실리카, 1,2-헥산다이올, 카프릴릴메티콘, 나이아신아마이드, 옥토크릴렌, 라우릴피이지-9폴리다이메틸실록시에틸다이메티콘, 사이클로헥사실록세인, 글리세린, 비스-에칠헥실옥시페놀메톡시페닐트리아진, 다이스테아다이모늄헥토라이트, 폴리페닐실세스퀴옥세인, 소듐클로라이드, 카나우바왁스, 황색산화철, 트라이메틸실록시실리케이트, 스테아릭애씨드, 아크릴레이트/스테아릴아크릴레이트/다이메티콘메타크릴레이트코폴리머, 다이아이소스테아릴말레이트, 팔미틱애씨드, 알루미늄하이드록사이드, 글리세릴카프릴레이트, 적색산화철, 트라이에톡시카프릴릴실레인, 향료, 흑색산화철, 알란토인, 다이메티콘/비닐다이메티콘크로스폴리머, 아데노신, 다이메티콘, 다이소듐이디티에이, 소듐하이알루로네이트, 글루타티온, 토코페롤, 하이드롤라이즈드콜라겐, 카프릴릭/카프릭트라이글리세라이드, 에탄올, 약모밀추출물, 하이드로제네이티드레시틴, 복사나무꽃추출물, 소듐스테아로일글루타메이트, 하이알루로닉애씨드, 아스코빅애씨드

[ 체이싱래빗 올어바웃 블러 퍼플 커버크림 한정 기획 쿠로미 에디션 ]
정제수,티타늄디옥사이드,징크옥사이드,다이메티콘,C12-15알킬벤조에이트,부틸옥틸살리실레이트,프로판다이올,카프릴릴트라이메티콘,헥실라우레이트,다이부틸아디페이트,프로필헵틸카프릴레이트,부틸렌글라이콜,1,2-헥산다이올,나이아신아마이드,폴리글리세릴-3폴리다이메틸실록시에틸다이메티콘,폴리글리세릴-4다이아이소스테아레이트/폴리하이드록시스테아레이트/세바케이트,카프릴릭/카프릭트라이글리세라이드,C13-16아이소알케인,알루미늄하이드록사이드,스테아릭애씨드,울트라마린,다이스테아다이모늄헥토라이트,마그네슘설페이트,메틸메타크릴레이트크로스폴리머,폴리메틸실세스퀴옥세인,트라이메틸실록시실리케이트,트라이에톡시카프릴릴실레인,황색산화철,라우릴폴리글리세릴-3폴리다이메틸실록시에틸다이메티콘,실리카,폴리글리세릴-3폴리리시놀리에이트,솔비탄아이소스테아레이트,알루미늄스테아레이트,폴리하이드록시스테아릭애씨드,글리세릴카프릴레이트,마이카,아이소도데케인,적색산화철,향료,트라이하이드록시스테아린,폴리에스터-1,실리카다이메틸실릴레이트,다이메티콘올,다이메티콘/비닐다이메티콘크로스폴리머,아데노신,커먼자스민추출물,판테놀,흰버드나무껍질추출물,가지열매추출물,토코페롤,마트리카리아꽃추출물,라벤더추출물,레몬밤추출물,스피어민트추출물,베르가못잎추출물,바질잎추출물,오레가노잎추출물,효모/골담초뿌리발효추출물,살비아추출물,아사이팜열매추출물,양까막까치밥나무열매추출물,서양산딸기추출물,라즈베리추출물,로우스위트블루베리추출물,크랜베리추출물,빌베리열매추출물,글루타티온,구아이아줄렌"
60,A000000263510,[1+1/1등썬] 라운드랩 자작나무 수분 선크림 50ml 1+1 기획 (+수분 선세럼 8ml),76,"[자작나무 수분 선크림 50ml]
정제수, 다이부틸아디페이트, 프로판다이올, 디에칠아미노하이드록시벤조일헥실벤조에이트, 폴리메틸실세스퀴옥세인, 에칠헥실트리아존, 나이아신아마이드, 메칠렌비스-벤조트리아졸릴테트라메칠부틸페놀, 코코-카프릴레이트/카프레이트, 카프릴릴메티콘, 디에칠헥실부타미도트리아존, 글리세린, 1,2-헥산다이올, 부틸렌글라이콜, 자작나무수액(1,425ppm), 소듐하이알루로네이트, 하이알루로닉애씨드, 글리세릴글루코사이드, 다이포타슘글리시리제이트, 알란토인, 쇠비름추출물, 개똥쑥추출물, 구주소나무잎오일, 캐모마일꽃오일, 아크릴레이트/C10-30알킬아크릴레이트크로스폴리머, 소듐스테아로일글루타메이트, 폴리아크릴레이트크로스폴리머-6, 에틸헥실글리세린, 아스코빅애씨드, 아데노신, 펜틸렌글라이콜, 베헤닐알코올, 폴리C10-30알킬아크릴레이트, 폴리글리세릴-3메틸글루코오스다이스테아레이트, 데실글루코사이드, 트로메타민, 잔탄검, t-부틸알코올, 토코페롤, 카보머  

[자작나무 수분 선세럼 8ml]
정제수,글리세린,프로판다이올,다이페닐다이메티콘,1,2-헥산다이올,자작나무수액(10,967ppm),트레할로오스,알지닌,아크릴레이트/C10-30알킬아크릴레이트크로스폴리머,잔탄검,에틸헥실글리세린,덱스트린,스퍼미딘,소듐파이테이트,치자추출물,글리세릴카프릴레이트,카프릴릭애씨드,다이프로필렌글라이콜,울금뿌리추출물,소듐디엔에이,솔비탄올리베이트,세테아릴올리베이트,세테아릴알코올,글리세릴글루코사이드,하이드로제네이티드레시틴,베툴린,부틸렌글라이콜,카보머,토코페롤,바쿠치올,소듐하이알루로네이트,글라이신,글루타믹애씨드"
61,A000000262944,[트러블*종결] 한율 팩폼 120mL 기획 2종 중 택 1 (+15mL+한교동 모공브러시&케이스),118,"[쑥떡팩폼] 글리세린, 정제수, 포타슘미리스테이트, 실리카, 포타슘스테아레이트, 소듐메틸코코일타우레이트, 포타슘팔미테이트, 1,2-헥산다이올, 펜틸렌글라이콜, 아크릴레이트/C10-30알킬아크릴레이트크로스폴리머, 쑥잎가루, 포타슘코코일글리시네이트, 향료, 소듐클로라이드, 카프릴릴글라이콜, 에틸헥실글리세린, 잇꽃꽃추출물, 덱스트린, 치자추출물, 2,3-부탄다이올, 카카오씨추출물, 소듐폴리아크릴레이트, 황해쑥잎수, 판테놀, 프로판다이올, 부틸렌글라이콜, 레시틴, 락토바실러스발효물, 이눌린라우릴카바메이트, 폴리글리세린-3, 황해쑥잎추출물, 토코페롤, 병풀꽃/잎/줄기추출물, 하이드로제네이티드레시틴, 병풀추출물, 무화과추출물, 베타-글루칸, 다이소듐이디티에이, 세라마이드엔피, 슈도알테로모나스발효추출물, 하이드롤라이즈드하이알루로닉애씨드, 다이메틸실란올하이알루로네이트, 하이드롤라이즈드소듐하이알루로네이트, 소듐하이알루로네이트, 하이알루로닉애씨드, 포타슘하이알루로네이트, 소듐하이알루로네이트크로스폴리머, 하이드록시프로필트라이모늄하이알루로네이트, 소듐하이알루로네이트다이메틸실란올, 소듐아세틸레이티드하이알루로네이트, 소듐살리실레이트, 살리실릭애씨드, 시트릭애씨드
[유자팩폼] 정제수, 글리세린, 미리스틱애씨드, 라우릴하이드록시설테인, 포타슘하이드록사이드, 라우릭애씨드, 카프릴릴/카프릴글루코사이드, 소듐클로라이드, 실리카, 아크릴레이트/C10-30알킬아크릴레이트크로스폴리머, 셀룰로오스, 트라이하이드록시스테아린, 유자씨가루(5000ppm), 팔미틱애씨드, 스테아릭애씨드, 리모넨, 폴리쿼터늄-7, 유자껍질오일(5000ppm), 나이아신아마이드, 소듐폴리아크릴레이트, 소듐메타포스페이트, 토코페롤, 말토덱스트린, 리날룰, 시트릭애씨드, 글루코노락톤, 소듐벤조에이트, 1,2-헥산다이올, 만니톨, 하이드로제네이티드레시틴, 아스코빅애씨드, 아스코빌테트라이소팔미테이트, 글루타티온, 세테아릴알코올, 암모늄글리시리제이트, 바이오플라보노이드, 검정콩오일, 폴리글리세릴-10올리에이트, 세라마이드엔피, 해바라기씨오일, 프로판다이올, 베타-카로틴, 카프릴로일살리실릭애씨드, 소듐하이알루로네이트, 카페인, 징크글루코네이트, 피토스핑고신, 유자수(0.8ppm), 가시칠엽수씨추출물, 하이드롤라이즈드하이알루로닉애씨드, 소듐하이알루로네이트크로스폴리머, 세라마이드엔에스, 부틸렌글라이콜, 하이알루로닉애씨드, 콜레스테롤, 에틸헥실글리세린, 세라마이드에이피, 세라마이드에이에스, 카놀라오일, 로즈마리잎추출물, 소듐아세틸레이티드하이알루로네이트, 쌀겨오일, 세라마이드이오피"
62,A000000177984,[9월 올영픽] 헤라 센슈얼 누드 글로스 5g 13 Colors 기획/단품,159,"[란제리]
다이펜타에리스리틸펜타아이소스테아레이트, 폴리글리세릴-10데카아이소스테아레이트, 하이드로제네이티드폴리아이소부텐, 다이아이소스테아릴말레이트, 폴리부텐, 트라이데실트라이멜리테이트, 실리카다이메틸실릴레이트, 펜타에리스리틸테트라아이소스테아레이트, 폴리글리세릴-2트라이아이소스테아레이트, 다이팔미토일하이드록시프롤린, 티타늄디옥사이드 (CI 77891), 멘톨, 적색산화철, 리모넨, 적색201호, 레몬껍질오일, 적색202호, 알루미늄하이드록사이드, 흑색산화철, 트라이에톡시카프릴릴실레인, 토코페롤, 달맞이꽃오일, 피토스테롤, 시트랄, 시트로넬올, 센티드제라늄꽃오일, 리날룰, 제라니올

[스피치리스]
다이펜타에리스리틸펜타아이소스테아레이트, 폴리글리세릴-10데카아이소스테아레이트, 하이드로제네이티드폴리아이소부텐, 다이아이소스테아릴말레이트, 폴리부텐, 트라이데실트라이멜리테이트, 실리카다이메틸실릴레이트, 펜타에리스리틸테트라아이소스테아레이트, 폴리글리세릴-2트라이아이소스테아레이트, 다이팔미토일하이드록시프롤린, 적색산화철, 멘톨, 티타늄디옥사이드 (CI 77891), 리모넨, 흑색산화철, 레몬껍질오일, 적색202호, 토코페롤, 달맞이꽃오일, 피토스테롤, 시트랄, 알루미나, 시트로넬올, 센티드제라늄꽃오일, 리날룰, 제라니올

[누디스트)
다이펜타에리스리틸펜타아이소스테아레이트, 폴리글리세릴-10데카아이소스테아레이트, 하이드로제네이티드폴리아이소부텐, 다이아이소스테아릴말레이트, 폴리부텐, 트라이데실트라이멜리테이트, 실리카다이메틸실릴레이트, 펜타에리스리틸테트라아이소스테아레이트, 다이팔미토일하이드록시프롤린, 폴리글리세릴-2트라이아이소스테아레이트, 티타늄디옥사이드 (CI 77891), 멘톨, 적색산화철, 리모넨, 흑색산화철, 레몬껍질오일, 알루미나, 토코페롤, 달맞이꽃오일, 피토스테롤, 시트랄, 시트로넬올, 센티드제라늄꽃오일, 적색201호, 리날룰, 제라니올

[플러티]
다이펜타에리스리틸펜타아이소스테아레이트, 폴리글리세릴-10데카아이소스테아레이트, 하이드로제네이티드폴리아이소부텐, 다이아이소스테아릴말레이트, 폴리부텐, 트라이데실트라이멜리테이트, 실리카다이메틸실릴레이트, 펜타에리스리틸테트라아이소스테아레이트, 폴리글리세릴-2트라이아이소스테아레이트, 다이팔미토일하이드록시프롤린, 티타늄디옥사이드 (CI 77891), 멘톨, 적색산화철, 리모넨, 적색201호, 레몬껍질오일, 적색202호, 청색1호, 알루미나, 토코페롤, 달맞이꽃오일, 피토스테롤, 흑색산화철, 시트랄, 시트로넬올, 센티드제라늄꽃오일, 리날룰, 제라니올

[체리쉬]
다이펜타에리스리틸펜타아이소스테아레이트, 폴리글리세릴-10데카아이소스테아레이트, 하이드로제네이티드폴리아이소부텐, 다이아이소스테아릴말레이트, 폴리부텐, 트라이데실트라이멜리테이트, 실리카다이메틸실릴레이트, 펜타에리스리틸테트라아이소스테아레이트, 다이팔미토일하이드록시프롤린, 폴리글리세릴-2트라이아이소스테아레이트, 멘톨, 적색202호, 적색산화철, 티타늄디옥사이드 (CI 77891), 리모넨, 황색산화철, 흑색산화철, 레몬껍질오일, 토코페롤, 달맞이꽃오일, 피토스테롤, 시트랄, 시트로넬올, 알루미나, 센티드제라늄꽃오일, 청색1호, 트라이에톡시카프릴릴실레인, 리날룰, 제라니올

[이노센트]
다이펜타에리스리틸펜타아이소스테아레이트, 폴리글리세릴-10데카아이소스테아레이트, 하이드로제네이티드폴리아이소부텐, 다이아이소스테아릴말레이트, 폴리부텐, 트라이데실트라이멜리테이트, 실리카다이메틸실릴레이트, 펜타에리스리틸테트라아이소스테아레이트, 다이팔미토일하이드록시프롤린, 폴리글리세릴-2트라이아이소스테아레이트, 티타늄디옥사이드 (CI 77891), 마이카, 멘톨, 피토스테롤, 리모넨, 레몬껍질오일, 적색226호, 실리카, 토코페롤, 달맞이꽃오일, 청색1호, 시트랄, 시트로넬올, 센티드제라늄꽃오일, 리날룰, 제라니올, 청색1호"
63,A000000244834,페리페라 무드 글로이 틴트 32 Colors (+푸딩말랑이&스티커 증정),1109,"[-1호]
정제수,다이아이소스테아릴말레이트,하이드로제네이티드폴리아이소부텐,카프릴릴트라이메티콘,트라이메틸실록시페닐다이메티콘,비스-다이글리세릴폴리아실아디페이트-2,세틸피이지/피피지-10/1다이메티콘,다이페닐실록시페닐트라이메티콘,다이프로필렌글라이콜,폴리솔베이트60,펜틸렌글라이콜,글리세린,폴리글리세릴-4아이소스테아레이트,페녹시에탄올,하이드록시에틸아크릴레이트/소듐아크릴로일다이메틸타우레이트코폴리머,1,2-헥산다이올,세테아레스-20,스쿠알란,스테비오사이드,티타늄디옥사이드 (CI 77891),소듐다이라우미도글루타미드라이신,향료,에틸헥실글리세린,트라이소듐에틸렌다이아민다이석시네이트,솔비탄아이소스테아레이트,암모늄폴리아크릴레이트,알루미늄하이드록사이드,부틸렌글라이콜,토코페롤
[-2호]
정제수,다이아이소스테아릴말레이트,하이드로제네이티드폴리아이소부텐,카프릴릴트라이메티콘,트라이메틸실록시페닐다이메티콘,비스-다이글리세릴폴리아실아디페이트-2,세틸피이지/피피지-10/1다이메티콘,다이페닐실록시페닐트라이메티콘,다이프로필렌글라이콜,폴리솔베이트60,펜틸렌글라이콜,글리세린,폴리글리세릴-4아이소스테아레이트,페녹시에탄올,하이드록시에틸아크릴레이트/소듐아크릴로일다이메틸타우레이트코폴리머,1,2-헥산다이올,세테아레스-20,스쿠알란,스테비오사이드,티타늄디옥사이드 (CI 77891),소듐다이라우미도글루타미드라이신,향료,흑색산화철 (CI 77499),에틸헥실글리세린,트라이소듐에틸렌다이아민다이석시네이트,솔비탄아이소스테아레이트,황색4호 (CI 19140),암모늄폴리아크릴레이트,알루미늄하이드록사이드,적색227호 (CI 17200),황색5호 (CI 15985),청색1호 (CI 42090),부틸렌글라이콜,토코페롤
[1호]
정제수,다이아이소스테아릴말레이트,하이드로제네이티드폴리아이소부텐,카프릴릴트라이메티콘,트라이메틸실록시페닐다이메티콘,비스-다이글리세릴폴리아실아디페이트-2,세틸피이지/피피지-10/1다이메티콘,다이페닐실록시페닐트라이메티콘,다이프로필렌글라이콜,폴리솔베이트60,펜틸렌글라이콜,글리세린,폴리글리세릴-4아이소스테아레이트,페녹시에탄올,하이드록시에틸아크릴레이트/소듐아크릴로일다이메틸타우레이트코폴리머,1,2-헥산다이올,세테아레스-20,스쿠알란,스테비오사이드,티타늄디옥사이드 (CI 77891),소듐다이라우미도글루타미드라이신,향료,에틸헥실글리세린,트라이소듐에틸렌다이아민다이석시네이트,적색104호의(1) (CI 45410),솔비탄아이소스테아레이트,황색4호 (CI 19140),암모늄폴리아크릴레이트,알루미늄하이드록사이드,적색227호 (CI 17200),부틸렌글라이콜,청색1호 (CI 42090),토코페롤
[2호]
정제수,다이아이소스테아릴말레이트,하이드로제네이티드폴리아이소부텐,카프릴릴트라이메티콘,트라이메틸실록시페닐다이메티콘,비스-다이글리세릴폴리아실아디페이트-2,세틸피이지/피피지-10/1다이메티콘,다이페닐실록시페닐트라이메티콘,다이프로필렌글라이콜,폴리솔베이트60,펜틸렌글라이콜,글리세린,폴리글리세릴-4아이소스테아레이트,페녹시에탄올,하이드록시에틸아크릴레이트/소듐아크릴로일다이메틸타우레이트코폴리머,1,2-헥산다이올,세테아레스-20,티타늄디옥사이드 (CI 77891),스쿠알란,스테비오사이드,소듐다이라우미도글루타미드라이신,향료,에틸헥실글리세린,트라이소듐에틸렌다이아민다이석시네이트,적색227호 (CI 17200),황색5호 (CI 15985),황색4호 (CI 19140),솔비탄아이소스테아레이트,암모늄폴리아크릴레이트,알루미늄하이드록사이드,적색104호의(1) (CI 45410),부틸렌글라이콜,청색1호 (CI 42090),토코페롤
[3호]
정제수,다이아이소스테아릴말레이트,하이드로제네이티드폴리아이소부텐,카프릴릴트라이메티콘,트라이메틸실록시페닐다이메티콘,비스-다이글리세릴폴리아실아디페이트-2,세틸피이지/피피지-10/1다이메티콘,다이페닐실록시페닐트라이메티콘,다이프로필렌글라이콜,폴리솔베이트60,펜틸렌글라이콜,글리세린,폴리글리세릴-4아이소스테아레이트,페녹시에탄올,하이드록시에틸아크릴레이트/소듐아크릴로일다이메틸타우레이트코폴리머,1,2-헥산다이올,세테아레스-20,스쿠알란,티타늄디옥사이드 (CI 77891),스테비오사이드,소듐다이라우미도글루타미드라이신,향료,에틸헥실글리세린,트라이소듐에틸렌다이아민다이석시네이트,적색227호 (CI 17200),황색4호 (CI 19140),솔비탄아이소스테아레이트,암모늄폴리아크릴레이트,알루미늄하이드록사이드,적색104호의(1) (CI 45410),황색5호 (CI 15985),부틸렌글라이콜,청색1호 (CI 42090),토코페롤
[4호]
정제수,다이아이소스테아릴말레이트,하이드로제네이티드폴리아이소부텐,카프릴릴트라이메티콘,트라이메틸실록시페닐다이메티콘,비스-다이글리세릴폴리아실아디페이트-2,세틸피이지/피피지-10/1다이메티콘,다이페닐실록시페닐트라이메티콘,다이프로필렌글라이콜,폴리솔베이트60,펜틸렌글라이콜,글리세린,폴리글리세릴-4아이소스테아레이트,페녹시에탄올,하이드록시에틸아크릴레이트/소듐아크릴로일다이메틸타우레이트코폴리머,1,2-헥산다이올,세테아레스-20,스쿠알란,스테비오사이드,티타늄디옥사이드 (CI 77891),소듐다이라우미도글루타미드라이신,향료,에틸헥실글리세린,적색227호 (CI 17200),트라이소듐에틸렌다이아민다이석시네이트,솔비탄아이소스테아레이트,황색5호 (CI 15985),황색4호 (CI 19140),암모늄폴리아크릴레이트,알루미늄하이드록사이드,적색104호의(1) (CI 45410),부틸렌글라이콜,청색1호 (CI 42090),토코페롤
[5호]
정제수,다이아이소스테아릴말레이트,하이드로제네이티드폴리아이소부텐,카프릴릴트라이메티콘,트라이메틸실록시페닐다이메티콘,비스-다이글리세릴폴리아실아디페이트-2,세틸피이지/피피지-10/1다이메티콘,다이페닐실록시페닐트라이메티콘,다이프로필렌글라이콜,폴리솔베이트60,펜틸렌글라이콜,글리세린,폴리글리세릴-4아이소스테아레이트,페녹시에탄올,하이드록시에틸아크릴레이트/소듐아크릴로일다이메틸타우레이트코폴리머,1,2-헥산다이올,세테아레스-20,스쿠알란,티타늄디옥사이드 (CI 77891),스테비오사이드,소듐다이라우미도글루타미드라이신,향료,에틸헥실글리세린,트라이소듐에틸렌다이아민다이석시네이트,적색227호 (CI 17200),솔비탄아이소스테아레이트,적색104호의(1) (CI 45410),황색4호 (CI 19140),암모늄폴리아크릴레이트,황색5호 (CI 15985),알루미늄하이드록사이드,부틸렌글라이콜,청색1호 (CI 42090),토코페롤
[6호]
정제수,다이아이소스테아릴말레이트,하이드로제네이티드폴리아이소부텐,카프릴릴트라이메티콘,트라이메틸실록시페닐다이메티콘,비스-다이글리세릴폴리아실아디페이트-2,세틸피이지/피피지-10/1다이메티콘,다이페닐실록시페닐트라이메티콘,다이프로필렌글라이콜,폴리솔베이트60,펜틸렌글라이콜,글리세린,폴리글리세릴-4아이소스테아레이트,페녹시에탄올,하이드록시에틸아크릴레이트/소듐아크릴로일다이메틸타우레이트코폴리머,1,2-헥산다이올,세테아레스-20,스쿠알란,스테비오사이드,티타늄디옥사이드 (CI 77891),소듐다이라우미도글루타미드라이신,향료,에틸헥실글리세린,적색227호 (CI 17200),황색5호 (CI 15985),트라이소듐에틸렌다이아민다이석시네이트,솔비탄아이소스테아레이트,암모늄폴리아크릴레이트,알루미늄하이드록사이드,부틸렌글라이콜,적색104호의(1) (CI 45410),청색1호 (CI 42090),토코페롤
[7호]
정제수,다이아이소스테아릴말레이트,하이드로제네이티드폴리아이소부텐,카프릴릴트라이메티콘,트라이메틸실록시페닐다이메티콘,비스-다이글리세릴폴리아실아디페이트-2,세틸피이지/피피지-10/1다이메티콘,다이페닐실록시페닐트라이메티콘,다이프로필렌글라이콜,폴리솔베이트60,펜틸렌글라이콜,글리세린,폴리글리세릴-4아이소스테아레이트,페녹시에탄올,하이드록시에틸아크릴레이트/소듐아크릴로일다이메틸타우레이트코폴리머,1,2-헥산다이올,세테아레스-20,스쿠알란,스테비오사이드,티타늄디옥사이드 (CI 77891),소듐다이라우미도글루타미드라이신,향료,에틸헥실글리세린,적색227호 (CI 17200),트라이소듐에틸렌다이아민다이석시네이트,황색4호 (CI 19140),황색5호 (CI 15985),솔비탄아이소스테아레이트,적색104호의(1) (CI 45410),암모늄폴리아크릴레이트,알루미늄하이드록사이드,부틸렌글라이콜,청색1호 (CI 42090),토코페롤
[8호]
정제수,다이아이소스테아릴말레이트,하이드로제네이티드폴리아이소부텐,카프릴릴트라이메티콘,트라이메틸실록시페닐다이메티콘,비스-다이글리세릴폴리아실아디페이트-2,세틸피이지/피피지-10/1다이메티콘,다이페닐실록시페닐트라이메티콘,다이프로필렌글라이콜,폴리솔베이트60,펜틸렌글라이콜,글리세린,폴리글리세릴-4아이소스테아레이트,페녹시에탄올,하이드록시에틸아크릴레이트/소듐아크릴로일다이메틸타우레이트코폴리머,1,2-헥산다이올,세테아레스-20,스쿠알란,티타늄디옥사이드 (CI 77891),스테비오사이드,소듐다이라우미도글루타미드라이신,향료,에틸헥실글리세린,적색227호 (CI 17200),트라이소듐에틸렌다이아민다이석시네이트,황색5호 (CI 15985),솔비탄아이소스테아레이트,황색4호 (CI 19140),암모늄폴리아크릴레이트,알루미늄하이드록사이드,부틸렌글라이콜,적색104호의(1) (CI 45410),청색1호 (CI 42090),토코페롤
[9호]
정제수,다이아이소스테아릴말레이트,하이드로제네이티드폴리아이소부텐,카프릴릴트라이메티콘,트라이메틸실록시페닐다이메티콘,비스-다이글리세릴폴리아실아디페이트-2,세틸피이지/피피지-10/1다이메티콘,다이페닐실록시페닐트라이메티콘,다이프로필렌글라이콜,폴리솔베이트60,펜틸렌글라이콜,글리세린,폴리글리세릴-4아이소스테아레이트,페녹시에탄올,하이드록시에틸아크릴레이트/소듐아크릴로일다이메틸타우레이트코폴리머,1,2-헥산다이올,세테아레스-20,스쿠알란,스테비오사이드,티타늄디옥사이드 (CI 77891),소듐다이라우미도글루타미드라이신,향료,에틸헥실글리세린,황색5호 (CI 15985),적색227호 (CI 17200),트라이소듐에틸렌다이아민다이석시네이트,솔비탄아이소스테아레이트,암모늄폴리아크릴레이트,알루미늄하이드록사이드,황색4호 (CI 19140),청색1호 (CI 42090),부틸렌글라이콜,토코페롤
[10호]
정제수,다이아이소스테아릴말레이트,하이드로제네이티드폴리아이소부텐,카프릴릴트라이메티콘,트라이메틸실록시페닐다이메티콘,비스-다이글리세릴폴리아실아디페이트-2,세틸피이지/피피지-10/1다이메티콘,다이페닐실록시페닐트라이메티콘,다이프로필렌글라이콜,폴리솔베이트60,펜틸렌글라이콜,글리세린,폴리글리세릴-4아이소스테아레이트,페녹시에탄올,하이드록시에틸아크릴레이트/소듐아크릴로일다이메틸타우레이트코폴리머,1,2-헥산다이올,세테아레스-20,스쿠알란,스테비오사이드,티타늄디옥사이드 (CI 77891),소듐다이라우미도글루타미드라이신,향료,에틸헥실글리세린,적색227호 (CI 17200),트라이소듐에틸렌다이아민다이석시네이트,황색4호 (CI 19140),솔비탄아이소스테아레이트,암모늄폴리아크릴레이트,적색104호의(1) (CI 45410),황색5호 (CI 15985),알루미늄하이드록사이드,부틸렌글라이콜,청색1호 (CI 42090),토코페롤
[11호]
정제수,다이아이소스테아릴말레이트,하이드로제네이티드폴리아이소부텐,카프릴릴트라이메티콘,트라이메틸실록시페닐다이메티콘,비스-다이글리세릴폴리아실아디페이트-2,세틸피이지/피피지-10/1다이메티콘,다이페닐실록시페닐트라이메티콘,다이프로필렌글라이콜,폴리솔베이트60,펜틸렌글라이콜,글리세린,폴리글리세릴-4아이소스테아레이트,페녹시에탄올,하이드록시에틸아크릴레이트/소듐아크릴로일다이메틸타우레이트코폴리머,1,2-헥산다이올,세테아레스-20,티타늄디옥사이드 (CI 77891),스쿠알란,스테비오사이드,소듐다이라우미도글루타미드라이신,향료,에틸헥실글리세린,적색227호 (CI 17200),트라이소듐에틸렌다이아민다이석시네이트,황색4호 (CI 19140),솔비탄아이소스테아레이트,암모늄폴리아크릴레이트,알루미늄하이드록사이드,황색5호 (CI 15985),부틸렌글라이콜,청색1호 (CI 42090),토코페롤
[12호]
정제수,다이아이소스테아릴말레이트,하이드로제네이티드폴리아이소부텐,카프릴릴트라이메티콘,트라이메틸실록시페닐다이메티콘,비스-다이글리세릴폴리아실아디페이트-2,세틸피이지/피피지-10/1다이메티콘,다이페닐실록시페닐트라이메티콘,다이프로필렌글라이콜,폴리솔베이트60,펜틸렌글라이콜,글리세린,폴리글리세릴-4아이소스테아레이트,페녹시에탄올,하이드록시에틸아크릴레이트/소듐아크릴로일다이메틸타우레이트코폴리머,1,2-헥산다이올,세테아레스-20,티타늄디옥사이드 (CI 77891),스쿠알란,스테비오사이드,소듐다이라우미도글루타미드라이신,향료,에틸헥실글리세린,적색227호 (CI 17200),황색4호 (CI 19140),트라이소듐에틸렌다이아민다이석시네이트,솔비탄아이소스테아레이트,암모늄폴리아크릴레이트,알루미늄하이드록사이드,황색5호 (CI 15985),부틸렌글라이콜,청색1호 (CI 42090),토코페롤
[13호]
정제수,다이아이소스테아릴말레이트,하이드로제네이티드폴리아이소부텐,카프릴릴트라이메티콘,트라이메틸실록시페닐다이메티콘,비스-다이글리세릴폴리아실아디페이트-2,세틸피이지/피피지-10/1다이메티콘,다이페닐실록시페닐트라이메티콘,다이프로필렌글라이콜,폴리솔베이트60,펜틸렌글라이콜,글리세린,폴리글리세릴-4아이소스테아레이트,페녹시에탄올,하이드록시에틸아크릴레이트/소듐아크릴로일다이메틸타우레이트코폴리머,1,2-헥산다이올,세테아레스-20,스쿠알란,티타늄디옥사이드 (CI 77891),스테비오사이드,소듐다이라우미도글루타미드라이신,향료,에틸헥실글리세린,황색4호 (CI 19140),트라이소듐에틸렌다이아민다이석시네이트,솔비탄아이소스테아레이트,적색227호 (CI 17200),적색104호의(1) (CI 45410),암모늄폴리아크릴레이트,알루미늄하이드록사이드,청색1호 (CI 42090),부틸렌글라이콜,토코페롤
[14호]
정제수,다이아이소스테아릴말레이트,하이드로제네이티드폴리아이소부텐,카프릴릴트라이메티콘,트라이메틸실록시페닐다이메티콘,비스-다이글리세릴폴리아실아디페이트-2,세틸피이지/피피지-10/1다이메티콘,다이페닐실록시페닐트라이메티콘,다이프로필렌글라이콜,폴리솔베이트60,펜틸렌글라이콜,글리세린,폴리글리세릴-4아이소스테아레이트,페녹시에탄올,하이드록시에틸아크릴레이트/소듐아크릴로일다이메틸타우레이트코폴리머,1,2-헥산다이올,세테아레스-20,스쿠알란,스테비오사이드,티타늄디옥사이드 (CI 77891),소듐다이라우미도글루타미드라이신,향료,에틸헥실글리세린,트라이소듐에틸렌다이아민다이석시네이트,적색227호 (CI 17200),황색4호 (CI 19140),솔비탄아이소스테아레이트,황색5호 (CI 15985),적색104호의(1) (CI 45410),암모늄폴리아크릴레이트,알루미늄하이드록사이드,청색1호 (CI 42090),부틸렌글라이콜,토코페롤
[15호]
정제수,다이아이소스테아릴말레이트,하이드로제네이티드폴리아이소부텐,카프릴릴트라이메티콘,트라이메틸실록시페닐다이메티콘,비스-다이글리세릴폴리아실아디페이트-2,세틸피이지/피피지-10/1다이메티콘,다이페닐실록시페닐트라이메티콘,다이프로필렌글라이콜,폴리솔베이트60,펜틸렌글라이콜,글리세린,폴리글리세릴-4아이소스테아레이트,페녹시에탄올,하이드록시에틸아크릴레이트/소듐아크릴로일다이메틸타우레이트코폴리머,1,2-헥산다이올,세테아레스-20,스쿠알란,스테비오사이드,소듐다이라우미도글루타미드라이신,향료,에틸헥실글리세린,황색5호 (CI 15985),트라이소듐에틸렌다이아민다이석시네이트,적색227호 (CI 17200),솔비탄아이소스테아레이트,적색104호의(1) (CI 45410),청색1호 (CI 42090),토코페롤
[16호]
정제수,다이아이소스테아릴말레이트,하이드로제네이티드폴리아이소부텐,카프릴릴트라이메티콘,트라이메틸실록시페닐다이메티콘,비스-다이글리세릴폴리아실아디페이트-2,세틸피이지/피피지-10/1다이메티콘,다이페닐실록시페닐트라이메티콘,다이프로필렌글라이콜,폴리솔베이트60,펜틸렌글라이콜,글리세린,폴리글리세릴-4아이소스테아레이트,페녹시에탄올,하이드록시에틸아크릴레이트/소듐아크릴로일다이메틸타우레이트코폴리머,1,2-헥산다이올,세테아레스-20,스쿠알란,스테비오사이드,티타늄디옥사이드 (CI 77891),소듐다이라우미도글루타미드라이신,향료,에틸헥실글리세린,적색227호 (CI 17200),황색4호 (CI 19140),트라이소듐에틸렌다이아민다이석시네이트,솔비탄아이소스테아레이트,청색1호 (CI 42090),암모늄폴리아크릴레이트,알루미늄하이드록사이드,황색5호 (CI 15985),부틸렌글라이콜,토코페롤
[17호]
정제수,다이아이소스테아릴말레이트,하이드로제네이티드폴리아이소부텐,카프릴릴트라이메티콘,트라이메틸실록시페닐다이메티콘,비스-다이글리세릴폴리아실아디페이트-2,세틸피이지/피피지-10/1다이메티콘,다이페닐실록시페닐트라이메티콘,다이프로필렌글라이콜,폴리솔베이트60,펜틸렌글라이콜,글리세린,폴리글리세릴-4아이소스테아레이트,페녹시에탄올,하이드록시에틸아크릴레이트/소듐아크릴로일다이메틸타우레이트코폴리머,1,2-헥산다이올,세테아레스-20,스쿠알란,티타늄디옥사이드 (CI 77891),스테비오사이드,소듐다이라우미도글루타미드라이신,향료,에틸헥실글리세린,적색227호 (CI 17200),황색4호 (CI 19140),트라이소듐에틸렌다이아민다이석시네이트,솔비탄아이소스테아레이트,적색104호의(1) (CI 45410),암모늄폴리아크릴레이트,알루미늄하이드록사이드,황색5호 (CI 15985),청색1호 (CI 42090),부틸렌글라이콜,토코페롤
[18호]
정제수,다이아이소스테아릴말레이트,하이드로제네이티드폴리아이소부텐,카프릴릴트라이메티콘,트라이메틸실록시페닐다이메티콘,비스-다이글리세릴폴리아실아디페이트-2,세틸피이지/피피지-10/1다이메티콘,다이페닐실록시페닐트라이메티콘,다이프로필렌글라이콜,폴리솔베이트60,펜틸렌글라이콜,글리세린,폴리글리세릴-4아이소스테아레이트,페녹시에탄올,하이드록시에틸아크릴레이트/소듐아크릴로일다이메틸타우레이트코폴리머,1,2-헥산다이올,세테아레스-20,스쿠알란,스테비오사이드,소듐다이라우미도글루타미드라이신,향료,에틸헥실글리세린,적색227호 (CI 17200),트라이소듐에틸렌다이아민다이석시네이트,솔비탄아이소스테아레이트,황색4호 (CI 19140),황색5호 (CI 15985),청색1호 (CI 42090),토코페롤
[19호]
정제수,다이아이소스테아릴말레이트,하이드로제네이티드폴리아이소부텐,카프릴릴트라이메티콘,트라이메틸실록시페닐다이메티콘,비스-다이글리세릴폴리아실아디페이트-2,세틸피이지/피피지-10/1다이메티콘,다이페닐실록시페닐트라이메티콘,다이프로필렌글라이콜,폴리솔베이트60,펜틸렌글라이콜,글리세린,폴리글리세릴-4아이소스테아레이트,페녹시에탄올,하이드록시에틸아크릴레이트/소듐아크릴로일다이메틸타우레이트코폴리머,1,2-헥산다이올,세테아레스-20,스쿠알란,스테비오사이드,소듐다이라우미도글루타미드라이신,향료,에틸헥실글리세린,적색104호의(1) (CI 45410),적색227호 (CI 17200),황색4호 (CI 19140),트라이소듐에틸렌다이아민다이석시네이트,솔비탄아이소스테아레이트,황색5호 (CI 15985),청색1호 (CI 42090),토코페롤
[20호]
정제수,다이아이소스테아릴말레이트,하이드로제네이티드폴리아이소부텐,카프릴릴트라이메티콘,트라이메틸실록시페닐다이메티콘,비스-다이글리세릴폴리아실아디페이트-2,세틸피이지/피피지-10/1다이메티콘,다이페닐실록시페닐트라이메티콘,다이프로필렌글라이콜,폴리솔베이트60,펜틸렌글라이콜,글리세린,폴리글리세릴-4아이소스테아레이트,페녹시에탄올,하이드록시에틸아크릴레이트/소듐아크릴로일다이메틸타우레이트코폴리머,1,2-헥산다이올,세테아레스-20,스쿠알란,스테비오사이드,소듐다이라우미도글루타미드라이신,향료,에틸헥실글리세린,황색5호 (CI 15985),적색227호 (CI 17200),황색4호 (CI 19140),트라이소듐에틸렌다이아민다이석시네이트,솔비탄아이소스테아레이트,청색1호 (CI 42090),토코페롤
[21호]
정제수,다이아이소스테아릴말레이트,하이드로제네이티드폴리아이소부텐,카프릴릴트라이메티콘,트라이메틸실록시페닐다이메티콘,비스-다이글리세릴폴리아실아디페이트-2,세틸피이지/피피지-10/1다이메티콘,다이페닐실록시페닐트라이메티콘,다이프로필렌글라이콜,폴리솔베이트60,펜틸렌글라이콜,글리세린,폴리글리세릴-4아이소스테아레이트,페녹시에탄올,하이드록시에틸아크릴레이트/소듐아크릴로일다이메틸타우레이트코폴리머,1,2-헥산다이올,세테아레스-20,스쿠알란,스테비오사이드,티타늄디옥사이드 (CI 77891),소듐다이라우미도글루타미드라이신,향료,에틸헥실글리세린,트라이소듐에틸렌다이아민다이석시네이트,적색104호의(1) (CI 45410),솔비탄아이소스테아레이트,황색4호 (CI 19140),암모늄폴리아크릴레이트,알루미늄하이드록사이드,적색227호 (CI 17200),부틸렌글라이콜,청색1호 (CI 42090),토코페롤
[22호]
정제수,다이아이소스테아릴말레이트,하이드로제네이티드폴리아이소부텐,카프릴릴트라이메티콘,트라이메틸실록시페닐다이메티콘,비스-다이글리세릴폴리아실아디페이트-2,세틸피이지/피피지-10/1다이메티콘,다이페닐실록시페닐트라이메티콘,다이프로필렌글라이콜,폴리솔베이트60,펜틸렌글라이콜,글리세린,폴리글리세릴-4아이소스테아레이트,페녹시에탄올,하이드록시에틸아크릴레이트/소듐아크릴로일다이메틸타우레이트코폴리머,1,2-헥산다이올,세테아레스-20,스쿠알란,스테비오사이드,티타늄디옥사이드 (CI 77891),소듐다이라우미도글루타미드라이신,향료,에틸헥실글리세린,트라이소듐에틸렌다이아민다이석시네이트,황색5호 (CI 15985),솔비탄아이소스테아레이트,적색227호 (CI 17200),적색104호의(1) (CI 45410),암모늄폴리아크릴레이트,알루미늄하이드록사이드,청색1호 (CI 42090),부틸렌글라이콜,토코페롤
[23호]
정제수,다이아이소스테아릴말레이트,하이드로제네이티드폴리아이소부텐,카프릴릴트라이메티콘,트라이메틸실록시페닐다이메티콘,비스-다이글리세릴폴리아실아디페이트-2,세틸피이지/피피지-10/1다이메티콘,다이페닐실록시페닐트라이메티콘,다이프로필렌글라이콜,폴리솔베이트60,펜틸렌글라이콜,글리세린,폴리글리세릴-4아이소스테아레이트,페녹시에탄올,하이드록시에틸아크릴레이트/소듐아크릴로일다이메틸타우레이트코폴리머,1,2-헥산다이올,세테아레스-20,티타늄디옥사이드 (CI 77891),스쿠알란,스테비오사이드,소듐다이라우미도글루타미드라이신,향료,황색5호 (CI 15985),에틸헥실글리세린,트라이소듐에틸렌다이아민다이석시네이트,솔비탄아이소스테아레이트,적색227호 (CI 17200),암모늄폴리아크릴레이트,알루미늄하이드록사이드,적색104호의(1) (CI 45410),청색1호 (CI 42090),부틸렌글라이콜,토코페롤
[24호]
정제수,다이아이소스테아릴말레이트,하이드로제네이티드폴리아이소부텐,카프릴릴트라이메티콘,트라이메틸실록시페닐다이메티콘,비스-다이글리세릴폴리아실아디페이트-2,세틸피이지/피피지-10/1다이메티콘,다이페닐실록시페닐트라이메티콘,다이프로필렌글라이콜,폴리솔베이트60,펜틸렌글라이콜,글리세린,폴리글리세릴-4아이소스테아레이트,페녹시에탄올,하이드록시에틸아크릴레이트/소듐아크릴로일다이메틸타우레이트코폴리머,1,2-헥산다이올,세테아레스-20,티타늄디옥사이드 (CI 77891),스쿠알란,스테비오사이드,소듐다이라우미도글루타미드라이신,향료,에틸헥실글리세린,황색5호 (CI 15985),트라이소듐에틸렌다이아민다이석시네이트,솔비탄아이소스테아레이트,적색227호 (CI 17200),적색104호의(1) (CI 45410),암모늄폴리아크릴레이트,알루미늄하이드록사이드,청색1호 (CI 42090),부틸렌글라이콜,토코페롤
[25호]
정제수,다이아이소스테아릴말레이트,하이드로제네이티드폴리아이소부텐,카프릴릴트라이메티콘,트라이메틸실록시페닐다이메티콘,비스-다이글리세릴폴리아실아디페이트-2,세틸피이지/피피지-10/1다이메티콘,다이페닐실록시페닐트라이메티콘,다이프로필렌글라이콜,폴리솔베이트60,펜틸렌글라이콜,글리세린,폴리글리세릴-4아이소스테아레이트,페녹시에탄올,하이드록시에틸아크릴레이트/소듐아크릴로일다이메틸타우레이트코폴리머,1,2-헥산다이올,세테아레스-20,스쿠알란,스테비오사이드,소듐다이라우미도글루타미드라이신,향료,에틸헥실글리세린,티타늄디옥사이드 (CI 77891),트라이소듐에틸렌다이아민다이석시네이트,황색5호 (CI 15985),솔비탄아이소스테아레이트,적색104호의(1) (CI 45410),적색227호 (CI 17200),청색1호 (CI 42090),암모늄폴리아크릴레이트,알루미늄하이드록사이드,부틸렌글라이콜,토코페롤
[26호]
정제수,다이아이소스테아릴말레이트,하이드로제네이티드폴리아이소부텐,카프릴릴트라이메티콘,트라이메틸실록시페닐다이메티콘,비스-다이글리세릴폴리아실아디페이트-2,세틸피이지/피피지-10/1다이메티콘,다이페닐실록시페닐트라이메티콘,다이프로필렌글라이콜,폴리솔베이트60,펜틸렌글라이콜,글리세린,폴리글리세릴-4아이소스테아레이트,페녹시에탄올,하이드록시에틸아크릴레이트/소듐아크릴로일다이메틸타우레이트코폴리머,1,2-헥산다이올,세테아레스-20,스쿠알란,스테비오사이드,티타늄디옥사이드,소듐다이라우미도글루타미드라이신,향료,에틸헥실글리세린,황색5호,트라이소듐에틸렌다이아민다이석시네이트,솔비탄아이소스테아레이트,황색4호,암모늄폴리아크릴레이트,적색104호의(1),알루미늄하이드록사이드,적색227호,청색1호,부틸렌글라이콜,토코페롤
[27호] 
정제수,다이아이소스테아릴말레이트,하이드로제네이티드폴리아이소부텐,카프릴릴트라이메티콘,트라이메틸실록시페닐다이메티콘,비스-다이글리세릴폴리아실아디페이트-2,세틸피이지/피피지-10/1다이메티콘,다이페닐실록시페닐트라이메티콘,다이프로필렌글라이콜,폴리솔베이트60,펜틸렌글라이콜,글리세린,폴리글리세릴-4아이소스테아레이트,페녹시에탄올,하이드록시에틸아크릴레이트/소듐아크릴로일다이메틸타우레이트코폴리머,1,2-헥산다이올,세테아레스-20,스쿠알란,티타늄디옥사이드,스테비오사이드,소듐다이라우미도글루타미드라이신,향료,에틸헥실글리세린,트라이소듐에틸렌다이아민다이석시네이트,황색5호,솔비탄아이소스테아레이트,황색4호,적색227호,암모늄폴리아크릴레이트,알루미늄하이드록사이드,적색104호의(1),청색1호,부틸렌글라이콜,토코페롤
[28호]
정제수,다이아이소스테아릴말레이트,하이드로제네이티드폴리아이소부텐,카프릴릴트라이메티콘,트라이메틸실록시페닐다이메티콘,비스-다이글리세릴폴리아실아디페이트-2,세틸피이지/피피지-10/1다이메티콘,다이페닐실록시페닐트라이메티콘,다이프로필렌글라이콜,폴리솔베이트60,펜틸렌글라이콜,글리세린,폴리글리세릴-4아이소스테아레이트,페녹시에탄올,하이드록시에틸아크릴레이트/소듐아크릴로일다이메틸타우레이트코폴리머,1,2-헥산다이올,세테아레스-20,스쿠알란,스테비오사이드,티타늄디옥사이드,소듐다이라우미도글루타미드라이신,향료,에틸헥실글리세린,트라이소듐에틸렌다이아민다이석시네이트,황색5호,솔비탄아이소스테아레이트,적색227호,황색4호,암모늄폴리아크릴레이트,적색104호의(1),알루미늄하이드록사이드,청색1호,부틸렌글라이콜,토코페롤
[29호]
정제수,다이아이소스테아릴말레이트,하이드로제네이티드폴리아이소부텐,카프릴릴트라이메티콘,트라이메틸실록시페닐다이메티콘,비스-다이글리세릴폴리아실아디페이트-2,세틸피이지/피피지-10/1다이메티콘,다이페닐실록시페닐트라이메티콘,다이프로필렌글라이콜,폴리솔베이트60,펜틸렌글라이콜,글리세린,폴리글리세릴-4아이소스테아레이트,페녹시에탄올,하이드록시에틸아크릴레이트/소듐아크릴로일다이메틸타우레이트코폴리머,1,2-헥산다이올,세테아레스-20,스쿠알란,스테비오사이드,티타늄디옥사이드,소듐다이라우미도글루타미드라이신,향료,에틸헥실글리세린,황색5호,트라이소듐에틸렌다이아민다이석시네이트,황색4호,솔비탄아이소스테아레이트,적색227호,적색104호의(1),암모늄폴리아크릴레이트,알루미늄하이드록사이드,청색1호,부틸렌글라이콜,토코페롤
[30호]
정제수,다이아이소스테아릴말레이트,하이드로제네이티드폴리아이소부텐,카프릴릴트라이메티콘,트라이메틸실록시페닐다이메티콘,비스-다이글리세릴폴리아실아디페이트-2,세틸피이지/피피지-10/1다이메티콘,다이페닐실록시페닐트라이메티콘,다이프로필렌글라이콜,폴리솔베이트60,펜틸렌글라이콜,글리세린,폴리글리세릴-4아이소스테아레이트,페녹시에탄올,하이드록시에틸아크릴레이트/소듐아크릴로일다이메틸타우레이트코폴리머,1,2-헥산다이올,세테아레스-20,스쿠알란,스테비오사이드,티타늄디옥사이드,소듐다이라우미도글루타미드라이신,향료,에틸헥실글리세린,트라이소듐에틸렌다이아민다이석시네이트,황색5호,적색227호,황색4호,솔비탄아이소스테아레이트,적색104호의(1),암모늄폴리아크릴레이트,청색1호,알루미늄하이드록사이드,부틸렌글라이콜,토코페롤

*증정 구성품(글로우 립펜슬)*
[1호] 다이아이소스테아로일폴리글리세릴-3다이머다이리놀리에이트,폴리글리세릴-10데카아이소스테아레이트,카프릴릭/카프릭트라이글리세라이드,비스-베헤닐/아이소스테아릴/피토스테릴다이머다이리놀레일다이머다이리놀리에이트,합성왁스,폴리글리세릴-2트라이아이소스테아레이트,티타늄디옥사이드,옥틸도데칸올,카프릴릴트라이메티콘,에틸렌/프로필렌코폴리머,마이크로크리스탈린왁스,솔비탄아이소스테아레이트,황색산화철,마이카,다이부틸라우로일글루타마이드,적색산화철,실리카,폴리하이드록시스테아릭애씨드,다이부틸에틸헥사노일글루타마이드,다이아이소스테아릴말레이트,흑색산화철,적색202호 레이크,레시틴,알루미늄하이드록사이드,에틸헥실팔미테이트,아이소프로필미리스테이트,아이소스테아릭애씨드,폴리글리세릴-3폴리리시놀리에이트,메티콘,다이메티콘

[2호] 다이아이소스테아로일폴리글리세릴-3다이머다이리놀리에이트,폴리글리세릴-10데카아이소스테아레이트,카프릴릭/카프릭트라이글리세라이드,비스-베헤닐/아이소스테아릴/피토스테릴다이머다이리놀레일다이머다이리놀리에이트,합성왁스,폴리글리세릴-2트라이아이소스테아레이트,티타늄디옥사이드,옥틸도데칸올,카프릴릴트라이메티콘,에틸렌/프로필렌코폴리머,마이크로크리스탈린왁스,황색4호 레이크,흑색산화철,다이아이소스테아릴말레이트,다이부틸라우로일글루타마이드,적색산화철,황색5호 레이크,폴리하이드록시스테아릭애씨드,실리카,다이부틸에틸헥사노일글루타마이드,적색202호 레이크,황색산화철,레시틴,알루미늄하이드록사이드,에틸헥실팔미테이트,아이소프로필미리스테이트,아이소스테아릭애씨드,폴리글리세릴-3폴리리시놀리에이트"
64,A000000218845,[대용량/브러쉬원조] 릴리이브 그로우턴 엑소좀 브러쉬 앰플기획 2종 택1,37,"정제수, 변성알코올, 부틸렌글라이콜, 카페인, 1,2-핵산 다이올, 하이드록시아세토페논, 피이지-60하이드로제네이티드 캐스터오일, 카보머, 트로메타민, 글리세린, 멘톨, 트라이데세스-10, 베타인, 다이소듐이디티에이, 다이프로필렌글라이콜, 판테놀, 하이드로제네이티드레시틴, 폴리글리세틸-10라우레이트, 유칼립 투스잎오일, 다이아미노피리미딘옥사이드, 맥주효모추출물, 토코 페롤, 약모밀추출물, 동백나무꽃추출물, 매실나무꽃추출물, 복사 나무꽃추출물, 접시꽃추출물, 제비꽃꽃추출물, 해바라기꽃추출물, 락토바실러스발효물, 하수오뿌리추출물, 백미꽃추출물, 바이오틴, 카퍼트라이펩타이드-1, 금불초꽃추출물, 영등향추출물"
65,A000000261788,[저자극/피지지우개] 풀리 멜팅크림 투오일 50ml 단품/기획 2종 택1,102,"[크림 투 오일]
정제수, 하이드로제네이티드폴리데센, 코코-카프릴레이트/카프레이트, 부틸렌글라이콜, 폴리솔베이트60, 피이지-7글리세릴코코에이트, 토마토수, 글리세릴스테아레이트, 알지닌, 1,2-헥산다이올, 카보머, 하이드록시아세토페논, 팔미틱애씨드, 스테아릭애씨드, 에틸hexyl글리세린, 잇꽃꽃추출물, 카프릴로일살리실릭애씨드, 덱스트린, 치자추출물, 토마토즙, 다이포타슘글리시리제이트, 토코페롤, 감나무잎추출물, 다이펩타이드-15 (10,000ppb), 나이아신아마이드, 프로테아제, 호호바씨오일, 포도추출물, 카프릴릭/카프릭트라이글리세라이드, 올리브오일, 커피콩추출물, 호장근뿌리추출물, 글리세린, 녹차추출물, 밤껍질추출물, 초피나무열매추출물, 토마토씨오일, 글루코오스, 버지니아풍년화추출물, 브로멜라인, 레몬밤잎추출물, 흰버드나무껍질추출물, 솔비탄트라이올리에이트, 팔미토일트라이펩타이드-5 (50ppb), 소듐바이카보네이트, 석시닉애씨드, 셀러리씨추출물, 글라이콜릭애씨드, 아마씨추출물

[쌀반죽 팩클렌저]
정제수, 글리세린, 소듐코코일글라이시네이트, 쌀겨수 (52,920ppm), 셀룰로오스, 소듐라우로일글루타메이트, 하이드레이티드실리카, 카올린, 1,2-헥산다이올, 소듐스위트아몬드암포아세테이트, 라우릴베타인, 소듐메틸코코일타우레이트, 소듐폴리아크릴레이트, 시트릭애씨드, 소듐클로라이드, 에틸헥실글리세린, 하이드록시아세토페논, 아크릴레이트/C10-30알킬아크릴레이트크로스폴리머, 옥수수배아오일, 폴리글리세린-3, 향료, 피토스테릴/옥틸도데실라우로일글루타메이트, 부틸렌글라이콜, 카프릴릭/카프릭트라이글리세라이드, 하이드록시프로필메틸셀룰로오스, 하이드로제네이티드레시틴, 모란뿌리추출물, 병풀추출물, 무화과추출물,베타-글루칸, 바이오사카라이드검-1, 세라마이드엔피, 펜타에리스리틸테트라-다이-t-부틸하이드록시하이드로신나메이트, 토코페롤,하이드록시에틸셀룰로오스, 엑토인, 하이드롤라이즈드하이알루로닉애씨드, 쌀겨오일 (0.017ppm), 쌀추출물 (0.005ppm), 피토스핑고신, 쌀지게미추출물 (0.001ppm), 락토바실러스/쌀발효물 (0.001ppm), 프로테아제, 소듐파이테이트, 소듐디엔에이, 브로멜라인, 오리자놀, 파파인, 리파아제, 코직다이팔미테이트"
66,A000000199701,[카디비PICK|탄력보습] 바이오힐보 프로바이오덤 3D리프팅 크림 50ml [단품/기획],158,"[리프팅크림]
정제수, 락토바실러스발효용해물, 글리세린, 다이프로필렌글라이콜, 카프릴릭/카프릭트라이글리세라이드, 세테아릴알코올, 메도우폼씨오일, 글리세레스-26, 비닐다이메티콘, 하이드로제네이티드폴리(C6-14올레핀), 하이드로제네이티드폴리데센, 폴리글리세릴-3메틸글루코오스다이스테아레이트, 글리세릴스테아레이트, 베타인, 폴리글리세린-3, 1,2-헥산다이올, 세테아릴올리베이트, 펜틸렌글라이콜, 피토스테릴/베헤닐/옥틸도데실라우로일글루타메이트, 락토바실러스발효물, 프룩토올리고사카라이드, 프룩탄, 이눌린, 판테놀, 베타-글루칸, 아데노신, 사포닌, 수용성프로테오글리칸, 노나펩타이드-1, 아세틸테트라펩타이드-9, 아세틸테트라펩타이드-5, 아세틸헥사펩타이드-1, 아세틸헥사펩타이드-8, 팔미토일트라이펩타이드-8, 다이펩타이드다이아미노부티로일벤질아마이드다이아세테이트, 카퍼트라이펩타이드-1, 트라이펩타이드-1, 팔미토일테트라펩타이드-7, 팔미토일트라이펩타이드-1, 팔미토일트라이펩타이드-5, 팔미토일펜타펩타이드-4, 팔미토일헥사펩타이드-12, 펜타펩타이드-3, 헥사펩타이드-9, 올리고펩타이드-2, 맥아추출물, 참마뿌리추출물, 오일팜오일, 베헤닐알코올, 솔비탄올리베이트, 시어버터, 다이펜타에리스리틸헥사하이드록시스테아레이트/헥사스테아레이트/헥사로지네이트, 하이드로제네이티드채종유, 하이드록시아세토페논, 소듐폴리아크릴레이트, 하이드롤라이즈드호호바에스터, 피이지-100스테아레이트, 에틸헥실글리세린, 아크릴레이트/C10-30알킬아크릴레이트크로스폴리머, 잔탄검, 트로메타민, 부틸렌글라이콜, 말토덱스트린, 사이아노코발아민, 세틸에틸헥사노에이트, 프로판다이올, 세테아릴글루코사이드, 알진, 소듐스테아로일글루타메이트, 토코페롤, 바이오사카라이드검-4, 미네랄솔트, 하이드롤라이즈드옥수수전분, 소듐포스페이트, 카프릴릴글라이콜, 수크로오스, 덱스트란, 다이소듐포스페이트, 향료

[리프팅크림마스크]
정제수, 글리세린, 메틸프로판다이올, 카프릴릭/카프릭트라이글리세라이드, 세틸에틸헥사노에이트, 다이프로필렌글라이콜, 락토바실러스발효물, 소듐디엔에이, 하이드롤라이즈드콜라겐, 아세틸다이펩타이드-1세틸에스터, 다이펩타이드다이아미노부티로일벤질아마이드다이아세테이트, 헥사펩타이드-2, 아세틸헥사펩타이드-8, 팔미토일트라이펩타이드-1, 아스코빅애씨드폴리펩타이드, 팔미토일테트라펩타이드-7, 아세틸옥타펩타이드-3, 아세틸테트라펩타이드-2, 아세틸테트라펩타이드-3, 아세틸테트라펩타이드-5, 아세틸테트라펩타이드-9, 카퍼트라이펩타이드-1, 노나펩타이드-1, 팔미토일펜타펩타이드-4, 팔미토일트라이펩타이드-5, 세라마이드엔피, 암모늄아크릴로일다이메틸타우레이트/브이피코폴리머, 아크릴레이트/C10-30알킬아크릴레이트크로스폴리머, 아데노신, 백미꽃추출물, 판테놀, 토코페롤, 알란토인, 풀루란, 타피오카전분, 녹두싹추출물, 밀싹추출물, 브로콜리싹추출물, 진흙버섯추출물, 접시꽃추출물, 허니로커스트씨추출물, 키토산, 부틸렌글라이콜, 하이드록시아세토페논, 폴리글리세릴-6스테아레이트, 세테아릴올리베이트, 1,2-헥산다이올, 솔비탄올리베이트, 트레할로오스, 트로메타민, 프로판다이올, 에틸헥실글리세린, 카프릴릴글라이콜, 폴리글리세릴-6베헤네이트, 폴리글리세릴-10아이소스테아레이트, 폴리글리세릴-10올리에이트, 하이드로제네이티드폴리아이소부텐, 소듐파이테이트, 사이아노코발아민, 베타인, 프룩토올리고사카라이드, 베타-글루칸, 프룩탄, 솔비탄라우레이트, 펜틸렌글라이콜, 하이드록시에틸셀룰로오스, 이눌린, 소듐락테이트, 폴리솔베이트20, 글리세릴카프릴레이트, 하이드로제네이티드레시틴, 콜레스테롤, 바이오틴, 카르노신, 카페인, 잔탄검, 카보머, 향료"
67,A000000217765,일리윤 세라마이드 아토 로션 (600ml/600ml기획),46,"정제수, 글리세린, 프로판다이올, 다이메티콘, 하이드로제네이티드쌀겨오일, 하이드로제네이티드폴리(C6-14올레핀), 세틸에틸헥사노에이트, 다이아이소스테아릴말레이트, 1,2-헥산다이올, 하이드록시에틸아크릴레이트/소듐아크릴로일다이메틸타우레이트코폴리머, C14-22알코올, 아라키딜알코올, 팔미틱애씨드, 글리세릴스테아레이트, 스테아릭애씨드, 베헤닐알코올, C12-20알킬글루코사이드, 글리세릴카프릴레이트, 아라키딜글루코사이드, 솔비탄아이소스테아레이트, 에틸헥실글리세린, 부틸렌글라이콜, 소듐메타포스페이트, 인삼수, 황금추출물, 세틸-피지하이드록시에틸팔미타마이드(세라마이드 CPP-40 65.5ppm), 만니톨, 매실추출물, 하이드로제네이티드레시틴, 검정콩오일, 스쿠알란, 마데카소사이드, 폴리글리세릴-10펜타스테아레이트, 아크릴레이트/암모늄메타크릴레이트코폴리머, 세라마이드엔피(4.04ppm), 토코페롤, 콜레스테롤, 피토스핑고신, 실리카, 펜틸렌글라이콜, 다이포타슘글리시리제이트, 아라키딕애씨드, 올레익애씨드, 카놀라오일, 로즈마리잎추출물"
68,A000000263073,[9월올영픽/설윤PICK] 바이오더마 하이드라비오 에센스 로션 200ml 기획 (+펌프용기+파우치) (2609),22,"정제수,메틸프로판다이올,나이아신아마이드,피피지-26-부테스-26,피이지-40하이드로제네이티드캐스터오일,소듐피씨에이,다이소듐이디티에이,살리실릭애씨드,하이드록시에틸셀롤로오스,만니톨,소듐시트레이트,토코페릴아세테이트,자이리톨,헥실데칸올,세틸리도늄브로마이드,향료,벤조트라이아졸릴도데실-p-크레졸,람노오스,소듐하이드록사이드,사과씨추출물,유채스테롤,토코페롤 10"
69,A000000182630,[대용량140매] 넘버즈인 토너패드 리필기획 중 택 1 (1번/3번/5번),104,"[1번 패드]
정제수, 1,2-헥산다이올, 부틸렌글라이콜, 글리세린, 다이프로필렌글라이콜, 프로판다이올, 감초뿌리추출물, 에틸헥실글리세린, 카보머, 하이드록시에틸셀룰로오스, 약모밀추출물, 병풀추출물, 폴리글리세릴-10라우레이트, 폴리글리세릴-10미리스테이트, 알지닌, 알란토인, 다이소듐이디티에이, 하수오전초추출물, 피마자씨오일, 베타인, 히아신스전초추출물, 판테놀, 알바수련꽃추출물, 자몽껍질오일, 센티드제라늄꽃오일, 티트리잎오일, 로즈마리잎오일

[3번 토너패드] 정제수, 메틸프로판다이올, 비피다발효용해물, 부틸렌글라이콜, 변성알코올, 갈락토미세스발효여과물, 1,2-헥산다이올, 글리세린, 베타인, 트레할로오스, 판테놀, 글리세레스-26, 코직애씨드, 폴리글리세릴-10라우레이트, 암모늄아크릴로일다이메틸타우레이트/브이피코폴리머, 글루코노락톤, 소듐시트레이트, 알란토인, 소듐하이알루로네이트, 카프릴릴글라이콜, 다이소듐이디티에이, 카프릴로일살리실릭애씨드, 대왕소나무잎추출물, 당느릅나무뿌리추출물, 달맞이꽃꽃추출물, 칡뿌리추출물, 락토바실러스발효용해물, 트로폴론, 하이드로제네이티드레시틴, 바쿠치올, 향료

[5번 패드]
정제수, 나이아신아마이드(50,000 ppm), 다이프로필렌글라이콜, 글리세린, 프로판다이올, 부틸렌글라이콜, 하이드록시에틸우레아, 다이에톡시에틸석시네이트, 하이드록시아세토페논, 카프릴릴글라이콜, 폴리글리세릴-10라우레이트, 베타인, 판테놀(750 ppm), 에틸헥실글리세린, 글루코노락톤, 소듐폴리아크릴레이트, 암모늄아크릴로일다이메틸타우레이트/브이피코폴리머, 소듐시트레이트, 시트릭애씨드, 말토덱스트린, 1,2-헥산다이올, 치자추출물, 다이포타슘글리시리제이트, 소듐하이알루로네이트, 아스코빅애씨드, 판토락톤, 토코페롤, 카프릴로일살리실릭애씨드, 트라넥사믹애씨드, 흰목이버섯추출물, 카프릴릭/카프릭트라이글리세라이드, 아스코빌글루코사이드, 유비퀴논, 하이드로제네이티드레시틴, 마그네슘클로라이드, 에탄올, 글루타티온, 폴리솔베이트80, 칼슘글루코네이트, 피리독신에이치씨엘, 비에이치티, 효모추출물, 사이아노코발아민, 다이소듐이디티에이"
70,A000000207225,[트러블진정세럼] 넘버즈인 1번 판토텐산 액티브업 수딩세럼 50ml 리필기획 (50ml+50ml),56,"정제수,부틸렌글라이콜,나이아신아마이드,글리세린,다이프로필렌글라이콜,1,2-헥산다이올,판테놀,도둑놈의지팡이뿌리추출물,아크릴레이트/C10-30알킬아크릴레이트크로스폴리머,프로판다이올,다이에톡시에틸석시네이트,트로메타민,하이드로제네이티드레시틴,암모늄아크릴로일다이메틸타우레이트/브이피코폴리머,베타인,판토테닉애씨드,트레할로오스,에틸헥실글리세린,글리세릴올리에이트,소듐파이테이트,알란토인,알파-알부틴,약모밀추출물,라우릴글루코사이드,미리스틸글루코사이드,폴리글리세릴-6라우레이트,징크피씨에이,인도멀구슬나무잎추출물,토코페롤,감초뿌리추출물,인도멀구슬나무꽃추출물,아이비고드열매추출물,병풀추출물,소듐하이알루로네이트,시트릭애씨드,가지열매추출물,베타-글루칸,홀리바질잎추출물,하이알루로닉애씨드,데실글루코사이드,울금뿌리추출물,참산호말추출물,다이포타슘글리시리제이트,하이드롤라이즈드하이알루로닉애씨드,호호바씨오일,녹차추출물,병풀잎추출물,오카무라큰실말추출물,흰버드나무껍질추출물,소듐아세틸레이티드하이알루로네이트,커피콩추출물,베타-시토스테롤,폴리글리세릴-10스테아레이트,베르가모트잎추출물,소나무잎추출물"
71,A000000186409,[여드름 기능성] 블랑네이처 아크네 클렌징 폼 단품/기획,41,"녹차수, 팔미틱애씨드, 스테아릭애씨드, 미리스틱애씨드, 글리세린, 라우릭애씨드, 포타슘하이드록사이드, 정제수, 솔비탄올리베이트, 1,2-헥산다이올, 코카미도프로필베타인, 글리세릴스테아레이트, 부틸렌글라이콜, 살리실릭애씨드, 병풀추출물, 프로폴리스추출물, 포트마리골드꽃추출물, 피이지-100스테아레이트, 소듐클로라이드, 맥아추출물, 알란토인, 판테놀, 시트릭애씨드, 스페인감초뿌리추출물, 에탄올, 녹차추출물, 약모밀추출물, 펜틸렌글라이콜, 카프릴릴글라이콜, 에틸헥실글리세린, 메일펀뿌리추출물, 달맞이꽃꽃추출물, 대왕소나무잎추출물, 칡뿌리추출물, 당느릅나무뿌리추출물, 다이소듐이디티에이, 소듐벤조에이트, 클로페네신, 4-터피네올, 티트리잎오일"
72,A000000255752,[수분진정/세럼증정] 닥터지 레드블레미쉬 클리어 수딩크림 EX 70ml기획 (+30ml+세럼10ml*2ea),90,"[크림] 
정제수, 글리세린, 부틸렌글라이콜, 다이카프릴릴에터, 나이아신아마이드, 1,2-헥산다이올, 펜틸렌글라이콜, 소듐하이알루로네이트, 병풀잎추출물, 비피다발효여과물, 락토바실러스발효물, 병풀꽃/잎/줄기추출물, 병풀뿌리추출물, 병풀추출물, 효모발효여과물, 하이드로제네이티드폴리데센, 다이카프릴릴카보네이트, 하이드록시에틸아크릴레이트/소듐아크릴로일다이메틸타우레이트코폴리머, 판테놀, 아크릴레이트/C10-30알킬아크릴레이트크로스폴리머, 실리카, 트로메타민, 솔비톨, 글리세릴아크릴레이트/아크릴릭애씨드코폴리머, 에틸헥실글리세린, 트라이소듐에틸렌다이아민다이석시네이트, 알란토인, 다이프로필렌글라이콜, 토코페롤, 마데카소사이드, 폴리글리세릴-10라우레이트, 포스파티딜콜린, 하이드로제네이티드레시틴, 칼슘판토테네이트, 스쿠알란, 에리스리톨, 에틸헥실팔미테이트, 아시아티코사이드, 마데카식애씨드, 아시아틱애씨드, 트라이하이드록시스테아린, 세라마이드엔피, 다발방패버섯추출물, 잔탄검
[세럼]
정제수, 부틸렌글라이콜, 다이프로필렌글라이콜, 나이아신아마이드, 1,2-헥산다이올, 글리세린, 판테놀, 글리세레스-26, 하이드록시에틸셀룰로오스, 에리스리톨, 소듐폴리아크릴로일다이메틸타우레이트, 소듐하이알루로네이트(1,100 ppm), 알란토인, 에틸헥실글리세린, 카프릴릭/카프릭트라이글리세라이드, 바이오사카라이드검-1, 다이소듐이디티에이, 하이드로제네이티드레시틴, 베타인살리실레이트, 석시닉애씨드, 트로메타민, 효모발효여과물, 옥틸도데칸올, 폴리글리세릴-10라우레이트, 포스파티딜콜린, 아시아티코사이드(48 ppm), 병풀잎추출물(40 ppm), 마데카식애씨드(36 ppm), 아시아틱애씨드(36 ppm), 글라이코리피드, 세라마이드엔피, 베타-글루칸, 락토바실러스발효물, 락토바실러스/콩발효추출물, 류코노스톡/무발효여과물, 효모발효추출물, 팔미토일트라이펩타이드-5, 다발방패버섯추출물, 마데카소사이드(3.6 ppm), 병풀추출물(3.4 ppm), 하이드록시프로필트라이모늄하이알루로네이트(1 ppm), 토코페롤, 징크피씨에이, 헥사펩타이드-9"
73,A000000263530,[9월 올영픽] 피지오겔 DMT 페이셜 크림 대용량 200ml 기획(+토너50ml+마스크1매),72,"[크림] 정제수*, 카프릴릭/카프릭트라이글리세라이드*, 글리세린*, 펜틸렌글라이콜, 코코넛야자오일, 하이드로제네이티드레시틴*, 시어버터, 하이드록시에틸셀룰로오스, 스쿠알란*, 카보머, 잔탄검, 소듐카보머, 세라마이드엔피*
※ 세라마이드 복합체 구성 성분 : *

[토너] 정제수, 다이프로필렌글라이콜, 글리세린, 1,2-헥산다이올, 헥실데실에틸헥사노에이트, 펜타에리스리틸테트라에틸헥사노에이트, 변성알코올, 베타인, 사이클로펜타실록세인,아크릴레이트/C10-30알킬아크릴레이트크로스폴리머, 트로메타민, 다이메티콘, 피토스테롤, 소듐하이알루로네이트, 트라이소듐이디티에이, 세린, 소듐피씨에이, 하이드록시에틸우레아, 알지닌, 카프릴릭/카프릭트라이글리세라이드, 스쿠알란

[마스크] 정제수, 메틸프로판다이올, 글리세린, 1,2-헥산다이올, 세틸에틸헥사노에이트, 부틸렌글라이콜, 판테놀, 카프릴릭/카프릭트라이글리세라이드, 스쿠알란, 베타인, 트레할로오스, 알란토인, 다이포타슘글리시리제이트, 락토바실러스발효물, 락토바실러스/콩발효추출물, 효모/감자추출물발효여과물, 효모/보리씨발효여과물, 울금뿌리추출물, 육두구추출물, 시어버터, 베타-글루칸, 세라마이드엔피, 콜레스테롤, 세테아릴알코올, 베헤닐알코올, 스테아릭애씨드, 팔미틱애씨드, 소듐폴리아크릴레이트, 아라키딜알코올, 아라키딜글루코사이드, 하이드로제네이티드레시틴, 폴리메틸실세스퀴옥세인, 폴리글리세릴-4카프레이트, 아크릴레이트/C10-30알킬아크릴레이트크로스폴리머, 잔탄검, 카보머, 트라이소듐이디티에이, 트로메타민"
74,A000000171371,[1등 블러셔/모공블러] 네이밍 플러피 파우더 블러쉬 20colors,454,"#BASHFUL
탤크, 마이카 (CI 77019), 헥실라우레이트, 알루미늄전분옥테닐석시네이트, 옥수수전분, 폴리글리세릴-2트라이아이소스테아레이트, 티타늄디옥사이드 (CI 77891), 다이페닐실록시페닐트라이메티콘, 마그네슘미리스테이트, 메틸프로판다이올, 프로판다이올, 다이메티콘, 마그네슘스테아레이트, 메티콘, 정제수, 적색산화철 (CI 77491), 울트라마린 (CI 77007), 적색226호 (CI 73360), 황색산화철 (CI 77492)

#YUMMY
탤크 , 마이카 (CI 77019) , 헥실라우레이트 , 알루미늄전분옥테닐석시네이트 , 옥수수전분 , 폴리글리세릴-2트라이아이소스테아레이트 , 티타늄디옥사이드 (CI 77891) , 다이페닐실록시페닐트라이메티콘 , 마그네슘미리스테이트 , 메틸프로판다이올 , 프로판다이올 , 다이메티콘 , 마그네슘스테아레이트 ,메티콘 , 정제수 ,적색226호 (CI 73360) , 황색4호 (CI 19140) , 울트라마린 (CI 77007)

#HALO
탤크 , 마이카 (CI 77019) , 헥실라우레이트 , 알루미늄전분옥테닐석시네이트 , 옥수수전분 , 폴리글리세릴-2트라이아이소스테아레이트 , 티타늄디옥사이드 (CI 77891) , 다이페닐실록시페닐트라이메티콘 , 마그네슘미리스테이트 , 메틸프로판다이올 , 프로판다이올 , 다이메티콘 , 마그네슘스테아레이트 , 메티콘 , 정제수 , 망가니즈바이올렛 (CI 77742) , 적색산화철 (CI 77491) , 황색산화철 (CI 77492) , 적색226호 (CI 73360) , 울트라마린 (CI 77007) , 흑색산화철 (CI 77499) , 황색4호 (CI 19140)

#TOAST
탤크, 마이카 (CI 77019), 헥실라우레이트, 티타늄디옥사이드 (CI 77891), 알루미늄전분옥테닐석시네이트, 옥수수전분, 폴리글리세릴-2트라이아이소스테아레이트, 다이페닐실록시페닐트라이메티콘, 마그네슘미리스테이트, 메틸프로판다이올, 프로판다이올, 다이메티콘, 마그네슘스테아레이트, 메티콘, 알루미늄하이드록사이드, 정제수, 황색산화철 (CI 77492), 적색산화철 (CI 77491), 흑색산화철 (CI 77499), 카민 (CI 75470), 망가니즈바이올렛 (CI 77742), 적색226호 (CI 73360)

#BAGEL
탤크, 마이카 (CI 77019), 헥실라우레이트, 티타늄디옥사이드 (CI 77891), 알루미늄전분옥테닐석시네이트, 옥수수전분, 폴리글리세릴-2트라이아이소스테아레이트, 다이페닐실록시페닐트라이메티콘, 적색산화철 (CI 77491), 마그네슘미리스테이트, 메틸프로판다이올, 프로판다이올, 다이메티콘, 메티콘, 정제수, 울트라마린 (CI 77007), 황색산화철 (CI 77492), 흑색산화철 (CI 77499), 적색226호 (CI 73360), 황색4호 (CI 19140)

#NIESE
탤크, 마이카 (CI 77019), 헥실라우레이트, 알루미늄전분옥테닐석시네이트, 옥수수전분, 폴리글리세릴-2트라이아이소스테아레이트, 다이페닐실록시페닐트라이메티콘, 마그네슘미리스테이트, 메틸프로판다이올, 프로판다이올, 다이메티콘, 마그네슘스테아레이트, 알루미늄하이드록사이드, 메티콘, 티타늄디옥사이드 (CI 77891), 적색226호 (CI 73360), 흑색산화철 (CI 77499), 적색산화철 (CI 77491), 황색4호 (CI 19140), 울트라마린 (CI 77007)

#POVE
탤크, 마이카 (CI 77019), 헥실라우레이트, 알루미늄전분옥테닐석시네이트, 옥수수전분, 폴리글리세릴-2트라이아이소스테아레이트, 다이페닐실록시페닐트라이메티콘, 마그네슘미리스테이트, 메틸프로판다이올, 프로판다이올, 다이메티콘, 마그네슘스테아레이트, 알루미늄하이드록사이드, 메티콘, 카올린, 티타늄디옥사이드 (CI 77891), 울트라마린 (CI 77007), 적색226호 (CI 73360), 망가니즈바이올렛 (CI 77742), 흑색산화철 (CI 77499), 황색산화철 (CI 77492), 적색산화철 (CI 77491), 황색4호 (CI 19140) 

#PILLOW
탤크, 마이카 (CI 77019), 헥실라우레이트, 알루미늄전분옥테닐석시네이트, 옥수수전분, 폴리글리세릴-2트라이아이소스테아레이트, 다이페닐실록시페닐트라이메티콘, 마그네슘미리스테이트, 메틸프로판다이올, 프로판다이올, 다이메티콘, 마그네슘스테아레이트, 알루미늄하이드록사이드, 메티콘, 티타늄디옥사이드 (CI 77891), 황색산화철 (CI 77492), 적색산화철 (CI 77491), 흑색산화철 (CI 77499), 울트라마린 (CI 77007), 적색226호 (CI 73360), 황색4호 (CI 19140) 

#A BIT
탤크, 마이카 (CI 77019), 헥실라우레이트, 알루미늄전분옥테닐석시네이트, 옥수수전분, 폴리글리세릴-2트라이아이소스테아레이트, 다이페닐실록시페닐트라이메티콘, 마그네슘미리스테이트, 메틸프로판다이올, 프로판다이올, 다이메티콘, 마그네슘스테아레이트, 알루미늄하이드록사이드, 메티콘, 카올린, 울트라마린 (CI 77007), 적색226호 (CI 73360), 티타늄디옥사이드 (CI 77891), 흑색산화철 (CI 77499), 망가니즈바이올렛 (CI 77742), 황색4호 (CI 19140) 

#PAGIE
탤크, 마이카 (CI 77019), 헥실라우레이트, 알루미늄전분옥테닐석시네이트, 옥수수전분, 폴리글리세릴-2트라이아이소스테아레이트, 다이페닐실록시페닐트라이메티콘, 마그네슘미리스테이트, 메틸프로판다이올, 프로판다이올, 다이메티콘, 마그네슘스테아레이트, 알루미늄하이드록사이드, 메티콘, 티타늄디옥사이드 (CI 77891), 적색산화철 (CI 77491), 울트라마린 (CI 77007), 황색산화철 (CI 77492), 적색226호 (CI 73360), 흑색산화철 (CI 77499), 황색4호 (CI 19140)

#CHIPPY(치피)
탤크, 마이카 (CI 77019), 티타늄디옥사이드 (CI 77891), 실리카, 옥틸도데칸올, 나일론-12, 마그네슘미리스테이트, 카프릴릭/카프릭트라이글리세라이드, 다이메티콘, 다이펜타에리스리틸헥사하이드록시스테아레이트/헥사스테아레이트/헥사로지네이트, 마그네슘스테아레이트, 카프릴릴글라이콜, 페닐트라이메티콘, 라우로일라이신, 글리세릴카프릴레이트, 에틸헥실글리세린, 트라이에톡시카프릴릴실레인, 토코페롤, 글리세린, 정제수, 하이드로제네이티드레시틴, 세라마이드엔피, 틴옥사이드, 적색산화철 (CI 77491), 적색226호 (CI 73360), 울트라마린 (CI 77007), 황색산화철 (CI 77492), 황색4호 (CI 19140)

#TEAK(티크)
탤크, 마이카 (CI 77019), 티타늄디옥사이드 (CI 77891), 실리카, 옥틸도데칸올, 나일론-12, 마그네슘미리스테이트, 카프릴릭/카프릭트라이글리세라이드, 다이메티콘, 다이펜타에리스리틸헥사하이드록시스테아레이트/헥사스테아레이트/헥사로지네이트, 마그네슘스테아레이트, 카프릴릴글라이콜, 페닐트라이메티콘, 글리세릴카프릴레이트, 라우로일라이신, 에틸헥실글리세린, 트라이에톡시카프릴릴실레인, 토코페롤, 글리세린, 정제수, 하이드로제네이티드레시틴, 세라마이드엔피, 틴옥사이드, 황색산화철 (CI 77492), 적색산화철 (CI 77491), 울트라마린 (CI 77007), 흑색산화철 (CI 77499), 적색226호 (CI 73360), 황색4호 (CI 19140)

#HAGUE(헤이그)
탤크, 마이카 (CI 77019), 티타늄디옥사이드 (CI 77891), 실리카, 옥틸도데칸올, 나일론-12, 마그네슘미리스테이트, 카프릴릭/카프릭트라이글리세라이드, 다이메티콘, 다이펜타에리스리틸헥사하이드록시스테아레이트/헥사스테아레이트/헥사로지네이트, 마그네슘스테아레이트, 카프릴릴글라이콜, 페닐트라이메티콘, 글리세릴카프릴레이트, 라우로일라이신, 에틸헥실글리세린, 트라이에톡시카프릴릴실레인, 토코페롤, 글리세린, 정제수, 하이드로제네이티드레시틴, 세라마이드엔피, 틴옥사이드, 적색226호 (CI 73360), 황색4호 (CI 19140), 황색산화철 (CI 77492), 적색산화철 (CI 77491), 흑색산화철 (CI 77499), 울트라마린 (CI 77007)

#FEEG(피이그)
탤크, 마이카 (CI 77019), 티타늄디옥사이드 (CI 77891), 실리카, 옥틸도데칸올, 나일론-12, 칼슘알루미늄보로실리케이트, 마그네슘미리스테이트, 카프릴릭/카프릭트라이글리세라이드, 마그네슘스테아레이트, 다이메티콘, 다이펜타에리스리틸헥사하이드록시스테아레이트/헥사스테아레이트/헥사로지네이트, 카프릴릴글라이콜, 페닐트라이메티콘, 글리세릴카프릴레이트, 라우로일라이신, 에틸헥실글리세린, 트라이에톡시카프릴릴실레인, 토코페롤, 글리세린, 정제수, 하이드로제네이티드레시틴, 세라마이드엔피, 틴옥사이드, 울트라마린 (CI 77007), 적색226호 (CI 73360), 황색산화철 (CI 77492), 적색산화철 (CI 77491), 흑색산화철 (CI 77499), 황색4호 (CI 19140)

#GRAVE(그레이브)
탤크, 마이카 (CI 77019), 티타늄디옥사이드 (CI 77891), 실리카, 옥틸도데칸올, 나일론-12, 마그네슘미리스테이트, 카프릴릭/카프릭트라이글리세라이드, 마그네슘스테아레이트, 다이메티콘, 다이펜타에리스리틸헥사하이드록시스테아레이트/헥사스테아레이트/헥사로지네이트, 카프릴릴글라이콜, 페닐트라이메티콘, 글리세릴카프릴레이트, 라우로일라이신, 에틸헥실글리세린, 트라이에톡시카프릴릴실레인, 카올린, 토코페롤, 글리세린, 정제수, 하이드로제네이티드레시틴, 세라마이드엔피, 울트라마린 (CI 77007), 적색226호 (CI 73360), 흑색산화철 (CI 77499), 망가니즈바이올렛 (CI 77742), 적색산화철 (CI 77491), 황색4호 (CI 19140)

#KAYA(카야)
탤크, 마이카 (CI 77019), 헥실라우레이트, 알루미늄전분옥테닐석시네이트, 옥수수전분, 폴리글리세릴-2트라이아이소스테아레이트, 다이페닐실록시페닐트라이메티콘, 황색산화철 (CI 77492), 마그네슘스테아레이트, 카프릴릴글라이콜, 글리세릴카프릴레이트, 에틸헥실글리세린, 다이메티콘, 트라이에톡시카프릴릴실레인, 알루미늄하이드록사이드, 메티콘, 토코페롤, 울트라마린 (CI 77007), 적색산화철 (CI 77491), 흑색산화철 (CI 77499), 황색4호 (CI 19140), 적색226호 (CI 73360), 티타늄디옥사이드 (CI 77891)

#HAZE(헤이즈)
탤크, 마이카 (CI 77019), 헥실라우레이트, 망가니즈바이올렛 (CI 77742), 알루미늄전분옥테닐석시네이트, 옥수수전분, 폴리글리세릴-2트라이아이소스테아레이트, 다이페닐실록시페닐트라이메티콘, 마그네슘스테아레이트, 카프릴릴글라이콜, 글리세릴카프릴레이트, 에틸헥실글리세린, 다이메티콘, 트라이에톡시카프릴릴실레인, 카올린, 알루미늄하이드록사이드, 메티콘, 토코페롤, 울트라마린 (CI 77007), 적색산화철 (CI 77491), 황색산화철 (CI 77492), 흑색산화철 (CI 77499), 적색226호 (CI 73360), 티타늄디옥사이드 (CI 77891), 황색4호 (CI 19140)

#TARO(타로)
 탤크, 마이카 (CI 77019), 헥실라우레이트, 망가니즈바이올렛 (CI 77742), 알루미늄전분옥테닐석시네이트, 옥수수전분, 폴리글리세릴-2트라이아이소스테아레이트, 울트라마린 (CI 77007), 다이페닐실록시페닐트라이메티콘, 마그네슘스테아레이트, 카프릴릴글라이콜, 글리세릴카프릴레이트, 에틸헥실글리세린, 다이메티콘, 트라이에톡시카프릴릴실레인, 카올린, 알루미늄하이드록사이드, 메티콘, 토코페롤, 적색산화철 (CI 77491), 황색산화철 (CI 77492), 흑색산화철 (CI 77499), 적색226호 (CI 73360), 티타늄디옥사이드 (CI 77891), 황색4호 (CI 19140)

#TENDER(텐더)
탤크, 마이카 (CI 77019), 헥실라우레이트, 알루미늄전분옥테닐석시네이트, 옥수수전분, 폴리글리세릴-2트라이아이소스테아레이트, 다이페닐실록시페닐트라이메티콘, 마그네슘스테아레이트, 카프릴릴글라이콜, 글리세릴카프릴레이트, 에틸헥실글리세린, 다이메티콘, 트라이에톡시카프릴릴실레인, 알루미늄하이드록사이드, 메티콘, 토코페롤, 적색산화철 (CI 77491), 흑색산화철 (CI 77499), 황색산화철 (CI 77492), 적색226호 (CI 73360), 황색4호 (CI 19140), 티타늄디옥사이드 (CI 77891), 울트라마린 (CI 77007)

#JOY(조이)
탤크, 마이카 (CI 77019), 헥실라우레이트, 알루미늄전분옥테닐석시네이트, 옥수수전분, 폴리글리세릴-2트라이아이소스테아레이트, 다이페닐실록시페닐트라이메티콘, 마그네슘스테아레이트, 카프릴릴글라이콜, 글리세릴카프릴레이트, 에틸헥실글리세린, 다이메티콘, 트라이에톡시카프릴릴실레인, 카올린, 알루미늄하이드록사이드, 메티콘, 토코페롤, 황색산화철 (CI 77492), 적색226호 (CI 73360), 망가니즈바이올렛 (CI 77742), 황색4호 (CI 19140), 적색산화철 (CI 77491), 티타늄디옥사이드 (CI 77891), 울트라마린 (CI 77007), 흑색산화철 (CI 77499)"
75,A000000222698,[수지세럼] 아누아 피디알엔 히알루론산 캡슐 100 세럼 30mL 기획 (+30mL 리필팩),14,"하이드롤라이즈드하이알루로닉애씨드(29,049ppm), 나이아신아마이드, 하이드롤라이즈드콜라겐, 소듐하이알루로 네이트(800ppm), 아데노신, 소듐디엔에이(100ppm), 하이알 루로닉애씨드(30ppm), 하이드롤라이즈드소듐하이알루로네이 트(30ppm), 하이드록시프로필트라이모늄하이알루로네이트 (30ppm), 포타슘하이알루로네이트(30ppm), 소듐하이알루 로네이트크로스폴리머(30ppm), 소듐아세틸레이티드하이알 루로네이트(1ppm), 시트릭애씨드
* 피디알엔: 소듐디엔에이"
76,A000000233470,"[단독기획] 메디힐 콜라겐 캡슐 패치 60+60매 더블 기획 3종 (레티놀, 비타민C, PDRN)",160,"[레티놀 콜라겐] 정제수, 글리세린, 나이아신아마이드, 부틸렌글라이콜, 아이리쉬모스가루, 글루코만난, 1,2-헥산다이올, 하이드록시아세토페논, 아이리쉬모스, 칼슘클로라이드, 셀룰로오스검, 아이소노닐아이소노나노에이트, 캐롭검, 구아검, 보론나이트라이드, 판테놀, 포타슘클로라이드, 알란토인, 수크로오스, 프로판다이올, 폴리글리세릴-10라우레이트, 하이드롤라이즈드익스텐신(500 ppm), 아데노신, 에틸헥실글리세린, 카프릴릴글라이콜, 젤란검, 아가, 다이포타슘글리시리제이트, 알지닌, 소듐파이테이트, 카페인, 한련초추출물, 라벤더오일, 적색산화철, 센티드제라늄꽃오일, 인도멀구슬나무잎추출물, 잔탄검, 드럼스틱씨오일, 다마스크장미꽃추출물, 소듐디엔에이, 레티놀(0.04 ppm)

[비타 콜라겐] 정제수, 글리세린, 나이아신아마이드(20,000 ppm), 부틸렌글라이콜, 1,2-헥산다이올, 아이리쉬모스가루, 글루코만난, 하이드록시아세토페논, 아이리쉬모스, 카프릴릭/카프릭트라이글리세라이드, 셀룰로오스검, 캐롭검, 구아검, 판테놀, 칼슘클로라이드, 티타늄디옥사이드, 포타슘클로라이드, 프로판다이올, 폴리글리세릴-10라우레이트, 알란토인, 수크로오스, 하이드롤라이즈드익스텐신(500 ppm), 스핑고모나스발효추출물, 아데노신, 카프릴릴글라이콜, 에틸헥실글리세린, 젤란검, 아가, 다이포타슘글리시리제이트, 알지닌, 소듐파이테이트, 카페인, 유비퀴논, 황색산화철, 스위트아몬드오일, 글루타티온, 센티드제라늄꽃오일, 라벤더오일, 잔탄검, 캐모마일꽃오일, 오렌지껍질오일, 아스타잔틴, 멕시칸주니퍼오일, 폴리글리세릴-10아이소스테아레이트, 하이드로제네이티드레시틴, 소듐아스코빌포스페이트(0.046 ppm), 아스코빅애씨드(0.045 ppm), 3-O-에틸아스코빅애씨드(0.01 ppm), 아스코빌글루코사이드(0.001 ppm), 마그네슘아스코빌포스페이트(0.0001 ppm)

[PDRN 펩타이드] 정제수, 글리세린, 나이아신아마이드, 아이리쉬모스가루, 글루코만난, 1,2-헥산다이올, 캐롭검, 구아검, 하이드록시아세토페논, 아이리쉬모스, 부틸렌글라이콜, 아이소노닐아이소노나노에이트, 판테놀, 알란토인, 합성플루오르플로고파이트, 포타슘클로라이드, 셀룰로오스검, 티타늄디옥사이드, 폴리글리세릴-10라우레이트, 프로판다이올, 수크로오스, 다이포타슘글리시리제이트, 카프릴릴글라이콜, 소듐폴리아크릴레이트, 보론나이트라이드, 아데노신, 폴리아크릴릭애씨드, 알지닌, 다마스크장미꽃수(224.874 ppm), 에틸헥실글리세린, 소듐파이테이트, 치자나무꽃추출물, 젤란검, 아가, 양까막까치밥나무잎추출물, 첨차잎추출물, 다마스크장미꽃오일, 서양송악잎/줄기추출물, 틴옥사이드, 카페인, 아스코빅애씨드, 콜라겐추출물, 다마스크장미꽃추출물, 프렌치로즈꽃추출물, 다마스크장미추출물, 잔탄검, 하이드로제네이티드레시틴, 소듐하이알루로네이트, 비타민나무수, 돌콩추출물, 하이드록시프로필트라이모늄하이알루로네이트, 하이드롤라이즈드하이알루로닉애씨드, 소듐아세틸레이티드하이알루로네이트, 소듐디엔에이(0.525 ppm), 카퍼트라이펩타이드-1(3.813 ppb), 아세틸헥사펩타이드-8(3.813 ppb), 하이알루로닉애씨드, 하이드롤라이즈드소듐하이알루로네이트, 소듐하이알루로네이트크로스폴리머, 포타슘하이알루로네이트, 헥사펩타이드-9(0.093 ppb), 소듐아스코빌포스페이트, 토코페릴아세테이트, 피리독신에이치씨엘, 리보플라빈, 티아민에이치씨엘, 메나다이온"
77,A000000255256,[NEW/이시안공동개발] 라카 퍼펙트 트윈 립 4.7g+4.2g 12 colors,297,"퍼펙트트윈립#901트루피치	ㅣ 아이소도데케인,비스-하이드록시에톡시프로필다이메티콘/아이피디아이코폴리머에틸카바메이트,티타늄디옥사이드 (CI 77891),다이메티콘/비닐다이메티콘크로스폴리머,카프릴릭/카프릭트라이글리세라이드,다이스테아다이모늄헥토라이트,황색산화철 (CI 77492),하이드록시아파타이트,프로필렌카보네이트,스테아랄코늄헥토라이트,폴리하이드록시스테아릭애씨드,칼슘카보네이트,적색202호 (CI 15850),적색104호의(1) (CI 45410),흑색산화철 (CI 77499),레시틴,아이소스테아릭애씨드,아이소프로필미리스테이트,에틸헥실팔미테이트,다이메티콘,폴리글리세릴-3폴리리시놀리에이트,데하이드로아세틱애씨드,청색1호 (CI 42090),향료,벤질벤조에이트
퍼펙트트윈립#902비지코랄	ㅣ 아이소도데케인,비스-하이드록시에톡시프로필다이메티콘/아이피디아이코폴리머에틸카바메이트,티타늄디옥사이드 (CI 77891),다이메티콘/비닐다이메티콘크로스폴리머,카프릴릭/카프릭트라이글리세라이드,다이스테아다이모늄헥토라이트,황색4호 (CI 19140),하이드록시아파타이트,적색산화철 (CI 77491),황색산화철 (CI 77492),프로필렌카보네이트,적색202호 (CI 15850),스테아랄코늄헥토라이트,폴리하이드록시스테아릭애씨드,칼슘카보네이트,레시틴,청색1호 (CI 42090),아이소스테아릭애씨드,아이소프로필미리스테이트,에틸헥실팔미테이트,다이메티콘,폴리글리세릴-3폴리리시놀리에이트,데하이드로아세틱애씨드,향료,벤질벤조에이트
퍼펙트트윈립#903누드오드	ㅣ 아이소도데케인, 비스-하이드록시에톡시프로필다이메티콘/아이피디아이코폴리머에틸카바메이트, 티타늄디옥사이드 (CI 77891), 다이메티콘/비닐다이메티콘크로스폴리머, 카프릴릭/카프릭트라이글리세라이드, 다이스테아다이모늄헥토라이트, 적색산화철 (CI 77491), 하이드록시아파타이트, 프로필렌카보네이트, 황색4호 (CI 19140), 스테아랄코늄헥토라이트, 청색1호 (CI 42090), 폴리하이드록시스테아릭애씨드, 칼슘카보네이트, 레시틴, 적색104호의(1) (CI 45410), 아이소스테아릭애씨드, 아이소프로필미리스테이트, 에틸헥실팔미테이트, 다이메티콘, 폴리글리세릴-3폴리리시놀리에이트, 데하이드로아세틱애씨드, 향료, 벤질벤조에이트
퍼펙트트윈립#904시티핑크	ㅣ 아이소도데케인, 비스-하이드록시에톡시프로필다이메티콘/아이피디아이코폴리머에틸카바메이트, 티타늄디옥사이드 (CI 77891), 다이메티콘/비닐다이메티콘크로스폴리머, 카프릴릭/카프릭트라이글리세라이드, 황색산화철 (CI 77492), 다이스테아다이모늄헥토라이트, 하이드록시아파타이트, 프로필렌카보네이트, 적색104호의(1) (CI 45410), 적색202호 (CI 15850), 스테아랄코늄헥토라이트, 흑색산화철 (CI 77499), 폴리하이드록시스테아릭애씨드, 칼슘카보네이트, 레시틴, 적색201호 (CI 15850), 아이소스테아릭애씨드, 아이소프로필미리스테이트, 에틸헥실팔미테이트, 다이메티콘, 폴리글리세릴-3폴리리시놀리에이트, 청색1호 (CI 42090), 데하이드로아세틱애씨드, 향료, 벤질벤조에이트
퍼펙트트윈립#905로지하이	ㅣ 아이소도데케인, 비스-하이드록시에톡시프로필다이메티콘/아이피디아이코폴리머에틸카바메이트, 티타늄디옥사이드 (CI 77891), 다이메티콘/비닐다이메티콘크로스폴리머, 카프릴릭/카프릭트라이글리세라이드, 다이스테아다이모늄헥토라이트, 적색산화철 (CI 77491), 하이드록시아파타이트, 프로필렌카보네이트, 황색산화철 (CI 77492), 적색104호의(1) (CI 45410), 적색202호 (CI 15850), 스테아랄코늄헥토라이트, 황색4호 (CI 19140), 폴리하이드록시스테아릭애씨드, 칼슘카보네이트, 청색1호 (CI 42090), 레시틴, 아이소스테아릭애씨드, 아이소프로필미리스테이트, 에틸헥실팔미테이트, 다이메티콘, 폴리글리세릴-3폴리리시놀리에이트, 데하이드로아세틱애씨드, 흑색산화철 (CI 77499), 향료, 벤질벤조에이트
퍼펙트트윈립#906솔티피그	ㅣ 아이소도데케인, 비스-하이드록시에톡시프로필다이메티콘/아이피디아이코폴리머에틸카바메이트, 티타늄디옥사이드 (CI 77891), 다이메티콘/비닐다이메티콘크로스폴리머, 카프릴릭/카프릭트라이글리세라이드, 다이스테아다이모늄헥토라이트, 황색5호 (CI 15985), 하이드록시아파타이트, 적색227호 (CI 17200), 프로필렌카보네이트, 황색산화철 (CI 77492), 적색산화철 (CI 77491), 적색202호 (CI 15850), 스테아랄코늄헥토라이트, 폴리하이드록시스테아릭애씨드, 칼슘카보네이트, 흑색산화철 (CI 77499), 레시틴, 아이소스테아릭애씨드, 아이소프로필미리스테이트, 에틸헥실팔미테이트, 다이메티콘, 폴리글리세릴-3폴리리시놀리에이트, 데하이드로아세틱애씨드, 향료, 벤질벤조에이트
퍼펙트트윈립#907젠틀로즈	ㅣ 아이소도데케인, 비스-하이드록시에톡시프로필다이메티콘/아이피디아이코폴리머에틸카바메이트, 티타늄디옥사이드 (CI 77891), 다이메티콘/비닐다이메티콘크로스폴리머, 카프릴릭/카프릭트라이글리세라이드, 다이스테아다이모늄헥토라이트, 적색산화철 (CI 77491), 하이드록시아파타이트, 황색4호 (CI 19140), 적색202호 (CI 15850), 적색227호 (CI 17200), 프로필렌카보네이트, 스테아랄코늄헥토라이트, 폴리하이드록시스테아릭애씨드, 칼슘카보네이트, 레시틴, 적색103호의(1) (CI 45380), 청색1호 (CI 42090), 아이소스테아릭애씨드, 아이소프로필미리스테이트, 에틸헥실팔미테이트, 다이메티콘, 폴리글리세릴-3폴리리시놀리에이트, 데하이드로아세틱애씨드, 향료, 벤질벤조에이트
퍼펙트트윈립#908인카페인	ㅣ 아이소도데케인, 비스-하이드록시에톡시프로필다이메티콘/아이피디아이코폴리머에틸카바메이트, 티타늄디옥사이드 (CI 77891), 적색산화철 (CI 77491), 다이메티콘/비닐다이메티콘크로스폴리머, 카프릴릭/카프릭트라이글리세라이드, 다이스테아다이모늄헥토라이트, 하이드록시아파타이트, 황색4호 (CI 19140), 프로필렌카보네이트, 청색1호 (CI 42090), 스테아랄코늄헥토라이트, 폴리하이드록시스테아릭애씨드, 칼슘카보네이트, 레시틴, 적색104호의(1) (CI 45410), 아이소스테아릭애씨드, 아이소프로필미리스테이트, 에틸헥실팔미테이트, 다이메티콘, 폴리글리세릴-3폴리리시놀리에이트, 데하이드로아세틱애씨드, 향료, 벤질벤조에이트
퍼펙트트윈립#909길티모브 ㅣ 아이소도데케인, 비스-하이드록시에톡시프로필다이메티콘/아이피디아이코폴리머에틸카바메이트, 티타늄디옥사이드 (CI 77891), 다이메티콘/비닐다이메티콘크로스폴리머, 카프릴릭/카프릭트라이글리세라이드, 다이스테아다이모늄헥토라이트, 적색산화철 (CI 77491), 적색227호 (CI 17200), 하이드록시아파타이트, 프로필렌카보네이트, 스테아랄코늄헥토라이트, 폴리하이드록시스테아릭애씨드, 황색4호 (CI 19140), 칼슘카보네이트, 흑색산화철 (CI 77499), 레시틴, 적색104호의(1) (CI 45410), 청색1호 (CI 42090), 아이소스테아릭애씨드, 아이소프로필미리스테이트, 에틸헥실팔미테이트, 다이메티콘, 폴리글리세릴-3폴리리시놀리에이트, 데하이드로아세틱애씨드, 향료, 벤질벤조에이트
퍼펙트트윈립#910보스체리	ㅣ 아이소도데케인, 비스-하이드록시에톡시프로필다이메티콘/아이피디아이코폴리머에틸카바메이트, 다이메티콘/비닐다이메티콘크로스폴리머, 카프릴릭/카프릭트라이글리세라이드, 다이스테아다이모늄헥토라이트, 황색5호 (CI 15985), 하이드록시아파타이트, 적색202호 (CI 15850), 적색227호 (CI 17200), 적색104호의(1) (CI 45410), 티타늄디옥사이드 (CI 77891), 프로필렌카보네이트, 스테아랄코늄헥토라이트, 흑색산화철 (CI 77499), 폴리하이드록시스테아릭애씨드, 칼슘카보네이트, 청색1호 (CI 42090), 레시틴, 아이소스테아릭애씨드, 아이소프로필미리스테이트, 에틸헥실팔미테이트, 다이메티콘, 폴리글리세릴-3폴리리시놀리에이트, 데하이드로아세틱애씨드, 향료, 벤질벤조에이트
트윈립 글로스	ㅣ 다이메티콘, 펜틸렌글라이콜, 피씨에이다이메티콘
퍼펙트트윈립#911이지핑크	ㅣ 아이소도데케인, 비스-하이드록시에톡시프로필다이메티콘/아이피디아이코폴리머에틸카바메이트, 티타늄디옥사이드 (CI 77891), 다이메티콘/비닐다이메티콘크로스폴리머, 카프릴릭/카프릭트라이글리세라이드, 다이스테아다이모늄헥토라이트, 하이드록시아파타이트, 황색산화철 (CI 77492), 프로필렌카보네이트, 스테아랄코늄헥토라이트, 적색산화철 (CI 77491), 적색104호의(1) (CI 45410), 폴리하이드록시스테아릭애씨드, 칼슘카보네이트, 적색202호 (CI 15850), 레시틴, 흑색산화철 (CI 77499), 벤질벤조에이트, 아이소스테아릭애씨드, 아이소프로필미리스테이트, 에틸헥실팔미테이트, 다이메티콘, 청색1호 (CI 42090), 폴리글리세릴-3폴리리시놀리에이트, 데하이드로아세틱애씨드, 향료
퍼펙트트윈립#912레이지피그 ㅣ 아이소도데케인, 비스-하이드록시에톡시프로필다이메티콘/아이피디아이코폴리머에틸카바메이트, 티타늄디옥사이드 (CI 77891), 다이메티콘/비닐다이메티콘크로스폴리머, 카프릴릭/카프릭트라이글리세라이드, 다이스테아다이모늄헥토라이트, 하이드록시아파타이트, 적색산화철 (CI 77491), 프로필렌카보네이트, 황색4호 (CI 19140), 적색227호 (CI 17200), 스테아랄코늄헥토라이트, 폴리하이드록시스테아릭애씨드, 칼슘카보네이트, 레시틴, 적색202호 (CI 15850), 청색1호 (CI 42090), 벤질벤조에이트, 아이소스테아릭애씨드, 아이소프로필미리스테이트, 에틸헥실팔미테이트, 다이메티콘, 폴리글리세릴-3폴리리시놀리에이트, 데하이드로아세틱애씨드, 향료"
78,A000000206826,[50%용량증정] 에스트라 더마UV365 장벽수분 무기자차 선크림 40ml+20ml,27,"정제수, 징크옥사이드, 사이클로헥사실록세인, 프로판다이올, 부틸옥틸살리실레이트, 프로필헵틸카프릴레이트, 아이소도데케인, 폴리글리세릴-3폴리다이메틸실록시에틸다이메티콘, 카프릴릴메티콘, 다이실록세인, 다이스테아다이모늄헥토라이트, 마그네슘설페이트, 트라이에톡시카프릴릴실레인, 1,2-헥산다이올, 폴리메틸실세스퀴옥세인, 폴리글리세릴-2다이폴리하이드록시스테아레이트, 라우릴폴리글리세릴-3폴리다이메틸실록시에틸다이메티콘, 알란토인, 카프릴릴글라이콜, 글리세릴카프릴레이트, 에틸헥실글리세린, 소듐하이알루로네이트, 세라마이드엔피, 토코페롤, 소듐아세틸레이티드하이알루로네이트, 하이드롤라이즈드하이알루로닉애씨드"
79,A000000214675,[EGF최대함량/1등진정앰플] 클레어스 블루 유스 액티베이팅 드롭 50ml,16,"정제수, 부틸렌글라이콜, 에스에이치-올리 고펩타이드-1, 에스에이치-폴리펩타이드-1, 로우스 위트블루베리추출물, 레시틴, 솔비탄세스퀴올리에이 트, 1,2-헥산다이올, 카프릴릴글라이콜, 피이지-60 하이드로제네이티드캐스터오일, 글리세린, 클로페네 신, 구아이아줄렌, 에틸헥실글리세린, 아데노신"
80,A000000246445,[앵콜요청템/버터립밤증정] 퓌 3D 볼류밍 글로스 5.3g 단품/기획,1041,"[바닐라 30%]
하이드로제네이티드폴리아이소부텐, 비스-다이글리세릴폴리아실아디페이트-2, 하이드로제네이티드캐스터오일아이소스테아레이트, 다이아이소스테아릴말레이트, 비스-베헤닐/아이소스테아릴/피토스테릴다이머다이리놀레일다이머다이리놀리에이트, 하이드로제네이티드코코-글리세라이즈, 옥틸도데칸올, 실리카다이메틸실릴레이트, 1,2-헥산다이올, 파라핀, 다이스테아다이모늄헥토라이트, 마이크로크리스탈린왁스, 향료, 티타늄디옥사이드, 프로필렌카보네이트, 토코페릴아세테이트, 황색5호, 적색202호, 흑색산화철, 리날룰, 제라니올, 리모넨, 황색4호, 달맞이꽃오일, 올리브오일, 호호바씨오일, 스위트아몬드오일, 살구씨오일, 아르간커넬오일, 시어버터, 동백나무씨오일, 카프릴릭/카프릭트라이글리세라이드, 로즈힙열매추출물, 망고추출물, 지모뿌리추출물, 토코페롤

[소르베 30%]
하이드로제네이티드폴리아이소부텐, 비스-다이글리세릴폴리아실아디페이트-2, 하이드로제네이티드캐스터오일아이소스테아레이트, 다이아이소스테아릴말레이트, 비스-베헤닐/아이소스테아릴/피토스테릴다이머다이리놀레일다이머다이리놀리에이트, 하이드로제네이티드코코-글리세라이즈, 옥틸도데칸올, 실리카다이메틸실릴레이트, 1,2-헥산다이올, 파라핀, 다이스테아다이모늄헥토라이트, 마이크로크리스탈린왁스, 황색5호, 티타늄디옥사이드, 향료, 프로필렌카보네이트, 토코페릴아세테이트, 적색104호의(1), 적색202호, 흑색산화철, 리날룰, 제라니올, 리모넨, 황색4호, 달맞이꽃오일, 올리브오일, 호호바씨오일, 스위트아몬드오일, 살구씨오일, 아르간커넬오일, 시어버터, 동백나무씨오일, 카프릴릭/카프릭트라이글리세라이드, 로즈힙열매추출물, 망고추출물, 지모뿌리추출물, 토코페롤

[캔디 30%]
하이드로제네이티드폴리아이소부텐, 비스-다이글리세릴폴리아실아디페이트-2, 하이드로제네이티드캐스터오일아이소스테아레이트, 다이아이소스테아릴말레이트, 비스-베헤닐/아이소스테아릴/피토스테릴다이머다이리놀레일다이머다이리놀리에이트, 하이드로제네이티드코코-글리세라이즈, 옥틸도데칸올, 실리카다이메틸실릴레이트, 1,2-헥산다이올, 파라핀, 다이스테아다이모늄헥토라이트, 마이크로크리스탈린왁스, 향료, 프로필렌카보네이트, 티타늄디옥사이드, 적색104호의(1), 적색202호, 토코페릴아세테이트, 황색4호, 황색5호, 리날룰, 리모넨, 제라니올, 달맞이꽃오일, 올리브오일, 호호바씨오일, 스위트아몬드오일, 살구씨오일, 아르간커넬오일, 시어버터, 동백나무씨오일, 카프릴릭/카프릭트라이글리세라이드, 망고추출물, 로즈힙열매추출물, 지모뿌리추출물, 토코페롤

[앵두 30%]
하이드로제네이티드폴리아이소부텐, 비스-다이글리세릴폴리아실아디페이트-2, 하이드로제네이티드캐스터오일아이소스테아레이트, 다이아이소스테아릴말레이트, 비스-베헤닐/아이소스테아릴/피토스테릴다이머다이리놀레일다이머다이리놀리에이트, 하이드로제네이티드코코-글리세라이즈, 옥틸도데칸올, 실리카다이메틸실릴레이트, 1,2-헥산다이올, 파라핀, 다이스테아다이모늄헥토라이트, 마이크로크리스탈린왁스, 향료, 황색5호, 프로필렌카보네이트, 적색202호, 토코페릴아세테이트, 적색104호의(1), 리날룰, 리모넨, 제라니올, 황색4호, 호호바씨오일, 달맞이꽃오일, 올리브오일, 스위트아몬드오일, 살구씨오일, 아르간커넬오일, 시어버터, 동백나무씨오일, 카프릴릭/카프릭트라이글리세라이드, 망고추출물, 로즈힙열매추출물, 지모뿌리추출물, 토코페롤

[커런트 30%]
하이드로제네이티드폴리아이소부텐, 비스-다이글리세릴폴리아실아디페이트-2, 하이드로제네이티드캐스터오일아이소스테아레이트, 다이아이소스테아릴말레이트, 비스-베헤닐/아이소스테아릴/피토스테릴다이머다이리놀레일다이머다이리놀리에이트, 하이드로제네이티드코코-글리세라이즈, 옥틸도데칸올, 실리카다이메틸실릴레이트, 1,2-헥산다이올, 파라핀, 다이스테아다이모늄헥토라이트, 마이크로크리스탈린왁스, 티타늄디옥사이드, 향료, 프로필렌카보네이트, 적색202호, 황색5호, 토코페릴아세테이트, 흑색산화철, 리날룰, 제라니올, 리모넨, 황색4호, 달맞이꽃오일, 올리브오일, 호호바씨오일, 스위트아몬드오일, 살구씨오일, 아르간커넬오일, 시어버터, 동백나무씨오일, 카프릴릭/카프릭트라이글리세라이드, 로즈힙열매추출물, 망고추출물, 지모뿌리추출물, 토코페롤

[스카치 30%]
하이드로제네이티드폴리아이소부텐, 비스-다이글리세릴폴리아실아디페이트-2, 하이드로제네이티드캐스터오일아이소스테아레이트, 다이아이소스테아릴말레이트, 비스-베헤닐/아이소스테아릴/피토스테릴다이머다이리놀레일다이머다이리놀리에이트, 하이드로제네이티드코코-글리세라이즈, 옥틸도데칸올, 실리카다이메틸실릴레이트, 1,2-헥산다이올, 파라핀, 다이스테아다이모늄헥토라이트, 마이크로크리스탈린왁스, 황색5호, 티타늄디옥사이드, 향료, 프로필렌카보네이트, 흑색산화철, 토코페릴아세테이트, 적색202호, 리모넨, 리날룰, 달맞이꽃오일, 올리브오일, 호호바씨오일, 스위트아몬드오일, 살구씨오일, 아르간커넬오일, 시어버터, 동백나무씨오일, 카프릴릭/카프릭트라이글리세라이드, 적색산화철, 망고추출물, 로즈힙열매추출물, 황색4호, 지모뿌리추출물, 토코페롤

[바닐라 70%]
다이아이소스테아릴말레이트,하이드로제네이티드폴리아이소부텐,트라이데실트라이멜리테이트,펜타에리스리틸테트라아이소스테아레이트,실리카다이메틸실릴레이트,솔비탄아이소스테아레이트,합성왁스,1,2-헥산다이올,다이스테아다이모늄헥토라이트,티타늄디옥사이드,토코페릴아세테이트,프로필렌카보네이트,향료,황색5호,적색202호,황색4호,리모넨,흑색산화철,리날룰,달맞이꽃오일,올리브오일,아르간커넬오일,시어버터,동백나무씨오일,카프릴릭/카프릭트라이글리세라이드,호호바씨오일,스위트아몬드오일,살구씨오일,로즈힙열매추출물,망고추출물,적색산화철,적색104호의(1),청색1호,지모뿌리추출물,토코페롤

[소르베 70%]
다이아이소스테아릴말레이트, 하이드로제네이티드폴리아이소부텐, 트라이데실트라이멜리테이트, 펜타에리스리틸테트라아이소스테아레이트, 실리카다이메틸실릴레이트, 솔비탄아이소스테아레이트, 합성왁스, 1,2-헥산다이올, 다이스테아다이모늄헥토라이트, 티타늄디옥사이드, 토코페릴아세테이트, 황색5호, 프로필렌카보네이트, 향료, 적색104호의(1), 적색202호, 흑색산화철, 리날룰, 리모넨, 제라니올, 아르간커넬오일, 시어버터, 동백나무씨오일, 카프릴릭/카프릭트라이글리세라이드, 달맞이꽃오일, 올리브오일, 스위트아몬드오일, 살구씨오일, 호호바씨오일, 망고추출물, 로즈힙열매추출물, 황색4호, 지모뿌리추출물, 토코페롤

[캔디 70%]
다이아이소스테아릴말레이트, 하이드로제네이티드폴리아이소부텐, 트라이데실트라이멜리테이트, 펜타에리스리틸테트라아이소스테아레이트, 실리카다이메틸실릴레이트, 솔비탄아이소스테아레이트, 합성왁스, 1,2-헥산다이올, 다이스테아다이모늄헥토라이트, 토코페릴아세테이트, 티타늄디옥사이드, 프로필렌카보네이트, 향료, 적색202호, 적색104호의(1), 황색4호, 황색5호, 리날룰, 리모넨, 제라니올, 호호바씨오일, 스위트아몬드오일, 살구씨오일, 달맞이꽃오일, 올리브오일, 아르간커넬오일, 시어버터, 동백나무씨오일, 카프릴릭/카프릭트라이글리세라이드, 망고추출물, 로즈힙열매추출물, 지모뿌리추출물, 토코페롤

[앵두 70%]
다이아이소스테아릴말레이트, 하이드로제네이티드폴리아이소부텐, 트라이데실트라이멜리테이트, 펜타에리스리틸테트라아이소스테아레이트, 실리카다이메틸실릴레이트, 솔비탄아이소스테아레이트, 합성왁스, 1,2-헥산다이올, 다이스테아다이모늄헥토라이트, 토코페릴아세테이트, 황색5호, 프로필렌카보네이트, 적색202호, 향료, 적색104호의(1), 리날룰, 리모넨, 제라니올, 스위트아몬드오일, 살구씨오일, 호호바씨오일, 달맞이꽃오일, 올리브오일, 아르간커넬오일, 시어버터, 동백나무씨오일, 카프릴릭/카프릭트라이글리세라이드, 망고추출물, 로즈힙열매추출물, 황색4호, 지모뿌리추출물, 토코페롤

[커런트 70%]
다이아이소스테아릴말레이트, 하이드로제네이티드폴리아이소부텐, 트라이데실트라이멜리테이트, 펜타에리스리틸테트라아이소스테아레이트, 실리카다이메틸실릴레이트, 솔비탄아이소스테아레이트, 합성왁스, 1,2-헥산다이올, 다이스테아다이모늄헥토라이트, 티타늄디옥사이드, 토코페릴아세테이트, 프로필렌카보네이트, 향료, 적색202호, 황색5호, 흑색산화철, 리날룰, 리모넨, 제라니올, 황색4호, 아르간커넬오일, 시어버터, 동백나무씨오일, 카프릴릭/카프릭트라이글리세라이드, 달맞이꽃오일, 올리브오일, 스위트아몬드오일, 살구씨오일, 호호바씨오일, 망고추출물, 로즈힙열매추출물, 지모뿌리추출물, 토코페롤

[스카치 70%]
다이아이소스테아릴말레이트,하이드로제네이티드폴리아이소부텐,트라이데실트라이멜리테이트,펜타에리스리틸테트라아이소스테아레이트,실리카다이메틸실릴레이트,솔비탄아이소스테아레이트,합성왁스,1,2-헥산다이올,다이스테아다이모늄헥토라이트,토코페릴아세테이트,티타늄디옥사이드,황색5호,프로필렌카보네이트,흑색산화철,향료,적색202호,리모넨,리날룰,호호바씨오일,스위트아몬드오일,살구씨오일,달맞이꽃오일,올리브오일,아르간커넬오일,시어버터,동백나무씨오일,카프릴릭/카프릭트라이글리세라이드,로즈힙열매추출물,망고추출물,황색4호,지모뿌리추출물,토코페롤

[피치 70%]
다이아이소스테아릴말레이트,하이드로제네이티드폴리아이소부텐,트라이데실트라이멜리테이트,펜타에리스리틸테트라아이소스테아레이트,실리카다이메틸실릴레이트,솔비탄아이소스테아레이트,합성왁스,1,2-헥산다이올,다이스테아다이모늄헥토라이트,티타늄디옥사이드,토코페릴아세테이트,프로필렌카보네이트,향료,적색산화철,적색202호,리모넨,흑색산화철,리날룰,달맞이꽃오일,올리브오일,아르간커넬오일,시어버터,동백나무씨오일,카프릴릭/카프릭트라이글리세라이드,호호바씨오일,스위트아몬드오일,살구씨오일,로즈힙열매추출물,망고추출물,적색104호의(1),황색4호,황색5호,청색1호,지모뿌리추출물,토코페롤

[로지 70%]
다이아이소스테아릴말레이트,하이드로제네이티드폴리아이소부텐,트라이데실트라이멜리테이트,펜타에리스리틸테트라아이소스테아레이트,실리카다이메틸실릴레이트,솔비탄아이소스테아레이트,합성왁스,1,2-헥산다이올,다이스테아다이모늄헥토라이트,티타늄디옥사이드,토코페릴아세테이트,프로필렌카보네이트,황색5호,향료,적색202호,흑색산화철,리모넨,리날룰,달맞이꽃오일,올리브오일,아르간커넬오일,시어버터,동백나무씨오일,카프릴릭/카프릭트라이글리세라이드,호호바씨오일,스위트아몬드오일,살구씨오일,로즈힙열매추출물,망고추출물,적색104호의(1),황색4호,지모뿌리추출물,토코페롤

[리치 70%]
다이아이소스테아릴말레이트,하이드로제네이티드폴리아이소부텐,트라이데실트라이멜리테이트,펜타에리스리틸테트라아이소스테아레이트,실리카다이메틸실릴레이트,솔비탄아이소스테아레이트,합성왁스,1,2-헥산다이올,다이스테아다이모늄헥토라이트,티타늄디옥사이드,토코페릴아세테이트,프로필렌카보네이트,황색5호,적색104호의(1),향료,적색202호,흑색산화철,리모넨,리날룰,달맞이꽃오일,올리브오일,아르간커넬오일,시어버터,동백나무씨오일,카프릴릭/카프릭트라이글리세라이드,호호바씨오일,스위트아몬드오일,살구씨오일,로즈힙열매추출물,망고추출물,황색4호,지모뿌리추출물,토코페롤

[요거트 70%]
다이아이소스테아릴말레이트,하이드로제네이티드폴리아이소부텐,트라이데실트라이멜리테이트,펜타에리스리틸테트라아이소스테아레이트,실리카다이메틸실릴레이트,솔비탄아이소스테아레이트,합성왁스,1,2-헥산다이올,다이스테아다이모늄헥토라이트,티타늄디옥사이드,토코페릴아세테이트,프로필렌카보네이트,향료,적색202호,황색4호,황색5호,황색산화철,흑색산화철,리모넨,리날룰,달맞이꽃오일,올리브오일,아르간커넬오일,시어버터,동백나무씨오일,카프릴릭/카프릭트라이글리세라이드,호호바씨오일,스위트아몬드오일,살구씨오일,로즈힙열매추출물,망고추출물,적색104호의(1),청색1호,지모뿌리추출물,토코페롤

[타로 70%]
다이아이소스테아릴말레이트,하이드로제네이티드폴리아이소부텐,트라이데실트라이멜리테이트,펜타에리스리틸테트라아이소스테아레이트,실리카다이메틸실릴레이트,솔비탄아이소스테아레이트,합성왁스,1,2-헥산다이올,다이스테아다이모늄헥토라이트,토코페릴아세테이트,티타늄디옥사이드,프로필렌카보네이트,적색104호의(1),향료,황색5호,흑색산화철,청색1호,적색202호,리모넨,리날룰,달맞이꽃오일,올리브오일,스위트아몬드오일,살구씨오일,호호바씨오일,시어버터,동백나무씨오일,카프릴릭/카프릭트라이글리세라이드,아르간커넬오일,망고추출물,로즈힙열매추출물,황색4호,지모뿌리추출물,토코페롤

[허니듀 70%] 다이아이소스테아릴말레이트, 하이드로제네이티드폴리아이소부텐, 트라이데실트라이멜리테이트, 펜타에리스리틸테트라아이소스테아레이트, 실리카다이메틸실릴레이트, 솔비탄아이소스테아레이트, 합성왁스, 1,2-헥산다이올, 다이스테아다이모늄헥토라이트, 티타늄디옥사이드, 토코페릴아세테이트, 프로필렌카보네이트, 황색5호, 향료, 적색202호, 흑색산화철, 리모넨, 리날룰, 달맞이꽃오일, 올리브오일, 아르간커넬오일, 시어버터, 동백나무씨오일, 카프릴릭/카프릭트라이글리세라이드, 호호바씨오일, 스위트아몬드오일, 살구씨오일, 로즈힙열매추출물, 망고추출물, 적색산화철, 황색산화철, 적색104호의(1), 황색4호, 지모뿌리추출물, 토코페롤

[버블검 70%]
다이아이소스테아릴말레이트, 하이드로제네이티드폴리아이소부텐, 트라이데실트라이멜리테이트, 펜타에리스리틸테트라아이소스테아레이트, 실리카다이메틸실릴레이트, 솔비탄아이소스테아레이트, 합성왁스, 1,2-헥산다이올, 다이스테아다이모늄헥토라이트, 티타늄디옥사이드, 토코페릴아세테이트, 프로필렌카보네이트, 향료, 적색202호, 황색4호, 황색5호, 리모넨, 흑색산화철, 리날룰, 아르간커넬오일, 시어버터, 동백나무씨오일, 카프릴릭/카프릭트라이글리세라이드, 달맞이꽃오일, 올리브오일, 스위트아몬드오일, 살구씨오일, 호호바씨오일, 망고추출물, 로즈힙열매추출물, 적색산화철, 황색산화철, 적색104호의(1), 청색1호, 지모뿌리추출물, 토코페롤

[체리콜라 30%]
하이드로제네이티드폴리아이소부텐, 비스-다이글리세릴폴리아실아디페이트-2, 하이드로제네이티드캐스터오일아이소스테아레이트, 다이아이소스테아릴말레이트, 비스-베헤닐/아이소스테아릴/피토스테아릴다이머다이리놀레일다이머다이리놀리에이트, 하이드로제네이티드코코-글리세라이즈, 옥틸도데칸올, 실리카다이메틸실릴레이트, 1,2-헥산다이올, 파라핀, 다이스테아다이모늄헥토라이트, 마이크로크리스탈린왁스, 향료, 적색202호, 황색4호, 프로필렌카보네이트, 흑색산화철, 토코페릴아세테이트, 스위트아몬드오일, 살구씨오일, 호호바씨오일, 달맞이꽃오일, 올리브오일, 아르간커넬오일, 시어버터, 동백나무씨오일, 카프릴릭/카프릭트라이글리세라이드, 망고추출물, 티타늄디옥사이드, 로즈힙열매추출물, 적색104호의(1), 황색5호, 지모뿌리추출물, 토코페롤

[더티콜라 30%]
하이드로제네이티드폴리아이소부텐, 비스-다이글리세릴폴리아실아디페이트-2, 하이드로제네이티드캐스터오일아이소스테아레이트, 다이아이소스테아릴말레이트, 비스-베헤닐/아이소스테아릴/피토스테릴다이머다이리놀레일다이머다이리놀리에이트, 하이드로제네이티드코코-글리세라이즈, 옥틸도데칸올, 실리카다이메틸실릴레이트, 1,2-헥산다이올, 파라핀, 다이스테아다이모늄헥토라이트, 마이크로크리스탈린왁스, 흑색산화철, 적색산화철, 향료, 티타늄디옥사이드, 프로필렌카보네이트, 토코페릴아세테이트, 적색202호, 청색1호, 시어버터, 동백나무씨오일, 카프릴릭/카프릭트라이글리세라이드, 아르간커넬오일, 달맞이꽃오일, 올리브오일, 스위트아몬드오일, 살구씨오일, 호호바씨오일, 로즈힙열매추출물, 황색산화철, 망고추출물, 적색104호의(1), 지모뿌리추출물, 토코페롤

[체리콜라 70%]
다이아이소스테아릴말레이트, 하이드로제네이티드폴리아이소부텐, 트라이데실트라이멜리테이트, 펜타에리스리틸테트라아이소스테아레이트, 실리카다이메틸실릴레이트, 솔비탄아이소스테아레이트, 합성왁스, 1,2-헥산다이올, 다이스테아다이모늄헥토라이트, 토코페릴아세테이트, 프로필렌카보네이트, 적색202호, 향료, 황색4호, 흑색산화철, 황색5호, 호호바씨오일, 달맞이꽃오일, 올리브오일, 스위트아몬드오일, 살구씨오일, 시어버터, 동백나무씨오일, 카프릴릭/카프릭트라이글리세라이드, 아르간커넬오일, 망고추출물, 황색산화철, 로즈힙열매추출물, 티타늄디옥사이드, 적색104호의(1), 청색1호, 지모뿌리추출물, 토코페롤

[더티콜라 70%]
다이아이소스테아릴말레이트, 하이드로제네이티드폴리아이소부텐, 트라이데실트라이멜리테이트, 펜타에리스리틸테트라아이소스테아레이트, 실리카다이메틸실릴레이트, 솔비탄아이소스테아레이트, 합성왁스, 1,2-헥산다이올, 다이스테아다이모늄헥토라이트, 흑색산화철, 토코페릴아세테이트, 적색산화철, 프로필렌카보네이트, 티타늄디옥사이드, 향료, 적색202호, 청색1호, 시어버터, 동백나무씨오일, 카프릴릭/카프릭트라이글리세라이드, 스위트아몬드오일, 살구씨오일, 달맞이꽃오일, 올리브오일, 아르간커넬오일, 호호바씨오일, 로즈힙열매추출물, 황색산화철, 망고추출물, 적색104호의(1), 지모뿌리추출물, 토코페롤

[바닐라 쿠키70%]
다이아이소스테아릴말레이트, 하이드로제네이티드폴리아이소부텐, 트라이데실트라이멜리테이트, 펜타에리스리틸테트라아이소스테아레이트, 실리카다이메틸실릴레이트, 솔비탄아이소스테아레이트, 1,2-헥산다이올, 합성왁스, 다이스테아다이모늄헥토라이트, 티타늄디옥사이드, 토코페릴아세테이트, 프로필렌카보네이트, 향료, 황색4호, 황색5호, 흑색산화철, 적색202호, 아르간커넬오일, 시어버터, 동백나무씨오일, 카프릴릭/카프릭트라이글리세라이드, 달맞이꽃오일, 올리브오일, 스위트아몬드오일, 살구씨오일, 호호바씨오일, 망고추출물, 로즈힙열매추출물, 적색산화철, 적색104호의(1), 청색1호, 지모뿌리추출물, 토코페롤

[바닐라 소르베70%]
다이아이소스테아릴말레이트, 하이드로제네이티드폴리아이소부텐, 트라이데실트라이멜리테이트, 펜타에리스리틸테트라아이소스테아레이트, 실리카다이메틸실릴레이트, 솔비탄아이소스테아레이트, 1,2-헥산다이올, 합성왁스, 다이스테아다이모늄헥토라이트, 티타늄디옥사이드, 토코페릴아세테이트, 프로필렌카보네이트, 향료, 적색202호, 황색4호, 황색5호, 흑색산화철, 아르간커넬오일, 시어버터, 동백나무씨오일, 카프릴릭/카프릭트라이글리세라이드, 달맞이꽃오일, 올리브오일, 스위트아몬드오일, 살구씨오일, 호호바씨오일, 망고추출물, 로즈힙열매추출물, 적색산화철, 적색104호의(1), 청색1호, 지모뿌리추출물, 토코페롤
GWP 바닐라 레터링 : 페닐트라이메티콘, 다이메티콘, 트라이데실트라이멜리테이트, 합성왁스, 카올린, 에이치디아이/트라이메틸올헥실락톤크로스폴리머, 티타늄디옥사이드, 폴리글리세릴-2트라이아이소스테아레이트, C30-45알킬다이메틸실릴폴리프로필실세스퀴옥세인, 비닐다이메티콘/메티콘실세스퀴옥세인크로스폴리머, 폴리하이드록시스테아릭애씨드, 알루미나, 카나우바왁스, 다이메티콘크로스폴리머, 적색산화철, 황색산화철, 마이크로크리스탈린왁스, 적색227호, 흑색산화철, 다이아이소스테아릴말레이트, 알루미늄하이드록사이드, 실리카, 아이소프로필티타늄트라이아이소스테아레이트

GWP 바닐라 아이싱 : 페닐트라이메티콘, 다이메티콘, 트라이데실트라이멜리테이트, 합성왁스, 카올린, 에이치디아이/트라이메틸올헥실락톤크로스폴리머, 폴리글리세릴-2트라이아이소스테아레이트, C30-45알킬다이메틸실릴폴리프로필실세스퀴옥세인, 망가니즈바이올렛, 티타늄디옥사이드, 비닐다이메티콘/메티콘실세스퀴옥세인크로스폴리머, 폴리하이드록시스테아릭애씨드, 알루미나, 카나우바왁스, 다이메티콘크로스폴리머, 적색산화철, 마이크로크리스탈린왁스, 실리카, 청색1호, 알루미늄하이드록사이드, 아이소프로필티타늄트라이아이소스테아레이트

[밀크티 70%]
다이아이소스테아릴말레이트,하이드로제네이티드폴리아이소부텐,트라이데실트라이멜리테이트,펜타에리스리틸테트라아이소스테아레이트,실리카다이메틸실릴레이트,솔비탄아이소스테아레이트,합성왁스,1,2-헥산다이올,다이스테아다이모늄헥토라이트,티타늄디옥사이드,토코페릴아세테이트,황색5호,프로필렌카보네이트,향료,적색202호,흑색산화철,스위트아몬드오일,살구씨오일,아르간커넬오일,시어버터,동백나무씨오일,카프릴릭/카프릭트라이글리세라이드,달맞이꽃오일,올리브오일,호호바씨오일,로즈힙열매추출물,망고추출물,적색산화철,황색산화철,적색104호의(1),황색4호,지모뿌리추출물,토코페롤

[피치우롱 70%]
다이아이소스테아릴말레이트,하이드로제네이티드폴리아이소부텐,트라이데실트라이멜리테이트,펜타에리스리틸테트라아이소스테아레이트,실리카다이메틸실릴레이트,솔비탄아이소스테아레이트,합성왁스,1,2-헥산다이올,다이스테아다이모늄헥토라이트,티타늄디옥사이드,토코페릴아세테이트,프로필렌카보네이트,황색5호,적색202호,향료,흑색산화철,적색104호의(1),황색4호,청색1호,시어버터,동백나무씨오일,카프릴릭/카프릭트라이글리세라이드,스위트아몬드오일,살구씨오일,아르간커넬오일,달맞이꽃오일,올리브오일,호호바씨오일,로즈힙열매추출물,망고추출물,적색산화철,황색산화철,지모뿌리추출물,토코페롤

[로즈힙 70%]
다이아이소스테아릴말레이트,하이드로제네이티드폴리아이소부텐,트라이데실트라이멜리테이트,펜타에리스리틸테트라아이소스테아레이트,실리카다이메틸실릴레이트,솔비탄아이소스테아레이트,합성왁스,1,2-헥산다이올,다이스테아다이모늄헥토라이트,티타늄디옥사이드,토코페릴아세테이트,황색4호,프로필렌카보네이트,적색202호,향료,흑색산화철,청색1호,적색산화철,황색5호,아르간커넬오일,호호바씨오일,달맞이꽃오일,올리브오일,스위트아몬드오일,살구씨오일,시어버터,동백나무씨오일,카프릴릭/카프릭트라이글리세라이드,망고추출물,로즈힙열매추출물,지모뿌리추출물,토코페롤

[GWP 블러 포켓 립밤 버터]
다이메티콘,정제수,다이메티콘/비닐다이메티콘크로스폴리머,부틸렌글라이콜,글리세린,다이메티콘크로스폴리머,아이소도데케인,실리카,트라이메틸실록시실리케이트,비스-다이글리세릴폴리아실아디페이트-2,마이카,세틸피이지/피피지-10/1다이메티콘,비스-피이지/피피지-14/14다이메티콘,하이드로제네이티드폴리아이소부텐,펜틸렌글라이콜,1,2-헥산다이올,티타늄디옥사이드,폴리글리세릴-2트라이아이소스테아레이트,토코페릴아세테이트,향료,메티콘,흑색산화철,에틸헥실글리세린,황색4호,적색227호,알루미늄하이드록사이드,암모늄폴리아크릴레이트,시어버터,황색5호,코코넛야자오일,판테놀,아보카도오일,카카오씨버터,페녹시에탄올,청색1호,펜타에리스리틸테트라-다이-t-부틸하이드록시하이드로신나메이트,소듐하이알루로네이트,적색산화철,황색산화철,황색4호,황색5호,적색202호,세라마이드엔피"
81,A000000226517,[간편컬러체인지] 코스노리 이지 브로우 체인저 5회분 (톤 체인저 / 무드 체인저),207,"[톤체인저]
1제 파우더
포타슘퍼설페이트, 소듐메타실리케이트, 암모늄퍼설페이트, 마그네슘카보네이트, 실리카, 미네랄오일, 감자전분, 디소듐이디티에이, 칼슘스테아레이트, 구아검

2제 크림
정제수, 하이드로젠퍼옥사이드, 세테아릴알코올, 부틸렌글라이콜, 글리세릴스테아레이트, 미네랄오일, 세테스-20, 피이지-100스테아레이트, 에틸헥실팔미테이트, 소듐라우릴설페이트, 에티드로닉애씨드, 다이소듐포스페이트, 소듐포스페이트, 카퍼트라이펩타이드-1, 하이드록시아세토페논, 에틸헥실글리세린, 향료, 벤질벤조에이트, 시트로넬올, 리모넨, 유제놀, 리날룰, 부틸페닐메틸프로피오날

[무드체인저] - 클라우드 토프
1제 크림
정제수, 세테아릴알코올, 에탄올아민, 세테스-20, 세테스-40, 스테아릭애씨드, 다이프로필렌글라이콜, 암모늄하이드록사이드, 시트릭애씨드, 아이소프로필팔미테이트, 파라핀, 소듐설파이트, 다이소듐이디티에이, 아스코빅애씨드, 레조시놀, 황산톨루엔-2,5-디아민, m-아미노페놀, 염산2,4-디아미노페녹시에탄올, 4-아미노-2-하이드록시톨루엔, 부틸렌글라이콜, 하이드록시아세토페논, 에틸헥실글리세린, 카퍼트라이펩타이드-1

2제 크림
정제수, 하이드로젠퍼옥사이드, 세테아릴알코올, 부틸렌글라이콜, 글리세릴스테아레이트, 아이소프로필미리스테이트, 세테스-20, 피이지-100스테아레이트, 에틸헥실팔미테이트, 소듐라우릴설페이트, 에티드로닉애씨드, 다이소듐포스페이트, 소듐포스페이트, 하이드록시아세토페논, 에틸헥실글리세린, 카퍼트라이펩타이드-1, 향료, 벤질벤조에이트, 시트로넬올, 리모넨, 유제놀, 리날룰, 부틸페닐메틸프로피오날 

[무드체인저] - 더스티 로지 브라운
1제 크림
정제수, 세테아릴알코올, 에탄올아민, 세테스-20, 세테스-40, 다이프로필렌글라이콜, 암모늄하이드록사이드, 스테아릭애씨드, 시트릭애씨드, 아이소프로필팔미테이트, 파라핀, 소듐설파이트, 아스코빅애씨드, 다이소듐이디티에이, 4-아미노-2-하이드록시톨루엔, P-페닐렌디아민, 부틸렌글라이콜, 하이드록시아세토페논, 에틸헥실글리세린, 카퍼트라이펩타이드-1

2제 크림
정제수, 하이드로젠퍼옥사이드, 세테아릴알코올, 부틸렌글라이콜, 글리세릴스테아레이트, 아이소프로필미리스테이트, 세테스-20, 피이지-100스테아레이트, 에틸헥실팔미테이트, 소듐라우릴설페이트, 에티드로닉애씨드, 다이소듐포스페이트, 소듐포스페이트, 하이드록시아세토페논, 에틸헥실글리세린, 카퍼트라이펩타이드-1, 향료, 벤질벤조에이트, 시트로넬올, 리모넨, 유제놀, 리날룰, 부틸페닐메틸프로피오날

[무드체인저] - 미스티 애쉬 블랙
1제 크림
정제수, 세테아릴알코올, 에탄올아민, 세테스-20, 세테스-40, 다이프로필렌글라이콜, 암모늄하이드록사이드, 시트릭애씨드, 스테아릭애씨드, 아이소프로필팔미테이트, 파라핀, 소듐설파이트, 황산톨루엔-2,5-디아민, 아스코빅애씨드, 레조시놀, 다이소듐이디티에이, m-아미노페놀, 염산2,4-디아미노페녹시에탄올, 부틸렌글라이콜, 하이드록시아세토페논, 에틸헥실글리세린, 카퍼트라이펩타이드-1

2제 크림
정제수, 하이드로젠퍼옥사이드, 세테아릴알코올, 부틸렌글라이콜, 글리세릴스테아레이트, 아이소프로필미리스테이트, 세테스-20, 피이지-100스테아레이트, 에틸헥실팔미테이트, 소듐라우릴설페이트, 에티드로닉애씨드, 다이소듐포스페이트, 소듐포스페이트, 하이드록시아세토페논, 에틸헥실글리세린, 카퍼트라이펩타이드-1, 향료, 벤질벤조에이트, 시트로넬올, 리모넨, 유제놀, 리날룰, 부틸페닐메틸프로피오날

[무드체인저] - 클라우드 샌드
1제 크림
정제수, 세테아릴알코올, 에탄올아민, 세테스-20, 세테스-40, 다이프로필렌글라이콜, 암모늄하이드록사이드, 시트릭애씨드, 스테아릭애씨드, 아이소프로필팔미테이트, 파라핀, 소듐설파이트, 아스코빅애씨드, 다이소듐이디티에이, p-페닐렌디아민, 레조시놀, m-아미노페놀, 4-아미노-2-하이드록시톨루엔, 부틸렌글라이콜, 하이드록시아세토페논, 에틸헥실글리세린, 카퍼트라이펩타이드-1

2제 크림
정제수, 하이드로젠퍼옥사이드, 세테아릴알코올, 부틸렌글라이콜, 글리세릴스테아레이트, 아이소프로필미리스테이트, 세테스-20, 피이지-100스테아레이트, 에틸헥실팔미테이트, 소듐라우릴설페이트, 에티드로닉애씨드, 다이소듐포스페이트, 소듐포스페이트, 하이드록시아세토페논, 에틸헥실글리세린, 카퍼트라이펩타이드-1, 향료, 벤질벤조에이트, 시트로넬올, 리모넨, 유제놀, 리날룰, 부틸페닐메틸프로피오날"
82,A000000240462,[잡티미백/TXA] 셀리맥스 트라넥삼산 브라이트닝 크림 랩핑 마스크 5매 기획 (+1매),38,"정제수, 나이아신아마이드, 부틸렌글라이콜, 메틸프로판다이올, 코코-카프릴레이트/카프레이트, 다이펜타에리스리틸펜타아이소노나노에이트, 베타인, 암모늄아크릴로일다이메틸타우레이트/브이피코폴리머, 트라넥사믹애씨드, 1,2-헥산다이올, 프로판다이올, 하이드록시아세토페논, 아이소스테아릴알코올, 세테아릴올리베이트, 부틸렌글라이콜코코에이트, 솔비탄올리베이트, 하이드로제네이티드올리브오일불검화물, 세라마이드엔피, 다이프로필렌글라이콜, 글리세린, 잔탄검, 하이드록시에틸셀룰로오스, 아데노신, 비파나무잎추출물, 다이소듐이디티에이, 소듐하이알루로네이트, 하이드로제네이티드레시틴, 에틸셀룰로오스, 글리세릴스테아레이트, 스피어민트추출물, 하이드롤라이즈드하이알루로닉애씨드, 콜레스테롤, 세라마이드에이피, 세라마이드엔에스, 세라마이드에이에스, 베타-글루칸, 세라마이드이오피"
83,A000000212749,[1등품절템/웜쿨대통합] 프레시안 에그라이크 크림 블러쉬 (단독 기획),367,"[01호 퍼지]
옥틸도데칸올, 펜타에리스리틸테트라아이소스테아레이트, 다이카프릴릴카보네이트, 비스-다이글리세릴폴리아실아디페이트-2, C10-18트라이글리세라이즈, 실리카, 합성왁스, 아이소노닐아이소노나노에이트, 다이메티콘, 알루미늄전분옥테닐석시네이트, 메도우폼씨오일, 실리카실릴레이트, 다이메티콘크로스폴리머, 다이스테아다이모늄헥토라이트, 다이칼슘포스페이트, 토코페릴아세테이트, 펜타에리스리틸테트라-다이-t-부틸하이드록시하이드로신나메이트 [+/- MAY CONTAIN]티타늄디옥사이드, 황색4호, 적색104호의(1)

[02호 선샤인]
옥틸도데칸올, 펜타에리스리틸테트라아이소스테아레이트, 다이카프릴릴카보네이트, 비스-다이글리세릴폴리아실아디페이트-2, C10-18트라이글리세라이즈, 실리카, 합성왁스, 아이소노닐아이소노나노에이트, 다이메티콘, 알루미늄전분옥테닐석시네이트, 메도우폼씨오일, 다이칼슘포스페이트, 실리카실릴레이트, 다이메티콘크로스폴리머, 다이스테아다이모늄헥토라이트, 토코페릴아세테이트, 펜타에리스리틸테트라-다이-t-부틸하이드록시하이드로신나메이트 [+/- MAY CONTAIN]티타늄디옥사이드, 황색5호, 적색201호, 황색산화철, 적색산화철

[03호 헬시스마일]
옥틸도데칸올, 펜타에리스리틸테트라아이소스테아레이트, 다이카프릴릴카보네이트, 비스-다이글리세릴폴리아실아디페이트-2, C10-18트라이글리세라이즈, 실리카, 합성왁스, 아이소노닐아이소노나노에이트, 다이메티콘, 메도우폼씨오일, 알루미늄전분옥테닐석시네이트, 실리카실릴레이트, 다이칼슘포스페이트, 다이메티콘크로스폴리머, 다이스테아다이모늄헥토라이트, 토코페릴아세테이트, 펜타에리스리틸테트라-다이-t-부틸하이드록시하이드로신나메이트 [+/- MAY CONTAIN]티타늄디옥사이드, 황색산화철, 적색산화철, 적색201호, 적색104호의(1), 적색202호, 청색1호

[04호 미스치버스]
옥틸도데칸올, 펜타에리스리틸테트라아이소스테아레이트, 다이카프릴릴카보네이트, 비스-다이글리세릴폴리아실아디페이트-2, C10-18트라이글리세라이즈, 실리카, 합성왁스, 아이소노닐아이소노나노에이트, 다이메티콘, 알루미늄전분옥테닐석시네이트, 메도우폼씨오일, 다이칼슘포스페이트, 실리카실릴레이트, 다이메티콘크로스폴리머, 다이스테아다이모늄헥토라이트, 토코페릴아세테이트, 펜타에리스리틸테트라-다이-t-부틸하이드록시하이드로신나메이트 [+/- MAY CONTAIN]티타늄디옥사이드, 적색201호, 적색104호의(1), 청색1호

[05호 어도러블]
옥틸도데칸올, 펜타에리스리틸테트라아이소스테아레이트, 다이카프릴릴카보네이트, 비스-다이글리세릴폴리아실아디페이트-2, C10-18트라이글리세라이즈, 실리카, 합성왁스, 아이소노닐아이소노나노에이트, 다이메티콘, 알루미늄전분옥테닐석시네이트, 메도우폼씨오일, 다이칼슘포스페이트, 실리카실릴레이트, 다이메티콘크로스폴리머, 다이스테아다이모늄헥토라이트, 토코페릴아세테이트, 펜타에리스리틸테트라-다이-t-부틸하이드록시하이드로신나메이트 [+/- MAY CONTAIN]티타늄디옥사이드, 적색104호의(1), 황색산화철

[06호 치키]
옥틸도데칸올, 펜타에리스리틸테트라아이소스테아레이트, 다이카프릴릴카보네이트, 비스-다이글리세릴폴리아실아디페이트-2, C10-18트라이글리세라이즈, 실리카, 합성왁스, 아이소노닐아이소노나노에이트, 다이메티콘, 알루미늄전분옥테닐석시네이트, 메도우폼씨오일, 다이칼슘포스페이트, 실리카실릴레이트, 다이메티콘크로스폴리머, 다이스테아다이모늄헥토라이트, 토코페릴아세테이트, 펜타에리스리틸테트라-다이-t-부틸하이드록시하이드로신나메이트 [+/- MAY CONTAIN]티타늄디옥사이드, 황색산화철, 적색산화철, 적색104호의(1), 청색1호

[07호 밀키모카]
옥틸도데칸올, 펜타에리스리틸테트라아이소스테아레이트, 다이카프릴릴카보네이트, 비스-다이글리세릴폴리아실아디페이트-2, C10-18트라이글리세라이즈, 실리카, 합성왁스, 아이소노닐아이소노나노에이트, 다이메티콘, 알루미늄전분옥테닐석시네이트, 메도우폼씨오일, 다이칼슘포스페이트, 실리카실릴레이트, 다이메티콘크로스폴리머, 다이스테아다이모늄헥토라이트, 토코페릴아세테이트, 펜타에리스리틸테트라-다이-t-부틸하이드록시하이드로신나메이트 [+/- MAY CONTAIN]티타늄디옥사이드, 적색산화철, 황색산화철, 청색1호

[08호 핑크티]
옥틸도데칸올, 펜타에리스리틸테트라아이소스테아레이트, 다이카프릴릴카보네이트, 비스-다이글리세릴폴리아실아디페이트-2, C10-18트라이글리세라이즈, 실리카, 합성왁스, 아이소노닐아이소노나노에이트, 다이메티콘, 다이칼슘포스페이트, 알루미늄전분옥테닐석시네이트, 메도우폼씨오일, 실리카실릴레이트, 다이메티콘크로스폴리머, 다이스테아다이모늄헥토라이트, 토코페릴아세테이트, 펜타에리스리틸테트라-다이-t-부틸하이드록시하이드로신나메이트 [+/- MAY CONTAIN]티타늄디옥사이드, 적색산화철, 청색1호, 황색4호, 적색104호의(1), 적색202호

[09호 리치]
옥틸도데칸올, C12-15알킬벤조에이트, 다이아이소스테아릴말레이트, 비스-다이글리세릴폴리아실아디페이트-2, 트라이데실트라이멜리테이트, 폴리부텐, 합성왁스, 마이크로크리스탈린왁스, 다이칼슘포스페이트, 브이피/헥사데센코폴리머, 다이카프릴릴카보네이트, 합성플루오르플로고파이트, 실리카실릴레이트, 토코페릴아세테이트, 다이스테아다이모늄헥토라이트, 펜타에리스리틸테트라-다이-t-부틸하이드, 록시하이드로신나메이트, 정제수, 부틸렌글라이콜, 복숭아추출물, 글리세린, 1,2-헥산다이올, 자몽추출물, 살구추출물 [+/- MAY CONTAIN], 적색202호, 티타늄디옥사이드, 적색104호의(1), 황색산화철

[10호 로베리]
옥틸도데칸올, C12-15알킬벤조에이트, 다이아이소스테아릴말레이트, 비스-다이글리세릴폴리아실아디페이트-2, 트라이데실트라이멜리테이트, 폴리부텐, 합성왁스, 마이크로크리스탈린왁스, 다이칼슘포스페이트, 브이피/헥사데센코폴리머, 다이카프릴릴카보네이트, 합성플루오르플로고파이트, 실리카실릴레이트, 토코페릴아세테이트, 다이스테 아다이모늄헥토라이트, 펜타에리스리틸테트라-다이-t-부틸하이드, 록시하이드로신나메이트, 정제수, 부틸렌글라이콜, 1,2-헥산다이올, 서양산딸기추출물, 라즈베리추출물, 아사이팜열매추출물, 빌베리열매추출물, 크랜베리추출물, 로우스위트블루베리추출물, 양까막까치밥나무열매추출물 [+/- MAY CONTAIN], 적색202호, 황색5호, 적색201호

[11호 클라우드 피치]
옥틸도데칸올, 펜타에리스리틸테트라아이소스테아레이트, 다이카프릴릴카보네이트, 비스-다이글리세릴폴리아실아디페이트-2, C10-18트라이글리세라이즈, 실리카, 합성왁스, 아이소노닐아이소노나노에이트, 다이메티콘, 알루미늄전분옥테닐석시네이트, 메도우폼씨오일, 실리카실릴레이트, 다이칼슘포스페이트, 다이메티콘크로스폴리머, 다이스테아다이모늄헥토라이트, 토코페릴아세테이트, 펜타에리스리틸테트라-다이-t-부틸하이드록시하이드로신나메이트, 티타늄디옥사이드, 황색산화철, 적색201호, 적색산화철, 적색104호의(1), 적색202호

[12호 피치넛]
옥틸도데칸올, 펜타에리스리틸테트라아이소스테아레이트, 다이카프릴릴카보네이트, 비스-다이글리세릴폴리아실아디페이트-2, C10-18트라이글리세라이즈, 실리카, 합성왁스, 아이소노닐아이소노나노에이트, 다이메티콘, 알루미늄전분옥테닐석시네이트, 메도우폼씨오일, 다이칼슘포스페이트, 실리카실릴레이트, 다이메티콘크로스폴리머, 다이스테아다이모늄헥토라이트, 토코페릴아세테이트, 펜타에리스리틸테트라-다이-t-부틸하이드록시하이드로신나메이트, 티타늄디옥사이드, 적색산화철, 황색5호, 청색1호, 황색4호, 황색산화철, 적색202호

[13호 로즈 수플레]
옥틸도데칸올, 펜타에리스리틸테트라아이소스테아레이트, 다이카프릴릴카보네이트, 비스-다이글리세릴폴리아실아디페이트-2, C10-18트라이글리세라이즈, 실리카, 합성왁스, 아이소노닐아이소노나노에이트, 다이칼슘포스페이트, 다이메티콘, 알루미늄전분옥테닐석시네이트, 메도우폼씨오일, 실리카실릴레이트, 다이메티콘크로스폴리머, 다이스테아다이모늄헥토라이트, 토코페릴아세테이트, 펜타에리스리틸테트라-다이-t-부틸하이드록시하이드로신나메이트, 토코페롤, 다마스크장미꽃수, 1,2-헥산다이올 [+/- MAY CONTAIN]티타늄디옥사이드, 적색산화철, 황색4호, 적색104호의(1), 황색산화철, 청색1호, 적색202호

[14호 돌체 로즈]
옥틸도데칸올, 펜타에리스리틸테트라아이소스테아레이트, 다이카프릴릴카보네이트, 비스-다이글리세릴폴리아실아디페이트-2, C10-18트라이글리세라이즈, 실리카, 합성왁스, 아이소노닐아이소노나노에이트, 다이메티콘, 알루미늄전분옥테닐석시네이트, 메도우폼씨오일, 다이칼슘포스페이트, 실리카실릴레이트, 다이메티콘크로스폴리머, 다이스테아다이모늄헥토라이트, 토코페릴아세테이트, 펜타에리스리틸테트라-다이-t-부틸하이드록시하이드로신나메이트, 트라이에톡시카프릴릴실레인, 토코페롤, 다마스크장미꽃수, 1,2-헥산다이올 [+/- MAY CONTAIN]티타늄디옥사이드, 마이카, 적색산화철, 황색산화철, 청색1호, 적색104호의(1), 황색4호, 적색202호

[15호  히비스커스]
옥틸도데칸올, 펜타에리스리틸테트라아이소스테아레이트, 다이카프릴릴 카보네이트, 비스-다이글리세릴폴리아실아디페이트-2, C10-18트라이글 리세라이즈, 실리카, 합성왁스, 다이칼슘포스페이트, 아이소노닐아이소 노나노에이트, 다이메티콘, 알루미늄전분옥테닐석시네이트, 메도우폼씨 오일, 합성플루오르플로고파이트, 실리카실릴레이트, 다이메티콘크로스 폴리머, 다이스테아다이모늄헥토라이트, 토코페릴아세테이트, 펜타에리 스리틸테트라-다이-t-부틸하이드록시하이드로신나메이트, 틴옥사이드, 토코페롤 [+/- May Contain] 티타늄디옥사이드, 황색산화철, 적색104호 의(1), 적색산화철, 적색202호, 적색201호, 청색1호

[16호 로즈페퍼]
옥틸도데칸올, 펜타에리스리틸테트라아이소스테아레이트, 다이카프릴릴카보네이트, 비스-다이글리세릴폴리아실아디페이트-2, C10-18트라이글리세라이즈, 다이칼슘포스페이트, 실리카, 합성왁스, 아이소노닐아이소노나노에이트, 다이메티콘, 알루미늄전분옥테닐석시네이트, 메도우폼씨오일, 실리카실릴레이트, 합성플루오르플로고파이트, 다이메티콘크로스폴리머, 다이스테아다이모늄헥토라이트, 토코페릴아세테이트, 펜타에리스리틸테트라-다이-t-부틸하이드록시하이드로신나메이트, 틴옥사이드, 토코페롤, 다마스크장미꽃수, 1,2-헥산다이올 [+/- MAY CONTAIN]티타늄디옥사이드, 적색산화철, 적색104호의(1), 청색1호, 황색산화철, 황색4호"
84,A000000226201,[단독기획] 아누아 TXA 나이아신 흔적 세럼 30ml 2입,52,"정제수, 글리세린, 나이아신아마이드(10%), 트라넥사믹애씨드(4%), 부틸렌글라이콜, 다이에톡시에틸석시네이트, 1,2-헥산다이올, 알부틴, 펜틸렌글라이콜, 소듐하이알루로네이트, 잔탄검, 베타인살리실레이트, 알파-알부틴, 수크로오스팔미테이트, 아이비고드열매추출물, 한련초추출물, 하이드로제네이티드레시틴, 젤란검, 퀸즈랜드넛오일, 올리브오일, 호호바씨오일, 포도씨오일, 소듐파이테이트, 셀룰로오스, 카프릴릭/카프릭트라이글리세라이드, 판테놀, 사이아노코발아민, 폴리글루타믹애씨드, 3-O-에틸아스코빅애씨드, 세라마이드엔피, 덱스트린, 카카오추출물, 하이드롤라이즈드하이알루로닉애씨드, 편백잎추출물, 복사나무꽃추출물, 녹차씨오일, 아시아티코사이드, 마데카식애씨드, 아시아틱애씨드, 효모발효추출물, 병풀추출물, 쑥잎추출물, 칸디다 봄비콜라/글루코오스/메틸레이프씨데이트발효물, 다이메틸실란올하이알루로네이트, 하이드롤라이즈드소듐하이알루로네이트, 하이알루로닉애씨드, 포타슘하이알루로네이트, 하이드록시프로필트라이모늄하이알루로네이트, 소듐하이알루로네이트크로스폴리머, 소듐하이알루로네이트다이메틸실란올, 소듐아세틸레이티드하이알루로네이트"
85,A000000231589,[대용량] 제로이드 수딩 크림 80ml + 50ml 기획,23,"정제수, 글리세린, 프로판다이올, 카프릴릭/카프릭트라이글리세라이드, 솔비탄스테아레이트, 세테아릴알코올, 잇꽃씨오일, 글리세릴스테아레이트,
스테아릭애씨드, 다이메티콘, 미리스토일/팔미토일옥소스테아라마이드/아라카마이드엠이에이, 메틸카프로오일타이로지네이트, 피토스테롤, 토코페릴아세테
이트, 비사보롤, 잔탄검, 소듐하이알루로네이트, 카보머, 알지닌, 1,2-헥산다이올, 카프릴릴글라이콜, 트로폴론"
86,A000000205908,VDL 톤 스테인 컬러 코렉팅 프라이머 30ml,245,"[00 클리어]
정제수, 다이프로필렌글라이콜, 변성알코올, 글리세레스-26, 비스-피이지-18메틸에터다이메틸실레인, 글리세린, 1,2-헥산다이올, 피이지/피피지/폴리부틸렌글라이콜-8/5/3글리세린, 판테놀, 소듐아크릴레이트/소듐아크릴로일다이메틸타우레이트코폴리머, 아크릴레이트/C10-30알킬아크릴레이트크로스폴리머, 잔탄검, 트로메타민, 아이소헥사데칸, 폴리솔베이트80, 아데노신, 트라이소듐이디티에이, 솔비탄올리에이트, 하이드롤라이즈드하이알루로닉애씨드, 세린, 토코페롤, 베타-글루칸, 향료, 벤질벤조에이트

[01 민트]
정제수, 에칠헥실메톡시신나메이트, 티타늄디옥사이드, 메틸트라이메티콘, 네오펜틸글라이콜다이카프레이트, 글리세린, 메틸글루코오스세스퀴스테아레이트, 카프릴릴메티콘, 다이메티콘, 나이아신아마이드, 아이소스테아릭애씨드, 1,2-헥산다이올, 드로메트리졸트리실록산, 판테놀, 카프릴릭/카프릭트라이글리세라이드, 나일론-12, 알루미늄하이드록사이드, 솔비탄아이소스테아레이트, 글리세릴스테아레이트, 폴리글리세릴-2트라이아이소스테아레이트, 스테아릭애씨드, 하이드록시에틸아크릴레이트/소듐아크릴로일다이메틸타우레이트코폴리머, 피이지-40스테아레이트, 스쿠알란, 합성플루오르플로고파이트, 폴리솔베이트60, 아크릴레이트/C10-30알킬아크릴레이트크로스폴리머, 잔탄검, 팔미토일프롤린, 아데노신, 바이오사카라이드검-1, 육두구추출물, 트라이소듐이디티에이, 마그네슘팔미토일글루타메이트, 소듐팔미토일사코시네이트, 팔미틱애씨드, 틴옥사이드, 트라이에톡시카프릴릴실레인, 에틸헥실글리세린, 부틸렌글라이콜, 유칼립투스잎추출물, 폴스애플민트잎추출물, 로즈힙열매추출물, 병풀잎추출물, 사철쑥잎추출물, 향료, 벤질벤조에이트, 시트로넬올, 리모넨, 알파-아이소메틸아이오논, 헥실신남알, 하이드록시시트로넬알, 티타늄디옥사이드(CI 77891), 크로뮴하이드록사이드그린, 황색산화철, 적색산화철

[02 로즈쿼츠]
정제수, 에칠헥실메톡시신나메이트, 네오펜틸글라이콜다이카프레이트, 글리세린, 메틸글루코오스세스퀴스테아레이트, 부틸렌글라이콜, 카프릴릴메티콘, 메틸트라이메티콘, 나이아신아마이드, 프로판다이올, 1,2-헥산다이올, 아이소스테아릭애씨드, 판테놀, 피이지/피피지/폴리부틸렌글라이콜-8/5/3글리세린, 카프릴릭/카프릭트라이글리세라이드, 나일론-12, 티타늄디옥사이드, 솔비탄아이소스테아레이트, 글리세릴스테아레이트, 폴리글리세릴-2트라이아이소스테아레이트, 솔비탄올리베이트, 하이드록시에틸아크릴레이트/소듐아크릴로일다이메틸타우레이트코폴리머, 스쿠알란, 피이지-40스테아레이트, 알루미늄하이드록사이드, 스테아릭애씨드, 팔미틱애씨드, 합성플루오르플로고파이트, 팔미토일프롤린, 폴리솔베이트60, 아크릴레이트/C10-30알킬아크릴레이트크로스폴리머, 아데노신, 바이오사카라이드검-1, 육두구추출물, 다이소듐이디티에이, 잔탄검, 마그네슘팔미토일글루타메이트, 소듐팔미토일사코시네이트, 트레할로오스, 틴옥사이드, 에틸헥실글리세린, 트라이에톡시카프릴릴실레인, 페룰릭애씨드, 향료, 벤질벤조에이트, 시트로넬올, 리모넨, 알파-아이소메틸아이오논, 헥실신남알, 하이드록시시트로넬알, 티타늄디옥사이드(CI 77891), 적색산화철

[03 세레니티]
정제수, 메틸트라이메티콘, 다이메티콘, 에칠헥실메톡시신나메이트, 카프릴릴메티콘, 글리세린, 다이프로필렌글라이콜, 네오펜틸글라이콜다이카프레이트, 나이아신아마이드, 피이지-10다이메티콘, 페닐트라이메티콘, 라우릴피이지-9폴리다이메틸실록시에틸다이메티콘, 다이스테아다이모늄헥토라이트, 다이메티콘/비닐다이메티콘크로스폴리머, 판테놀, 티타늄디옥사이드, 1,2-헥산다이올, 마그네슘설페이트, 아이소도데케인, 솔비탄세스퀴아이소스테아레이트, 다이메티콘/피이지-10/15크로스폴리머, 나일론-12, 아크릴레이트/폴리트라이메틸실록시메타크릴레이트코폴리머, 탤크, 알루미늄하이드록사이드, 다이스테아릴다이모늄클로라이드, 향료, 스테아릭애씨드, 팔미틱애씨드, 팔미토일프롤린, 아데노신, 바이오사카라이드검-1, 마그네슘팔미토일글루타메이트, 소듐팔미토일사코시네이트, 소듐시트레이트, 에틸헥실글리세린, 토코페롤, 부틸렌글라이콜, 글라이신, 세린, 글루타믹애씨드, 아스파틱애씨드, 류신, 알라닌, 라이신, 알지닌, 타이로신, 페닐알라닌, 프롤린, 트레오닌, 발린, 아이소류신, 히스티딘, 시스테인, 메티오닌, 벤질벤조에이트, 시트로넬올, 리모넨, 알파-아이소메틸아이오논, 헥실신남알, 하이드록시시트로넬알, 티타늄디옥사이드(CI 77891), 울트라마린


[04 크림 옐로우]
정제수, 메틸트라이메티콘, 에칠헥실메톡시신나메이트, 다이메티콘, 글리세린, 카프릴릴메티콘, 페닐트라이메티콘, 다이프로필렌글라이콜, 네오펜틸글라이콜다이카프레이트, 피이지-10다이메티콘, 나이아신아마이드, 다이스테아다이모늄헥토라이트, 다이메티콘/비닐다이메티콘크로스폴리머, 1,2-헥산다이올, 판테놀, 라우릴피이지-9폴리다이메틸실록시에틸다이메티콘, 나일론-12, 티타늄디옥사이드, 마그네슘설페이트, 다이메티콘/피이지-10/15크로스폴리머, 아크릴레이트/다이메티콘코폴리머, 다이스테아릴다이모늄클로라이드, 알루미늄하이드록사이드, 스테아릭애씨드, 팔미틱애씨드, 팔미토일프롤린, 아데노신, 바이오사카라이드검-1, 마그네슘팔미토일글루타메이트, 소듐팔미토일사코시네이트, 부틸렌글라이콜, 소듐시트레이트, 글루타티온, 트라이에톡시카프릴릴실레인, 합성플루오르플로고파이트, 에틸헥실글리세린, 토코페롤, 레몬추출물, 귤껍질추출물, 미역취추출물, 틴옥사이드, 유자추출물, 향료, 리날룰, 리모넨, 제라니올, 시트로넬올, 티타늄디옥사이드(CI 77891), 황색산화철"
87,A000000175954,[수부지쿠션] 네이밍 레이어드 핏 쿠션 기획(본품+리필),191,"17Y
정제수, 티타늄디옥사이드(CI 77891), 사이클로펜타실록세인, 에칠헥실메톡시신나메이트, 다이메티콘, 에칠헥실살리실레이트, 페닐트라이메티콘, 라우릴피이지-10트리스(트라이메틸실록시)실릴에틸다이메티콘, 부틸렌글라이콜다이카프릴레이트/다이카프레이트, 글리세린, 나이아신아마이드, 프로판다이올, 합성플루오르플로고파이트,1,2-헥산다이올, 트라이실록세인, 아이소도데케인, 피이지-10다이메티콘, 아크릴레이트/폴리트라이메틸실록시메타크릴레이트코폴리머, 다이스테아다이모늄헥토라이트, 마그네슘설페이트, 솔비탄세스퀴올리에이트, 글리세릴카프릴레이트, 세테아릴다이메티콘/비닐다이메티콘크로스폴리머,스테아릭애씨드,알루미나,다이메티콘/비닐다이메티콘크로스폴리머,피브이피,트라이에톡시카프릴릴실레인,알루미늄하이드록사이드,아데노신, 트라이소듐에틸렌다이아민다이석시네이트, 토코페롤, 향료, 리날룰, 리모넨, 황색산화철(CI 77492), 적색산화철(CI 77491), 흑색산화철(CI 77499)

19N
정제수, 티타늄디옥사이드 (CI 77891), 사이클로펜타실록세인, 에칠헥실메톡시신나메이트, 에칠헥실살리실레이트, 페닐트라이메티콘, 트라이실록세인, 라우릴피이지-10트리스(트라이메틸실록시)실릴에틸다이메티콘, 부틸렌글라이콜다이카프릴레이트/다이카프레이트, 글리세린, 다이메티콘, 나이아신아마이드, 프로판다이올, 합성플루오르플로고파이트, 1,2-헥산다이올, 아이소도데케인, 피이지-10다이메티콘, 아크릴레이트/폴리트라이메틸실록시메타크릴레이트코폴리머, 다이스테아다이모늄헥토라이트, 마그네슘설페이트, 솔비탄세스퀴올리에이트, 글리세릴카프릴레이트, 세테아릴다이메티콘/비닐다이메티콘크로스폴리머, 스테아릭애씨드, 알루미나, 다이메티콘/비닐다이메티콘크로스폴리머, 트라이에톡시카프릴릴실레인, 피브이피, 알루미늄하이드록사이드, 아데노신, 트라이소듐에틸렌다이아민다이석시네이트, 토코페롤, 향료, 리날룰, 리모넨, 황색산화철 (CI 77492), 적색산화철 (CI 77491), 흑색산화철 (CI 77499)

21Y
정제수,티타늄디옥사이드 (CI 77891),사이클로펜타실록세인,에칠헥실메톡시신나메이트,다이메티콘,에칠헥실살리실레이트,페닐트라이메티콘,라우릴피이지-10트리스(트라이메틸실록시)실릴에틸다이메티콘,부틸렌글라이콜다이카프릴레이트/다이카프레이트,글리세린,나이아신아마이드,프로판다이올,1,2-헥산다이올,트라이실록세인,합성플루오르플로고파이트,아이소도데케인,피이지-10다이메티콘,아크릴레이트/폴리트라이메틸실록시메타크릴레이트코폴리머,다이스테아다이모늄헥토라이트,마그네슘설페이트,솔비탄세스퀴올리에이트,글리세릴카프릴레이트,세테아릴다이메티콘/비닐다이메티콘크로스폴리머,스테아릭애씨드,알루미나,다이메티콘/비닐다이메티콘크로스폴리머,피브이피,트라이에톡시카프릴릴실레인,알루미늄하이드록사이드,아데노신,트라이소듐에틸렌다이아민다이석시네이트,토코페롤,향료,리날룰,리모넨,황색산화철 (CI 77492),적색산화철 (CI 77491),흑색산화철 (CI 77499)

21P
정제수,티타늄디옥사이드 (CI 77891),사이클로펜타실록세인,에칠헥실메톡시신나메이트,다이메티콘,에칠헥실살리실레이트,페닐트라이메티콘,라우릴피이지-10트리스(트라이메틸실록시)실릴에틸다이메티콘,부틸렌글라이콜다이카프릴레이트/다이카프레이트,글리세린,나이아신아마이드,프로판다이올,합성플루오르플로고파이트,1,2-헥산다이올,트라이실록세인,아이소도데케인,피이지-10다이메티콘,아크릴레이트/폴리트라이메틸실록시메타크릴레이트,폴리머	,다이스테아다이모늄헥토라이트	
마그네슘설페이트,솔비탄세스퀴올리에이트,글리세릴카프릴레이트,세테아릴다이메티콘/비닐다이메티콘크로스폴리머,스테아릭애씨드,알루미나,다이메티콘/비닐다이메티콘크로스폴리머,피브이피,트라이에톡시카프릴릴실레인,알루미늄하이드록사이드,아데노신,트라이소듐에틸렌다이아민다이석시네이트,토코페롤,향료,리날룰,리모넨,황색산화철 (CI 77492),적색산화철 (CI 77491),흑색산화철 (CI 77499)

23Y
정제수,티타늄디옥사이드 (CI 77891),사이클로펜타실록세인,에칠헥실메톡시신나메이트,다이메티콘,에칠헥실살리실레이트,페닐트라이메티콘,라우릴피이지-10트리스(트라이메틸실록시)실릴에틸다이메티콘,부틸렌글라이콜다이카프릴레이트/다이카프레이트,글리세린,나이아신아마이드,프로판다이올,1,2-헥산다이올,트라이실록세인,황색산화철 (CI 77492),아이소도데케인,피이지-10다이메티콘,아크릴레이트/폴리트라이메틸실록시메타크릴레이트코폴리머,합성플루오르플로고파이트,다이스테아다이모늄헥토라이트,마그네슘설페이트,솔비탄세스퀴올리에이트,글리세릴카프릴레이트,세테아릴다이메티콘/비닐다이메티콘크로스폴리머,스테아릭애씨드,알루미나,다이메티콘/비닐다이메티콘크로스폴리머,피브이피,트라이에톡시카프릴릴실레인,알루미늄하이드록사이드,아데노신,트라이소듐에틸렌다이아민다이석시네이트,토코페롤,향료,리날룰,리모넨,적색산화철 (CI 77491),흑색산화철 (CI 77499)"
88,A000000261842,[7매 단독 기획] 바이오던스 리얼 딥 마스크 7매 기획 (콜라겐/세라놀) (+토너패드 10매 증정),148,"[콜라겐 마스크]	
정제수, 갈락토미세스발효여과물, 글리세린, 아크릴레이트코폴리머, 나이아신아마이드, 캐롭검, 아이리쉬모스추출물, 다이프로필렌글라이콜, 알진, 베타인, 1,2-헥산다이올, 포타슘클로라이드, 하이드록시아세토페논, 아가, 폴리글리세릴-10라우레이트, 카프릴릴글라이콜, 수크로오스, 알란토인, 하이드롤라이즈드하이알루로닉애씨드, 에틸헥실글리세린, 아데노신, 다이소듐이디티에이, 서양배추출물, 다마스크장미꽃수, 콜라겐추출물(55,000ppb), 오리스뿌리추출물, 멜론추출물, 서양송악잎/줄기추출물, 부틸렌글라이콜, 다이포타슘글리시리제이트, 비피다발효여과물, 락토바실러스발효용해물, 락토바실러스발효물, 토코페롤

[세라놀 마스크]	
정제수, 다이프로필렌글라이콜, 글리세린, 빙하수, 세틸에틸헥사노에이트, 나이아신아마이드, 잔탄검, 캐롭검, 아이리쉬모스, 판테놀, 베타인, 하이드록시아세토페논, 1,2-헥산다이올, 에틸헥실올리베이트, 시어버터, 포타슘클로라이드, 카프릴릴글라이콜, 셀룰로오스검, 수크로오스, 소듐아크릴레이트코폴리머, 폴리아크릴레이트-13, 알진, 글리세릴스테아레이트, 아이리쉬모스추출물, 글루코만난, 폴리글리세릴-4올리에이트, 하이드롤라이즈드하이알루로닉애씨드, 에틸헥실글리세린, 하이드로제네이티드폴리아이소부텐, 아데노신, 서양배추출물, 부틸렌글라이콜, 다이소듐이디티에이, 폴리글리세릴-10라우레이트, 다마스크장미꽃수, 에틸헥실팔미테이트, 알란토인, 오리스뿌리추출물, 솔비탄아이소스테아레이트, 멜론추출물, 하이드로제네이티드레시틴, 서양송악잎/줄기추출물, 덱스트린, 세테아릴알코올, 회향씨추출물, 소두구씨추출물, 샤프란꽃추출물, 고수추출물, 스테아릭애씨드, 소듐하이알루로네이트, 콜라겐추출물, 다이포타슘글리시리제이트, 하이드록시프로필트라이모늄하이알루로네이트, 세라마이드엔피, 토코페롤, 세라마이드엔에스, 피토스핑고신, 콜레스테롤, 소듐아세틸레이티드하이알루로네이트, 세라마이드에이피, 세라마이드에이에스, 하이알루로닉애씨드, 하이드롤라이즈드소듐하이알루로네이트, 소듐하이알루로네이트크로스폴리머, 포타슘하이알루로네이트, 세라마이드이오피

[증정 : 씨켈프 마스크]	
정제수, 락토바실러스/자이언트켈프발효여과물(100,940ppm), 글리세린, 다이프로필렌글라이콜, 아크릴레이트코폴리머, 캐롭검, 아이리쉬모스, 해수(5,096ppm), 베타인, 알진, 아가, 하이드록시아세토페논, 1,2-헥산다이올, 포타슘클로라이드, 수크로오스, 카프릴릴글라이콜, 호스테일켈프수(1,009ppm), 알란토인, 잔탄검, 폴리글리세릴-10라우레이트, 에틸헥실글리세린, 인도멀구슬나무잎추출물, 다이소듐이디티에이, 서양배추출물, 시트릭애씨드, 다마스크장미꽃수, 인도멀구슬나무꽃추출물, 오리스뿌리추출물, 부틸렌글라이콜, 멜론추출물, 서양송악잎/줄기추출물, 다시마추출물, 다이포타슘글리시리제이트, 참미역추출물, 병풀추출물, 비피다발효용해물, 락토오스, 락토바실러스발효물, 스피룰리나 플라텐시스추출물, 야니아 루벤스추출물, 토코페롤, 판테놀, 마데카소사이드"
89,A000000225217,더마팩토리 나이아신아마이드 20% 세럼 30ml,3,"다마스크장미꽃수 64.5%, 나이아신아마이드 20%, 글리세린 8%"
90,A000000245794,[화잘먹/단독기획] 폴라초이스 바하 리퀴드 엑스폴리언트 118ml 기획 (+바하 리퀴드 30ml),22,"정제수, 프로필렌글라이콜, 나이아신아마이드, 펜틸렌글라이콜, 글리세린, 살리실릭애씨드(0.5%), 흰버드나무껍질추출물(0.5%), 피이지/피피지-17/6코폴리머, 폴리솔베이트20, 비스-피이지-18메틸에터다이메틸실레인, 소듐파이테이트, 10-하이드록시데카노익애씨드, 알란토인, 다이포타슘글리시리제이트, 카프릴릴글라이콜, 페녹시에탄올, 클로페네신, 소듐하이드록사이드, 1,2-헥산다이올, 소듐하이알루로네이트, 비에이치티"
91,A000000259209,[NEW] 바세린 글루타히야 세럼 바디로션 (듀이/PDRN/플로리스/프로에이지) 300ml 4종 택1,127,"듀이레디언스
정제수, 다이메티콘, 아이소헥사데칸, 글리세린, 나이아신아마이드, 카보머, 페녹시에탄올, 향료, 메틸파라벤, 소듐하이드록사이드, 아크릴레이트/C10- 30알킬아크릴레이트크로스폴리머, 다이소듐이디티에이, 티타늄디옥사이드, 시스틴, 글라이신, 소듐피씨에이, 글루타티온, 페트롤라툼(0.001 %), 사이클로덱스트린, 레티닐팔미테이트, 펜틸렌글라이콜, 해바라기씨오일, 카프릴릭/카프릭트라이글리세라이드, 소듐아세틸레이티드하이알루로네이트, 소듐하이알루로네이트, 소듐하이알루로네이트크로스폴리머, 자귀나무껍질추출물, 해마토코쿠스플루비알리스추출물, 토코페롤, 하이드롤라이즈드소듐하이알루로네이트, 아스타잔틴, 에틸헥실글리세린, 카프릴릴글라이콜, 소듐벤조에이트, 아세틸헥사펩타이드-8, 비에이치티, 시트로넬올, 헥실신남알, 리모넨, 리날룰, 벤질알코올, 제라니올

플로리스 브라이트
정제수, 에칠헥실메톡시신나메이트, 글리세린, 나이아신아마이드, 페녹시에탄올, 트라이에탄올아민, 아크릴레이트/C10-30알킬아크릴레이트 
크로스폴리머, 다이메티콘, 사이클로펜타실록세인, 부틸메톡시디벤조일메탄, 향료, 메틸파라벤, 프로필파라벤, 스타이렌/아크릴레이트코폴리머, 다이소듐이디티에이, 코코-글루코사이드, 소듐피씨에이, 글라이신, 시스틴, 사이클로덱스트린, 포타슘하이드록사이드, 레티닐팔미테이트, 해바라기씨오일, 비에이치티, 카프릴릭 /카프릭트라이글리세라이드, 페트롤라툼(0.001 %), 시트릭애씨드, 벤조익애씨드, 글루타티온, 하이드롤라이즈드콜라겐, 해마토코쿠스플루비알리스추출물, 토코페롤, 아스타잔틴, 펜틸렌글라이콜, 포타슘카보네이트, 소듐아세틸레이티드하이알루로네이트, 소듐하이알루로네이트, 소듐하이알루로네이트크로스폴리머, 소듐벤조에이트, 하이드롤라이즈드소듐하이알루로네이트, 포타슘클로라이드, 아세틸헥사펩타이드-8, 카프릴릴글라이콜, 에틸헥실글리세린, 페러스옥사이드, 벤질알코올, 벤질살리실레이트, 시트로넬올, 헥실신남알, 리모넨, 리날룰, 제라니올, 하이드록시시트로넬알

프로에이지 리스토어
정제수, 다이메티콘, 글리세린, 아이소헥사데칸, 나이아신아마이드, 카보머, 페녹시에탄올, 메틸파라벤, 향료, 소듐하이드록사이드, 티타늄디옥사이드, 아크릴레이트/C10-30알킬아크릴레이트크로스폴리머, 다이소듐이디티에이, 하이드롤라이즈드콜라겐, 시스틴, 글라이신, 소듐피씨에이, 글루타티온, 페트롤라툼(0.001 %), 소듐벤조에이트, 펜틸렌글라이콜, 소듐아세틸레이티드하이알루로네이트, 소듐하이알루로네이트, 
소듐하이알루로네이트크로스폴리머, 하이드롤라이즈드소듐하이알루로네이트, 에틸헥실글리세린, 비에이치티, 토코페롤, 벤질살리실레이트, 헥실신남알, 리모넨, 리날룰, 벤질알코올, 제라니올"
92,A000000185308,[NCT 재민PICK/단독기획] 이즈앤트리 참마 비건 밀크 클렌저 220ml 리필기획 (+리필100ml),29,"정제수, 해바라기씨오일, 에틸헥실팔미테이트, 1,2-헥산다이올, 폴리글리세릴-10미리스테이트, 아라키딜알코올, 글리세린, 세테아릴알코올, 베헤닐알코올, 부틸렌글라이콜, 글리세릴스테아레이트, 코코-글루코사이드, 아라키딜글루코사이드, 글루코오스, 참마뿌리추출물(1,000 ppm), 시트릭애씨드, 잔탄검, 소듐폴리아크릴레이트, 미역추출물, 연꽃뿌리추출물, 다시마추출물, 오크라열매추출물, 스위트아몬드추출물, 쌀추출물, 콩추출물, 코코넛야자열매추출물, 귀리가루추출물"
93,A000000189181,[수부지토너]브링그린 티트리 시카 수딩 토너 (500ml/250ml),18,"정제수, 다이프로필렌글라이콜, 1,2-헥산다이올, 부틸렌글라이콜, 티트리추출물, 티트리잎수, 베타인, 판테놀, 티트리잎추출물, 옥틸도데세스-16, 소듐시트레이트, 시트릭애씨드, 티트리잎오일, 티트리꽃/잎/줄기추출물, 베타인살리실레이트, 병풀추출물, 잔탄검"
94,A000000262817,[저자극레티놀앰플] 이니스프리 레티놀 시카 모공 흔적 앰플 30ml 더블 기획,41,"정제수, 글리세린, 부틸렌글라이콜, 나이아신아마이드, 병풀잎수(17712ppm), 다이부틸아디페이트, 1,2-헥산다이올, 카프릴릭/카프릭트라이글리세라이드, 하이드로제네이티드레시틴, 암모늄아크릴로일다이메틸타우레이트/브이피코폴리머, 콜레스테롤, 돌콩오일, 알란토인, 토코페롤, 에틸헥실글리세린, 토코페릴아세테이트, 소듐메틸스테아로일타우레이트, 해바라기씨오일, 폴리글리세릴-6카프릴레이트, 다이메틸아이소소바이드, 아데노신, 레티놀(1,000IU/g), 당근추출물, 잔탄검, 폴리글리세릴-10라우레이트, 하이드록시피나콜론레티노에이트, 레틴알, 풀루란, 세라마이드엔피, 하이알루로닉애씨드,베타-카로틴, 트로메타민, 병풀추출물(1ppm), 글라이코프로테인, 제인, 펙틴*3X RETINOL COMPLEX 1% : 레티놀 1,000IU/g, 레틴알 0.005%, 하이드록시피나콜론레티노에이트 0.005%"
95,A000000149501,[4년연속1위] NEW라보에이치 두피강화샴푸 750ML+100ML[탈모증상완화],47,"*리뉴얼 후
정제수, 소듐코코일이세티오네이트, 다이소듐라우레스설포석시네이트, 라우릴베타인,글리세릴스테아레이트, 트라이하이드록시스테아린, 
폴리쿼터늄-10, 카페인, 세틸알코올, 다이카프릴릴에터, 소듐벤조에이트, 소듐살리실레이트, 페퍼민트오일, 멘톨, 시트릭애씨드, 카프릴릴글라이콜,
카프릴릭/카프릭트라이글리세라이드, 스타아니스열매/씨오일, 로즈마리잎오일, 소듐시트레이트, 덱스트린, 연필향나무오일, 락토바실러스발효용해물, 
콘민트오일, 리모넨, 프로판다이올, 유칼립투스잎오일, 글리세린, 캐모마일꽃오일, 향기제비꽃잎추출물, 1,2-헥산다이올, 바이오틴, 토코페롤,
바질오일, 검정콩오일, 에틸헥실글리세린, 하이드로제네이티드레시틴, 스쿠알란, 폴리글리세릴-10 펜타스테아레이트, 세라마이드엔피, 
피토스핑고신, 펜틸렌글라이콜, 다이포타슘글리시리제이트, 하이드롤라이즈드디엔에이, 카놀라오일, 로즈마리잎추출물"
96,A000000171848,[5년연속1위] 일리윤 세라마이드 아토 로션기획(600ML+600ML),47,"정제수, 글리세린, 프로판다이올, 하이드로제네이티드쌀겨오일, 사이클로펜타실록세인, 하이드로제네이티드폴리(C6-14올레핀), 사이클로헥사실록세인, 다이메티콘, 세틸에틸헥사노에이트, 다이아이소스테아릴말레이트, 1,2-헥산다이올, 부틸렌글라이콜, 하이드록시에틸아크릴레이트/소듐아크릴로일다이메틸타우레이트코폴리머, C14-22알코올, 아라키딜알코올, 스테아릭애씨드, 글리세릴스테아레이트, 팔미틱애씨드, 베헤닐알코올, C12-20알킬글루코사이드,. 글리세릴카프릴레이트, 아라키딜글루코사이드, 인삼수, 다이소듐이디티에이, 에틸헥실글리세린, 솔비탄아이소스테아레이트, 폴리솔베이트60, 들깨추출물, 시호뿌리추출물, 왜당귀뿌리추출물, 소엽맥문동뿌리추출물, 하이드록시프로필비스팔미타마이드엠이에이(세라마이드 PC-104 65.5ppm), 만니톨, 글루코오스, 검정콩오일, 미리스틱애씨드, 아크릴레이트/암모늄메타크릴레이트코폴리머, 아라키딕애씨드, 세라마이드엔피(4ppm), 콜레스테롤, 실리카, 피토스핑고신, 하이드로제네이티드레시틴, 토코페롤, 카놀라오일, 로즈마리잎추출물"
97,A000000264460,에스트라 아토베리어365 로션 150ml 기획(+토너25ml+클렌징폼3g*3EA),39,"정제수, 부틸렌글라이콜, 글리세린, 다이메티콘, 스쿠알란, 펜타에리스리틸테트라아이소스테아레이트, 베타인, 폴리글리세릴-3메틸글루코오스다이스테아레이트, 부틸렌글라이콜다이카프릴레이트/다이카프레이트, 카프릴릭/카프릭트라이글리세라이드, 팔미틱애씨드, 1,2-헥산다이올, 스테아릭애씨드, 하이드록시에틸아크릴레이트/소듐아크릴로일다이메틸타우레이트코폴리머, 글리세릴스테아레이트, 하이드록시프로필비스팔미타마이드엠이에이, 글리세릴스테아레이트시트레이트, 콜레스테롤, 나이아신아마이드, 다이메티콘올, 하이드록시프로필비스라우라마이드엠이에이, 베헤닐알코올, 글리세릴카프릴레이트, 카보머, 다이소듐이디티에이, 에틸헥실글리세린, 트로메타민, 솔비탄아이소스테아레이트, 피토스핑고신, 만니톨, 세라마이드엔피, 토코페롤, 하이드로제네이티드레시틴, 아크릴레이트/암모늄메타크릴레이트코폴리머, 실리카, 스핑고리피드, 아라키딕애씨드, 올레익애씨드"
98,A000000263862,[패키지리뉴얼/톤별맞춤] 오프라 슬림 미니 하이라이터 (+기획/본품),129,"[글레이즈드 도넛]
아이소도케인, 마이카, 탈크, CI 77891, 징크스테아레이트, 네오펜틸글라이콜다이헵타노에이트, 에틸헥실팔미테이트, 펠드스파 파우더, 카올린, 쿼츠, 쿼츠, 페녹시에탄올, 알코올, CI 77491, [+/- CI 16035]

[데이드림]
 아이소도케인, CI 77891, 마이카, 네오펜틸글라이콜다이헵타노에이트, 징크스테아레이트, 에틸헥실팔미테이트, 탈크, 틴옥사이드, 페녹시에탄올, 알코올 로데오 드라이브: 마이카, 징크스테아레이트, 알루미늄스타치옥테닐석시네이트, 디메티콘, 실리카, 나일론-12, 마그네슘알루미늄실리케이트, 트라이메틸실록시실리케이트, 에칠렌/아크릴릭애씨드코폴리머, 페녹시에탄올, 에틸헥실글리세린, 티타늄디옥사이드, 산화철(CI 77491) (CI 77492) (CI77499) 

[발리]
마이카, 징크스테아레이트, 알루미늄스타치옥테닐석시네이트, 디메티콘, 실리카, 나일론-12, 마그네슘알루미늄실리케이트, 트라이메틸실록시실리케이트, 에칠렌/아크릴릭애씨드코폴리머, 페녹시에탄올, 에틸헥실글리세린, 티타늄디옥사이드, 산화철(CI 77491) (CI 77492) (CI77499), 티타늄옥사이드, 마이카, 비스머스옥시클로라이드 

[샴페인 허쉬]
아이소도데케인,탈크,마이카,네오펜틸글라이콜 디헵타노에이트,스테아린산아연,에틸헥실팔미테이트,페녹시에탄올,CI77891(이산화티타늄),CI77491(적색산화철),장석가루,석영,카올린석고, 리본(폴리에스터100%) 

[슈가쿠키]
마이카, 징크스테아레이트, 알루미늄스타치옥테닐석시네이트, 디메티콘, 실리카, 나일론-12, 마그네슘알루미늄실리케이트, 트라이메틸실록시실리케이트, 에칠렌/아크릴릭애씨드코폴리머, 페녹시에탄올, 에틸헥실글리세린, 티타늄옥사이드, 카민, 티타늄디옥사이드

[스타 아일랜드]
마이카, 징크스테아레이트, 알루미늄스타치옥테닐석시네이트, 디메티콘, 실리카, 나일론-12, 마그네슘알루미늄실리케이트, 트라이메틸실록시실리케이트, 에칠렌/아크릴릭애씨드코폴리머, 페녹시에탄올, 에틸헥실글리세린, 티타늄디옥사이드, 산화철(CI 77491) (CI 77492) (CI77499), 비스머스옥시클로라이드, 티타늄옥사이드 

[페퍼민트]
아이소도케인, 마이카, 탈크, CI 77891, 징크스테아레이트, 네오펜틸글라이콜다이헵타노에이트, 에틸헥실팔미테이트, 펠드스파 파우더, 카올린,쿼츠, 쿼츠, 페녹시에탄올, 알코올, CI 77491, [+/- CI 16035]

[필로우 토크]
마이카, 징크스테아레이트, 알루미늄스타치옥테닐석시네이트, 디메티콘, 실리카, 나일론-12, 마그네슘알루미늄실리케이트, 트라이메틸실록시실리케이트, 에칠렌/아크릴릭애씨드코폴리머, 페녹시에탄올, 에틸헥실글리세린, 산화철(CI 77491) (CI 77492) (CI77499), 티타늄옥사이드 

[클라우드9]
마이카, 징크스테아레이트, 알루미늄스타치옥테닐석시네이트, 디메티콘, 실리카, 나일론-12, 마그네슘알루미늄실리케이트, 트라이메틸실록시실리케이트, 에칠렌/아크릴릭애씨드코폴리머, 페녹시에탄올, 에틸헥실글리세린, 티타늄옥사이드, 카민, 티타늄디옥사이드"
99,A000000247773,[수지 PICK/한정기획] 아누아 피디알엔 히알루론산 수분 캡슐 미스트 100ml 2입 기획,77,"정제수, 다이페닐다이메티콘, 다이프로필렌글라이콜, 펜틸렌글라이콜, 1,2-헥산다이올, 스트렙토코쿠스 테르모필루스발효물, 캐스터오일/아이피디아이코폴리머, 자일리틸글루코사이드, 자일리톨, 돌콩추출물, 인도멀구슬나무잎추출물, 소듐하이알루로네이트(100ppm), 인도멀구슬나무꽃추출물, 돌콩오일, 사과즙, 아이비고드열매추출물, 백미꽃추출물, 가지열매추출물, 알로에베라꽃추출물, 호호바씨오일, 울금뿌리추출물, 홀리바질잎추출물, 참산호말추출물, 해바라기씨오일, 접시꽃추출물, 당근추출물, 하이드롤라이즈드하이알루로닉애씨드(0.01ppm), 하이알루로닉애씨드(0.01ppm), 유럽밤나무씨추출물, 사과씨오일, 흑효모발효물, 하이드롤라이즈드콜라겐, 비타민나무오일, 호박가루, 칸디다 봄비콜라/글루코오스/메틸레이프씨데이트발효물, 드럼스틱씨오일, 글리세레스-26, 프로판다이올, 부틸렌글라이콜, 판테놀, 카프릴릭/카프릭트라이글리세라이드, 소듐디엔에이(2,000ppm), 하이드록시에틸우레아, 하이드록시아세토페논, 알란토인, 다이펩타이드-15, 젤란검, 안하이드로자일리톨, 칼슘클로라이드, 카프릴릴글라이콜, 아데노신, 피피지-13-데실테트라데세스-24, 글리세린, 소듐시트레이트, 시트릭애씨드, 토코페롤, 옥탄다이올, 에틸헥실글리세린, 베타-카로틴, 다이포타슘포스페이트, 아세틸글루타민, 아가, 마그네슘설페이트, 다이페닐실록시페닐트라이메티콘, 페닐트라이메티콘, 프로필렌글라이콜다이벤조에이트, 하이드로제네이티드레시틴, 세라마이드엔피, 소듐클로라이드, 카퍼트라이펩타이드-1, 셀룰로오스검, 소듐바이카보네이트, 포타슘클로라이드, 소듐스테아로일글루타메이트, 잔탄검"
100,A000000211936,[착붙밀착파데] 어바웃톤 스킨 레이어 핏 파운데이션 30ml 8종 (기획/단품),421,"(스킨 레이어 핏 파운데이션)
[19 페어]
정제수, 사이클로펜타실록세인, 티타늄디옥사이드, 부틸렌글라이콜, 아이소도데케인, 메틸프로판다이올, 부틸렌글라이콜다이카프릴레이트/다이카프레이트, 세틸피이지/피피지-10/1다이메티콘, 나이아신아마이드, 피브이피, C12-15알킬벤조에이트, 스쿠알란, 폴리글리세릴-4아이소스테아레이트, 마이카, 마그네슘설페이트, 아크릴레이트/스테아릴아크릴레이트/다이메티콘메타크릴레이트코폴리머, 트라이메틸실록시실리케이트, 황색산화철, 다이스테아다이모늄헥토라이트, 비닐다이메티콘/메티콘실세스퀴옥세인크로스폴리머, 실리카, 알루미늄하이드록사이드, 카프릴릴글라이콜, 팔미틱애씨드, 트라이에톡시카프릴릴실레인, 스테아릭애씨드, 적색산화철, 아크릴레이트/다이메티콘코폴리머, 에틸헥실글리세린, 메티콘, 아데노신, 흑색산화철, 글리세린, 올리브오일, 펜타에리스리틸테트라-다이-t-부틸하이드록시하이드로신나메이트, 1,2-헥산다이올, 하이드로제네이티드레시틴, 귀리단백질추출물, 세라마이드엔에스, 세라마이드엔피, 하이드롤라이즈드소듐하이알루로네이트, 세라마이드에이피, 세라마이드이오피

[21 웜 라이트]
정제수, 사이클로펜타실록세인, 티타늄디옥사이드, 부틸렌글라이콜, 아이소도데케인, 메틸프로판다이올, 부틸렌글라이콜다이카프릴레이트/다이카프레이트, 세틸피이지/피피지-10/1다이메티콘, 나이아신아마이드, 피브이피, C12-15알킬벤조에이트, 스쿠알란, 폴리글리세릴-4아이소스테아레이트, 마그네슘설페이트, 아크릴레이트/스테아릴아크릴레이트/다이메티콘메타크릴레이트코폴리머, 트라이메틸실록
시실리케이트, 마이카, 황색산화철, 다이스테아다이모늄헥토라이트, 비닐다이메티콘/메티콘실세스퀴옥세인크로스폴리머, 실리카, 알루미늄하이드록사이드, 카프릴릴글라이콜, 트라이에톡시카프릴릴실레인, 팔미틱애씨드, 스테아릭애씨드, 아크릴레이트/다이메티콘코폴리머, 적색산화철, 흑색산화철, 에틸헥실글리세린, 아데노신, 메티콘, 글리세린, 올리브오일, 펜타에리스리틸테트라-다이-t-부틸하이드록시하이드로신나메이트, 1,2-헥산다이올, 하이드로제네이티드레시틴, 귀리단백질추출물, 세라마이드엔에스, 세라마이드엔피, 하이드롤라이즈드소듐하이알루로네이트, 세라마이드에이피, 세라마이드이오피

[21 쿨 라이트]
정제수, 사이클로펜타실록세인, 티타늄디옥사이드, 부틸렌글라이콜, 아이소도데케인, 메틸프로판다이올, 부틸렌글라이콜다이카프릴레이트/다이카프레이트, 세틸피이지/피피지-10/1다이메티콘, 나이아신아마이드, 피브이피, C12-15알킬벤조에이트, 스쿠알란, 폴리글리세릴-4아이소스테아레이트, 마그네슘설페이트, 아크릴레이트/스테아릴아크릴레이트/다이메티콘메타크릴레이트코폴리머, 트라이메틸실록시실리케이트, 마이카, 황색산화철, 다이스테아다이모늄헥토라이트, 비닐다이메티콘/메티콘실세스퀴옥세인크로스폴리머, 실리카, 알루미늄하이드록사이드, 카프릴릴글라이콜, 트라이에톡시카프릴릴실레인, 팔미틱애씨드, 스테아릭애씨드, 적색산화철, 아크릴레이트/다이메티콘코폴리머, 흑색산화철, 에틸헥실글리세린, 아데노신, 메티콘, 글리세린, 올리브오일, 펜타에리스리틸테트라-다이-t-부틸하이드록시하이드로신나메이트, 1,2-헥산다이올, 하이드로제네이티드레시틴, 귀리단백질추출물, 세라마이드엔에스, 세라마이드엔피, 하이드롤라이즈드소듐하이알루로네이트, 세라마이드에이피, 세라마이드이오피 

[22 아이보리]
정제수, 사이클로펜타실록세인, 티타늄디옥사이드, 부틸렌글라이콜, 아이소도데케인, 메틸프로판다이올, 부틸렌글라이콜다이카프릴레이트/다이카프레이트, 세틸피이지/피피지-10/1다이메티콘, 나이아신아마이드, 피브이피, C12-15알킬벤조에이트, 스쿠알란, 폴리글리세릴-4아이소스테아레이트, 황색산화철, 마그네슘설페이트, 아크릴레이트/스테아릴아크릴레이트/다이메티콘메타크릴레이트코폴리머, 트라이메틸실록시실리케이트, 다이스테아다이모늄헥토라이트, 비닐다이메티콘/메티콘실세스퀴옥세인크로스폴리머, 실리카, 마이카, 알루미늄하이드록사이드, 카프릴릴글라이콜, 트라이에톡시카프릴릴실레인, 적색산화철, 팔미틱애씨드, 스테아릭애씨드, 아크릴레이트/다이메티콘코폴리머, 흑색산화철, 에틸헥실글리세린, 아데노신, 메티콘, 글리세린, 올리브오일, 펜타에리스리틸테트라-다이-t-부틸하이드록시하이드로신나메이트, 1,2-헥산다이올, 하이드로제네이티드레시틴, 귀리단백질추출물, 세라마이드엔에스, 세라마이드엔피, 하이드롤라이즈드소듐하이알루로네이트, 세라마이드에이피, 세라마이드이오피

[23 내추럴]
정제수, 사이클로펜타실록세인, 티타늄디옥사이드, 부틸렌글라이콜, 아이소도데케인, 메틸프로판다이올, 부틸렌글라이콜다이카프릴레이트/다이카프레이트, 세틸피이지/피피지-10/1다이메티콘, 나이아신아마이드, 피브이피, C12-15알킬벤조에이트, 황색산화철, 스쿠알란, 폴리글리세릴-4아이소스테아레이트, 마그네슘설페이트, 아크릴레이트/스테아릴아크릴레이트/다이메티콘메타크릴레이트코폴리머, 트라이메틸실록시실리케이트, 다이스테아다이모늄헥토라이트, 비닐다이메티콘/메티콘실세스퀴옥세인크로스폴리머, 실리카, 적색산화철, 트라이에톡시카프릴릴실레인, 알루미늄하이드록사이드, 카프릴릴글라이콜, 팔미틱애씨드, 스테아릭애씨드, 흑색산화철, 아크릴레이트/다이메티콘코폴리머, 에틸헥실글리세린, 아데노신, 마이카, 글리세린, 메티콘, 올리브오일, 펜타에리스리틸테트라-다이-t-부틸하이드록시하이드로신나메이트, 1,2-헥산다이올, 하이드로제네이티드레시틴, 귀리단백질추출물, 세라마이드엔에스, 세라마이드엔피, 하이드롤라이즈드소듐하이알루로네이트, 세라마이드에이피, 세라마이드이오피

[21.5 쿨 베이지]
정제수, 사이클로펜타실록세인, 티타늄디옥사이드, 부틸렌글라이콜, 아이소도데케인, 메틸프로판다이올, 부틸렌글라이콜다이카프릴레이트/다이카프레이트, 세틸피이지/피피지-10/1다이메티콘, 나이아신아마이드, 피브이피, C12-15알킬벤조에이트, 스쿠알란, 폴리글리세릴-4아이소스테아레이트, 마그네슘설페이트, 아크릴레이트/스테아릴아크릴레이트/다이메티콘메타크릴레이트코폴리머, 트라이메틸실록시실리케이트, 황색산화철, 마이카, 다이스테아다이모늄헥토라이트, 비닐다이메티콘/메티콘실세스퀴옥세인크로스폴리머, 실리카, 알루미늄하이드록사이드, 카프릴릴글라이콜, 트라이에톡시카프릴릴실레인, 팔미틱애씨드, 적색산화철, 스테아릭애씨드, 아크릴레이트/다이메티콘코폴리머, 흑색산화철, 에틸헥실글리세린, 아데노신, 메티콘, 글리세린, 올리브오일, 펜타에리스리틸테트라-다이-t-부틸하이드록시하이드로신나메이트, 1,2-헥산다이올, 하이드로제네이티드레시틴, 귀리단백질추출물, 세라마이드엔에스, 세라마이드엔피, 하이드롤라이즈드소듐하이알루로네이트, 세라마이드에이피, 세라마이드이오피

[21.5 웜 베이지]
정제수, 사이클로펜타실록세인, 티타늄디옥사이드, 부틸렌글라이콜, 아이소도데케인, 메틸프로판다이올, 부틸렌글라이콜다이카프릴레이트/다이카프레이트, 세틸피이지/피피지-10/1다이메티콘, 나이아신아마이드, 피브이피, C12-15알킬벤조에이트, 스쿠알란, 폴리글리세릴-4아이소스테아레이트, 마그네슘설페이트, 아크릴레이트/스테아릴아크릴레이트/다이메티콘메타크릴레이트코폴리머, 트라이메틸실록시실리케이트, 황색산화철, 마이카, 다이스테아다이모늄헥토라이트, 비닐다이메티콘/메티콘실세스퀴옥세인크로스폴리머, 실리카, 알루미늄하이드록사이드, 카프릴릴글라이콜, 트라이에톡시카프릴릴실레인, 팔미틱애씨드, 스테아릭애씨드, 적색산화철, 아크릴레이트/다이메티콘코폴리머, 흑색산화철, 에틸헥실글리세린, 아데노신, 메티콘, 글리세린, 올리브오일, 펜타에리스리틸테트라-다이-t-부틸하이드록시하이드로신나메이트, 1,2-헥산다이올, 하이드로제네이티드레시틴, 귀리단백질추출물, 세라마이드엔에스, 세라마이드엔피, 하이드롤라이즈드소듐하이알루로네이트, 세라마이드에이피, 세라마이드이오피

[22.5 베이지]
정제수, 사이클로펜타실록세인, 티타늄디옥사이드, 부틸렌글라이콜, 아이소도데케인, 메틸프로판다이올, 부틸렌글라이콜다이카프릴레이트/다이카프레이트, 세틸피이지/피피지-10/1다이메티콘, 나이아신아마이드, 피브이피, C12-15알킬벤조에이트, 스쿠알란, 황색산화철, 폴리글리세릴-4아이소스테아레이트, 마그네슘설페이트, 아크릴레이트/스테아릴아크릴레이트/다이메티콘메타크릴레이트코폴리머, 트라이메틸실록시실리케이트, 다이스테아다이모늄헥토라이트, 비닐다이메티콘/메티콘실세스퀴옥세인크로스폴리머, 실리카, 적색산화철, 트라이에톡시카프릴릴실레인, 알루미늄하이드록사이드, 카프릴릴글라이콜, 팔미틱애씨드, 스테아릭애씨드, 흑색산화철, 아크릴레이트/다이메티콘코폴리머, 에틸헥실글리세린, 아데노신, 마이카, 글리세린, 메티콘, 올리브오일, 펜타에리스리틸테트라-다이-t-부틸하이드록시하이드로신나메이트, 1,2-헥산다이올, 하이드로제네이티드레시틴, 귀리단백질추출물, 세라마이드엔에스, 세라마이드엔피, 하이드롤라이즈드소듐하이알루로네이트, 세라마이드에이피, 세라마이드이오피

(증정 - 스킨 레이어 커버 핏 컨실러)
[21 쿨 라이트] 정제수, 티타늄디옥사이드, 다이메티콘, 페닐트라이메티콘, 마이카, 피브이피, 부틸렌글라이콜, 메틸트라이메티콘, 세틸피이지/피피지-10/1다이메티콘, 피이지-10다이메티콘, 황색산화철, 바륨설페이트, 소듐클로라이드, 다이스테아다이모늄헥토라이트, 알루미늄하이드록사이드, 트라이에톡시카프릴릴실레인, 아크릴레이트/스테아릴아크릴레이트/다이메티콘메타크릴레이트코폴리머, 적색산화철, 실리카, 1,2-헥산다이올, 카프릴릴글라이콜, 팔미틱애씨드, 스테아릭애씨드, 메티콘, 흑색산화철, 다이메티콘크로스폴리머, 스쿠알란, 세틸알코올, 글리세린, 올리브오일, 하이드로제네이티드레시틴, 펜타에리스리틸테트라-다이-t-부틸하이드록시하이드로신나메이트, 귀리단백질추출물, 세라마이드엔에스, 세라마이드엔피, 하이드롤라이즈드소듐하이알루로네이트, 세라마이드에이피, 세라마이드이오피 

[22 아이보리] 정제수, 티타늄디옥사이드, 다이메티콘, 페닐트라이메티콘, 마이카, 피브이피, 부틸렌글라이콜, 메틸트라이메티콘, 세틸피이지/피피지-10/1다이메티콘, 황색산화철, 피이지-10다이메티콘, 바륨설페이트, 소듐클로라이드, 다이스테아다이모늄헥토라이트, 적색산화철, 트라이에톡시카프릴릴실레인, 알루미늄하이드록사이드, 아크릴레이트/스테아릴아크릴레이트/다이메티콘메타크릴레이트코폴리머, 실리카, 1,2-헥산다이올, 카프릴릴글라이콜, 팔미틱애씨드, 흑색산화철, 스테아릭애씨드, 메티콘, 다이메티콘크로스폴리머, 세틸알코올, 스쿠알란, 글리세린, 올리브오일, 하이드로제네이티드레시틴, 펜타에리스리틸테트라-다이-t-부틸하이드록시하이드로신나메이트, 귀리단백질추출물, 세라마이드엔에스, 세라마이드엔피, 하이드롤라이즈드소듐하이알루로네이트, 세라마이드에이피, 세라마이드이오피"
